InvoiceNo,StockCode,Description,Quantity,InvoiceDate,UnitPrice,CustomerID,Country,TotalAmount
536367,22748,POPPY'S PLAYHOUSE KITCHEN,6,2010-12-01 08:34:00,2.1,13047,United Kingdom,12.6
536371,22086,PAPER CHAIN KIT 50'S CHRISTMAS ,80,2010-12-01 09:00:00,2.55,13748,United Kingdom,204.0
536373,21730,GLASS STAR FROSTED T-LIGHT HOLDER,6,2010-12-01 09:02:00,4.25,17850,United Kingdom,25.5
536375,82494L,WOODEN FRAME ANTIQUE WHITE ,6,2010-12-01 09:32:00,2.55,17850,United Kingdom,15.3
536385,85049A,TRADITIONAL CHRISTMAS RIBBONS,12,2010-12-01 09:56:00,1.25,17420,United Kingdom,15.0
536387,21731,RED TOADSTOOL LED NIGHT LIGHT,432,2010-12-01 09:58:00,1.25,16029,United Kingdom,540.0
536388,21523,DOORMAT FANCY FONT HOME SWEET HOME,2,2010-12-01 09:59:00,7.95,16250,United Kingdom,15.9
536389,85014B,RED RETROSPOT UMBRELLA,6,2010-12-01 10:03:00,5.95,12431,Australia,35.7
536390,21786,POLKADOT RAIN HAT ,144,2010-12-01 10:19:00,0.32,17511,United Kingdom,46.08
536401,22810,SET OF 6 T-LIGHTS SNOWMEN,1,2010-12-01 11:21:00,2.95,15862,United Kingdom,2.95
536401,21169,YOU'RE CONFUSING ME METAL SIGN ,2,2010-12-01 11:21:00,1.69,15862,United Kingdom,3.38
536401,84991,60 TEATIME FAIRY CAKE CASES,3,2010-12-01 11:21:00,0.55,15862,United Kingdom,1.65
536409,22975,SPACEBOY CHILDRENS EGG CUP,1,2010-12-01 11:45:00,1.25,17908,United Kingdom,1.25
536420,21892,TRADITIONAL WOODEN CATCH CUP GAME ,12,2010-12-01 12:03:00,1.25,16583,United Kingdom,15.0
536446,22144,CHRISTMAS CRAFT LITTLE FRIENDS,2,2010-12-01 12:15:00,2.1,15983,United Kingdom,4.2
536477,21137,BLACK RECORD COVER FRAME,480,2010-12-01 12:27:00,3.39,16210,United Kingdom,1627.2
536488,22651,GENTLEMAN SHIRT REPAIR KIT ,2,2010-12-01 12:31:00,0.85,17897,United Kingdom,1.7
536514,22865,HAND WARMER OWL DESIGN,36,2010-12-01 12:40:00,2.1,17951,United Kingdom,75.60000000000001
536520,22920,HERB MARKER BASIL,3,2010-12-01 12:43:00,0.65,14729,United Kingdom,1.95
536520,22092,BLUE PAISLEY TISSUE BOX,1,2010-12-01 12:43:00,1.25,14729,United Kingdom,1.25
536522,22866,HAND WARMER SCOTTY DOG DESIGN,1,2010-12-01 12:49:00,2.1,15012,United Kingdom,2.1
536522,22569,FELTCRAFT CUSHION BUTTERFLY,1,2010-12-01 12:49:00,3.75,15012,United Kingdom,3.75
536522,22151,PLACE SETTING WHITE HEART,1,2010-12-01 12:49:00,0.42,15012,United Kingdom,0.42
536523,22699,ROSES REGENCY TEACUP AND SAUCER ,6,2010-12-01 12:50:00,2.95,12868,United Kingdom,17.700000000000003
536525,20974,12 PENCILS SMALL TUBE SKULL,3,2010-12-01 12:54:00,0.65,14078,United Kingdom,1.95
536526,22173,METAL 4 HOOK HANGER FRENCH CHATEAU,16,2010-12-01 12:58:00,2.95,14001,United Kingdom,47.2
536527,22973,CHILDREN'S CIRCUS PARADE MUG,12,2010-12-01 13:04:00,1.65,12662,Germany,19.8
536529,22187,GREEN CHRISTMAS TREE CARD HOLDER,4,2010-12-01 13:20:00,4.25,14237,United Kingdom,17.0
536531,15056BL,EDWARDIAN PARASOL BLACK,12,2010-12-01 13:23:00,5.95,15485,United Kingdom,71.4
536532,21983,PACK OF 12 BLUE PAISLEY TISSUES ,48,2010-12-01 13:24:00,0.29,12433,Norway,13.919999999999998
536532,22494,EMERGENCY FIRST AID TIN ,24,2010-12-01 13:24:00,1.25,12433,Norway,30.0
536532,84991,60 TEATIME FAIRY CAKE CASES,24,2010-12-01 13:24:00,0.55,12433,Norway,13.2
536539,22326,ROUND SNACK BOXES SET OF4 WOODLAND ,6,2010-12-01 14:03:00,2.95,15165,United Kingdom,17.700000000000003
536540,22493,PAINT YOUR OWN CANVAS SET,24,2010-12-01 14:05:00,1.65,14911,EIRE,39.6
536557,22731,3D CHRISTMAS STAMPS STICKERS ,1,2010-12-01 14:41:00,1.25,17841,United Kingdom,1.25
536557,22953,BIRTHDAY PARTY CORDON BARRIER TAPE,1,2010-12-01 14:41:00,1.25,17841,United Kingdom,1.25
536557,21495,SKULLS AND CROSSBONES WRAP,25,2010-12-01 14:41:00,0.42,17841,United Kingdom,10.5
536560,22665,RECIPE BOX BLUE SKETCHBOOK DESIGN,6,2010-12-01 15:00:00,2.95,13093,United Kingdom,17.700000000000003
536561,22780,LIGHT GARLAND BUTTERFILES PINK,8,2010-12-01 15:06:00,4.25,12921,United Kingdom,34.0
536562,37446,MINI CAKE STAND WITH HANGING CAKES,8,2010-12-01 15:08:00,1.45,13468,United Kingdom,11.6
536569,22113,GREY HEART HOT WATER BOTTLE,1,2010-12-01 15:35:00,3.75,16274,United Kingdom,3.75
536569,22731,3D CHRISTMAS STAMPS STICKERS ,2,2010-12-01 15:35:00,1.25,16274,United Kingdom,2.5
536576,85099B,JUMBO BAG RED RETROSPOT,30,2010-12-01 16:11:00,1.65,13777,United Kingdom,49.5
536577,22147,FELTCRAFT BUTTERFLY HEARTS,40,2010-12-01 16:13:00,1.25,13777,United Kingdom,50.0
536579,21232,STRAWBERRY CERAMIC TRINKET BOX,216,2010-12-01 16:16:00,1.06,13777,United Kingdom,228.96
536580,22972,CHILDRENS SPACEBOY MUG,12,2010-12-01 16:17:00,1.65,17690,United Kingdom,19.8
536582,22025,RING OF ROSES BIRTHDAY CARD,12,2010-12-01 16:21:00,0.42,12947,United Kingdom,5.04
536587,21232,STRAWBERRY CERAMIC TRINKET BOX,12,2010-12-01 16:33:00,1.25,14142,United Kingdom,15.0
536590,71477,COLOUR GLASS. STAR T-LIGHT HOLDER,4,2010-12-01 16:52:00,3.25,13065,United Kingdom,13.0
536591,21427,SKULLS STORAGE BOX SMALL,1,2010-12-01 16:57:00,2.1,14606,United Kingdom,2.1
536594,85123A,WHITE HANGING HEART T-LIGHT HOLDER,6,2010-12-01 17:22:00,2.95,15235,United Kingdom,17.700000000000003
536597,21704,BAG 250g SWIRLY MARBLES,1,2010-12-01 17:35:00,0.85,18011,United Kingdom,0.85
536608,22962,JAM JAR WITH PINK LID,12,2010-12-02 09:37:00,0.85,12855,United Kingdom,10.2
536612,82482,WOODEN PICTURE FRAME WHITE FINISH,6,2010-12-02 09:44:00,2.1,17850,United Kingdom,12.6
536612,21071,VINTAGE BILLBOARD DRINK ME MUG,6,2010-12-02 09:44:00,1.06,17850,United Kingdom,6.36
536613,22910,PAPER CHAIN KIT VINTAGE CHRISTMAS,6,2010-12-02 09:44:00,2.95,17855,United Kingdom,17.700000000000003
536613,21790,VINTAGE SNAP CARDS,12,2010-12-02 09:44:00,0.85,17855,United Kingdom,10.2
536617,72741,GRAND CHOCOLATECANDLE,144,2010-12-02 10:17:00,1.25,13941,United Kingdom,180.0
536620,85049E,SCANDINAVIAN REDS RIBBONS,12,2010-12-02 10:27:00,1.25,14135,United Kingdom,15.0
536620,21060,PARTY INVITES BALLOON GIRL,12,2010-12-02 10:27:00,0.85,14135,United Kingdom,10.2
536623,22697,GREEN REGENCY TEACUP AND SAUCER,12,2010-12-02 10:39:00,2.95,15601,United Kingdom,35.400000000000006
536623,22245,"HOOK, 1 HANGER ,MAGIC GARDEN",24,2010-12-02 10:39:00,0.85,15601,United Kingdom,20.4
536623,22974,CHILDRENS DOLLY GIRL MUG,12,2010-12-02 10:39:00,1.65,15601,United Kingdom,19.8
536623,22037,ROBOT BIRTHDAY CARD,12,2010-12-02 10:39:00,0.42,15601,United Kingdom,5.04
536627,22699,ROSES REGENCY TEACUP AND SAUCER ,12,2010-12-02 10:53:00,2.95,15658,United Kingdom,35.400000000000006
536628,21071,VINTAGE BILLBOARD DRINK ME MUG,6,2010-12-02 10:54:00,1.06,17850,United Kingdom,6.36
536632,21875,KINGS CHOICE MUG,12,2010-12-02 11:02:00,1.25,14388,United Kingdom,15.0
536635,21868,POTTING SHED TEA MUG,12,2010-12-02 11:22:00,1.25,15955,United Kingdom,15.0
536638,21538,DAIRY MAID  PUDDING BOWL,4,2010-12-02 11:41:00,3.75,16244,United Kingdom,15.0
536673,22909,SET OF 20 VINTAGE CHRISTMAS NAPKINS,96,2010-12-02 12:11:00,0.64,14060,United Kingdom,61.44
536693,22633,HAND WARMER UNION JACK,6,2010-12-02 12:26:00,1.85,17850,United Kingdom,11.1
536732,22910,PAPER CHAIN KIT VINTAGE CHRISTMAS,6,2010-12-02 12:47:00,2.95,15544,United Kingdom,17.700000000000003
536744,22956,36 FOIL HEART CAKE CASES,6,2010-12-02 13:36:00,2.1,14466,United Kingdom,12.6
536746,22969,HOMEMADE JAM SCENTED CANDLES,12,2010-12-02 13:39:00,1.45,16510,United Kingdom,17.4
536746,22768,FAMILY PHOTO FRAME CORNICE,2,2010-12-02 13:39:00,9.95,16510,United Kingdom,19.9
536749,21212,PACK OF 72 RETROSPOT CAKE CASES,2,2010-12-02 13:49:00,0.55,17976,United Kingdom,1.1
536752,82482,WOODEN PICTURE FRAME WHITE FINISH,6,2010-12-02 14:06:00,2.1,17850,United Kingdom,12.6
536759,79164,BLACK WINE GLASS,12,2010-12-02 14:26:00,1.65,16781,United Kingdom,19.8
536759,48111,DOORMAT 3 SMILEY CATS,4,2010-12-02 14:26:00,7.95,16781,United Kingdom,31.8
536759,21781,MA CAMPAGNE CUTLERY BOX,1,2010-12-02 14:26:00,14.95,16781,United Kingdom,14.95
536762,21481,FAWN BLUE HOT WATER BOTTLE,12,2010-12-02 14:40:00,2.95,16186,United Kingdom,35.400000000000006
536777,20975,12 PENCILS SMALL TUBE RED RETROSPOT,24,2010-12-02 15:00:00,0.65,15732,United Kingdom,15.6
536782,21673,WHITE SPOT BLUE CERAMIC DRAWER KNOB,12,2010-12-02 15:18:00,1.25,17567,United Kingdom,15.0
536782,21527,RED RETROSPOT TRADITIONAL TEAPOT ,2,2010-12-02 15:18:00,7.95,17567,United Kingdom,15.9
536783,22536,MAGIC DRAWING SLATE PURDEY,48,2010-12-02 15:19:00,0.36,15061,United Kingdom,17.28
536784,22630,DOLLY GIRL LUNCH BOX,36,2010-12-02 15:20:00,1.65,15061,United Kingdom,59.4
536787,37370,RETRO COFFEE MUGS ASSORTED,6,2010-12-02 15:24:00,1.06,17850,United Kingdom,6.36
536793,22727,ALARM CLOCK BAKELIKE RED ,4,2010-12-02 15:39:00,3.75,16203,United Kingdom,15.0
536796,22902,TOTE BAG I LOVE LONDON,1,2010-12-02 15:46:00,2.1,15574,United Kingdom,2.1
536796,21559,STRAWBERRY LUNCH BOX WITH CUTLERY,1,2010-12-02 15:46:00,2.55,15574,United Kingdom,2.55
536798,21166,COOK WITH WINE METAL SIGN ,12,2010-12-02 15:55:00,1.95,17838,United Kingdom,23.4
536798,21877,HOME SWEET HOME MUG,6,2010-12-02 15:55:00,1.25,17838,United Kingdom,7.5
536799,85099B,JUMBO BAG RED RETROSPOT,3,2010-12-02 16:00:00,1.95,17228,United Kingdom,5.85
536800,22031,BOTANICAL LAVENDER BIRTHDAY CARD,12,2010-12-02 16:12:00,0.42,14829,United Kingdom,5.04
536800,22099,CARAVAN SQUARE TISSUE BOX,12,2010-12-02 16:12:00,1.25,14829,United Kingdom,15.0
536802,22779,WOODEN OWLS LIGHT GARLAND ,8,2010-12-02 16:29:00,4.25,17412,United Kingdom,34.0
536802,21731,RED TOADSTOOL LED NIGHT LIGHT,12,2010-12-02 16:29:00,1.65,17412,United Kingdom,19.8
536805,21069,VINTAGE BILLBOARD TEA MUG,12,2010-12-02 16:38:00,1.25,14775,United Kingdom,15.0
536808,22570,FELTCRAFT CUSHION RABBIT,12,2010-12-02 16:46:00,3.75,17659,United Kingdom,45.0
536813,72816,SET/3 CHRISTMAS DECOUPAGE CANDLES,12,2010-12-02 16:59:00,1.25,15646,United Kingdom,15.0
536821,21238,RED RETROSPOT CUP,5,2010-12-02 17:17:00,0.85,17757,United Kingdom,4.25
536832,22763,KEY CABINET MA CAMPAGNE,2,2010-12-02 17:41:00,9.95,16634,United Kingdom,19.9
536836,21154,RED RETROSPOT OVEN GLOVE ,2,2010-12-02 18:08:00,1.25,18168,United Kingdom,2.5
536836,22633,HAND WARMER UNION JACK,4,2010-12-02 18:08:00,2.1,18168,United Kingdom,8.4
536846,20974,12 PENCILS SMALL TUBE SKULL,1,2010-12-02 19:59:00,0.65,14573,United Kingdom,0.65
536856,79000,MOROCCAN TEA GLASS,12,2010-12-03 10:26:00,0.85,13370,United Kingdom,10.2
536857,85049G,CHOCOLATE BOX RIBBONS ,4,2010-12-03 10:33:00,1.25,16883,United Kingdom,5.0
536860,22111,SCOTTIE DOG HOT WATER BOTTLE,3,2010-12-03 10:43:00,4.95,16905,United Kingdom,14.85
536863,10002,INFLATABLE POLITICAL GLOBE ,1,2010-12-03 11:19:00,0.85,17967,United Kingdom,0.85
536874,84520B,PACK 20 ENGLISH ROSE PAPER NAPKINS,1,2010-12-03 11:35:00,0.85,16891,United Kingdom,0.85
536945,37464,ROBOT MUG IN DISPLAY BOX,1,2010-12-03 12:24:00,1.25,14083,United Kingdom,1.25
536947,21539,RED RETROSPOT BUTTER DISH,3,2010-12-03 12:29:00,4.95,13013,United Kingdom,14.85
536970,22423,REGENCY CAKESTAND 3 TIER,120,2010-12-03 13:12:00,10.95,17949,United Kingdom,1314.0
536975,22121,NOEL WOODEN BLOCK LETTERS ,12,2010-12-03 14:04:00,5.45,14911,EIRE,65.4
536975,79321,CHILLI LIGHTS,4,2010-12-03 14:04:00,4.95,14911,EIRE,19.8
536975,22848,BREAD BIN DINER STYLE PINK,2,2010-12-03 14:04:00,16.95,14911,EIRE,33.9
536975,21484,CHICK GREY HOT WATER BOTTLE,4,2010-12-03 14:04:00,3.45,14911,EIRE,13.8
536977,21086,SET/6 RED SPOTTY PAPER CUPS,10,2010-12-03 14:18:00,0.65,17954,United Kingdom,6.5
536976,85123A,WHITE HANGING HEART T-LIGHT HOLDER,7,2010-12-03 14:18:00,2.95,14723,United Kingdom,20.65
536976,21479,WHITE SKULL HOT WATER BOTTLE ,2,2010-12-03 14:18:00,3.75,14723,United Kingdom,7.5
536981,85136A,YELLOW SHARK HELICOPTER,1,2010-12-03 14:26:00,7.95,14723,United Kingdom,7.95
536984,22110,BIRD HOUSE HOT WATER BOTTLE,1,2010-12-03 14:35:00,2.55,17841,United Kingdom,2.55
536987,22940,FELTCRAFT CHRISTMAS FAIRY,1,2010-12-03 14:54:00,4.25,17198,United Kingdom,4.25
536990,20726,LUNCH BAG WOODLAND,10,2010-12-03 15:14:00,1.65,12793,Portugal,16.5
536993,21329,DINOSAURS  WRITING SET ,1,2010-12-03 15:19:00,1.65,14396,United Kingdom,1.65
536993,20726,LUNCH BAG WOODLAND,1,2010-12-03 15:19:00,1.65,14396,United Kingdom,1.65
536993,22867,HAND WARMER BIRD DESIGN,1,2010-12-03 15:19:00,2.1,14396,United Kingdom,2.1
537023,48187,DOORMAT NEW ENGLAND,1,2010-12-03 16:02:00,7.95,16725,United Kingdom,7.95
537030,20970,PINK FLORAL FELTCRAFT SHOULDER BAG,8,2010-12-03 16:44:00,3.75,16455,United Kingdom,30.0
537034,84029E,RED WOOLLY HOTTIE WHITE HEART.,12,2010-12-03 17:20:00,3.75,13081,United Kingdom,45.0
537034,20829,GLITTER HANGING BUTTERFLY STRING,8,2010-12-03 17:20:00,2.1,13081,United Kingdom,16.8
537036,21360,JOY LARGE WOOD LETTERS,1,2010-12-03 17:28:00,9.95,15545,United Kingdom,9.95
537036,85049E,SCANDINAVIAN REDS RIBBONS,1,2010-12-03 17:28:00,1.25,15545,United Kingdom,1.25
537037,22158,3 HEARTS HANGING DECORATION RUSTIC,8,2010-12-05 10:03:00,2.95,17243,United Kingdom,23.6
537038,21755,LOVE BUILDING BLOCK WORD,3,2010-12-05 10:12:00,5.95,15465,United Kingdom,17.85
537047,21892,TRADITIONAL WOODEN CATCH CUP GAME ,2,2010-12-05 11:02:00,1.25,13069,United Kingdom,2.5
537047,22578,WOODEN STAR CHRISTMAS SCANDINAVIAN,5,2010-12-05 11:02:00,0.85,13069,United Kingdom,4.25
537050,22758,LARGE PURPLE BABUSHKA NOTEBOOK  ,2,2010-12-05 11:10:00,1.25,14800,United Kingdom,2.5
537057,22728,ALARM CLOCK BAKELIKE PINK,1,2010-12-05 11:49:00,3.75,15351,United Kingdom,3.75
537065,84870B,BLUE GEISHA GIRL ,4,2010-12-05 11:57:00,3.75,12567,France,15.0
537077,21494,ROTATING LEAVES T-LIGHT HOLDER,12,2010-12-05 11:59:00,1.25,17062,United Kingdom,15.0
537086,21429,RED GINGHAM ROSE JEWELLERY BOX,16,2010-12-05 12:01:00,1.65,15332,Lithuania,26.4
537126,22501,PICNIC BASKET WICKER LARGE,2,2010-12-05 12:13:00,9.95,18118,United Kingdom,19.9
537126,22064,PINK DOUGHNUT TRINKET POT ,1,2010-12-05 12:13:00,1.65,18118,United Kingdom,1.65
537126,85135B,BLUE DRAGONFLY HELICOPTER,1,2010-12-05 12:13:00,7.95,18118,United Kingdom,7.95
537126,21154,RED RETROSPOT OVEN GLOVE ,5,2010-12-05 12:13:00,1.25,18118,United Kingdom,6.25
537128,85199S,SMALL HANGING IVORY/RED WOOD BIRD,12,2010-12-05 12:15:00,0.42,12841,United Kingdom,5.04
537133,22899,CHILDREN'S APRON DOLLY GIRL ,2,2010-12-05 12:29:00,2.1,18156,United Kingdom,4.2
537133,22272,FELTCRAFT DOLL MARIA,1,2010-12-05 12:29:00,2.95,18156,United Kingdom,2.95
537134,21802,CHRISTMAS TREE HEART DECORATION,36,2010-12-05 12:34:00,0.42,16983,United Kingdom,15.12
537135,85227,SET OF 6 3D KIT CARDS FOR KIDS,2,2010-12-05 12:35:00,0.85,17059,United Kingdom,1.7
537135,22110,BIRD HOUSE HOT WATER BOTTLE,2,2010-12-05 12:35:00,2.55,17059,United Kingdom,5.1
537135,21034,REX CASH+CARRY JUMBO SHOPPER,2,2010-12-05 12:35:00,0.95,17059,United Kingdom,1.9
537135,82582,AREA PATROLLED METAL SIGN,4,2010-12-05 12:35:00,2.1,17059,United Kingdom,8.4
537136,22694,WICKER STAR ,1,2010-12-05 12:42:00,2.1,12748,United Kingdom,2.1
537137,21157,RED RETROSPOT WASHBAG,11,2010-12-05 12:43:00,2.1,16327,United Kingdom,23.1
537137,22175,PINK OWL SOFT TOY,1,2010-12-05 12:43:00,2.95,16327,United Kingdom,2.95
537137,22728,ALARM CLOCK BAKELIKE PINK,1,2010-12-05 12:43:00,3.75,16327,United Kingdom,3.75
537139,22423,REGENCY CAKESTAND 3 TIER,1,2010-12-05 12:47:00,12.75,17026,United Kingdom,12.75
537140,21650,ASSORTED TUTTI FRUTTI BRACELET,3,2010-12-05 12:53:00,0.65,12748,United Kingdom,1.95
537140,22488,NATURAL SLATE RECTANGLE CHALKBOARD,1,2010-12-05 12:53:00,1.65,12748,United Kingdom,1.65
537141,21485,RETROSPOT HEART HOT WATER BOTTLE,4,2010-12-05 12:57:00,4.95,15570,United Kingdom,19.8
537144,22197,SMALL POPCORN HOLDER,4,2010-12-05 13:00:00,0.85,15880,United Kingdom,3.4
537144,22759,SET OF 3 NOTEBOOKS IN PARCEL,3,2010-12-05 13:00:00,1.65,15880,United Kingdom,4.949999999999999
537144,22480,RED TEA TOWEL CLASSIC DESIGN,2,2010-12-05 13:00:00,1.25,15880,United Kingdom,2.5
537144,85152,HAND OVER THE CHOCOLATE   SIGN ,1,2010-12-05 13:00:00,2.1,15880,United Kingdom,2.1
537153,22955,36 FOIL STAR CAKE CASES ,1,2010-12-05 13:03:00,2.1,16718,United Kingdom,2.1
537155,21544,SKULLS  WATER TRANSFER TATTOOS ,1,2010-12-05 13:05:00,0.85,12748,United Kingdom,0.85
537154,79321,CHILLI LIGHTS,4,2010-12-05 13:05:00,4.95,15808,United Kingdom,19.8
537159,22898,CHILDRENS APRON APPLES DESIGN,2,2010-12-05 13:17:00,1.95,14527,United Kingdom,3.9
537160,22865,HAND WARMER OWL DESIGN,1,2010-12-05 13:18:00,2.1,14161,United Kingdom,2.1
537179,22111,SCOTTIE DOG HOT WATER BOTTLE,18,2010-12-05 13:29:00,4.95,13767,United Kingdom,89.10000000000001
537192,22358,KINGS CHOICE TEA CADDY ,1,2010-12-05 13:42:00,2.95,16402,United Kingdom,2.95
537192,85187,S/12 MINI RABBIT EASTER,1,2010-12-05 13:42:00,1.65,16402,United Kingdom,1.65
537195,21504,SKULLS GREETING CARD,12,2010-12-05 13:55:00,0.42,15311,United Kingdom,5.04
537195,22637,PIGGY BANK RETROSPOT ,4,2010-12-05 13:55:00,2.55,15311,United Kingdom,10.2
537196,85129B,BEADED CRYSTAL HEART GREEN SMALL,2,2010-12-05 13:55:00,1.25,15426,United Kingdom,2.5
537200,21892,TRADITIONAL WOODEN CATCH CUP GAME ,1,2010-12-05 14:17:00,1.25,15867,United Kingdom,1.25
537201,22602,CHRISTMAS RETROSPOT HEART WOOD,12,2010-12-05 14:19:00,0.85,12472,Germany,10.2
537204,22576,SWALLOW WOODEN CHRISTMAS DECORATION,5,2010-12-05 14:45:00,0.85,15555,United Kingdom,4.25
537209,21467,CHERRY CROCHET FOOD COVER,1,2010-12-05 15:12:00,3.75,14606,United Kingdom,3.75
537209,85114C,RED ENCHANTED FOREST PLACEMAT,2,2010-12-05 15:12:00,1.65,14606,United Kingdom,3.3
537218,22751,FELTCRAFT PRINCESS OLIVIA DOLL,8,2010-12-05 15:46:00,3.75,12763,Japan,30.0
537219,21531,RED RETROSPOT SUGAR JAM BOWL,1,2010-12-05 15:47:00,2.55,14081,United Kingdom,2.55
537219,22818,CARD CHRISTMAS VILLAGE,36,2010-12-05 15:47:00,0.42,14081,United Kingdom,15.12
537224,21192,WHITE BELL HONEYCOMB PAPER ,3,2010-12-05 16:24:00,1.65,13174,United Kingdom,4.949999999999999
537224,21695,SMALL SILVER FLOWER CANDLE POT,6,2010-12-05 16:24:00,2.95,13174,United Kingdom,17.700000000000003
537224,22622,BOX OF VINTAGE ALPHABET BLOCKS,2,2010-12-05 16:24:00,9.95,13174,United Kingdom,19.9
537225,22077,6 RIBBONS RUSTIC CHARM,1,2010-12-05 16:41:00,1.65,12748,United Kingdom,1.65
537225,22905,CALENDAR IN SEASON DESIGN,5,2010-12-05 16:41:00,2.95,12748,United Kingdom,14.75
537225,84531B,BLUE KNITTED EGG COSY,3,2010-12-05 16:41:00,1.95,12748,United Kingdom,5.85
537231,22114,HOT WATER BOTTLE TEA AND SYMPATHY,4,2010-12-06 09:21:00,3.95,13652,United Kingdom,15.8
537238,22652,TRAVEL SEWING KIT,20,2010-12-06 10:03:00,1.65,16161,United Kingdom,33.0
537239,22767,TRIPLE PHOTO FRAME CORNICE ,2,2010-12-06 10:05:00,9.95,18219,United Kingdom,19.9
537241,22637,PIGGY BANK RETROSPOT ,8,2010-12-06 10:18:00,2.55,14293,United Kingdom,20.4
537242,48194,DOORMAT HEARTS,2,2010-12-06 10:19:00,7.95,14748,United Kingdom,15.9
537243,22632,HAND WARMER RED RETROSPOT,12,2010-12-06 10:19:00,2.1,16638,United Kingdom,25.200000000000003
537244,84375,SET OF 20 KIDS COOKIE CUTTERS,24,2010-12-06 10:20:00,2.1,17674,United Kingdom,50.400000000000006
537254,37479B,CUBIC MUG FLOCK BLUE ON BROWN,1,2010-12-06 11:01:00,2.55,15898,United Kingdom,2.55
537254,22606,WOODEN SKITTLES GARDEN SET,1,2010-12-06 11:01:00,15.95,15898,United Kingdom,15.95
537265,84509B,SET OF 4 FAIRY CAKE PLACEMATS,2,2010-12-06 11:26:00,3.75,15919,United Kingdom,7.5
537265,22476,EMPIRE UNION JACK TV DINNER TRAY,1,2010-12-06 11:26:00,4.95,15919,United Kingdom,4.95
537262,22158,3 HEARTS HANGING DECORATION RUSTIC,8,2010-12-06 11:26:00,2.95,15039,United Kingdom,23.6
537262,22633,HAND WARMER UNION JACK,3,2010-12-06 11:26:00,2.1,15039,United Kingdom,6.300000000000001
537262,22632,HAND WARMER RED RETROSPOT,3,2010-12-06 11:26:00,2.1,15039,United Kingdom,6.300000000000001
537262,85099B,JUMBO BAG RED RETROSPOT,10,2010-12-06 11:26:00,1.95,15039,United Kingdom,19.5
537312,22192,BLUE DINER WALL CLOCK,2,2010-12-06 11:42:00,8.5,14189,United Kingdom,17.0
537334,22486,PLASMATRONIC LAMP,2,2010-12-06 12:06:00,12.75,16719,United Kingdom,25.5
537351,40016,CHINESE DRAGON PAPER LANTERNS,24,2010-12-06 12:23:00,0.42,16898,United Kingdom,10.08
537350,84945,MULTI COLOUR SILVER T-LIGHT HOLDER,192,2010-12-06 12:23:00,0.72,14708,United Kingdom,138.24
537369,47504K,ENGLISH ROSE GARDEN SECATEURS,1,2010-12-06 12:41:00,1.95,17860,United Kingdom,1.95
537369,22467,GUMBALL COAT RACK,2,2010-12-06 12:41:00,2.55,17860,United Kingdom,5.1
537374,22633,HAND WARMER UNION JACK,2,2010-12-06 12:55:00,2.1,17259,United Kingdom,4.2
537375,84997A,GREEN 3 PIECE POLKADOT CUTLERY SET,2,2010-12-06 12:55:00,3.75,17019,United Kingdom,7.5
537378,22571,ROCKING HORSE RED CHRISTMAS ,36,2010-12-06 13:06:00,0.85,14911,EIRE,30.6
537382,84692,BOX OF 24 COCKTAIL PARASOLS,6,2010-12-06 13:13:00,0.42,16710,United Kingdom,2.52
537382,22728,ALARM CLOCK BAKELIKE PINK,1,2010-12-06 13:13:00,3.75,16710,United Kingdom,3.75
537389,22632,HAND WARMER RED RETROSPOT,5,2010-12-06 13:41:00,2.1,17757,United Kingdom,10.5
537393,72760B,VINTAGE CREAM 3 BASKET CAKE STAND,2,2010-12-06 13:59:00,9.95,13089,United Kingdom,19.9
537395,22085,PAPER CHAIN KIT SKULLS ,1,2010-12-06 14:05:00,2.95,15356,United Kingdom,2.95
537395,21904,HOUSE WRECKING METAL SIGN ,1,2010-12-06 14:05:00,2.1,15356,United Kingdom,2.1
537399,85099C,JUMBO  BAG BAROQUE BLACK WHITE,2,2010-12-06 14:31:00,1.95,13030,United Kingdom,3.9
537399,22372,AIRLINE BAG VINTAGE WORLD CHAMPION ,1,2010-12-06 14:31:00,4.25,13030,United Kingdom,4.25
537405,22580,ADVENT CALENDAR GINGHAM SACK,1,2010-12-06 14:51:00,5.95,17841,United Kingdom,5.95
537407,22926,IVORY GIANT GARDEN THERMOMETER,4,2010-12-06 14:55:00,5.95,15502,United Kingdom,23.8
537422,21623,VINTAGE UNION JACK MEMOBOARD,1,2010-12-06 15:27:00,9.95,17812,United Kingdom,9.95
537435,21877,HOME SWEET HOME MUG,6,2010-12-06 16:58:00,1.25,17920,United Kingdom,7.5
537441,22835,HOT WATER BOTTLE I AM SO POORLY,2,2010-12-06 17:26:00,4.65,13564,United Kingdom,9.3
537446,21135,VICTORIAN  METAL POSTCARD SPRING,8,2010-12-07 09:13:00,1.69,18055,United Kingdom,13.52
537447,37450,CERAMIC CAKE BOWL + HANGING CAKES,6,2010-12-07 09:21:00,2.95,13963,United Kingdom,17.700000000000003
537457,85123A,WHITE HANGING HEART T-LIGHT HOLDER,32,2010-12-07 09:51:00,2.55,17511,United Kingdom,81.6
537458,22866,HAND WARMER SCOTTY DOG DESIGN,24,2010-12-07 09:55:00,2.1,17091,United Kingdom,50.400000000000006
537463,21544,SKULLS  WATER TRANSFER TATTOOS ,12,2010-12-07 10:08:00,0.85,12681,France,10.2
537464,20969,RED FLORAL FELTCRAFT SHOULDER BAG,4,2010-12-07 10:14:00,3.75,14907,United Kingdom,15.0
537464,22112,CHOCOLATE HOT WATER BOTTLE,9,2010-12-07 10:14:00,4.95,14907,United Kingdom,44.55
537465,22328,ROUND SNACK BOXES SET OF 4 FRUITS ,6,2010-12-07 10:32:00,2.95,17735,United Kingdom,17.700000000000003
537484,22470,HEART OF WICKER LARGE,40,2010-12-07 11:30:00,2.55,14733,United Kingdom,102.0
537489,22736,RIBBON REEL MAKING SNOWMEN ,10,2010-12-07 11:33:00,1.65,17017,United Kingdom,16.5
537593,21937,STRAWBERRY   PICNIC BAG,5,2010-12-07 12:21:00,2.95,14282,United Kingdom,14.75
537593,20727,LUNCH BAG  BLACK SKULL.,20,2010-12-07 12:21:00,1.65,14282,United Kingdom,33.0
537594,22202,MILK PAN PINK POLKADOT,4,2010-12-07 12:28:00,3.75,12647,Germany,15.0
537595,18098C,PORCELAIN BUTTERFLY OIL BURNER,1,2010-12-07 12:29:00,2.95,13569,United Kingdom,2.95
537606,22809,SET OF 6 T-LIGHTS SANTA,6,2010-12-07 13:16:00,2.95,15002,United Kingdom,17.700000000000003
537609,22865,HAND WARMER OWL DESIGN,36,2010-12-07 13:22:00,2.1,17675,United Kingdom,75.60000000000001
537612,71477,COLOUR GLASS. STAR T-LIGHT HOLDER,48,2010-12-07 13:28:00,2.75,13769,United Kingdom,132.0
537614,22727,ALARM CLOCK BAKELIKE RED ,3,2010-12-07 13:29:00,3.75,16904,United Kingdom,11.25
537615,21524,DOORMAT SPOTTY HOME SWEET HOME,2,2010-12-07 13:30:00,7.95,15898,United Kingdom,15.9
537622,22440,BALLOON WATER BOMB PACK OF 35,1,2010-12-07 14:30:00,0.42,13173,United Kingdom,0.42
537622,15056BL,EDWARDIAN PARASOL BLACK,2,2010-12-07 14:30:00,5.95,13173,United Kingdom,11.9
537623,22613,PACK OF 20 SPACEBOY NAPKINS,3,2010-12-07 14:31:00,0.85,15858,United Kingdom,2.55
537635,21494,ROTATING LEAVES T-LIGHT HOLDER,12,2010-12-07 15:18:00,1.25,16306,United Kingdom,15.0
537646,21689,SILVER VANILLA  FLOWER CANDLE POT,1,2010-12-07 15:39:00,3.75,17591,United Kingdom,3.75
537646,22194,BLACK DINER WALL CLOCK,1,2010-12-07 15:39:00,8.5,17591,United Kingdom,8.5
537650,22113,GREY HEART HOT WATER BOTTLE,12,2010-12-07 15:48:00,3.75,16125,United Kingdom,45.0
537672,21527,RED RETROSPOT TRADITIONAL TEAPOT ,2,2010-12-08 09:30:00,7.95,13050,United Kingdom,15.9
537678,22646,CERAMIC STRAWBERRY CAKE MONEY BANK,12,2010-12-08 09:56:00,1.45,16779,United Kingdom,17.4
537680,22899,CHILDREN'S APRON DOLLY GIRL ,6,2010-12-08 10:11:00,2.1,13599,United Kingdom,12.6
537685,20754,RETROSPOT RED WASHING UP GLOVES,6,2010-12-08 10:21:00,2.1,18077,United Kingdom,12.6
537688,21326,AGED GLASS SILVER T-LIGHT HOLDER,24,2010-12-08 10:35:00,0.65,17406,United Kingdom,15.6
537692,22057,CERAMIC PLATE STRAWBERRY DESIGN,4,2010-12-08 10:40:00,1.49,14796,United Kingdom,5.96
537693,85049A,TRADITIONAL CHRISTMAS RIBBONS,12,2010-12-08 10:45:00,1.25,12441,France,15.0
537707,22659,LUNCH BOX I LOVE LONDON,12,2010-12-08 10:53:00,1.95,14032,United Kingdom,23.4
537707,22900, SET 2 TEA TOWELS I LOVE LONDON ,6,2010-12-08 10:53:00,2.95,14032,United Kingdom,17.700000000000003
537754,22070,SMALL RED RETROSPOT MUG IN BOX ,1,2010-12-08 11:16:00,3.75,16081,United Kingdom,3.75
537754,21621,VINTAGE UNION JACK BUNTING,1,2010-12-08 11:16:00,8.5,16081,United Kingdom,8.5
537757,21755,LOVE BUILDING BLOCK WORD,6,2010-12-08 11:38:00,5.95,17975,United Kingdom,35.7
537762,85099B,JUMBO BAG RED RETROSPOT,10,2010-12-08 12:01:00,1.95,16558,United Kingdom,19.5
537764,20686,DOLLY MIXTURE CHILDREN'S UMBRELLA,1,2010-12-08 12:06:00,3.25,16893,United Kingdom,3.25
537769,85208,SET/12 FUNKY FELT FLOWER PEG IN BAG,1,2010-12-08 12:17:00,2.1,15021,United Kingdom,2.1
537769,22867,HAND WARMER BIRD DESIGN,1,2010-12-08 12:17:00,2.1,15021,United Kingdom,2.1
537770,22902,TOTE BAG I LOVE LONDON,12,2010-12-08 12:24:00,2.1,15529,United Kingdom,25.200000000000003
537772,84947,ANTIQUE SILVER TEA GLASS ENGRAVED,4,2010-12-08 12:35:00,1.25,18043,United Kingdom,5.0
537772,84613C,BLUE NEW BAROQUE FLOCK CANDLESTICK,1,2010-12-08 12:35:00,4.65,18043,United Kingdom,4.65
537772,22091,EMPIRE TISSUE BOX,1,2010-12-08 12:35:00,1.25,18043,United Kingdom,1.25
537773,22327,ROUND SNACK BOXES SET OF 4 SKULLS,1,2010-12-08 12:36:00,2.95,16016,United Kingdom,2.95
537773,48187,DOORMAT NEW ENGLAND,1,2010-12-08 12:36:00,7.95,16016,United Kingdom,7.95
537775,47591D,PINK FAIRY CAKE CHILDRENS APRON,8,2010-12-08 12:41:00,1.95,17722,United Kingdom,15.6
537775,72351A,SET/6 TURQUOISE BUTTERFLY T-LIGHTS,12,2010-12-08 12:41:00,2.1,17722,United Kingdom,25.200000000000003
537775,22849,BREAD BIN DINER STYLE MINT,1,2010-12-08 12:41:00,16.95,17722,United Kingdom,16.95
537781,22536,MAGIC DRAWING SLATE PURDEY,1,2010-12-08 12:46:00,0.42,17341,United Kingdom,0.42
537794,22768,FAMILY PHOTO FRAME CORNICE,1,2010-12-08 13:01:00,9.95,16713,United Kingdom,9.95
537794,22729,ALARM CLOCK BAKELIKE ORANGE,1,2010-12-08 13:01:00,3.75,16713,United Kingdom,3.75
537795,21755,LOVE BUILDING BLOCK WORD,3,2010-12-08 13:03:00,5.95,17213,United Kingdom,17.85
537799,84029G,KNITTED UNION FLAG HOT WATER BOTTLE,6,2010-12-08 13:07:00,3.75,15916,United Kingdom,22.5
537799,22942,CHRISTMAS LIGHTS 10 SANTAS ,2,2010-12-08 13:07:00,8.5,15916,United Kingdom,17.0
537804,72127,COLUMBIAN CANDLE ROUND ,14,2010-12-08 13:17:00,1.25,12748,United Kingdom,17.5
537818,21354,TOAST ITS - BEST MUM,12,2010-12-08 13:53:00,1.25,12766,Portugal,15.0
537818,22556,PLASTERS IN TIN CIRCUS PARADE ,12,2010-12-08 13:53:00,1.65,12766,Portugal,19.8
537818,22114,HOT WATER BOTTLE TEA AND SYMPATHY,4,2010-12-08 13:53:00,3.95,12766,Portugal,15.8
537818,22508,DOORSTOP RETROSPOT HEART,4,2010-12-08 13:53:00,3.75,12766,Portugal,15.0
537822,22315,200 RED + WHITE BENDY STRAWS,12,2010-12-08 14:22:00,1.25,13523,United Kingdom,15.0
537825,22649,STRAWBERRY FAIRY CAKE TEAPOT,2,2010-12-08 14:36:00,4.95,15005,United Kingdom,9.9
537830,22694,WICKER STAR ,3,2010-12-08 14:46:00,2.1,13649,United Kingdom,6.300000000000001
537844,21110,LARGE CAKE TOWEL PINK SPOTS,1,2010-12-08 15:17:00,6.75,17999,United Kingdom,6.75
537851,22646,CERAMIC STRAWBERRY CAKE MONEY BANK,72,2010-12-08 15:39:00,1.25,13758,United Kingdom,90.0
537852,22207,FRYING PAN UNION FLAG,7,2010-12-08 15:56:00,4.25,17340,United Kingdom,29.75
537852,22616,PACK OF 12 LONDON TISSUES ,12,2010-12-08 15:56:00,0.29,17340,United Kingdom,3.4799999999999995
537861,22224,WHITE LOVEBIRD LANTERN,6,2010-12-08 16:18:00,2.95,16596,United Kingdom,17.700000000000003
537864,22616,PACK OF 12 LONDON TISSUES ,24,2010-12-08 16:34:00,0.29,16700,United Kingdom,6.959999999999999
537865,21669,BLUE STRIPE CERAMIC DRAWER KNOB,6,2010-12-08 16:34:00,1.25,16011,United Kingdom,7.5
537866,21754,HOME BUILDING BLOCK WORD,18,2010-12-08 16:45:00,5.45,17655,United Kingdom,98.1
537868,84692,BOX OF 24 COCKTAIL PARASOLS,50,2010-12-08 16:49:00,0.42,12433,Norway,21.0
537890,22936,BAKING MOULD ROSE WHITE CHOCOLATE,6,2010-12-09 10:04:00,3.25,15358,United Kingdom,19.5
537889,22840,ROUND CAKE TIN VINTAGE RED,2,2010-12-09 10:04:00,7.95,13319,United Kingdom,15.9
537892,22326,ROUND SNACK BOXES SET OF4 WOODLAND ,6,2010-12-09 10:13:00,2.95,12481,Germany,17.700000000000003
537915,21888,BINGO SET,4,2010-12-09 10:55:00,3.75,12797,Portugal,15.0
537955,20713,JUMBO BAG OWLS,3,2010-12-09 11:28:00,1.95,16782,United Kingdom,5.85
538006,85123A,WHITE HANGING HEART T-LIGHT HOLDER,32,2010-12-09 12:13:00,2.55,14987,United Kingdom,81.6
538009,22112,CHOCOLATE HOT WATER BOTTLE,6,2010-12-09 12:17:00,4.95,14911,EIRE,29.700000000000003
538009,21469,POLKA DOT RAFFIA FOOD COVER,6,2010-12-09 12:17:00,3.75,14911,EIRE,22.5
538011,21902,"KEY FOB , FRONT  DOOR ",16,2010-12-09 12:24:00,0.65,14896,United Kingdom,10.4
538015,21012,ANTIQUE ALL GLASS CANDLESTICK,6,2010-12-09 12:49:00,2.1,13240,United Kingdom,12.6
538035,22587,FELTCRAFT HAIRBAND RED AND BLUE,2,2010-12-09 13:03:00,0.85,16065,United Kingdom,1.7
538035,21928,JUMBO BAG SCANDINAVIAN PAISLEY,1,2010-12-09 13:03:00,1.95,16065,United Kingdom,1.95
538049,22482,BLUE TEA TOWEL CLASSIC DESIGN,2,2010-12-09 13:21:00,1.25,12748,United Kingdom,2.5
538049,20967,GREY FLORAL FELTCRAFT SHOULDER BAG,1,2010-12-09 13:21:00,3.75,12748,United Kingdom,3.75
538057,22988,SOLDIERS EGG CUP ,12,2010-12-09 13:38:00,1.25,13102,United Kingdom,15.0
538063,22830,UTILTY CABINET WITH HOOKS,96,2010-12-09 13:44:00,19.94,18102,United Kingdom,1914.24
538064,22695,WICKER WREATH SMALL,4,2010-12-09 13:47:00,1.45,15271,United Kingdom,5.8
538067,22910,PAPER CHAIN KIT VINTAGE CHRISTMAS,1,2010-12-09 13:59:00,2.95,15288,United Kingdom,2.95
538069,22696,WICKER WREATH LARGE,2,2010-12-09 14:08:00,1.95,16795,United Kingdom,3.9
538069,10002,INFLATABLE POLITICAL GLOBE ,8,2010-12-09 14:08:00,0.85,16795,United Kingdom,6.8
538078,22654,DELUXE SEWING KIT ,4,2010-12-09 14:25:00,5.95,16255,United Kingdom,23.8
538080,22625,RED KITCHEN SCALES,6,2010-12-09 14:28:00,8.5,17646,United Kingdom,51.0
538086,22178,VICTORIAN GLASS HANGING T-LIGHT,30,2010-12-09 14:44:00,1.25,12872,United Kingdom,37.5
538093,21731,RED TOADSTOOL LED NIGHT LIGHT,12,2010-12-09 14:49:00,1.65,12682,France,19.8
538097,20975,12 PENCILS SMALL TUBE RED RETROSPOT,24,2010-12-09 14:56:00,0.65,15192,United Kingdom,15.6
538104,21889,WOODEN BOX OF DOMINOES,2,2010-12-09 15:16:00,1.25,17950,United Kingdom,2.5
538104,21696,SMALL SILVER TRELLIS CANDLEPOT,6,2010-12-09 15:16:00,2.95,17950,United Kingdom,17.700000000000003
538104,22548,HEADS AND TAILS SPORTING FUN,2,2010-12-09 15:16:00,1.25,17950,United Kingdom,2.5
538106,21694,SMALL REGAL  SILVER CANDLEPOT ,6,2010-12-09 15:20:00,2.95,17950,United Kingdom,17.700000000000003
538113,84030E,ENGLISH ROSE HOT WATER BOTTLE,4,2010-12-09 15:29:00,4.25,15811,United Kingdom,17.0
538146,21527,RED RETROSPOT TRADITIONAL TEAPOT ,2,2010-12-09 16:10:00,7.95,15596,United Kingdom,15.9
538155,21905,MORE BUTTER METAL SIGN ,1,2010-12-09 16:52:00,2.1,16907,United Kingdom,2.1
538156,20762,GREEN FERN SKETCHBOOK ,3,2010-12-09 16:53:00,3.75,15555,United Kingdom,11.25
538163,21784,SHOE SHINE BOX ,2,2010-12-09 17:27:00,9.95,17841,United Kingdom,19.9
538163,21258,VICTORIAN SEWING BOX LARGE,1,2010-12-09 17:27:00,12.75,17841,United Kingdom,12.75
538169,22696,WICKER WREATH LARGE,2,2010-12-09 19:28:00,1.95,13230,United Kingdom,3.9
538170,22654,DELUXE SEWING KIT ,1,2010-12-09 19:32:00,5.95,13969,United Kingdom,5.95
538170,22086,PAPER CHAIN KIT 50'S CHRISTMAS ,12,2010-12-09 19:32:00,2.95,13969,United Kingdom,35.400000000000006
538171,22835,HOT WATER BOTTLE I AM SO POORLY,1,2010-12-09 20:01:00,4.65,17530,United Kingdom,4.65
538171,21327,SKULLS WRITING SET ,2,2010-12-09 20:01:00,1.65,17530,United Kingdom,3.3
538172,84558A,3D DOG PICTURE PLAYING CARDS,12,2010-12-10 09:33:00,2.95,15805,United Kingdom,35.400000000000006
538183,47421,ASSORTED COLOUR LIZARD SUCTION HOOK,24,2010-12-10 10:21:00,0.42,16265,United Kingdom,10.08
538187,22570,FELTCRAFT CUSHION RABBIT,4,2010-12-10 10:27:00,3.75,16499,United Kingdom,15.0
538191,21131,GOLD STANDING GNOME,30,2010-12-10 10:49:00,3.75,15061,United Kingdom,112.5
538196,10002,INFLATABLE POLITICAL GLOBE ,36,2010-12-10 10:56:00,0.85,12731,France,30.6
538198,22569,FELTCRAFT CUSHION BUTTERFLY,4,2010-12-10 11:01:00,3.75,17827,United Kingdom,15.0
538198,85049E,SCANDINAVIAN REDS RIBBONS,4,2010-12-10 11:01:00,1.25,17827,United Kingdom,5.0
538202,21784,SHOE SHINE BOX ,2,2010-12-10 11:19:00,9.95,14667,United Kingdom,19.9
538206,90200B,BLACK SWEETHEART BRACELET,2,2010-12-10 11:31:00,4.25,17827,United Kingdom,8.5
538209,22745,POPPY'S PLAYHOUSE BEDROOM ,2,2010-12-10 11:42:00,2.1,12748,United Kingdom,4.2
538210,72760B,VINTAGE CREAM 3 BASKET CAKE STAND,2,2010-12-10 11:44:00,9.95,14256,United Kingdom,19.9
538210,21121,SET/10 RED POLKADOT PARTY CANDLES,24,2010-12-10 11:44:00,1.25,14256,United Kingdom,30.0
538211,22834,HAND WARMER BABUSHKA DESIGN,12,2010-12-10 11:47:00,2.1,17690,United Kingdom,25.200000000000003
538211,84029E,RED WOOLLY HOTTIE WHITE HEART.,8,2010-12-10 11:47:00,3.75,17690,United Kingdom,30.0
538248,84380,SET OF 3 BUTTERFLY COOKIE CUTTERS,1,2010-12-10 12:14:00,1.25,18116,United Kingdom,1.25
538250,22753,SMALL YELLOW BABUSHKA NOTEBOOK ,1,2010-12-10 12:20:00,0.85,18118,United Kingdom,0.85
538250,22694,WICKER STAR ,2,2010-12-10 12:20:00,2.1,18118,United Kingdom,4.2
538255,85008,SET OF 3 CONEY ISLAND OVAL BOXES,3,2010-12-10 12:33:00,4.95,14911,EIRE,14.85
538255,22348,TEA BAG PLATE RED RETROSPOT,12,2010-12-10 12:33:00,0.85,14911,EIRE,10.2
538255,22411,JUMBO SHOPPER VINTAGE RED PAISLEY,20,2010-12-10 12:33:00,1.95,14911,EIRE,39.0
538308,21479,WHITE SKULL HOT WATER BOTTLE ,8,2010-12-10 13:29:00,3.75,14107,United Kingdom,30.0
538312,72351B,SET/6 PINK  BUTTERFLY T-LIGHTS,1,2010-12-10 13:48:00,2.1,16727,United Kingdom,2.1
538312,22601,CHRISTMAS RETROSPOT ANGEL WOOD,6,2010-12-10 13:48:00,0.85,16727,United Kingdom,5.1
538311,22411,JUMBO SHOPPER VINTAGE RED PAISLEY,10,2010-12-10 13:48:00,1.95,12785,Portugal,19.5
538327,22086,PAPER CHAIN KIT 50'S CHRISTMAS ,1,2010-12-10 13:58:00,2.95,15514,United Kingdom,2.95
538346,22922,FRIDGE MAGNETS US DINER ASSORTED,12,2010-12-10 14:53:00,0.85,17865,United Kingdom,10.2
538347,22779,WOODEN OWLS LIGHT GARLAND ,1,2010-12-10 14:54:00,4.25,17220,United Kingdom,4.25
538347,22961,JAM MAKING SET PRINTED,4,2010-12-10 14:54:00,1.45,17220,United Kingdom,5.8
538354,22852,DOG BOWL VINTAGE CREAM,8,2010-12-10 15:45:00,4.25,16873,United Kingdom,34.0
538356,22903,CALENDAR FAMILY FAVOURITES,40,2010-12-10 15:56:00,2.95,14062,United Kingdom,118.0
538363,22327,ROUND SNACK BOXES SET OF 4 SKULLS,2,2010-12-10 17:14:00,2.95,18016,United Kingdom,5.9
538367,22972,CHILDREN'S SPACEBOY MUG,6,2010-12-12 10:48:00,1.65,14800,United Kingdom,9.9
538367,22553,PLASTERS IN TIN SKULLS,24,2010-12-12 10:48:00,1.65,14800,United Kingdom,39.6
538368,21944,KITTENS DESIGN FLANNEL,2,2010-12-12 10:57:00,0.85,15503,United Kingdom,1.7
538369,22301,COFFEE MUG CAT + BIRD DESIGN,4,2010-12-12 11:06:00,2.55,17251,United Kingdom,10.2
538379,22960,JAM MAKING SET WITH JARS,1,2010-12-12 11:26:00,4.25,17126,United Kingdom,4.25
538379,21379,CAMPHOR WOOD PORTOBELLO MUSHROOM,4,2010-12-12 11:26:00,1.25,17126,United Kingdom,5.0
538382,22556,PLASTERS IN TIN CIRCUS PARADE ,3,2010-12-12 11:37:00,1.65,17218,United Kingdom,4.949999999999999
538397,22243,5 HOOK HANGER RED MAGIC TOADSTOOL,48,2010-12-12 11:44:00,1.65,12753,Japan,79.19999999999999
538453,85152,HAND OVER THE CHOCOLATE   SIGN ,12,2010-12-12 12:26:00,2.1,16779,United Kingdom,25.200000000000003
538453,22569,FELTCRAFT CUSHION BUTTERFLY,1,2010-12-12 12:26:00,3.75,16779,United Kingdom,3.75
538453,21865,PINK UNION JACK  PASSPORT COVER ,6,2010-12-12 12:26:00,2.1,16779,United Kingdom,12.6
538453,20666,ECONOMY HOLIDAY PURSE,1,2010-12-12 12:26:00,2.95,16779,United Kingdom,2.95
538473,85123A,WHITE HANGING HEART T-LIGHT HOLDER,3,2010-12-12 12:35:00,2.95,13668,United Kingdom,8.850000000000001
538488,21931,JUMBO STORAGE BAG SUKI,2,2010-12-12 12:41:00,1.95,13715,United Kingdom,3.9
538488,85099F,JUMBO BAG STRAWBERRY,2,2010-12-12 12:41:00,1.95,13715,United Kingdom,3.9
538497,17090A,LAVENDER INCENSE 40 CONES IN TIN,1,2010-12-12 12:44:00,1.25,14684,United Kingdom,1.25
538499,22423,REGENCY CAKESTAND 3 TIER,32,2010-12-12 12:46:00,10.95,17819,United Kingdom,350.4
538508,22075,6 RIBBONS ELEGANT CHRISTMAS ,2,2010-12-12 13:32:00,1.65,15998,United Kingdom,3.3
538508,21807,WHITE CHRISTMAS STAR DECORATION,12,2010-12-12 13:32:00,0.42,15998,United Kingdom,5.04
538510,48173C,DOORMAT BLACK FLOCK ,1,2010-12-12 13:47:00,7.95,18004,United Kingdom,7.95
538510,22735,RIBBON REEL SOCKS AND MITTENS,3,2010-12-12 13:47:00,1.65,18004,United Kingdom,4.949999999999999
538512,22635,CHILDS BREAKFAST SET DOLLY GIRL ,1,2010-12-12 14:03:00,9.95,16665,United Kingdom,9.95
538512,22358,KINGS CHOICE TEA CADDY ,2,2010-12-12 14:03:00,2.95,16665,United Kingdom,5.9
538514,48116,DOORMAT MULTICOLOUR STRIPE,1,2010-12-12 14:27:00,7.95,15044,United Kingdom,7.95
538514,21680,WOODLAND  STICKERS,12,2010-12-12 14:27:00,0.85,15044,United Kingdom,10.2
538518,22362,GLASS JAR PEACOCK BATH SALTS,1,2010-12-12 16:14:00,2.95,14505,United Kingdom,2.95
538518,72349B,SET/6 PURPLE BUTTERFLY T-LIGHTS,1,2010-12-12 16:14:00,2.1,14505,United Kingdom,2.1
538518,22113,GREY HEART HOT WATER BOTTLE,1,2010-12-12 16:14:00,3.75,14505,United Kingdom,3.75
538518,20669,RED HEART LUGGAGE TAG,7,2010-12-12 16:14:00,1.25,14505,United Kingdom,8.75
538518,22467,GUMBALL COAT RACK,2,2010-12-12 16:14:00,2.55,14505,United Kingdom,5.1
538518,21164,HOME SWEET HOME METAL SIGN ,4,2010-12-12 16:14:00,2.95,14505,United Kingdom,11.8
538523,22544,MINI JIGSAW SPACEBOY,24,2010-12-13 09:29:00,0.42,13198,United Kingdom,10.08
538533,21975,PACK OF 60 DINOSAUR CAKE CASES,2,2010-12-13 10:31:00,0.55,14796,United Kingdom,1.1
538533,21704,BAG 250g SWIRLY MARBLES,1,2010-12-13 10:31:00,0.85,14796,United Kingdom,0.85
538541,85184C,S/4 VALENTINE DECOUPAGE HEART BOX,24,2010-12-13 10:46:00,1.25,17428,United Kingdom,30.0
538576,22781,GUMBALL MAGAZINE RACK,1,2010-12-13 11:29:00,7.65,14498,United Kingdom,7.65
538626,72802B,OCEAN SCENT CANDLE IN JEWELLED BOX,1,2010-12-13 12:57:00,4.25,17338,United Kingdom,4.25
538626,22667,RECIPE BOX RETROSPOT ,2,2010-12-13 12:57:00,2.95,17338,United Kingdom,5.9
538629,22619,SET OF 6 SOLDIER SKITTLES,5,2010-12-13 13:10:00,3.75,17799,United Kingdom,18.75
538629,22935,BAKING MOULD ROSE MILK CHOCOLATE,2,2010-12-13 13:10:00,3.25,17799,United Kingdom,6.5
538630,21107,CREAM SLICE FLANNEL PINK SPOT ,6,2010-12-13 13:25:00,2.95,14565,United Kingdom,17.700000000000003
538630,22077,6 RIBBONS RUSTIC CHARM,12,2010-12-13 13:25:00,1.65,14565,United Kingdom,19.8
538630,22483,RED GINGHAM TEDDY BEAR ,12,2010-12-13 13:25:00,2.95,14565,United Kingdom,35.400000000000006
538634,21818,GLITTER CHRISTMAS HEART ,6,2010-12-13 13:28:00,0.85,14085,United Kingdom,5.1
538635,84985A,SET OF 72 GREEN PAPER DOILIES,1,2010-12-13 13:32:00,1.45,17303,United Kingdom,1.45
538635,21621,VINTAGE UNION JACK BUNTING,1,2010-12-13 13:32:00,8.5,17303,United Kingdom,8.5
538637,22975,SPACEBOY CHILDRENS EGG CUP,2,2010-12-13 13:52:00,1.25,17611,United Kingdom,2.5
538639,22383,LUNCH BAG SUKI  DESIGN ,3,2010-12-13 14:24:00,1.65,17179,United Kingdom,4.949999999999999
538641,20718,RED RETROSPOT SHOPPER BAG,20,2010-12-13 14:36:00,1.25,15640,United Kingdom,25.0
538641,21977,PACK OF 60 PINK PAISLEY CAKE CASES,24,2010-12-13 14:36:00,0.55,15640,United Kingdom,13.2
538641,21479,WHITE SKULL HOT WATER BOTTLE ,8,2010-12-13 14:36:00,3.75,15640,United Kingdom,30.0
538641,22384,LUNCH BAG PINK POLKADOT,10,2010-12-13 14:36:00,1.65,15640,United Kingdom,16.5
538652,20677,PINK POLKADOT BOWL,6,2010-12-13 15:12:00,1.25,17890,United Kingdom,7.5
538656,21735,TWO DOOR CURIO CABINET,1,2010-12-13 15:20:00,12.75,17371,United Kingdom,12.75
538660,22837,HOT WATER BOTTLE BABUSHKA ,12,2010-12-13 15:37:00,4.65,15808,United Kingdom,55.8
538662,85034C,3 ROSE MORRIS BOXED CANDLES,24,2010-12-13 15:44:00,1.25,15159,United Kingdom,30.0
538662,21111,"SWISS ROLL TOWEL, CHOCOLATE  SPOTS",24,2010-12-13 15:44:00,1.25,15159,United Kingdom,30.0
538662,22655,VINTAGE RED KITCHEN CABINET,2,2010-12-13 15:44:00,125.0,15159,United Kingdom,250.0
538662,20704,MR ROBOT SOFT TOY,8,2010-12-13 15:44:00,1.95,15159,United Kingdom,15.6
538663,22236,CAKE STAND 3 TIER MAGIC GARDEN,2,2010-12-13 15:45:00,12.75,15159,United Kingdom,25.5
538664,85034B,3 WHITE CHOC MORRIS BOXED CANDLES,12,2010-12-13 15:46:00,1.25,14733,United Kingdom,15.0
538664,85035B,CHOCOLATE 3 WICK MORRIS BOX CANDLE,12,2010-12-13 15:46:00,1.25,14733,United Kingdom,15.0
538665,35095B,RED VICTORIAN FABRIC OVAL BOX,6,2010-12-13 15:56:00,0.42,17576,United Kingdom,2.52
538685,POST,POSTAGE,1,2010-12-14 09:39:00,15.0,15694,United Kingdom,15.0
538689,21876,POTTERING MUG,36,2010-12-14 09:52:00,0.42,13050,United Kingdom,15.12
538708,84817,DANISH ROSE DECORATIVE PLATE,24,2010-12-14 10:43:00,0.42,16202,United Kingdom,10.08
538710,21666,RIDGED GLASS T-LIGHT HOLDER,12,2010-12-14 10:48:00,0.65,18075,United Kingdom,7.800000000000001
538714,85049D,BRIGHT BLUES RIBBONS ,4,2010-12-14 11:01:00,1.25,14524,United Kingdom,5.0
538714,22161,HEART DECORATION RUSTIC HANGING ,12,2010-12-14 11:01:00,0.65,14524,United Kingdom,7.800000000000001
538744,82551,LAUNDRY 15C METAL SIGN,2,2010-12-14 11:26:00,1.45,15356,United Kingdom,2.9
538783,20727,LUNCH BAG  BLACK SKULL.,10,2010-12-14 11:38:00,1.65,14961,United Kingdom,16.5
538799,22782,SET 3 WICKER STORAGE BASKETS ,4,2010-12-14 11:48:00,9.95,15039,United Kingdom,39.8
538808,22713,CARD I LOVE LONDON ,24,2010-12-14 12:11:00,0.42,14057,United Kingdom,10.08
538811,22382,LUNCH BAG SPACEBOY DESIGN ,20,2010-12-14 12:22:00,1.65,13178,United Kingdom,33.0
538814,22525,CHILDRENS GARDEN GLOVES PINK,1,2010-12-14 12:30:00,1.25,15983,United Kingdom,1.25
538816,84029E,RED WOOLLY HOTTIE WHITE HEART.,4,2010-12-14 12:35:00,3.75,16812,United Kingdom,15.0
538826,21356,TOAST ITS - FAIRY FLOWER,1,2010-12-14 12:58:00,1.25,12370,Cyprus,1.25
538826,21112,"SWISS ROLL TOWEL, PINK  SPOTS",12,2010-12-14 12:58:00,2.95,12370,Cyprus,35.400000000000006
538826,21025,SPACE FROG,10,2010-12-14 12:58:00,1.25,12370,Cyprus,12.5
538827,22882,NUMBER TILE VINTAGE FONT 3,24,2010-12-14 12:59:00,0.42,14298,United Kingdom,10.08
538836,85104,SILVER GLASS T-LIGHT SET,1,2010-12-14 13:09:00,2.95,12748,United Kingdom,2.95
538839,21562,HAWAIIAN GRASS SKIRT ,1,2010-12-14 13:10:00,1.25,14606,United Kingdom,1.25
538839,20772,GARDEN PATH JOURNAL,1,2010-12-14 13:10:00,2.55,14606,United Kingdom,2.55
538841,20725,LUNCH BAG RED RETROSPOT,2,2010-12-14 13:11:00,1.65,16899,United Kingdom,3.3
538849,84881,BLUE WIRE SPIRAL CANDLE HOLDER,2,2010-12-14 13:31:00,6.35,14415,United Kingdom,12.7
538849,22203,MILK PAN RED RETROSPOT,2,2010-12-14 13:31:00,3.75,14415,United Kingdom,7.5
538849,21733,RED HANGING HEART T-LIGHT HOLDER,12,2010-12-14 13:31:00,2.95,14415,United Kingdom,35.400000000000006
538851,22090,PAPER BUNTING RETROSPOT,6,2010-12-14 13:32:00,2.95,16556,United Kingdom,17.700000000000003
538851,21915,RED  HARMONICA IN BOX ,12,2010-12-14 13:32:00,1.25,16556,United Kingdom,15.0
538851,21035,SET/2 RED RETROSPOT TEA TOWELS ,6,2010-12-14 13:32:00,2.95,16556,United Kingdom,17.700000000000003
538852,22214,CANDLE PLATE LACE WHITE,2,2010-12-14 13:33:00,2.55,17372,United Kingdom,5.1
538853,22948,METAL DECORATION NAUGHTY CHILDREN ,3,2010-12-14 13:35:00,0.85,16805,United Kingdom,2.55
538859,22356,CHARLOTTE BAG PINK POLKADOT,100,2010-12-14 13:59:00,0.72,16553,United Kingdom,72.0
538860,21217,RED RETROSPOT ROUND CAKE TINS,2,2010-12-14 14:02:00,9.95,17757,United Kingdom,19.9
538863,21162,TOXIC AREA  DOOR HANGER ,1,2010-12-14 14:15:00,1.45,16919,United Kingdom,1.45
538863,21865,PINK UNION JACK  PASSPORT COVER ,2,2010-12-14 14:15:00,2.1,16919,United Kingdom,4.2
538866,21137,BLACK RECORD COVER FRAME,7,2010-12-14 14:40:00,3.75,17841,United Kingdom,26.25
538872,84360,TABLE LAMP WHITE SHADE WOOD BASE,2,2010-12-14 15:13:00,5.95,13097,United Kingdom,11.9
538879,21982,PACK OF 12 SUKI TISSUES ,24,2010-12-14 15:50:00,0.29,15392,United Kingdom,6.959999999999999
538886,22083,PAPER CHAIN KIT RETROSPOT,6,2010-12-14 16:07:00,2.95,13846,United Kingdom,17.700000000000003
538886,21881,CUTE CATS TAPE,12,2010-12-14 16:07:00,0.65,13846,United Kingdom,7.800000000000001
538890,22570,FELTCRAFT CUSHION RABBIT,2,2010-12-14 16:39:00,3.75,12867,United Kingdom,7.5
538895,22647,CERAMIC LOVE HEART MONEY BANK,36,2010-12-15 09:07:00,0.42,14401,United Kingdom,15.12
538905,21066,VINTAGE RED MUG,12,2010-12-15 10:31:00,1.25,13611,United Kingdom,15.0
538917,21166,COOK WITH WINE METAL SIGN ,2,2010-12-15 10:57:00,1.95,17449,United Kingdom,3.9
538917,85064,CREAM SWEETHEART LETTER RACK,2,2010-12-15 10:57:00,5.45,17449,United Kingdom,10.9
538935,22063,CERAMIC BOWL WITH STRAWBERRY DESIGN,4,2010-12-15 11:08:00,2.95,18168,United Kingdom,11.8
538951,22470,HEART OF WICKER LARGE,1,2010-12-15 11:26:00,2.95,16782,United Kingdom,2.95
538992,22665,RECIPE BOX BLUE SKETCHBOOK DESIGN,3,2010-12-15 11:56:00,2.95,15950,United Kingdom,8.850000000000001
538996,22689,DOORMAT MERRY CHRISTMAS RED ,3,2010-12-15 12:06:00,7.95,15465,United Kingdom,23.85
538998,84347,ROTATING SILVER ANGELS T-LIGHT HLDR,480,2010-12-15 12:08:00,1.88,15061,United Kingdom,902.4
539004,21870,I CAN ONLY PLEASE ONE PERSON MUG,24,2010-12-15 12:43:00,1.25,13426,United Kingdom,30.0
539006,20830,SILVER PHOTO FRAME,6,2010-12-15 12:54:00,2.1,15101,United Kingdom,12.6
539007,22080,RIBBON REEL POLKADOTS ,1,2010-12-15 13:00:00,1.65,17894,United Kingdom,1.65
539010,21231,SWEETHEART CERAMIC TRINKET BOX,4,2010-12-15 13:24:00,1.25,15005,United Kingdom,5.0
539009,90179A,AMBER FINE BEAD NECKLACE W TASSEL,1,2010-12-15 13:24:00,5.95,13221,United Kingdom,5.95
539014,20750,RED RETROSPOT MINI CASES,2,2010-12-15 13:37:00,7.95,17692,United Kingdom,15.9
539016,22109,FULL ENGLISH BREAKFAST PLATE,16,2010-12-15 13:49:00,3.39,13418,United Kingdom,54.24
539016,22568,FELTCRAFT CUSHION OWL,8,2010-12-15 13:49:00,3.75,13418,United Kingdom,30.0
539019,82494L,WOODEN FRAME ANTIQUE WHITE ,1,2010-12-15 14:12:00,2.95,17551,United Kingdom,2.95
539019,22095,LADS ONLY TISSUE BOX,1,2010-12-15 14:12:00,1.25,17551,United Kingdom,1.25
539030,22178,VICTORIAN GLASS HANGING T-LIGHT,24,2010-12-15 14:25:00,1.25,13089,United Kingdom,30.0
539030,84836,ZINC METAL HEART DECORATION,72,2010-12-15 14:25:00,1.25,13089,United Kingdom,90.0
539030,22470,HEART OF WICKER LARGE,12,2010-12-15 14:25:00,2.95,13089,United Kingdom,35.400000000000006
539034,22444,GROW YOUR OWN PLANT IN A CAN ,24,2010-12-15 14:29:00,1.25,16161,United Kingdom,30.0
539039,21014,SWISS CHALET TREE DECORATION ,24,2010-12-15 15:00:00,0.85,13124,United Kingdom,20.4
539041,22437,SET OF 9 BLACK SKULL BALLOONS,10,2010-12-15 15:34:00,0.85,15456,United Kingdom,8.5
539041,22422,TOOTHPASTE TUBE PEN,6,2010-12-15 15:34:00,0.65,15456,United Kingdom,3.9
539044,22873,NUMBER TILE COTTAGE GARDEN 5,6,2010-12-15 15:47:00,1.95,15727,United Kingdom,11.7
539044,22851,SET 20 NAPKINS FAIRY CAKES DESIGN ,8,2010-12-15 15:47:00,0.85,15727,United Kingdom,6.8
539044,21731,RED TOADSTOOL LED NIGHT LIGHT,10,2010-12-15 15:47:00,1.65,15727,United Kingdom,16.5
539050,22082,RIBBON REEL STRIPES DESIGN ,1,2010-12-15 16:21:00,1.65,12577,France,1.65
539049,20719,WOODLAND CHARLOTTE BAG,10,2010-12-15 16:21:00,0.85,15615,United Kingdom,8.5
539050,22739,RIBBON REEL CHRISTMAS SOCK BAUBLE,1,2010-12-15 16:21:00,1.65,12577,France,1.65
539053,48138,DOORMAT UNION FLAG,1,2010-12-15 16:32:00,7.95,16725,United Kingdom,7.95
539053,85024C,PINK SMALL JEWELLED PHOTOFRAME,1,2010-12-15 16:32:00,1.65,16725,United Kingdom,1.65
539082,47566,PARTY BUNTING,5,2010-12-16 09:22:00,4.65,13317,United Kingdom,23.25
539084,22569,FELTCRAFT CUSHION BUTTERFLY,4,2010-12-16 09:31:00,3.75,13890,United Kingdom,15.0
539088,22086,PAPER CHAIN KIT 50'S CHRISTMAS ,100,2010-12-16 09:45:00,2.55,13093,United Kingdom,255.0
539091,21484,CHICK GREY HOT WATER BOTTLE,12,2010-12-16 09:52:00,3.45,13756,United Kingdom,41.400000000000006
539098,22851,SET 20 NAPKINS FAIRY CAKES DESIGN ,12,2010-12-16 10:28:00,0.85,14841,United Kingdom,10.2
539118,21918,SET 12 KIDS COLOUR  CHALK STICKS,12,2010-12-16 11:27:00,0.42,15563,United Kingdom,5.04
539196,22473,TV DINNER TRAY VINTAGE PAISLEY,3,2010-12-16 12:09:00,4.95,18055,United Kingdom,14.85
539196,72807C,SET/3 VANILLA SCENTED CANDLE IN BOX,4,2010-12-16 12:09:00,4.25,18055,United Kingdom,17.0
539201,22902,TOTE BAG I LOVE LONDON,12,2010-12-16 12:11:00,2.1,14878,United Kingdom,25.200000000000003
539211,82600,NO SINGING METAL SIGN,12,2010-12-16 12:15:00,2.1,16743,United Kingdom,25.200000000000003
539211,21977,PACK OF 60 PINK PAISLEY CAKE CASES,24,2010-12-16 12:15:00,0.55,16743,United Kingdom,13.2
539211,21165,BEWARE OF THE CAT METAL SIGN ,24,2010-12-16 12:15:00,1.69,16743,United Kingdom,40.56
539214,22154,ANGEL DECORATION 3 BUTTONS ,10,2010-12-16 12:31:00,0.42,17062,United Kingdom,4.2
539217,20713,JUMBO BAG OWLS,10,2010-12-16 12:46:00,1.95,15394,United Kingdom,19.5
539243,82482,WOODEN PICTURE FRAME WHITE FINISH,2,2010-12-16 13:21:00,2.55,18116,United Kingdom,5.1
539246,21934,SKULL SHOULDER BAG,1,2010-12-16 13:33:00,1.65,14606,United Kingdom,1.65
539250,85173,SET/6 FROG PRINCE T-LIGHT CANDLES,24,2010-12-16 13:44:00,0.85,15157,United Kingdom,20.4
539250,22391,PAPERWEIGHT HOME SWEET HOME,12,2010-12-16 13:44:00,0.85,15157,United Kingdom,10.2
539252,21632,VINTAGE PINK DECORATIVE PARASOL,12,2010-12-16 14:17:00,3.95,17744,United Kingdom,47.400000000000006
539252,85173,SET/6 FROG PRINCE T-LIGHT CANDLES,24,2010-12-16 14:17:00,0.85,17744,United Kingdom,20.4
539267,21928,JUMBO BAG SCANDINAVIAN PAISLEY,20,2010-12-16 15:23:00,1.95,13534,United Kingdom,39.0
539267,85099C,JUMBO  BAG BAROQUE BLACK WHITE,20,2010-12-16 15:23:00,1.95,13534,United Kingdom,39.0
539280,21735,TWO DOOR CURIO CABINET,2,2010-12-16 15:40:00,12.75,14373,United Kingdom,25.5
539281,22147,FELTCRAFT BUTTERFLY HEARTS,12,2010-12-16 15:45:00,1.45,18176,United Kingdom,17.4
539286,22943,CHRISTMAS LIGHTS 10 VINTAGE BAUBLES,12,2010-12-16 16:05:00,4.95,14735,United Kingdom,59.400000000000006
539294,84912B,GREEN ROSE WASHBAG,1,2010-12-16 16:45:00,3.75,15532,United Kingdom,3.75
539295,15056BL,EDWARDIAN PARASOL BLACK,4,2010-12-16 16:54:00,5.95,13767,United Kingdom,23.8
539295,85014A,BLACK/BLUE POLKADOT UMBRELLA,4,2010-12-16 16:54:00,5.95,13767,United Kingdom,23.8
539305,21648,ASSORTED TUTTI FRUTTI SMALL PURSE,24,2010-12-16 17:37:00,1.25,14334,United Kingdom,30.0
539307,21632,VINTAGE PINK DECORATIVE PARASOL,12,2010-12-16 17:43:00,3.95,13694,United Kingdom,47.400000000000006
539310,22508,DOORSTOP RETROSPOT HEART,4,2010-12-16 17:51:00,3.75,14344,United Kingdom,15.0
539311,82613B,"METAL SIGN,CUPCAKE SINGLE HOOK",40,2010-12-16 17:53:00,0.42,14643,United Kingdom,16.8
539313,21164,HOME SWEET HOME METAL SIGN ,6,2010-12-16 18:18:00,2.95,14220,United Kingdom,17.700000000000003
539317,22035,VINTAGE CARAVAN GREETING CARD ,12,2010-12-16 19:04:00,0.42,17392,United Kingdom,5.04
539320,35957,SMALLFOLKART BAUBLE CHRISTMAS DEC,96,2010-12-16 19:16:00,0.19,14911,EIRE,18.24
539321,22557,PLASTERS IN TIN VINTAGE PAISLEY ,1,2010-12-16 19:19:00,1.65,14723,United Kingdom,1.65
539324,22075,6 RIBBONS ELEGANT CHRISTMAS ,1,2010-12-16 19:51:00,1.65,14985,United Kingdom,1.65
539325,22620,4 TRADITIONAL SPINNING TOPS,12,2010-12-17 08:20:00,1.25,13004,United Kingdom,15.0
539326,22776,SWEETHEART CAKESTAND 3 TIER,12,2010-12-17 09:22:00,8.5,14560,United Kingdom,102.0
539333,84755,COLOUR GLASS T-LIGHT HOLDER HANGING,16,2010-12-17 09:52:00,0.65,13627,United Kingdom,10.4
539353,85174,S/4 CACTI CANDLES,4,2010-12-17 11:30:00,4.95,12782,Portugal,19.8
539353,20696,FLORAL SOFT CAR TOY,8,2010-12-17 11:30:00,3.75,12782,Portugal,30.0
539374,71459,HANGING JAM JAR T-LIGHT HOLDER,12,2010-12-17 11:40:00,0.85,14769,United Kingdom,10.2
539401,21122,SET/10 PINK POLKADOT PARTY CANDLES,24,2010-12-17 12:02:00,1.25,12709,Germany,30.0
539405,22077,6 RIBBONS RUSTIC CHARM,12,2010-12-17 12:38:00,1.65,12621,Germany,19.8
539416,22360,GLASS JAR ENGLISH CONFECTIONERY,3,2010-12-17 13:56:00,2.95,17888,United Kingdom,8.850000000000001
539418,84032B,CHARLIE + LOLA RED HOT WATER BOTTLE,6,2010-12-17 13:58:00,2.95,17007,United Kingdom,17.700000000000003
539421,22918,HERB MARKER PARSLEY,12,2010-12-17 14:21:00,0.65,14016,EIRE,7.800000000000001
539421,22749,FELTCRAFT PRINCESS CHARLOTTE DOLL,4,2010-12-17 14:21:00,3.75,14016,EIRE,15.0
539421,51014L,"FEATHER PEN,LIGHT PINK",12,2010-12-17 14:21:00,0.85,14016,EIRE,10.2
539422,85099B,JUMBO BAG RED RETROSPOT,10,2010-12-17 14:23:00,1.95,13033,United Kingdom,19.5
539435,POST,POSTAGE,1,2010-12-17 14:46:00,18.0,12691,France,18.0
539439,21499,BLUE POLKADOT WRAP,25,2010-12-17 15:14:00,0.42,13869,United Kingdom,10.5
539439,20969,RED FLORAL FELTCRAFT SHOULDER BAG,4,2010-12-17 15:14:00,3.75,13869,United Kingdom,15.0
539444,21481,FAWN BLUE HOT WATER BOTTLE,36,2010-12-17 15:52:00,2.55,14146,United Kingdom,91.8
539443,22988,SOLDIERS EGG CUP ,144,2010-12-17 15:52:00,1.06,14031,United Kingdom,152.64
539444,22845,VINTAGE CREAM CAT FOOD CONTAINER,2,2010-12-17 15:52:00,6.35,14146,United Kingdom,12.7
539446,POST,POSTAGE,9,2010-12-17 15:58:00,18.0,12705,Germany,162.0
539450,22576,SWALLOW WOODEN CHRISTMAS DECORATION,5,2010-12-17 16:53:00,0.85,15570,United Kingdom,4.25
539455,21181,PLEASE ONE PERSON METAL SIGN,1,2010-12-17 17:17:00,2.1,12748,United Kingdom,2.1
539456,90185D,CRYSTAL DIAMANTE EXPANDABLE RING,2,2010-12-17 17:23:00,4.25,16885,United Kingdom,8.5
539462,22636,CHILDS BREAKFAST SET CIRCUS PARADE,2,2010-12-19 11:19:00,8.5,14032,United Kingdom,17.0
539465,21843,RED RETROSPOT CAKE STAND,12,2010-12-19 11:38:00,10.95,16684,United Kingdom,131.39999999999998
539471,22078,RIBBON REEL LACE DESIGN ,5,2010-12-19 14:16:00,2.1,17358,United Kingdom,10.5
539472,20655,QUEEN OF SKIES LUGGAGE TAG,1,2010-12-19 14:23:00,1.25,15581,United Kingdom,1.25
539475,84509A,SET OF 4 ENGLISH ROSE PLACEMATS,2,2010-12-19 14:41:00,3.75,16686,United Kingdom,7.5
539475,22899,CHILDREN'S APRON DOLLY GIRL ,3,2010-12-19 14:41:00,2.1,16686,United Kingdom,6.300000000000001
539475,20969,RED FLORAL FELTCRAFT SHOULDER BAG,1,2010-12-19 14:41:00,3.75,16686,United Kingdom,3.75
539484,22416,SET OF 36 DOILIES SPACEBOY DESIGN ,5,2010-12-19 15:44:00,1.45,15640,United Kingdom,7.25
539487,21535,RED RETROSPOT SMALL MILK JUG,6,2010-12-20 09:22:00,2.55,16153,United Kingdom,15.3
539487,22801,ANTIQUE GLASS PEDESTAL BOWL,4,2010-12-20 09:22:00,3.75,16153,United Kingdom,15.0
539488,21832,CHOCOLATE CALCULATOR,24,2010-12-20 09:37:00,1.65,12377,Switzerland,39.6
539488,22328,ROUND SNACK BOXES SET OF 4 FRUITS ,12,2010-12-20 09:37:00,2.95,12377,Switzerland,35.400000000000006
539488,22029,SPACEBOY BIRTHDAY CARD,24,2010-12-20 09:37:00,0.42,12377,Switzerland,10.08
539488,22314,OFFICE MUG WARMER CHOC+BLUE,12,2010-12-20 09:37:00,4.95,12377,Switzerland,59.400000000000006
539488,22108,PING! MICROWAVE PLATE,4,2010-12-20 09:37:00,3.75,12377,Switzerland,15.0
539490,22722,SET OF 6 SPICE TINS PANTRY DESIGN,8,2010-12-20 10:00:00,3.95,17069,United Kingdom,31.6
539491,22960,JAM MAKING SET WITH JARS,1,2010-12-20 10:09:00,4.25,14646,Netherlands,4.25
539496,21481,FAWN BLUE HOT WATER BOTTLE,6,2010-12-20 10:38:00,2.95,13050,United Kingdom,17.700000000000003
539498,84836,ZINC METAL HEART DECORATION,12,2010-12-20 10:48:00,1.25,15279,United Kingdom,15.0
539502,22412,METAL SIGN NEIGHBOURHOOD WITCH ,3,2010-12-20 11:14:00,2.1,14099,United Kingdom,6.300000000000001
539502,22616,PACK OF 12 LONDON TISSUES ,48,2010-12-20 11:14:00,0.29,14099,United Kingdom,13.919999999999998
539561,21380,WOODEN HAPPY BIRTHDAY GARLAND,12,2010-12-20 11:41:00,2.95,16422,United Kingdom,35.400000000000006
539578,21977,PACK OF 60 PINK PAISLEY CAKE CASES,480,2010-12-20 12:45:00,0.4,13027,United Kingdom,192.0
539586,84766,SILVER ROCOCO CANDLE STICK,12,2010-12-20 13:08:00,1.95,14298,United Kingdom,23.4
539587,22699,ROSES REGENCY TEACUP AND SAUCER ,24,2010-12-20 13:10:00,2.55,14298,United Kingdom,61.2
539588,21844,RED RETROSPOT MUG,1,2010-12-20 13:11:00,2.95,14527,United Kingdom,2.95
539609,22697,GREEN REGENCY TEACUP AND SAUCER,4,2010-12-20 14:15:00,2.95,15527,United Kingdom,11.8
539609,21890,S/6 WOODEN SKITTLES IN COTTON BAG,1,2010-12-20 14:15:00,2.95,15527,United Kingdom,2.95
539628,84077,WORLD WAR 2 GLIDERS ASSTD DESIGNS,48,2010-12-20 14:49:00,0.29,18097,United Kingdom,13.919999999999998
539635,21479,WHITE SKULL HOT WATER BOTTLE ,12,2010-12-20 15:14:00,3.75,14051,United Kingdom,45.0
539642,15056P,EDWARDIAN PARASOL PINK,2,2010-12-20 15:35:00,5.95,15867,United Kingdom,11.9
539642,21668,RED STRIPE CERAMIC DRAWER KNOB,2,2010-12-20 15:35:00,1.25,15867,United Kingdom,2.5
539647,21109,LARGE CAKE TOWEL CHOCOLATE SPOTS,1,2010-12-20 16:08:00,6.75,15460,United Kingdom,6.75
539653,82613C,"METAL SIGN,CUPCAKE SINGLE HOOK",20,2010-12-20 16:50:00,0.42,13564,United Kingdom,8.4
539653,22212,FOUR HOOK  WHITE LOVEBIRDS,4,2010-12-20 16:50:00,2.1,13564,United Kingdom,8.4
539663,21914,BLUE HARMONICA IN BOX ,1,2010-12-21 10:26:00,1.25,17961,United Kingdom,1.25
539676,POST,POSTAGE,3,2010-12-21 10:54:00,15.0,12423,Belgium,45.0
539722,21212,PACK OF 72 RETROSPOT CAKE CASES,48,2010-12-21 13:45:00,0.55,14911,EIRE,26.4
539725,22154,ANGEL DECORATION 3 BUTTONS ,12,2010-12-21 13:58:00,0.42,17211,United Kingdom,5.04
539728,22674,FRENCH TOILET SIGN BLUE METAL,12,2010-12-21 14:26:00,1.25,16270,United Kingdom,15.0
539731,22345,PARTY PIZZA DISH BLUE POLKADOT,216,2010-12-21 15:05:00,0.21,14646,Netherlands,45.36
539731,84915,HAND TOWEL PINK FLOWER AND DAISY,100,2010-12-21 15:05:00,1.25,14646,Netherlands,125.0
539760,20941,FROG CANDLE,6,2010-12-21 17:16:00,1.25,17400,United Kingdom,7.5
539761,22470,HEART OF WICKER LARGE,12,2010-12-22 10:29:00,2.95,17593,United Kingdom,35.400000000000006
539766,22113,GREY HEART HOT WATER BOTTLE,4,2010-12-22 11:11:00,3.75,14092,United Kingdom,15.0
539829,82613B,"METAL SIGN,CUPCAKE SINGLE HOOK",20,2010-12-22 12:47:00,0.42,12734,France,8.4
539920,22483,RED GINGHAM TEDDY BEAR ,2,2010-12-23 11:06:00,2.95,14085,United Kingdom,5.9
539920,21877,HOME SWEET HOME MUG,6,2010-12-23 11:06:00,1.25,14085,United Kingdom,7.5
539920,20802,SMALL GLASS SUNDAE DISH CLEAR,6,2010-12-23 11:06:00,1.65,14085,United Kingdom,9.9
539921,22371,AIRLINE BAG VINTAGE TOKYO 78,1,2010-12-23 11:09:00,4.25,12748,United Kingdom,4.25
539921,22748,POPPY'S PLAYHOUSE KITCHEN,1,2010-12-23 11:09:00,2.1,12748,United Kingdom,2.1
539933,20854,BLUE PATCH PURSE PINK HEART,10,2010-12-23 11:24:00,1.65,15235,United Kingdom,16.5
539946,21392,RED POLKADOT PUDDING BOWL,6,2010-12-23 11:46:00,2.1,13817,Germany,12.6
539957,22616,PACK OF 12 LONDON TISSUES ,24,2010-12-23 12:58:00,0.29,12585,Germany,6.959999999999999
539957,84945,MULTI COLOUR SILVER T-LIGHT HOLDER,24,2010-12-23 12:58:00,0.85,12585,Germany,20.4
539957,22272,FELTCRAFT DOLL MARIA,6,2010-12-23 12:58:00,2.95,12585,Germany,17.700000000000003
539985,82600,NO SINGING METAL SIGN,48,2010-12-23 15:16:00,1.69,15856,United Kingdom,81.12
539988,21355,TOAST ITS - I LOVE YOU ,1,2010-12-23 16:06:00,1.25,18116,United Kingdom,1.25
539988,22569,FELTCRAFT CUSHION BUTTERFLY,1,2010-12-23 16:06:00,3.75,18116,United Kingdom,3.75
539988,22723,SET OF 6 HERB TINS SKETCHBOOK,1,2010-12-23 16:06:00,3.95,18116,United Kingdom,3.95
539988,22624,IVORY KITCHEN SCALES,1,2010-12-23 16:06:00,8.5,18116,United Kingdom,8.5
540003,22171,3 HOOK PHOTO SHELF ANTIQUE WHITE,2,2011-01-04 10:37:00,8.5,16875,United Kingdom,17.0
540013,22169,FAMILY ALBUM WHITE PICTURE FRAME,1,2011-01-04 11:30:00,8.5,16255,United Kingdom,8.5
540014,22909,SET OF 20 VINTAGE CHRISTMAS NAPKINS,1,2011-01-04 11:34:00,0.85,14606,United Kingdom,0.85
540017,85184C,S/4 VALENTINE DECOUPAGE HEART BOX,24,2011-01-04 11:48:00,1.25,13963,United Kingdom,30.0
540017,22343,PARTY PIZZA DISH RED RETROSPOT,24,2011-01-04 11:48:00,0.21,13963,United Kingdom,5.04
540017,35646,VINTAGE BEAD PINK EVENING BAG,24,2011-01-04 11:48:00,1.25,13963,United Kingdom,30.0
540021,20717,STRAWBERRY SHOPPER BAG,1,2011-01-04 12:51:00,1.25,17841,United Kingdom,1.25
540021,85099B,JUMBO BAG RED RETROSPOT,4,2011-01-04 12:51:00,1.95,17841,United Kingdom,7.8
540021,22776,SWEETHEART CAKESTAND 3 TIER,1,2011-01-04 12:51:00,9.95,17841,United Kingdom,9.95
540021,72051S,BAG OF SILVER STONES,2,2011-01-04 12:51:00,0.42,17841,United Kingdom,0.84
540022,16161P,WRAP ENGLISH ROSE ,50,2011-01-04 12:57:00,0.42,17188,United Kingdom,21.0
540023,22315,200 RED + WHITE BENDY STRAWS,1,2011-01-04 12:58:00,1.25,15039,United Kingdom,1.25
540033,85123A,WHITE HANGING HEART T-LIGHT HOLDER,32,2011-01-04 14:12:00,2.55,13680,United Kingdom,81.6
540033,48185,DOORMAT FAIRY CAKE,1,2011-01-04 14:12:00,7.95,13680,United Kingdom,7.95
540033,20711,JUMBO BAG TOYS ,10,2011-01-04 14:12:00,1.95,13680,United Kingdom,19.5
540040,22466,FAIRY TALE COTTAGE NIGHTLIGHT,12,2011-01-04 14:20:00,1.95,12483,Sweden,23.4
540095,85150,LADIES & GENTLEMEN METAL SIGN,6,2011-01-04 15:40:00,2.55,14553,United Kingdom,15.3
540098,21621,VINTAGE UNION JACK BUNTING,1,2011-01-04 15:50:00,8.5,16241,United Kingdom,8.5
540113,22227,HANGING HEART MIRROR DECORATION ,24,2011-01-05 09:11:00,0.65,13126,United Kingdom,15.6
540120,21668,RED STRIPE CERAMIC DRAWER KNOB,24,2011-01-05 10:08:00,1.25,17675,United Kingdom,30.0
540122,22403,MAGNETS PACK OF 4 VINTAGE LABELS ,120,2011-01-05 10:39:00,0.42,13694,United Kingdom,50.4
540122,85159B,"WHITE TEA,COFFEE,SUGAR JARS",48,2011-01-05 10:39:00,1.25,13694,United Kingdom,60.0
540122,84827,ASS DES PHONE SPONGE CRAFT STICKER,60,2011-01-05 10:39:00,0.19,13694,United Kingdom,11.4
540130,85123A,WHITE HANGING HEART T-LIGHT HOLDER,128,2011-01-05 10:46:00,2.55,13798,United Kingdom,326.4
540146,22522,CHILDS GARDEN FORK BLUE ,1,2011-01-05 10:51:00,0.85,15002,United Kingdom,0.85
540149,21928,JUMBO BAG SCANDINAVIAN PAISLEY,10,2011-01-05 11:00:00,1.95,12921,United Kingdom,19.5
540162,21210,SET OF 72 RETROSPOT PAPER  DOILIES,12,2011-01-05 11:52:00,1.45,13089,United Kingdom,17.4
540163,21506,"FANCY FONT BIRTHDAY CARD, ",24,2011-01-05 11:52:00,0.42,13089,United Kingdom,10.08
540168,22563,HAPPY STENCIL CRAFT,4,2011-01-05 12:15:00,1.25,13715,United Kingdom,5.0
540168,21383,PACK OF 12 STICKY BUNNIES,12,2011-01-05 12:15:00,0.65,13715,United Kingdom,7.800000000000001
540170,22727,ALARM CLOCK BAKELIKE RED ,8,2011-01-05 12:21:00,3.75,13767,United Kingdom,30.0
540179,48184,DOORMAT ENGLISH ROSE ,1,2011-01-05 12:54:00,7.95,16033,United Kingdom,7.95
540179,22729,ALARM CLOCK BAKELIKE ORANGE,2,2011-01-05 12:54:00,3.75,16033,United Kingdom,7.5
540179,22644,CERAMIC CHERRY CAKE MONEY BANK,4,2011-01-05 12:54:00,1.45,16033,United Kingdom,5.8
540180,22113,GREY HEART HOT WATER BOTTLE,4,2011-01-05 13:05:00,3.75,15984,United Kingdom,15.0
540183,21658,GLASS  BEURRE DISH,18,2011-01-05 13:37:00,3.95,15093,United Kingdom,71.10000000000001
540183,22030,SWALLOWS GREETING CARD,12,2011-01-05 13:37:00,0.42,15093,United Kingdom,5.04
540183,20685,DOORMAT RED RETROSPOT,10,2011-01-05 13:37:00,6.75,15093,United Kingdom,67.5
540185,22693,GROW A FLYTRAP OR SUNFLOWER IN TIN,24,2011-01-05 13:40:00,1.25,14653,United Kingdom,30.0
540185,22554,PLASTERS IN TIN WOODLAND ANIMALS,2,2011-01-05 13:40:00,1.65,14653,United Kingdom,3.3
540187,22569,FELTCRAFT CUSHION BUTTERFLY,4,2011-01-05 13:53:00,3.75,15358,United Kingdom,15.0
540188,21518,BANK ACCOUNT  GREETING  CARD ,12,2011-01-05 13:57:00,0.42,16771,United Kingdom,5.04
540188,21519,GIN & TONIC DIET GREETING CARD ,12,2011-01-05 13:57:00,0.42,16771,United Kingdom,5.04
540239,22554,PLASTERS IN TIN WOODLAND ANIMALS,12,2011-01-05 14:48:00,1.65,12682,France,19.8
540240,21879,HEARTS GIFT TAPE,24,2011-01-05 15:09:00,0.19,17585,United Kingdom,4.5600000000000005
540240,21883,STARS GIFT TAPE ,24,2011-01-05 15:09:00,0.19,17585,United Kingdom,4.5600000000000005
540245,22755,SMALL PURPLE BABUSHKA NOTEBOOK ,12,2011-01-05 15:42:00,0.85,13082,United Kingdom,10.2
540247,22567,20 DOLLY PEGS RETROSPOT,1,2011-01-05 15:56:00,1.25,15464,United Kingdom,1.25
540247,22442,GROW YOUR OWN FLOWERS SET OF 3,1,2011-01-05 15:56:00,7.95,15464,United Kingdom,7.95
540247,22669,RED BABY BUNTING ,5,2011-01-05 15:56:00,2.95,15464,United Kingdom,14.75
540247,72802B,OCEAN SCENT CANDLE IN JEWELLED BOX,1,2011-01-05 15:56:00,4.25,15464,United Kingdom,4.25
540249,17038,PORCELAIN BUDAH INCENSE HOLDER,100,2011-01-05 16:00:00,0.1,15298,United Kingdom,10.0
540257,47566B,TEA TIME PARTY BUNTING,2,2011-01-05 17:33:00,4.65,12748,United Kingdom,9.3
540259,22720,SET OF 3 CAKE TINS PANTRY DESIGN ,6,2011-01-06 09:00:00,4.95,18226,United Kingdom,29.700000000000003
540260,37370,RETRO COFFEE MUGS ASSORTED,12,2011-01-06 09:40:00,1.25,13097,United Kingdom,15.0
540263,22467,GUMBALL COAT RACK,36,2011-01-06 10:03:00,2.1,18062,United Kingdom,75.60000000000001
540265,22619,SET OF 6 SOLDIER SKITTLES,4,2011-01-06 10:46:00,3.75,15271,United Kingdom,15.0
540268,22195,LARGE HEART MEASURING SPOONS,12,2011-01-06 11:25:00,1.65,13458,United Kingdom,19.8
540268,22630,DOLLY GIRL LUNCH BOX,12,2011-01-06 11:25:00,1.95,13458,United Kingdom,23.4
540273,20854,BLUE PATCH PURSE PINK HEART,14,2011-01-06 11:57:00,1.65,17368,United Kingdom,23.1
540275,22628,PICNIC BOXES SET OF 3 RETROSPOT ,4,2011-01-06 12:11:00,4.95,13680,United Kingdom,19.8
540276,85099B,JUMBO BAG RED RETROSPOT,100,2011-01-06 12:16:00,1.65,14680,United Kingdom,165.0
540276,22386,JUMBO BAG PINK POLKADOT,20,2011-01-06 12:16:00,1.95,14680,United Kingdom,39.0
540278,48138,DOORMAT UNION FLAG,1,2011-01-06 12:31:00,7.95,15719,United Kingdom,7.95
540288,22423,REGENCY CAKESTAND 3 TIER,1,2011-01-06 12:45:00,12.75,17634,United Kingdom,12.75
540288,82482,WOODEN PICTURE FRAME WHITE FINISH,6,2011-01-06 12:45:00,2.55,17634,United Kingdom,15.3
540288,20754,RETROSPOT RED WASHING UP GLOVES,1,2011-01-06 12:45:00,2.1,17634,United Kingdom,2.1
540288,84029G,KNITTED UNION FLAG HOT WATER BOTTLE,4,2011-01-06 12:45:00,3.75,17634,United Kingdom,15.0
540288,21159,MOODY BOY  DOOR HANGER ,1,2011-01-06 12:45:00,1.45,17634,United Kingdom,1.45
540316,84375,SET OF 20 KIDS COOKIE CUTTERS,12,2011-01-06 13:00:00,2.1,16676,United Kingdom,25.200000000000003
540351,22637,PIGGY BANK RETROSPOT ,4,2011-01-06 14:26:00,2.55,12735,France,10.2
540353,22963,JAM JAR WITH GREEN LID,6,2011-01-06 14:53:00,0.85,13764,United Kingdom,5.1
540353,21163,DO NOT TOUCH MY STUFF DOOR HANGER ,2,2011-01-06 14:53:00,1.45,13764,United Kingdom,2.9
540353,22113,GREY HEART HOT WATER BOTTLE,1,2011-01-06 14:53:00,3.75,13764,United Kingdom,3.75
540353,22969,HOMEMADE JAM SCENTED CANDLES,12,2011-01-06 14:53:00,1.45,13764,United Kingdom,17.4
540353,22953,BIRTHDAY PARTY CORDON BARRIER TAPE,4,2011-01-06 14:53:00,1.25,13764,United Kingdom,5.0
540357,16161U,WRAP SUKI AND FRIENDS,25,2011-01-06 15:14:00,0.42,13093,United Kingdom,10.5
540362,22684,FRENCH BLUE METAL DOOR SIGN 9,1,2011-01-06 15:42:00,1.25,13656,United Kingdom,1.25
540364,21875,KINGS CHOICE MUG,1,2011-01-06 16:03:00,1.25,14505,United Kingdom,1.25
540365,20679,EDWARDIAN PARASOL RED,3,2011-01-06 16:12:00,5.95,12413,France,17.85
540371,47594A,CAROUSEL DESIGN WASHBAG,6,2011-01-06 16:35:00,1.95,14312,United Kingdom,11.7
540372,22932,BAKING MOULD TOFFEE CUP CHOCOLATE,6,2011-01-06 16:41:00,2.55,13081,United Kingdom,15.3
540372,85123A,WHITE HANGING HEART T-LIGHT HOLDER,32,2011-01-06 16:41:00,2.55,13081,United Kingdom,81.6
540372,84006,MAGIC TREE -PAPER FLOWERS,36,2011-01-06 16:41:00,0.85,13081,United Kingdom,30.6
540372,22753,SMALL YELLOW BABUSHKA NOTEBOOK ,12,2011-01-06 16:41:00,0.85,13081,United Kingdom,10.2
540372,21484,CHICK GREY HOT WATER BOTTLE,8,2011-01-06 16:41:00,3.45,13081,United Kingdom,27.6
540372,84821,DANISH ROSE DELUXE COASTER,24,2011-01-06 16:41:00,0.21,13081,United Kingdom,5.04
540396,15056N,EDWARDIAN PARASOL NATURAL,6,2011-01-06 18:33:00,5.95,14031,United Kingdom,35.7
540405,40016,CHINESE DRAGON PAPER LANTERNS,600,2011-01-07 09:50:00,0.25,14828,United Kingdom,150.0
540409,21485,RETROSPOT HEART HOT WATER BOTTLE,2,2011-01-07 10:00:00,4.95,16019,United Kingdom,9.9
540409,22047,EMPIRE GIFT WRAP,25,2011-01-07 10:00:00,0.42,16019,United Kingdom,10.5
540412,21277,FRENCH STYLE EMBOSSED HEART CABINET,1,2011-01-07 10:27:00,21.95,13842,United Kingdom,21.95
540414,22894,TABLECLOTH RED APPLES DESIGN ,2,2011-01-07 10:32:00,8.5,12481,Germany,17.0
540415,85025C,PINK HEART SHAPE PHOTO FRAME,3,2011-01-07 10:47:00,1.65,16889,United Kingdom,4.949999999999999
540416,22778,GLASS CLOCHE SMALL,4,2011-01-07 10:55:00,3.95,16473,United Kingdom,15.8
540453,22028,PENNY FARTHING BIRTHDAY CARD,12,2011-01-07 11:54:00,0.42,13426,United Kingdom,5.04
540455,22326,ROUND SNACK BOXES SET OF4 WOODLAND ,18,2011-01-07 12:07:00,2.95,12583,France,53.1
540455,22727,ALARM CLOCK BAKELIKE RED ,12,2011-01-07 12:07:00,3.75,12583,France,45.0
540457,22782,SET 3 WICKER STORAGE BASKETS ,4,2011-01-07 12:26:00,9.95,14217,United Kingdom,39.8
540458,21430,SET/3 RED GINGHAM ROSE STORAGE BOX,4,2011-01-07 12:28:00,3.75,12501,Germany,15.0
540458,22704,WRAP RED APPLES ,25,2011-01-07 12:28:00,0.42,12501,Germany,10.5
540458,21447,12 IVORY ROSE PEG PLACE SETTINGS,12,2011-01-07 12:28:00,1.25,12501,Germany,15.0
540464,47580,TEA TIME DES TEA COSY,6,2011-01-07 13:17:00,2.1,14298,United Kingdom,12.6
540469,48111,DOORMAT 3 SMILEY CATS,1,2011-01-07 14:04:00,7.95,12484,Spain,7.95
540469,20752,BLUE POLKADOT WASHING UP GLOVES,2,2011-01-07 14:04:00,2.1,12484,Spain,4.2
540469,22492,MINI PAINT SET VINTAGE ,36,2011-01-07 14:04:00,0.65,12484,Spain,23.4
540469,22716,CARD CIRCUS PARADE,12,2011-01-07 14:04:00,0.42,12484,Spain,5.04
540471,20685,DOORMAT RED RETROSPOT,2,2011-01-07 14:21:00,7.95,15601,United Kingdom,15.9
540473,22562,MONSTERS STENCIL CRAFT,2,2011-01-07 14:31:00,1.25,17284,United Kingdom,2.5
540473,22261,FELT EGG COSY WHITE RABBIT ,3,2011-01-07 14:31:00,0.85,17284,United Kingdom,2.55
540480,22720,SET OF 3 CAKE TINS PANTRY DESIGN ,6,2011-01-07 15:27:00,4.95,12480,Germany,29.700000000000003
540480,21871,SAVE THE PLANET MUG,12,2011-01-07 15:27:00,1.25,12480,Germany,15.0
540480,22722,SET OF 6 SPICE TINS PANTRY DESIGN,4,2011-01-07 15:27:00,3.95,12480,Germany,15.8
540481,20677,PINK POLKADOT BOWL,24,2011-01-07 15:42:00,1.25,16955,United Kingdom,30.0
540489,84030E,ENGLISH ROSE HOT WATER BOTTLE,1,2011-01-07 16:32:00,4.25,13593,United Kingdom,4.25
540489,22173,METAL 4 HOOK HANGER FRENCH CHATEAU,8,2011-01-07 16:32:00,2.95,13593,United Kingdom,23.6
540493,84879,ASSORTED COLOUR BIRD ORNAMENT,24,2011-01-07 16:34:00,1.69,14867,United Kingdom,40.56
540499,22423,REGENCY CAKESTAND 3 TIER,3,2011-01-09 10:21:00,12.75,16923,United Kingdom,38.25
540501,85035C,ROSE 3 WICK MORRIS BOX CANDLE,12,2011-01-09 10:43:00,1.25,13162,United Kingdom,15.0
540505,21217,RED RETROSPOT ROUND CAKE TINS,2,2011-01-09 11:05:00,9.95,17095,United Kingdom,19.9
540509,22030,SWALLOWS GREETING CARD,12,2011-01-09 11:27:00,0.42,14800,United Kingdom,5.04
540512,22983,CARD BILLBOARD FONT,12,2011-01-09 11:39:00,0.42,17114,United Kingdom,5.04
540514,85174,S/4 CACTI CANDLES,1,2011-01-09 11:43:00,4.95,15708,United Kingdom,4.95
540514,84673B,BLUE FLY SWAT,1,2011-01-09 11:43:00,0.65,15708,United Kingdom,0.65
540514,22456,NATURAL SLATE CHALKBOARD LARGE ,1,2011-01-09 11:43:00,4.95,15708,United Kingdom,4.95
540515,22467,GUMBALL COAT RACK,2,2011-01-09 11:54:00,2.55,15059,United Kingdom,5.1
540519,21932,SCANDINAVIAN PAISLEY PICNIC BAG,5,2011-01-09 12:12:00,2.95,12793,Portugal,14.75
540520,22476,EMPIRE UNION JACK TV DINNER TRAY,1,2011-01-09 12:31:00,4.95,17555,United Kingdom,4.95
540522,21068,VINTAGE BILLBOARD LOVE/HATE MUG,24,2011-01-09 12:50:00,1.25,13102,United Kingdom,30.0
540525,22174,PHOTO CUBE,12,2011-01-09 13:02:00,1.65,16833,United Kingdom,19.8
540526,22406,MONEY BOX KINGS CHOICE DESIGN,1,2011-01-09 13:41:00,1.25,14606,United Kingdom,1.25
540528,21380,WOODEN HAPPY BIRTHDAY GARLAND,2,2011-01-09 13:50:00,2.95,17800,United Kingdom,5.9
540530,21673,WHITE SPOT BLUE CERAMIC DRAWER KNOB,12,2011-01-09 14:02:00,1.25,14755,United Kingdom,15.0
540533,82486,WOOD S/3 CABINET ANT WHITE FINISH,1,2011-01-09 14:12:00,7.95,15005,United Kingdom,7.95
540541,20801,LARGE PINK GLASS SUNDAE DISH,16,2011-01-09 15:13:00,0.75,15799,United Kingdom,12.0
540541,22768,FAMILY PHOTO FRAME CORNICE,2,2011-01-09 15:13:00,9.95,15799,United Kingdom,19.9
540541,20831,GOLD PHOTO FRAME,6,2011-01-09 15:13:00,2.1,15799,United Kingdom,12.6
540543,22851,SET 20 NAPKINS FAIRY CAKES DESIGN ,6,2011-01-09 15:23:00,0.85,14395,United Kingdom,5.1
540543,82582,AREA PATROLLED METAL SIGN,6,2011-01-09 15:23:00,2.1,14395,United Kingdom,12.6
540543,22469,HEART OF WICKER SMALL,6,2011-01-09 15:23:00,1.65,14395,United Kingdom,9.9
540547,84913B,MINT GREEN ROSE TOWEL,4,2011-01-09 16:07:00,4.65,14911,EIRE,18.6
540550,22476,EMPIRE UNION JACK TV DINNER TRAY,3,2011-01-10 09:11:00,4.95,12539,Spain,14.85
540561,47567B,TEA TIME KITCHEN APRON,3,2011-01-10 10:32:00,5.95,13004,United Kingdom,17.85
540604,22050,PINK PAISLEY ROSE GIFT WRAP,25,2011-01-10 11:38:00,0.42,15326,United Kingdom,10.5
540640,20713,JUMBO BAG OWLS,3,2011-01-10 12:36:00,1.95,14527,United Kingdom,5.85
540647,35924,HANGING FAIRY CAKE DECORATION,3,2011-01-10 14:57:00,2.1,17406,United Kingdom,6.300000000000001
540647,84378,SET OF 3 HEART COOKIE CUTTERS,12,2011-01-10 14:57:00,1.25,17406,United Kingdom,15.0
540647,84949,SILVER HANGING T-LIGHT HOLDER,6,2011-01-10 14:57:00,1.65,17406,United Kingdom,9.9
540647,82494L,WOODEN FRAME ANTIQUE WHITE ,3,2011-01-10 14:57:00,2.95,17406,United Kingdom,8.850000000000001
540649,22630,DOLLY GIRL LUNCH BOX,64,2011-01-10 14:59:00,1.65,15061,United Kingdom,105.6
540682,21884,CAKES AND BOWS GIFT  TAPE,24,2011-01-10 16:29:00,0.19,16112,United Kingdom,4.5600000000000005
540687,84879,ASSORTED COLOUR BIRD ORNAMENT,16,2011-01-10 17:18:00,1.69,15867,United Kingdom,27.04
540687,85049G,CHOCOLATE BOX RIBBONS ,2,2011-01-10 17:18:00,1.25,15867,United Kingdom,2.5
540691,22879,NUMBER TILE VINTAGE FONT 0,16,2011-01-11 08:50:00,2.17,17450,United Kingdom,34.72
540691,21672,WHITE SPOT RED CERAMIC DRAWER KNOB,12,2011-01-11 08:50:00,1.49,17450,United Kingdom,17.88
540691,21670,BLUE SPOT CERAMIC DRAWER KNOB,12,2011-01-11 08:50:00,1.49,17450,United Kingdom,17.88
540702,85159A,"BLACK TEA,COFFEE,SUGAR JARS",12,2011-01-11 09:58:00,1.25,13491,United Kingdom,15.0
540703,16161P,WRAP ENGLISH ROSE ,25,2011-01-11 09:58:00,0.42,14135,United Kingdom,10.5
540704,21547,CERAMIC BIRDHOUSE CRESTED TIT SMALL,6,2011-01-11 10:04:00,2.95,17742,United Kingdom,17.700000000000003
540704,82486,WOOD S/3 CABINET ANT WHITE FINISH,2,2011-01-11 10:04:00,7.95,17742,United Kingdom,15.9
540770,79302M,"ART LIGHTS,FUNK MONKEY",6,2011-01-11 10:40:00,2.95,13468,United Kingdom,17.700000000000003
540779,21892,TRADITIONAL WOODEN CATCH CUP GAME ,12,2011-01-11 11:18:00,1.25,15346,United Kingdom,15.0
540782,22703,PINK CAT BOWL,6,2011-01-11 11:32:00,2.1,15370,United Kingdom,12.6
540798,21086,SET/6 RED SPOTTY PAPER CUPS,4,2011-01-11 12:11:00,0.65,17365,United Kingdom,2.6
540798,16161U,WRAP SUKI AND FRIENDS,25,2011-01-11 12:11:00,0.42,17365,United Kingdom,10.5
540800,21094,SET/6 RED SPOTTY PAPER PLATES,96,2011-01-11 12:20:00,0.64,13798,United Kingdom,61.44
540801,22082,RIBBON REEL STRIPES DESIGN ,10,2011-01-11 12:25:00,1.65,12540,Spain,16.5
540816,22900, SET 2 TEA TOWELS I LOVE LONDON ,10,2011-01-11 12:55:00,2.95,15518,United Kingdom,29.5
540816,20914,SET/5 RED RETROSPOT LID GLASS BOWLS,6,2011-01-11 12:55:00,2.95,15518,United Kingdom,17.700000000000003
540824,84375,SET OF 20 KIDS COOKIE CUTTERS,12,2011-01-11 13:31:00,2.1,12728,France,25.200000000000003
540827,22057,CERAMIC PLATE STRAWBERRY DESIGN,4,2011-01-11 14:15:00,1.49,17569,United Kingdom,5.96
540838,22917,HERB MARKER ROSEMARY,12,2011-01-11 15:13:00,0.65,13862,United Kingdom,7.800000000000001
540849,21212,PACK OF 72 RETROSPOT CAKE CASES,24,2011-01-12 09:33:00,0.55,14270,United Kingdom,13.2
540851,22215,CAKE STAND WHITE TWO TIER LACE,2,2011-01-12 09:43:00,8.5,12523,France,17.0
540856,21188,3D HEARTS  HONEYCOMB PAPER GARLAND,12,2011-01-12 10:16:00,2.95,16655,United Kingdom,35.400000000000006
540859,22440,BALLOON WATER BOMB PACK OF 35,10,2011-01-12 10:58:00,0.42,17965,United Kingdom,4.2
540859,22971,QUEENS GUARD COFFEE MUG,6,2011-01-12 10:58:00,2.55,17965,United Kingdom,15.3
540906,35004C,SET OF 3 COLOURED  FLYING DUCKS,12,2011-01-12 11:51:00,4.65,16701,United Kingdom,55.8
540907,22625,RED KITCHEN SCALES,2,2011-01-12 11:52:00,8.5,13488,United Kingdom,17.0
540907,22480,RED TEA TOWEL CLASSIC DESIGN,12,2011-01-12 11:52:00,1.25,13488,United Kingdom,15.0
540915,22629,SPACEBOY LUNCH BOX ,12,2011-01-12 12:00:00,1.95,13267,United Kingdom,23.4
540943,15060B,FAIRY CAKE DESIGN UMBRELLA,1,2011-01-12 12:31:00,3.75,17841,United Kingdom,3.75
540947,85169C,EAU DE NIL LOVE BIRD CANDLE,72,2011-01-12 12:43:00,1.06,15939,United Kingdom,76.32000000000001
540953,22333,RETROSPOT PARTY BAG + STICKER SET,1,2011-01-12 13:16:00,1.65,14587,United Kingdom,1.65
540957,82001S,VINYL RECORD FRAME SILVER,24,2011-01-12 13:30:00,3.39,15311,United Kingdom,81.36
540968,84199,GLOW IN DARK DOLPHINS,9,2011-01-12 13:40:00,0.21,17338,United Kingdom,1.89
540968,18098C,PORCELAIN BUTTERFLY OIL BURNER,4,2011-01-12 13:40:00,2.95,17338,United Kingdom,11.8
540968,22768,FAMILY PHOTO FRAME CORNICE,2,2011-01-12 13:40:00,9.95,17338,United Kingdom,19.9
540968,85014A,BLACK/BLUE POLKADOT UMBRELLA,2,2011-01-12 13:40:00,5.95,17338,United Kingdom,11.9
540971,22930,BAKING MOULD HEART MILK CHOCOLATE,6,2011-01-12 14:10:00,2.55,12383,Belgium,15.3
540976,21875,KINGS CHOICE MUG,12,2011-01-12 15:00:00,1.25,12652,France,15.0
540979,22720,SET OF 3 CAKE TINS PANTRY DESIGN ,6,2011-01-12 15:06:00,4.95,15727,United Kingdom,29.700000000000003
540979,23231,WRAP DOILEY DESIGN,25,2011-01-12 15:06:00,0.42,15727,United Kingdom,10.5
540980,22285,HANGING HEN ON NEST DECORATION,12,2011-01-12 15:22:00,1.65,14514,United Kingdom,19.8
540984,21556,CERAMIC STRAWBERRY MONEY BOX,1,2011-01-12 15:44:00,2.55,14167,United Kingdom,2.55
540992,22078,RIBBON REEL LACE DESIGN ,5,2011-01-12 16:57:00,2.1,17364,United Kingdom,10.5
540992,22699,ROSES REGENCY TEACUP AND SAUCER ,1,2011-01-12 16:57:00,2.95,17364,United Kingdom,2.95
540992,84378,SET OF 3 HEART COOKIE CUTTERS,4,2011-01-12 16:57:00,1.25,17364,United Kingdom,5.0
540999,22700,BLACK AND WHITE DOG BOWL,96,2011-01-13 10:08:00,0.85,13694,United Kingdom,81.6
541005,22195,LARGE HEART MEASURING SPOONS,3,2011-01-13 10:39:00,1.65,16161,United Kingdom,4.949999999999999
541005,20969,RED FLORAL FELTCRAFT SHOULDER BAG,2,2011-01-13 10:39:00,3.75,16161,United Kingdom,7.5
541012,79191C,RETRO PLASTIC ELEPHANT TRAY,2,2011-01-13 11:48:00,0.85,17019,United Kingdom,1.7
541012,20971,PINK BLUE FELT CRAFT TRINKET BOX,6,2011-01-13 11:48:00,1.25,17019,United Kingdom,7.5
541013,84792,ENCHANTED BIRD COATHANGER 5 HOOK,24,2011-01-13 11:54:00,3.81,15694,United Kingdom,91.44
541038,84748,FOLK FELT HANGING MULTICOL GARLAND,6,2011-01-13 12:10:00,3.75,16395,United Kingdom,22.5
541086,84997D,PINK 3 PIECE POLKADOT CUTLERY SET,6,2011-01-13 12:32:00,3.75,16503,United Kingdom,22.5
541103,22175,PINK OWL SOFT TOY,6,2011-01-13 14:24:00,2.95,14215,United Kingdom,17.700000000000003
541103,22758,LARGE PURPLE BABUSHKA NOTEBOOK  ,12,2011-01-13 14:24:00,1.25,14215,United Kingdom,15.0
541110,71406C,BLACK ORANGE SQUEEZER,4,2011-01-13 15:11:00,0.42,15916,United Kingdom,1.68
541111,22236,CAKE STAND 3 TIER MAGIC GARDEN,1,2011-01-13 15:13:00,12.75,15687,United Kingdom,12.75
541112,22520,CHILDS GARDEN TROWEL BLUE ,12,2011-01-13 15:17:00,0.85,18085,United Kingdom,10.2
541115,22631,CIRCUS PARADE LUNCH BOX ,12,2011-01-13 15:34:00,1.95,12578,Italy,23.4
541115,22111,SCOTTIE DOG HOT WATER BOTTLE,8,2011-01-13 15:34:00,4.95,12578,Italy,39.6
541115,21485,RETROSPOT HEART HOT WATER BOTTLE,6,2011-01-13 15:34:00,4.95,12578,Italy,29.700000000000003
541120,21915,RED  HARMONICA IN BOX ,12,2011-01-14 09:13:00,1.25,12490,France,15.0
541122,21238,RED RETROSPOT CUP,8,2011-01-14 09:23:00,0.85,12708,Germany,6.8
541123,22761,CHEST 7 DRAWER MA CAMPAGNE,2,2011-01-14 09:52:00,24.95,13385,United Kingdom,49.9
541126,22228,BUNNY WOODEN PAINTED WITH BIRD ,12,2011-01-14 10:10:00,0.85,15626,United Kingdom,10.2
541126,21259,VICTORIAN SEWING BOX SMALL ,2,2011-01-14 10:10:00,5.95,15626,United Kingdom,11.9
541202,21928,JUMBO BAG SCANDINAVIAN PAISLEY,20,2011-01-14 12:09:00,1.95,17581,United Kingdom,39.0
541206,22715,CARD WEDDING DAY,72,2011-01-14 12:24:00,0.36,14646,Netherlands,25.92
541206,21429,RED GINGHAM ROSE JEWELLERY BOX,96,2011-01-14 12:24:00,1.45,14646,Netherlands,139.2
541207,20886,BOX OF 9 PEBBLE CANDLES,6,2011-01-14 12:27:00,1.95,17685,United Kingdom,11.7
541213,22558,CLOTHES PEGS RETROSPOT PACK 24 ,4,2011-01-14 13:28:00,1.49,15033,United Kingdom,5.96
541213,22961,JAM MAKING SET PRINTED,10,2011-01-14 13:28:00,1.45,15033,United Kingdom,14.5
541213,22136,LOVE HEART SOCK HANGER,2,2011-01-14 13:28:00,1.65,15033,United Kingdom,3.3
541213,21974,SET OF 36 PAISLEY FLOWER DOILIES,1,2011-01-14 13:28:00,1.45,15033,United Kingdom,1.45
541214,35004C,SET OF 3 COLOURED  FLYING DUCKS,3,2011-01-14 13:41:00,5.45,15570,United Kingdom,16.35
541214,21485,RETROSPOT HEART HOT WATER BOTTLE,3,2011-01-14 13:41:00,4.95,15570,United Kingdom,14.85
541215,22112,CHOCOLATE HOT WATER BOTTLE,6,2011-01-14 13:42:00,4.95,14329,United Kingdom,29.700000000000003
541218,85180B,PINK HEARTS LIGHT CHAIN ,12,2011-01-14 14:02:00,1.25,16638,United Kingdom,15.0
541239,21584,RETROSPOT SMALL TUBE MATCHES,5,2011-01-16 10:56:00,1.65,16401,United Kingdom,8.25
541241,84884A,ANT WHITE WIRE HEART SPIRAL,4,2011-01-16 11:08:00,3.95,13782,United Kingdom,15.8
541244,21175,GIN + TONIC DIET METAL SIGN,1,2011-01-16 12:35:00,2.1,15535,United Kingdom,2.1
541248,22561,WOODEN SCHOOL COLOURING SET,1,2011-01-16 13:04:00,1.65,12748,United Kingdom,1.65
541250,21519,GIN & TONIC DIET GREETING CARD ,12,2011-01-16 13:19:00,0.42,13700,United Kingdom,5.04
541252,20828,GLITTER BUTTERFLY CLIPS,9,2011-01-16 13:41:00,2.55,13064,United Kingdom,22.95
541253,22961,JAM MAKING SET PRINTED,2,2011-01-16 13:51:00,1.45,17841,United Kingdom,2.9
541253,22726,ALARM CLOCK BAKELIKE GREEN,1,2011-01-16 13:51:00,3.75,17841,United Kingdom,3.75
541253,22960,JAM MAKING SET WITH JARS,1,2011-01-16 13:51:00,4.25,17841,United Kingdom,4.25
541256,21448,12 DAISY PEGS IN WOOD BOX,6,2011-01-16 14:36:00,1.65,13048,United Kingdom,9.9
541256,21383,PACK OF 12 STICKY BUNNIES,20,2011-01-16 14:36:00,0.65,13048,United Kingdom,13.0
541258,82483,WOOD 2 DRAWER CABINET WHITE FINISH,2,2011-01-16 15:30:00,5.95,13634,United Kingdom,11.9
541259,22375,AIRLINE BAG VINTAGE JET SET BROWN,1,2011-01-16 15:38:00,4.25,14404,United Kingdom,4.25
541259,20726,LUNCH BAG WOODLAND,10,2011-01-16 15:38:00,1.65,14404,United Kingdom,16.5
541262,20725,LUNCH BAG RED RETROSPOT,2,2011-01-16 15:50:00,1.65,18069,United Kingdom,3.3
541265,22268,EASTER DECORATION SITTING BUNNY,2,2011-01-16 16:23:00,0.85,17609,United Kingdom,1.7
541266,21985,PACK OF 12 HEARTS DESIGN TISSUES ,12,2011-01-16 16:25:00,0.29,15673,United Kingdom,3.4799999999999995
541269,22352,LUNCH BOX WITH CUTLERY RETROSPOT ,6,2011-01-17 11:01:00,2.55,12626,Germany,15.3
541271,22262,FELT EGG COSY CHICKEN,12,2011-01-17 11:12:00,0.85,12388,Australia,10.2
541275,21232,STRAWBERRY CERAMIC TRINKET BOX,12,2011-01-17 11:28:00,1.25,14176,United Kingdom,15.0
541278,22111,SCOTTIE DOG HOT WATER BOTTLE,6,2011-01-17 11:53:00,4.95,14135,United Kingdom,29.700000000000003
541279,22197,SMALL POPCORN HOLDER,12,2011-01-17 11:55:00,0.85,18223,United Kingdom,10.2
541279,22136,LOVE HEART SOCK HANGER,12,2011-01-17 11:55:00,1.65,18223,United Kingdom,19.8
541280,47469,ASSORTED SHAPES PHOTO CLIP SILVER ,12,2011-01-17 11:57:00,0.65,15296,United Kingdom,7.800000000000001
541280,47480,HANGING PHOTO CLIP ROPE LADDER,12,2011-01-17 11:57:00,1.65,15296,United Kingdom,19.8
541282,22673,FRENCH GARDEN SIGN BLUE METAL,2,2011-01-17 12:31:00,1.25,17690,United Kingdom,2.5
541285,21929,JUMBO BAG PINK VINTAGE PAISLEY,10,2011-01-17 12:45:00,1.95,13001,United Kingdom,19.5
541285,21931,JUMBO STORAGE BAG SUKI,10,2011-01-17 12:45:00,1.95,13001,United Kingdom,19.5
541286,22464,HANGING METAL HEART LANTERN,6,2011-01-17 13:08:00,1.65,13982,United Kingdom,9.9
541293,21244,BLUE POLKADOT PLATE ,1,2011-01-17 13:39:00,1.69,15311,United Kingdom,1.69
541357,22768,FAMILY PHOTO FRAME CORNICE,3,2011-01-17 14:40:00,9.95,14238,United Kingdom,29.85
541362,22077,6 RIBBONS RUSTIC CHARM,12,2011-01-17 14:49:00,1.65,17730,United Kingdom,19.8
541371,22957,SET 3 PAPER VINTAGE CHICK PAPER EGG,4,2011-01-17 14:51:00,2.95,13983,United Kingdom,11.8
541370,84029G,KNITTED UNION FLAG HOT WATER BOTTLE,4,2011-01-17 14:51:00,3.75,18179,United Kingdom,15.0
541400,21340,CLASSIC METAL BIRDCAGE PLANT HOLDER,40,2011-01-17 15:11:00,9.95,13929,United Kingdom,398.0
541408,47590A,BLUE HAPPY BIRTHDAY BUNTING,9,2011-01-17 15:42:00,5.45,15738,United Kingdom,49.05
541408,84997B,RED 3 PIECE RETROSPOT CUTLERY SET,6,2011-01-17 15:42:00,3.75,15738,United Kingdom,22.5
541410,22772,PINK DRAWER KNOB ACRYLIC EDWARDIAN,24,2011-01-17 16:06:00,1.25,13089,United Kingdom,30.0
541410,22963,JAM JAR WITH GREEN LID,12,2011-01-17 16:06:00,0.85,13089,United Kingdom,10.2
541410,21754,HOME BUILDING BLOCK WORD,6,2011-01-17 16:06:00,5.95,13089,United Kingdom,35.7
541414,21034,REX CASH+CARRY JUMBO SHOPPER,1,2011-01-17 16:14:00,0.95,18212,United Kingdom,0.95
541414,21080,SET/20 RED RETROSPOT PAPER NAPKINS ,1,2011-01-17 16:14:00,0.85,18212,United Kingdom,0.85
541417,22281,EASTER TREE YELLOW BIRDS,1,2011-01-17 16:23:00,5.95,16033,United Kingdom,5.95
541417,84992,72 SWEETHEART FAIRY CAKE CASES,4,2011-01-17 16:23:00,0.55,16033,United Kingdom,2.2
541417,35810B,ENAMEL BLUE RIM COFFEE CONTAINER,1,2011-01-17 16:23:00,2.1,16033,United Kingdom,2.1
541417,85054,FRENCH ENAMEL POT W LID,2,2011-01-17 16:23:00,2.95,16033,United Kingdom,5.9
541427,48187,DOORMAT NEW ENGLAND,10,2011-01-18 08:46:00,6.75,17018,United Kingdom,67.5
541430,84380,SET OF 3 BUTTERFLY COOKIE CUTTERS,24,2011-01-18 09:50:00,1.25,12356,Portugal,30.0
541430,22649,STRAWBERRY FAIRY CAKE TEAPOT,24,2011-01-18 09:50:00,4.25,12356,Portugal,102.0
541479,21380,WOODEN HAPPY BIRTHDAY GARLAND,36,2011-01-18 11:54:00,2.95,16422,United Kingdom,106.2
541481,22481,BLACK TEA TOWEL CLASSIC DESIGN,24,2011-01-18 12:09:00,0.42,14696,United Kingdom,10.08
541484,22667,RECIPE BOX RETROSPOT ,2,2011-01-18 12:46:00,2.95,16814,United Kingdom,5.9
541484,22723,SET OF 6 HERB TINS SKETCHBOOK,3,2011-01-18 12:46:00,3.95,16814,United Kingdom,11.85
541485,84536A,ENGLISH ROSE NOTEBOOK A7 SIZE,1,2011-01-18 13:05:00,0.42,18118,United Kingdom,0.42
541485,20658,RED RETROSPOT LUGGAGE TAG,1,2011-01-18 13:05:00,1.25,18118,United Kingdom,1.25
541485,20893,HANGING BAUBLE T-LIGHT HOLDER SMALL,1,2011-01-18 13:05:00,2.55,18118,United Kingdom,2.55
541500,22367,CHILDRENS APRON SPACEBOY DESIGN,6,2011-01-18 15:25:00,1.95,18041,United Kingdom,11.7
541510,85059,FRENCH ENAMEL WATER BASIN,1,2011-01-18 16:39:00,3.75,14428,United Kingdom,3.75
541518,21918,SET 12 KIDS COLOUR  CHALK STICKS,24,2011-01-19 09:05:00,0.42,12451,Switzerland,10.08
541518,21217,RED RETROSPOT ROUND CAKE TINS,3,2011-01-19 09:05:00,9.95,12451,Switzerland,29.85
541520,22503,CABIN BAG VINTAGE PAISLEY,3,2011-01-19 09:13:00,12.75,12422,Australia,38.25
541520,20713,JUMBO BAG OWLS,10,2011-01-19 09:13:00,1.95,12422,Australia,19.5
541521,22819,"BIRTHDAY CARD, RETRO SPOT",12,2011-01-19 09:45:00,0.42,15298,United Kingdom,5.04
541521,22466,FAIRY TALE COTTAGE NIGHTLIGHT,12,2011-01-19 09:45:00,1.95,15298,United Kingdom,23.4
541522,22730,ALARM CLOCK BAKELIKE IVORY,4,2011-01-19 09:54:00,3.75,17419,United Kingdom,15.0
541552,20712,JUMBO BAG WOODLAND ANIMALS,11,2011-01-19 11:15:00,1.95,15039,United Kingdom,21.45
541552,84992,72 SWEETHEART FAIRY CAKE CASES,1,2011-01-19 11:15:00,0.55,15039,United Kingdom,0.55
541564,22431,WATERING CAN BLUE ELEPHANT,2,2011-01-19 11:38:00,1.95,16904,United Kingdom,3.9
541566,22389,PAPERWEIGHT SAVE THE PLANET,24,2011-01-19 11:50:00,0.85,17722,United Kingdom,20.4
541566,22403,MAGNETS PACK OF 4 VINTAGE LABELS ,24,2011-01-19 11:50:00,0.42,17722,United Kingdom,10.08
541567,85014B,RED RETROSPOT UMBRELLA,3,2011-01-19 11:51:00,5.95,12681,France,17.85
541568,22726,ALARM CLOCK BAKELIKE GREEN,4,2011-01-19 12:07:00,3.75,15606,United Kingdom,15.0
541571,84226,HEN HOUSE W FAMILY IN BARN & NEST,2,2011-01-19 12:38:00,0.85,12841,United Kingdom,1.7
541574,84519B,CARROT CHARLIE+LOLA COASTER SET,24,2011-01-19 12:52:00,1.25,12826,United Kingdom,30.0
541575,21668,RED STRIPE CERAMIC DRAWER KNOB,108,2011-01-19 13:21:00,1.06,15311,United Kingdom,114.48
541575,21561,DINOSAUR LUNCH BOX WITH CUTLERY,2,2011-01-19 13:21:00,2.55,15311,United Kingdom,5.1
541590,22976,CIRCUS PARADE CHILDRENS EGG CUP ,12,2011-01-19 14:50:00,1.25,13310,United Kingdom,15.0
541590,84580,MOUSE TOY WITH PINK T-SHIRT,4,2011-01-19 14:50:00,3.75,13310,United Kingdom,15.0
541590,21527,RED RETROSPOT TRADITIONAL TEAPOT ,2,2011-01-19 14:50:00,7.95,13310,United Kingdom,15.9
541596,85184C,S/4 VALENTINE DECOUPAGE HEART BOX,2,2011-01-19 16:18:00,2.95,17602,United Kingdom,5.9
541596,22748,POPPY'S PLAYHOUSE KITCHEN,3,2011-01-19 16:19:00,2.1,17602,United Kingdom,6.300000000000001
541602,22984,CARD GINGHAM ROSE ,12,2011-01-19 17:17:00,0.42,17231,United Kingdom,5.04
541602,21754,HOME BUILDING BLOCK WORD,2,2011-01-19 17:17:00,5.95,17231,United Kingdom,11.9
541604,22435,SET OF 9 HEART SHAPED BALLOONS,5,2011-01-19 17:23:00,1.25,14572,United Kingdom,6.25
541615,22707,WRAP MONSTER FUN ,25,2011-01-20 10:43:00,0.42,16395,United Kingdom,10.5
541615,20971,PINK BLUE FELT CRAFT TRINKET BOX,6,2011-01-20 10:43:00,1.25,16395,United Kingdom,7.5
541631,22355,CHARLOTTE BAG SUKI DESIGN,10,2011-01-20 10:48:00,0.85,12637,France,8.5
541648,18098C,PORCELAIN BUTTERFLY OIL BURNER,1,2011-01-20 11:15:00,2.95,17811,United Kingdom,2.95
541649,22891,TEA FOR ONE POLKADOT,3,2011-01-20 11:39:00,4.25,17418,United Kingdom,12.75
541649,22466,FAIRY TALE COTTAGE NIGHTLIGHT,12,2011-01-20 11:39:00,1.95,17418,United Kingdom,23.4
541659,22457,NATURAL SLATE HEART CHALKBOARD ,6,2011-01-20 12:16:00,2.95,15262,United Kingdom,17.700000000000003
541658,20751,FUNKY WASHING UP GLOVES ASSORTED,4,2011-01-20 12:16:00,2.1,15529,United Kingdom,8.4
541660,21181,PLEASE ONE PERSON METAL SIGN,4,2011-01-20 12:20:00,2.1,17787,United Kingdom,8.4
541660,82551,LAUNDRY 15C METAL SIGN,4,2011-01-20 12:20:00,1.45,17787,United Kingdom,5.8
541671,22904,CALENDAR PAPER CUT DESIGN,6,2011-01-20 13:01:00,2.95,14735,United Kingdom,17.700000000000003
541675,22663,JUMBO BAG DOLLY GIRL DESIGN,10,2011-01-20 13:49:00,1.95,12402,Belgium,19.5
541676,22662,LUNCH BAG DOLLY GIRL DESIGN,10,2011-01-20 14:01:00,1.65,15379,United Kingdom,16.5
541678,20758,ABSTRACT CIRCLES POCKET BOOK,3,2011-01-20 14:13:00,0.85,17771,United Kingdom,2.55
541678,22905,CALENDAR IN SEASON DESIGN,1,2011-01-20 14:13:00,2.95,17771,United Kingdom,2.95
541678,21497,FANCY FONTS BIRTHDAY WRAP,25,2011-01-20 14:13:00,0.42,17771,United Kingdom,10.5
541680,20679,EDWARDIAN PARASOL RED,60,2011-01-20 14:18:00,4.95,14062,United Kingdom,297.0
541680,48138,DOORMAT UNION FLAG,10,2011-01-20 14:18:00,6.75,14062,United Kingdom,67.5
541680,21908,CHOCOLATE THIS WAY METAL SIGN,48,2011-01-20 14:18:00,1.85,14062,United Kingdom,88.80000000000001
541684,21836,GINGHAM OVEN GLOVE RED HEART ,2,2011-01-20 15:22:00,3.75,15498,United Kingdom,7.5
541684,84849B,FAIRY SOAP SOAP HOLDER,12,2011-01-20 15:22:00,1.69,15498,United Kingdom,20.28
541684,79000,MOROCCAN TEA GLASS,12,2011-01-20 15:22:00,0.85,15498,United Kingdom,10.2
541684,22192,BLUE DINER WALL CLOCK,1,2011-01-20 15:22:00,8.5,15498,United Kingdom,8.5
541684,82001S,VINYL RECORD FRAME SILVER,4,2011-01-20 15:22:00,3.75,15498,United Kingdom,15.0
541684,22720,SET OF 3 CAKE TINS PANTRY DESIGN ,4,2011-01-20 15:22:00,4.95,15498,United Kingdom,19.8
541698,21929,JUMBO BAG PINK VINTAGE PAISLEY,2,2011-01-20 19:16:00,1.95,14713,United Kingdom,3.9
541699,47504K,ENGLISH ROSE GARDEN SECATEURS,24,2011-01-21 09:03:00,0.85,17744,United Kingdom,20.4
541700,84509G,SET OF 4 FAIRY CAKE PLACEMATS ,12,2011-01-21 09:06:00,1.25,15174,United Kingdom,15.0
541709,22139,RETROSPOT TEA SET CERAMIC 11 PC ,3,2011-01-21 11:09:00,4.95,17504,United Kingdom,14.85
541709,85150,LADIES & GENTLEMEN METAL SIGN,6,2011-01-21 11:09:00,2.55,17504,United Kingdom,15.3
541711,22714,CARD BIRTHDAY COWBOY,72,2011-01-21 11:18:00,0.36,14646,Netherlands,25.92
541711,22771,CLEAR DRAWER KNOB ACRYLIC EDWARDIAN,12,2011-01-21 11:18:00,1.25,14646,Netherlands,15.0
541711,22957,SET 3 PAPER VINTAGE CHICK PAPER EGG,48,2011-01-21 11:18:00,2.55,14646,Netherlands,122.4
541785,22759,SET OF 3 NOTEBOOKS IN PARCEL,3,2011-01-21 12:40:00,1.65,14779,United Kingdom,4.949999999999999
541789,22766,PHOTO FRAME CORNICE,24,2011-01-21 13:07:00,2.55,14088,United Kingdom,61.2
541792,10135,COLOURING PENCILS BROWN TUBE,10,2011-01-21 13:09:00,1.25,17094,United Kingdom,12.5
541794,20726,LUNCH BAG WOODLAND,2,2011-01-21 13:21:00,1.65,17238,United Kingdom,3.3
541798,85232A,SET/3 POLKADOT STACKING TINS,1,2011-01-21 14:17:00,4.95,15311,United Kingdom,4.95
541814,22900, SET 2 TEA TOWELS I LOVE LONDON ,100,2011-01-21 15:41:00,2.55,17306,United Kingdom,255.0
541816,22768,FAMILY PHOTO FRAME CORNICE,1,2011-01-21 15:56:00,9.95,17799,United Kingdom,9.95
541816,22561,WOODEN SCHOOL COLOURING SET,3,2011-01-21 15:56:00,1.65,17799,United Kingdom,4.949999999999999
541816,22457,NATURAL SLATE HEART CHALKBOARD ,5,2011-01-21 15:56:00,2.95,17799,United Kingdom,14.75
541816,51014A,"FEATHER PEN,HOT PINK",12,2011-01-21 15:56:00,0.85,17799,United Kingdom,10.2
541816,85040B,SET/4 BLUE FLOWER CANDLES IN BOWL,3,2011-01-21 15:57:00,1.65,17799,United Kingdom,4.949999999999999
541836,22839,3 TIER CAKE TIN GREEN AND CREAM,1,2011-01-23 10:29:00,14.95,15465,United Kingdom,14.95
541838,21430,SET/3 RED GINGHAM ROSE STORAGE BOX,1,2011-01-23 10:43:00,3.75,12916,United Kingdom,3.75
541838,22789,T-LIGHT HOLDER SWEETHEART HANGING,4,2011-01-23 10:43:00,1.95,12916,United Kingdom,7.8
541842,84970L,SINGLE HEART ZINC T-LIGHT HOLDER,6,2011-01-23 12:07:00,0.95,16085,United Kingdom,5.699999999999999
541842,85049B,LUSH GREENS RIBBONS,2,2011-01-23 12:07:00,1.25,16085,United Kingdom,2.5
541843,20679,EDWARDIAN PARASOL RED,3,2011-01-23 12:08:00,5.95,13659,United Kingdom,17.85
541843,21644,ASSORTED TUTTI FRUTTI HEART BOX,12,2011-01-23 12:08:00,1.25,13659,United Kingdom,15.0
541843,22720,SET OF 3 CAKE TINS PANTRY DESIGN ,1,2011-01-23 12:08:00,4.95,13659,United Kingdom,4.95
541844,21033,JUMBO BAG CHARLIE AND LOLA TOYS,1,2011-01-23 12:19:00,2.95,16931,United Kingdom,2.95
541846,22083,PAPER CHAIN KIT RETROSPOT,6,2011-01-23 12:43:00,2.95,13050,United Kingdom,17.700000000000003
541846,22720,SET OF 3 CAKE TINS PANTRY DESIGN ,3,2011-01-23 12:43:00,4.95,13050,United Kingdom,14.85
541847,22469,HEART OF WICKER SMALL,3,2011-01-23 13:25:00,1.65,15443,United Kingdom,4.949999999999999
541847,21212,PACK OF 72 RETROSPOT CAKE CASES,6,2011-01-23 13:25:00,0.55,15443,United Kingdom,3.3000000000000003
541848,21485,RETROSPOT HEART HOT WATER BOTTLE,2,2011-01-23 13:31:00,4.95,17611,United Kingdom,9.9
541849,21188,3D HEARTS  HONEYCOMB PAPER GARLAND,1,2011-01-23 13:34:00,2.95,13230,United Kingdom,2.95
541849,22789,T-LIGHT HOLDER SWEETHEART HANGING,2,2011-01-23 13:34:00,1.95,13230,United Kingdom,3.9
541854,47559B,TEA TIME OVEN GLOVE,1,2011-01-23 14:58:00,1.25,18283,United Kingdom,1.25
541855,21900,"KEY FOB , SHED",8,2011-01-23 14:59:00,0.65,13742,United Kingdom,5.2
541855,21730,GLASS STAR FROSTED T-LIGHT HOLDER,1,2011-01-23 14:59:00,4.95,13742,United Kingdom,4.95
541856,21907,I'M ON HOLIDAY METAL SIGN,2,2011-01-23 15:16:00,2.1,17673,United Kingdom,4.2
541857,72799E,IVORY PILLAR CANDLE SILVER FLOCK,6,2011-01-23 15:17:00,2.95,12727,France,17.700000000000003
541859,22377,BOTTLE BAG RETROSPOT ,1,2011-01-23 15:34:00,2.1,14606,United Kingdom,2.1
541860,22782,SET 3 WICKER STORAGE BASKETS ,4,2011-01-23 15:45:00,9.95,13963,United Kingdom,39.8
541864,21932,SCANDINAVIAN PAISLEY PICNIC BAG,50,2011-01-23 16:17:00,2.55,13798,United Kingdom,127.5
541864,48185,DOORMAT FAIRY CAKE,10,2011-01-23 16:17:00,6.75,13798,United Kingdom,67.5
541866,22272,FELTCRAFT DOLL MARIA,6,2011-01-24 09:25:00,2.95,16477,United Kingdom,17.700000000000003
541919,84378,SET OF 3 HEART COOKIE CUTTERS,12,2011-01-24 11:35:00,1.25,14334,United Kingdom,15.0
541932,22957,SET 3 PAPER VINTAGE CHICK PAPER EGG,24,2011-01-24 11:39:00,2.95,14439,Greece,70.80000000000001
541948,21586,KINGS CHOICE GIANT TUBE MATCHES,3,2011-01-24 12:00:00,2.55,15820,United Kingdom,7.649999999999999
541948,21034,REX CASH+CARRY JUMBO SHOPPER,2,2011-01-24 12:00:00,0.95,15820,United Kingdom,1.9
541950,85180B,PINK HEARTS LIGHT CHAIN ,6,2011-01-24 12:13:00,4.65,15498,United Kingdom,27.9
541963,21333,CLASSIC WHITE FRAME,4,2011-01-24 13:06:00,2.95,17799,United Kingdom,11.8
541965,22037,ROBOT BIRTHDAY CARD,12,2011-01-24 13:27:00,0.42,12625,Germany,5.04
541965,21121,SET/10 RED POLKADOT PARTY CANDLES,24,2011-01-24 13:27:00,1.25,12625,Germany,30.0
541970,84077,WORLD WAR 2 GLIDERS ASSTD DESIGNS,288,2011-01-24 13:48:00,0.21,15179,United Kingdom,60.48
541970,20685,DOORMAT RED RETROSPOT,10,2011-01-24 13:48:00,6.75,15179,United Kingdom,67.5
541970,22197,SMALL POPCORN HOLDER,12,2011-01-24 13:48:00,0.85,15179,United Kingdom,10.2
541970,21914,BLUE HARMONICA IN BOX ,12,2011-01-24 13:48:00,1.25,15179,United Kingdom,15.0
541974,21888,BINGO SET,1,2011-01-24 14:16:00,3.75,14541,United Kingdom,3.75
541974,85187,S/12 MINI RABBIT EASTER,3,2011-01-24 14:16:00,1.65,14541,United Kingdom,4.949999999999999
541987,20914,SET/5 RED RETROSPOT LID GLASS BOWLS,2,2011-01-24 16:05:00,2.95,14130,United Kingdom,5.9
541989,47566,PARTY BUNTING,5,2011-01-25 08:21:00,4.65,13615,United Kingdom,23.25
541991,22960,JAM MAKING SET WITH JARS,6,2011-01-25 09:11:00,4.25,12417,Belgium,25.5
541996,22156,HEART DECORATION WITH PEARLS ,12,2011-01-25 10:20:00,0.85,18075,United Kingdom,10.2
542001,62086A,PINK RETRO BIG FLOWER BAG,30,2011-01-25 10:56:00,1.95,14298,United Kingdom,58.5
542001,21200,MULTICOLOUR HONEYCOMB PAPER GARLAND,48,2011-01-25 10:56:00,0.65,14298,United Kingdom,31.200000000000003
542002,22661,CHARLOTTE BAG DOLLY GIRL DESIGN,30,2011-01-25 10:57:00,0.72,14298,United Kingdom,21.6
542003,21558,SKULL LUNCH BOX WITH CUTLERY ,60,2011-01-25 11:07:00,2.1,15311,United Kingdom,126.0
542057,22171,3 HOOK PHOTO SHELF ANTIQUE WHITE,1,2011-01-25 11:57:00,8.5,15967,United Kingdom,8.5
542058,22608,PENS ASSORTED FUNKY JEWELED ,36,2011-01-25 11:59:00,0.21,15601,United Kingdom,7.56
542058,85184C,S/4 VALENTINE DECOUPAGE HEART BOX,24,2011-01-25 11:59:00,1.25,15601,United Kingdom,30.0
542080,22355,CHARLOTTE BAG SUKI DESIGN,10,2011-01-25 12:16:00,0.85,13815,Germany,8.5
542080,21578,WOODLAND DESIGN  COTTON TOTE BAG,6,2011-01-25 12:16:00,2.25,13815,Germany,13.5
542085,22967,SET 3 SONG BIRD PAPER EGGS ASSORTED,3,2011-01-25 12:33:00,2.95,14534,United Kingdom,8.850000000000001
542096,22536,MAGIC DRAWING SLATE PURDEY,1,2011-01-25 12:52:00,0.42,17236,United Kingdom,0.42
542103,21124,SET/10 BLUE POLKADOT PARTY CANDLES,24,2011-01-25 13:26:00,1.25,13198,United Kingdom,30.0
542103,16225,RATTLE SNAKE EGGS,12,2011-01-25 13:26:00,1.25,13198,United Kingdom,15.0
542103,21063,PARTY INVITES JAZZ HEARTS,12,2011-01-25 13:26:00,0.85,13198,United Kingdom,10.2
542102,22655,VINTAGE RED KITCHEN CABINET,2,2011-01-25 13:26:00,125.0,12744,Singapore,250.0
542105,84380,SET OF 3 BUTTERFLY COOKIE CUTTERS,3,2011-01-25 13:35:00,1.25,12854,United Kingdom,3.75
542107,21912,VINTAGE SNAKES & LADDERS,1,2011-01-25 13:38:00,3.75,16222,United Kingdom,3.75
542107,21671,RED SPOT CERAMIC DRAWER KNOB,6,2011-01-25 13:38:00,1.25,16222,United Kingdom,7.5
542107,21668,RED STRIPE CERAMIC DRAWER KNOB,6,2011-01-25 13:38:00,1.25,16222,United Kingdom,7.5
542107,21891,TRADITIONAL WOODEN SKIPPING ROPE,8,2011-01-25 13:38:00,1.25,16222,United Kingdom,10.0
542110,21754,HOME BUILDING BLOCK WORD,3,2011-01-25 13:46:00,5.95,14189,United Kingdom,17.85
542112,84992,72 SWEETHEART FAIRY CAKE CASES,6,2011-01-25 13:55:00,0.55,13168,United Kingdom,3.3000000000000003
542112,22202,MILK PAN PINK POLKADOT,1,2011-01-25 13:55:00,3.75,13168,United Kingdom,3.75
542114,22842,BISCUIT TIN VINTAGE RED,2,2011-01-25 14:00:00,6.75,16943,United Kingdom,13.5
542122,22411,JUMBO SHOPPER VINTAGE RED PAISLEY,10,2011-01-25 14:36:00,1.95,17082,United Kingdom,19.5
542122,20711,JUMBO BAG TOYS ,10,2011-01-25 14:36:00,1.95,17082,United Kingdom,19.5
542147,22139,RETROSPOT TEA SET CERAMIC 11 PC ,9,2011-01-26 10:02:00,4.95,12782,Portugal,44.55
542149,21878,PACK OF 6 SANDCASTLE FLAGS ASSORTED,4,2011-01-26 10:17:00,0.85,17811,United Kingdom,3.4
542151,20750,RED RETROSPOT MINI CASES,2,2011-01-26 10:30:00,7.95,13491,United Kingdom,15.9
542192,22620,4 TRADITIONAL SPINNING TOPS,12,2011-01-26 11:27:00,1.25,14049,United Kingdom,15.0
542192,20975,12 PENCILS SMALL TUBE RED RETROSPOT,6,2011-01-26 11:27:00,0.65,14049,United Kingdom,3.9
542215,22242,5 HOOK HANGER MAGIC TOADSTOOL,12,2011-01-26 12:27:00,1.65,12472,Germany,19.8
542215,21238,RED RETROSPOT CUP,16,2011-01-26 12:27:00,0.85,12472,Germany,13.6
542216,22766,PHOTO FRAME CORNICE,8,2011-01-26 12:29:00,2.95,14911,EIRE,23.6
542221,48187,DOORMAT NEW ENGLAND,2,2011-01-26 12:40:00,7.95,14978,United Kingdom,15.9
542229,22331,WOODLAND PARTY BAG + STICKER SET,8,2011-01-26 13:38:00,1.65,12474,Germany,13.2
542229,84997C,BLUE 3 PIECE POLKADOT CUTLERY SET,6,2011-01-26 13:38:00,3.75,12474,Germany,22.5
542230,22224,WHITE LOVEBIRD LANTERN,6,2011-01-26 13:38:00,2.55,17389,United Kingdom,15.3
542231,23230,WRAP ALPHABET DESIGN,25,2011-01-26 13:40:00,0.42,16714,United Kingdom,10.5
542231,22208,WOOD STAMP SET THANK YOU,4,2011-01-26 13:40:00,1.65,16714,United Kingdom,6.6
542231,22727,ALARM CLOCK BAKELIKE RED ,2,2011-01-26 13:40:00,3.75,16714,United Kingdom,7.5
542236,21927,BLUE/CREAM STRIPE CUSHION COVER ,4,2011-01-26 14:19:00,1.25,17027,United Kingdom,5.0
542238,21524,DOORMAT SPOTTY HOME SWEET HOME,2,2011-01-26 14:35:00,7.95,12591,Italy,15.9
542239,21985,PACK OF 12 HEARTS DESIGN TISSUES ,12,2011-01-26 14:35:00,0.29,17786,United Kingdom,3.4799999999999995
542241,21446,12 RED ROSE PEG PLACE SETTINGS,2,2011-01-26 14:51:00,1.25,16409,United Kingdom,2.5
542243,84520B,PACK 20 ENGLISH ROSE PAPER NAPKINS,4,2011-01-26 15:00:00,0.85,17841,United Kingdom,3.4
542247,17091J,VANILLA INCENSE IN TIN,6,2011-01-26 15:49:00,1.25,12997,United Kingdom,7.5
542265,84378,SET OF 3 HEART COOKIE CUTTERS,2,2011-01-26 17:27:00,1.25,15867,United Kingdom,2.5
542266,22912,YELLOW COAT RACK PARIS FASHION,2,2011-01-26 17:37:00,4.95,16918,United Kingdom,9.9
542269,22469,HEART OF WICKER SMALL,12,2011-01-27 09:33:00,1.65,14442,Channel Islands,19.8
542269,22667,RECIPE BOX RETROSPOT ,6,2011-01-27 09:33:00,2.95,14442,Channel Islands,17.700000000000003
542272,22548,HEADS AND TAILS SPORTING FUN,12,2011-01-27 09:42:00,1.25,16496,United Kingdom,15.0
542275,85099F,JUMBO BAG STRAWBERRY,10,2011-01-27 10:18:00,1.95,13089,United Kingdom,19.5
542276,22904,CALENDAR PAPER CUT DESIGN,6,2011-01-27 10:19:00,2.95,12764,Lebanon,17.700000000000003
542278,22283,6 EGG HOUSE PAINTED WOOD,4,2011-01-27 10:43:00,7.95,14911,EIRE,31.8
542284,22911,PAPER CHAIN KIT LONDON,12,2011-01-27 10:56:00,2.95,17311,United Kingdom,35.400000000000006
542303,85232D,SET/3 DECOUPAGE STACKING TINS,3,2011-01-27 11:05:00,4.95,12539,Spain,14.85
542303,21710,FOLDING UMBRELLA PINKWHITE POLKADOT,4,2011-01-27 11:05:00,4.95,12539,Spain,19.8
542303,21121,SET/10 RED POLKADOT PARTY CANDLES,24,2011-01-27 11:05:00,1.25,12539,Spain,30.0
542303,21881,CUTE CATS TAPE,12,2011-01-27 11:05:00,0.65,12539,Spain,7.800000000000001
542303,21530,DAIRY MAID TOASTRACK,6,2011-01-27 11:05:00,2.95,12539,Spain,17.700000000000003
542354,21931,JUMBO STORAGE BAG SUKI,20,2011-01-27 12:19:00,1.95,14709,United Kingdom,39.0
542354,20711,JUMBO BAG TOYS ,10,2011-01-27 12:19:00,1.95,14709,United Kingdom,19.5
542353,22977,DOLLY GIRL CHILDRENS EGG CUP,12,2011-01-27 12:19:00,1.25,16700,United Kingdom,15.0
542360,22841,ROUND CAKE TIN VINTAGE GREEN,1,2011-01-27 12:40:00,7.95,14701,United Kingdom,7.95
542360,22791,T-LIGHT GLASS FLUTED ANTIQUE,12,2011-01-27 12:40:00,1.25,14701,United Kingdom,15.0
542370,84978,HANGING HEART JAR T-LIGHT HOLDER,12,2011-01-27 13:23:00,1.25,13004,United Kingdom,15.0
542373,22904,CALENDAR PAPER CUT DESIGN,80,2011-01-27 13:38:00,2.55,16767,United Kingdom,204.0
542382,15060B,FAIRY CAKE DESIGN UMBRELLA,4,2011-01-27 14:10:00,3.75,14738,United Kingdom,15.0
542389,22966,GINGERBREAD MAN COOKIE CUTTER,12,2011-01-27 14:46:00,1.25,12868,United Kingdom,15.0
542393,22561,WOODEN SCHOOL COLOURING SET,4,2011-01-27 15:02:00,1.65,18125,United Kingdom,6.6
542393,20982,12 PENCILS TALL TUBE SKULLS,2,2011-01-27 15:02:00,0.85,18125,United Kingdom,1.7
542393,21889,WOODEN BOX OF DOMINOES,1,2011-01-27 15:02:00,1.25,18125,United Kingdom,1.25
542399,48194,DOORMAT HEARTS,3,2011-01-27 15:38:00,7.95,15549,United Kingdom,23.85
542399,22839,3 TIER CAKE TIN GREEN AND CREAM,3,2011-01-27 15:38:00,14.95,15549,United Kingdom,44.85
542401,20898,VINTAGE NOTEBOOK TRAVELOGUE,12,2011-01-27 15:51:00,2.95,14541,United Kingdom,35.400000000000006
542407,22245,"HOOK, 1 HANGER ,MAGIC GARDEN",24,2011-01-27 16:17:00,0.85,15601,United Kingdom,20.4
542409,22502,PICNIC BASKET WICKER SMALL,2,2011-01-27 16:30:00,5.95,15311,United Kingdom,11.9
542420,21975,PACK OF 60 DINOSAUR CAKE CASES,4,2011-01-27 18:05:00,0.55,17180,United Kingdom,2.2
542420,21231,SWEETHEART CERAMIC TRINKET BOX,8,2011-01-27 18:05:00,1.25,17180,United Kingdom,10.0
542423,22974,CHILDRENS DOLLY GIRL MUG,24,2011-01-28 09:09:00,1.65,15057,United Kingdom,39.6
542425,22801,ANTIQUE GLASS PEDESTAL BOWL,4,2011-01-28 09:20:00,3.75,12574,France,15.0
542432,48187,DOORMAT NEW ENGLAND,10,2011-01-28 10:40:00,6.75,13538,United Kingdom,67.5
542432,21524,DOORMAT SPOTTY HOME SWEET HOME,10,2011-01-28 10:40:00,6.75,13538,United Kingdom,67.5
542503,20728,LUNCH BAG CARS BLUE,10,2011-01-28 11:58:00,1.65,16327,United Kingdom,16.5
542520,21527,RED RETROSPOT TRADITIONAL TEAPOT ,1,2011-01-28 12:21:00,7.95,15547,United Kingdom,7.95
542520,82600,NO SINGING METAL SIGN,2,2011-01-28 12:21:00,2.1,15547,United Kingdom,4.2
542526,20718,RED RETROSPOT SHOPPER BAG,10,2011-01-28 12:43:00,1.25,14659,United Kingdom,12.5
542526,84884A,ANT WHITE WIRE HEART SPIRAL,5,2011-01-28 12:43:00,3.95,14659,United Kingdom,19.75
542526,22720,SET OF 3 CAKE TINS PANTRY DESIGN ,4,2011-01-28 12:43:00,4.95,14659,United Kingdom,19.8
542527,84378,SET OF 3 HEART COOKIE CUTTERS,12,2011-01-28 12:48:00,1.25,17188,United Kingdom,15.0
542527,22895,SET OF 2 TEA TOWELS APPLE AND PEARS,6,2011-01-28 12:48:00,2.95,17188,United Kingdom,17.700000000000003
542528,21561,DINOSAUR LUNCH BOX WITH CUTLERY,6,2011-01-28 13:04:00,2.55,13141,United Kingdom,15.3
542530,85123A,WHITE HANGING HEART T-LIGHT HOLDER,6,2011-01-28 13:08:00,2.95,15365,United Kingdom,17.700000000000003
542578,22771,CLEAR DRAWER KNOB ACRYLIC EDWARDIAN,12,2011-01-28 14:57:00,1.25,13709,United Kingdom,15.0
542587,82483,WOOD 2 DRAWER CABINET WHITE FINISH,16,2011-01-28 15:53:00,4.95,14401,United Kingdom,79.2
542595,22021,BLUE FELT EASTER EGG BASKET,2,2011-01-30 10:19:00,1.65,14040,United Kingdom,3.3
542599,22854,CREAM SWEETHEART EGG HOLDER,1,2011-01-30 11:01:00,4.95,17062,United Kingdom,4.95
542600,85204,HANGING WOOD AND FELT FLOWER,4,2011-01-30 11:11:00,0.42,16923,United Kingdom,1.68
542600,85150,LADIES & GENTLEMEN METAL SIGN,12,2011-01-30 11:11:00,2.55,16923,United Kingdom,30.6
542602,21411,GINGHAM HEART  DOORSTOP RED,2,2011-01-30 12:09:00,4.25,15579,United Kingdom,8.5
542608,22470,HEART OF WICKER LARGE,4,2011-01-30 13:51:00,2.95,16770,United Kingdom,11.8
542610,84625A,PINK NEW BAROQUECANDLESTICK CANDLE,2,2011-01-30 14:05:00,2.95,13148,United Kingdom,5.9
542611,37467,PIG MUG IN TWO COLOUR DESIGNS,12,2011-01-30 14:13:00,0.85,15415,United Kingdom,10.2
542612,22659,LUNCH BOX I LOVE LONDON,1,2011-01-30 14:19:00,1.95,17841,United Kingdom,1.95
542613,22859,EASTER TIN BUNNY BOUQUET,6,2011-01-30 14:36:00,1.65,17431,United Kingdom,9.9
542613,21977,PACK OF 60 PINK PAISLEY CAKE CASES,2,2011-01-30 14:36:00,0.55,17431,United Kingdom,1.1
542614,22469,HEART OF WICKER SMALL,12,2011-01-30 14:37:00,1.65,15708,United Kingdom,19.8
542617,22150,3 STRIPEY MICE FELTCRAFT,1,2011-01-30 15:48:00,1.95,17463,United Kingdom,1.95
542617,21495,SKULLS AND CROSSBONES WRAP,25,2011-01-30 15:48:00,0.42,17463,United Kingdom,10.5
542618,22720,SET OF 3 CAKE TINS PANTRY DESIGN ,1,2011-01-30 15:52:00,4.95,14502,United Kingdom,4.95
542619,21385,IVORY HANGING DECORATION  HEART,24,2011-01-30 15:54:00,0.85,13869,United Kingdom,20.4
542619,82583,HOT BATHS METAL SIGN,3,2011-01-30 15:54:00,2.1,13869,United Kingdom,6.300000000000001
542619,22554,PLASTERS IN TIN WOODLAND ANIMALS,4,2011-01-30 15:54:00,1.65,13869,United Kingdom,6.6
542623,21485,RETROSPOT HEART HOT WATER BOTTLE,3,2011-01-31 09:41:00,4.95,17239,United Kingdom,14.85
542632,22961,JAM MAKING SET PRINTED,96,2011-01-31 10:13:00,1.25,13324,United Kingdom,120.0
542634,22988,SOLDIERS EGG CUP ,12,2011-01-31 10:42:00,1.25,15448,United Kingdom,15.0
542634,22971,QUEENS GUARD COFFEE MUG,6,2011-01-31 10:42:00,2.55,15448,United Kingdom,15.3
542646,21467,CHERRY CROCHET FOOD COVER,1,2011-01-31 11:42:00,3.75,17220,United Kingdom,3.75
542647,22526,WHEELBARROW FOR CHILDREN ,1,2011-01-31 11:46:00,12.75,18245,United Kingdom,12.75
542662,21976,PACK OF 60 MUSHROOM CAKE CASES,24,2011-01-31 12:10:00,0.55,18145,United Kingdom,13.2
542662,22329,ROUND CONTAINER SET OF 5 RETROSPOT,12,2011-01-31 12:10:00,1.65,18145,United Kingdom,19.8
542662,20977,36 PENCILS TUBE WOODLAND,16,2011-01-31 12:10:00,1.25,18145,United Kingdom,20.0
542667,21977,PACK OF 60 PINK PAISLEY CAKE CASES,6,2011-01-31 12:16:00,0.55,17068,United Kingdom,3.3000000000000003
542673,22424,ENAMEL BREAD BIN CREAM,1,2011-01-31 12:18:00,12.75,14527,United Kingdom,12.75
542673,22425,ENAMEL COLANDER CREAM,1,2011-01-31 12:18:00,4.95,14527,United Kingdom,4.95
542710,21675,BUTTERFLIES STICKERS,24,2011-01-31 13:17:00,0.85,14776,United Kingdom,20.4
542709,22560,TRADITIONAL MODELLING CLAY,24,2011-01-31 13:17:00,1.25,15144,United Kingdom,30.0
542711,21485,RETROSPOT HEART HOT WATER BOTTLE,1,2011-01-31 13:19:00,4.95,17894,United Kingdom,4.95
542713,21556,CERAMIC STRAWBERRY MONEY BOX,6,2011-01-31 13:27:00,2.55,12668,Germany,15.3
542713,22072,RED RETROSPOT TEA CUP AND SAUCER ,4,2011-01-31 13:27:00,3.75,12668,Germany,15.0
542713,21231,SWEETHEART CERAMIC TRINKET BOX,12,2011-01-31 13:27:00,1.25,12668,Germany,15.0
542727,22647,CERAMIC LOVE HEART MONEY BANK,1,2011-01-31 15:09:00,1.45,17604,United Kingdom,1.45
542727,21165,BEWARE OF THE CAT METAL SIGN ,2,2011-01-31 15:09:00,1.69,17604,United Kingdom,3.38
542731,15039,SANDALWOOD FAN,10,2011-01-31 15:27:00,0.85,13600,United Kingdom,8.5
542731,22470,HEART OF WICKER LARGE,3,2011-01-31 15:27:00,2.95,13600,United Kingdom,8.850000000000001
542733,85099C,JUMBO  BAG BAROQUE BLACK WHITE,1,2011-01-31 15:35:00,1.95,15058,United Kingdom,1.95
542737,21890,S/6 WOODEN SKITTLES IN COTTON BAG,1,2011-01-31 15:52:00,2.95,15058,United Kingdom,2.95
542741,22333,RETROSPOT PARTY BAG + STICKER SET,5,2011-01-31 16:02:00,1.65,17375,United Kingdom,8.25
542777,22132,RED LOVE HEART SHAPE CUP,12,2011-02-01 08:31:00,0.85,14911,EIRE,10.2
542777,85184C,S/4 VALENTINE DECOUPAGE HEART BOX,6,2011-02-01 08:31:00,2.95,14911,EIRE,17.700000000000003
542778,22139,RETROSPOT TEA SET CERAMIC 11 PC ,3,2011-02-01 09:01:00,4.95,14496,United Kingdom,14.85
542778,22113,GREY HEART HOT WATER BOTTLE,4,2011-02-01 09:01:00,3.75,14496,United Kingdom,15.0
542782,22173,METAL 4 HOOK HANGER FRENCH CHATEAU,8,2011-02-01 10:00:00,2.95,12712,Germany,23.6
542785,22149,FELTCRAFT 6 FLOWER FRIENDS,40,2011-02-01 10:14:00,1.85,13881,United Kingdom,74.0
542788,84978,HANGING HEART JAR T-LIGHT HOLDER,36,2011-02-01 10:37:00,1.06,16570,United Kingdom,38.16
542790,22467,GUMBALL COAT RACK,6,2011-02-01 10:38:00,2.55,16612,United Kingdom,15.3
542791,22366,DOORMAT AIRMAIL ,1,2011-02-01 10:47:00,7.95,15039,United Kingdom,7.95
542806,22767,TRIPLE PHOTO FRAME CORNICE ,2,2011-02-01 11:20:00,9.95,12836,United Kingdom,19.9
542836,20832,RED FLOCK LOVE HEART PHOTO FRAME,2,2011-02-01 11:31:00,0.85,16745,United Kingdom,1.7
542859,20724,RED RETROSPOT CHARLOTTE BAG,30,2011-02-01 11:42:00,0.85,13606,United Kingdom,25.5
542862,22364,GLASS JAR DIGESTIVE BISCUITS,1,2011-02-01 11:51:00,2.95,14606,United Kingdom,2.95
542862,20749,ASSORTED COLOUR MINI CASES,1,2011-02-01 11:51:00,7.95,14606,United Kingdom,7.95
542862,15044A,PINK PAPER PARASOL ,1,2011-02-01 11:51:00,2.95,14606,United Kingdom,2.95
542862,21210,SET OF 72 RETROSPOT PAPER  DOILIES,2,2011-02-01 11:51:00,1.45,14606,United Kingdom,2.9
542863,21385,IVORY HANGING DECORATION  HEART,24,2011-02-01 11:58:00,0.85,13494,United Kingdom,20.4
542864,22701,PINK DOG BOWL,24,2011-02-01 12:03:00,0.85,13802,United Kingdom,20.4
542881,22189,CREAM HEART CARD HOLDER,1,2011-02-01 12:54:00,3.95,14587,United Kingdom,3.95
542888,22966,GINGERBREAD MAN COOKIE CUTTER,12,2011-02-01 13:15:00,1.25,15687,United Kingdom,15.0
542890,22089,PAPER BUNTING VINTAGE PAISLEY,4,2011-02-01 13:25:00,2.95,15311,United Kingdom,11.8
542891,22727,ALARM CLOCK BAKELIKE RED ,4,2011-02-01 13:26:00,3.75,16705,United Kingdom,15.0
542893,22969,HOMEMADE JAM SCENTED CANDLES,12,2011-02-01 13:36:00,1.45,18202,United Kingdom,17.4
542895,22895,SET OF 2 TEA TOWELS APPLE AND PEARS,2,2011-02-01 13:47:00,2.95,14549,United Kingdom,5.9
542895,21485,RETROSPOT HEART HOT WATER BOTTLE,3,2011-02-01 13:47:00,4.95,14549,United Kingdom,14.85
542895,22956,36 FOIL HEART CAKE CASES,1,2011-02-01 13:47:00,2.1,14549,United Kingdom,2.1
542898,21974,SET OF 36 PAISLEY FLOWER DOILIES,2,2011-02-01 14:01:00,1.45,16110,United Kingdom,2.9
542898,20996,JAZZ HEARTS ADDRESS BOOK,4,2011-02-01 14:01:00,0.42,16110,United Kingdom,1.68
542898,85061W,WHITE JEWELLED HEART DECORATION,5,2011-02-01 14:01:00,0.85,16110,United Kingdom,4.25
542902,21672,WHITE SPOT RED CERAMIC DRAWER KNOB,12,2011-02-01 14:43:00,1.25,16011,United Kingdom,15.0
542908,21484,CHICK GREY HOT WATER BOTTLE,2,2011-02-01 15:24:00,3.45,13110,United Kingdom,6.9
542908,48184,DOORMAT ENGLISH ROSE ,1,2011-02-01 15:24:00,7.95,13110,United Kingdom,7.95
542922,22966,GINGERBREAD MAN COOKIE CUTTER,12,2011-02-02 09:06:00,1.25,12682,France,15.0
542922,22554,PLASTERS IN TIN WOODLAND ANIMALS,12,2011-02-02 09:06:00,1.65,12682,France,19.8
542922,POST,POSTAGE,2,2011-02-02 09:06:00,18.0,12682,France,36.0
542923,22846,BREAD BIN DINER STYLE RED ,1,2011-02-02 09:08:00,16.95,14665,United Kingdom,16.95
542932,22478,BIRDHOUSE GARDEN MARKER ,10,2011-02-02 10:54:00,1.25,13089,United Kingdom,12.5
542932,82483,WOOD 2 DRAWER CABINET WHITE FINISH,16,2011-02-02 10:54:00,4.95,13089,United Kingdom,79.2
542934,21506,"FANCY FONT BIRTHDAY CARD, ",12,2011-02-02 11:01:00,0.42,13093,United Kingdom,5.04
542995,20685,DOORMAT RED RETROSPOT,2,2011-02-02 12:09:00,7.95,13728,United Kingdom,15.9
542996,22189,CREAM HEART CARD HOLDER,3,2011-02-02 12:10:00,3.95,15046,United Kingdom,11.85
543001,48111,DOORMAT 3 SMILEY CATS,2,2011-02-02 12:26:00,7.95,14127,United Kingdom,15.9
543006,22900, SET 2 TEA TOWELS I LOVE LONDON ,6,2011-02-02 12:53:00,2.95,17975,United Kingdom,17.700000000000003
543011,75049L,LARGE CIRCULAR MIRROR MOBILE,96,2011-02-02 13:25:00,0.85,15270,United Kingdom,81.6
543015,22663,JUMBO BAG DOLLY GIRL DESIGN,20,2011-02-02 13:46:00,1.95,14188,United Kingdom,39.0
543022,22473,TV DINNER TRAY VINTAGE PAISLEY,2,2011-02-02 14:37:00,4.95,16771,United Kingdom,9.9
543022,21985,PACK OF 12 HEARTS DESIGN TISSUES ,12,2011-02-02 14:37:00,0.29,16771,United Kingdom,3.4799999999999995
543022,84709B,PINK OVAL JEWELLED MIRROR,2,2011-02-02 14:37:00,5.95,16771,United Kingdom,11.9
543027,20974,12 PENCILS SMALL TUBE SKULL,24,2011-02-02 14:51:00,0.65,12414,Austria,15.6
543030,22437,SET OF 9 BLACK SKULL BALLOONS,20,2011-02-02 15:22:00,0.85,12437,France,17.0
543031,22178,VICTORIAN GLASS HANGING T-LIGHT,12,2011-02-02 15:26:00,1.25,14798,United Kingdom,15.0
543036,21716,BOYS VINTAGE TIN SEASIDE BUCKET,6,2011-02-02 15:57:00,2.55,17223,United Kingdom,15.3
543038,20979,36 PENCILS TUBE RED RETROSPOT,16,2011-02-02 16:15:00,1.25,14735,United Kingdom,20.0
543040,82578,KITCHEN METAL SIGN,1,2011-02-02 17:06:00,0.55,17337,United Kingdom,0.55
543040,22434,BALLOON PUMP WITH 10 BALLOONS,2,2011-02-02 17:06:00,1.95,17337,United Kingdom,3.9
543040,21498,RED RETROSPOT WRAP ,25,2011-02-02 17:06:00,0.42,17337,United Kingdom,10.5
543040,79190B,RETRO PLASTIC POLKA TRAY,2,2011-02-02 17:06:00,0.42,17337,United Kingdom,0.84
543040,20674,GREEN POLKADOT BOWL,1,2011-02-02 17:06:00,1.25,17337,United Kingdom,1.25
543040,21910,WAY OUT METAL SIGN ,1,2011-02-02 17:06:00,1.65,17337,United Kingdom,1.65
543040,21158,MOODY GIRL DOOR HANGER ,1,2011-02-02 17:06:00,1.45,17337,United Kingdom,1.45
543040,22180,RETROSPOT LAMP,1,2011-02-02 17:06:00,9.95,17337,United Kingdom,9.95
543055,21523,DOORMAT FANCY FONT HOME SWEET HOME,2,2011-02-03 10:41:00,7.95,12502,Spain,15.9
543055,21318,GLASS CHALICE BLUE SMALL ,6,2011-02-03 10:41:00,1.65,12502,Spain,9.9
543056,21232,STRAWBERRY CERAMIC TRINKET BOX,24,2011-02-03 10:47:00,1.25,12471,Germany,30.0
543094,22667,RECIPE BOX RETROSPOT ,1,2011-02-03 11:28:00,2.95,16030,United Kingdom,2.95
543095,21430,SET/3 RED GINGHAM ROSE STORAGE BOX,2,2011-02-03 11:30:00,3.75,16814,United Kingdom,7.5
543096,20719,WOODLAND CHARLOTTE BAG,3,2011-02-03 11:39:00,0.85,14044,United Kingdom,2.55
543108,72821,CUPID SCENTED CANDLE IN GLASS,4,2011-02-03 12:37:00,1.65,14085,United Kingdom,6.6
543111,21428,SET3 BOOK BOX GREEN GINGHAM FLOWER ,1,2011-02-03 12:44:00,4.25,15719,United Kingdom,4.25
543111,22665,RECIPE BOX BLUE SKETCHBOOK DESIGN,2,2011-02-03 12:44:00,2.95,15719,United Kingdom,5.9
543113,22622,BOX OF VINTAGE ALPHABET BLOCKS,2,2011-02-03 13:06:00,9.95,13047,United Kingdom,19.9
543114,22318,FIVE HEART HANGING DECORATION,6,2011-02-03 13:26:00,2.95,14156,EIRE,17.700000000000003
543115,84050,PINK HEART SHAPE EGG FRYING PAN,1,2011-02-03 13:27:00,1.65,14606,United Kingdom,1.65
543124,22752,SET 7 BABUSHKA NESTING BOXES,1,2011-02-03 14:15:00,8.5,15311,United Kingdom,8.5
543125,21754,HOME BUILDING BLOCK WORD,1,2011-02-03 14:41:00,5.95,17214,United Kingdom,5.95
543161,22794,SWEETHEART WIRE MAGAZINE RACK,2,2011-02-03 17:01:00,7.95,14497,United Kingdom,15.9
543161,21984,PACK OF 12 PINK PAISLEY TISSUES ,24,2011-02-03 17:01:00,0.29,14497,United Kingdom,6.959999999999999
543162,21908,CHOCOLATE THIS WAY METAL SIGN,4,2011-02-03 18:08:00,2.1,17507,United Kingdom,8.4
543162,22139,RETROSPOT TEA SET CERAMIC 11 PC ,2,2011-02-03 18:08:00,4.95,17507,United Kingdom,9.9
543165,22804,CANDLEHOLDER PINK HANGING HEART,2,2011-02-03 19:58:00,2.95,13230,United Kingdom,5.9
543173,21485,RETROSPOT HEART HOT WATER BOTTLE,3,2011-02-04 09:30:00,4.95,13871,United Kingdom,14.85
543177,21625,VINTAGE UNION JACK APRON,8,2011-02-04 09:56:00,6.95,14466,United Kingdom,55.6
543179,22541,MINI JIGSAW LEAP FROG,1,2011-02-04 10:32:00,0.42,12754,Japan,0.42
543179,22558,CLOTHES PEGS RETROSPOT PACK 24 ,1,2011-02-04 10:32:00,1.49,12754,Japan,1.49
543181,22194,BLACK DINER WALL CLOCK,2,2011-02-04 10:39:00,8.5,12410,Switzerland,17.0
543188,21086,SET/6 RED SPOTTY PAPER CUPS,12,2011-02-04 11:45:00,0.65,12567,France,7.800000000000001
543193,22617,BAKING SET SPACEBOY DESIGN,3,2011-02-04 12:18:00,4.95,13725,United Kingdom,14.85
543197,22933,BAKING MOULD EASTER EGG MILK CHOC,12,2011-02-04 12:36:00,2.95,12842,United Kingdom,35.400000000000006
543199,22174,PHOTO CUBE,12,2011-02-04 12:40:00,1.65,13102,United Kingdom,19.8
543248,85150,LADIES & GENTLEMEN METAL SIGN,192,2011-02-04 14:25:00,1.69,16029,United Kingdom,324.48
543264,22379,RECYCLING BAG RETROSPOT ,10,2011-02-04 16:34:00,2.1,13069,United Kingdom,21.0
543264,82600,NO SINGING METAL SIGN,5,2011-02-04 16:34:00,2.1,13069,United Kingdom,10.5
543272,22663,JUMBO BAG DOLLY GIRL DESIGN,5,2011-02-06 11:11:00,1.95,14810,United Kingdom,9.75
543272,82494L,WOODEN FRAME ANTIQUE WHITE ,6,2011-02-06 11:11:00,2.95,14810,United Kingdom,17.700000000000003
543273,21907,I'M ON HOLIDAY METAL SIGN,1,2011-02-06 11:29:00,2.1,16456,United Kingdom,2.1
543274,22161,HEART DECORATION RUSTIC HANGING ,2,2011-02-06 12:48:00,0.65,17392,United Kingdom,1.3
543277,22699,ROSES REGENCY TEACUP AND SAUCER ,4,2011-02-06 14:33:00,2.95,15808,United Kingdom,11.8
543277,22728,ALARM CLOCK BAKELIKE PINK,4,2011-02-06 14:33:00,3.75,15808,United Kingdom,15.0
543278,22356,CHARLOTTE BAG PINK POLKADOT,10,2011-02-06 14:43:00,0.85,16745,United Kingdom,8.5
543279,82580,BATHROOM METAL SIGN,6,2011-02-06 14:46:00,0.55,17105,United Kingdom,3.3000000000000003
543280,21928,JUMBO BAG SCANDINAVIAN PAISLEY,10,2011-02-06 14:56:00,1.95,14438,United Kingdom,19.5
543281,21464,DISCO BALL ROTATOR BATTERY OPERATED,1,2011-02-06 15:34:00,4.25,14606,United Kingdom,4.25
543285,22915,ASSORTED BOTTLE TOP  MAGNETS ,24,2011-02-07 09:48:00,0.42,14600,United Kingdom,10.08
543285,22692,DOORMAT WELCOME TO OUR HOME,2,2011-02-07 09:48:00,7.95,14600,United Kingdom,15.9
543292,21380,WOODEN HAPPY BIRTHDAY GARLAND,1,2011-02-07 11:15:00,2.95,14534,United Kingdom,2.95
543293,21908,CHOCOLATE THIS WAY METAL SIGN,12,2011-02-07 11:20:00,2.1,17613,United Kingdom,25.200000000000003
543293,20782,CAMOUFLAGE EAR MUFF HEADPHONES,2,2011-02-07 11:20:00,5.49,17613,United Kingdom,10.98
543294,48194,DOORMAT HEARTS,1,2011-02-07 11:39:00,7.95,17849,United Kingdom,7.95
543300,48129,DOORMAT TOPIARY,2,2011-02-07 11:42:00,7.95,13334,United Kingdom,15.9
543300,21156,RETROSPOT CHILDRENS APRON,5,2011-02-07 11:42:00,1.95,13334,United Kingdom,9.75
543309,22558,CLOTHES PEGS RETROSPOT PACK 24 ,1,2011-02-07 12:05:00,1.49,18118,United Kingdom,1.49
543309,21158,MOODY GIRL DOOR HANGER ,1,2011-02-07 12:05:00,1.45,18118,United Kingdom,1.45
543355,22863,SOAP DISH BROCANTE,1,2011-02-07 13:50:00,2.95,16033,United Kingdom,2.95
543354,35915C,PEACH KNITTED HEN ,12,2011-02-07 13:50:00,1.65,13458,United Kingdom,19.8
543355,22729,ALARM CLOCK BAKELIKE ORANGE,2,2011-02-07 13:50:00,3.75,16033,United Kingdom,7.5
543354,22258,FELT FARM ANIMAL RABBIT,12,2011-02-07 13:50:00,1.25,13458,United Kingdom,15.0
543359,72741,GRAND CHOCOLATECANDLE,9,2011-02-07 14:16:00,1.45,16332,United Kingdom,13.05
543370,22912,YELLOW COAT RACK PARIS FASHION,3,2011-02-07 14:51:00,4.95,12359,Cyprus,14.85
543371,72803A,ROSE SCENT CANDLE JEWELLED DRAWER,1,2011-02-07 14:53:00,4.25,14048,United Kingdom,4.25
543371,21912,VINTAGE SNAKES & LADDERS,2,2011-02-07 14:53:00,3.75,14048,United Kingdom,7.5
543371,20932,PINK POT PLANT CANDLE,1,2011-02-07 14:53:00,3.75,14048,United Kingdom,3.75
543377,84380,SET OF 3 BUTTERFLY COOKIE CUTTERS,12,2011-02-07 15:14:00,1.25,13725,United Kingdom,15.0
543382,22501,PICNIC BASKET WICKER LARGE,1,2011-02-07 16:21:00,9.95,14030,United Kingdom,9.95
543382,21067,VINTAGE RED TEATIME MUG,6,2011-02-07 16:21:00,1.25,14030,United Kingdom,7.5
543387,22714,CARD BIRTHDAY COWBOY,72,2011-02-08 09:41:00,0.36,14646,Netherlands,25.92
543389,20971,PINK BLUE FELT CRAFT TRINKET BOX,1,2011-02-08 09:56:00,1.25,17841,United Kingdom,1.25
543389,22475,SKULL DESIGN TV DINNER TRAY,2,2011-02-08 09:56:00,4.95,17841,United Kingdom,9.9
543392,22666,RECIPE BOX PANTRY YELLOW DESIGN,48,2011-02-08 10:15:00,2.55,16839,United Kingdom,122.4
543392,22915,ASSORTED BOTTLE TOP  MAGNETS ,12,2011-02-08 10:15:00,0.42,16839,United Kingdom,5.04
543397,21914,BLUE HARMONICA IN BOX ,1,2011-02-08 10:32:00,1.25,17859,United Kingdom,1.25
543400,21901,"KEY FOB , BACK DOOR ",2,2011-02-08 11:27:00,0.65,14688,United Kingdom,1.3
543400,21900,"KEY FOB , SHED",2,2011-02-08 11:27:00,0.65,14688,United Kingdom,1.3
543411,21896,POTTING SHED TWINE,6,2011-02-08 11:31:00,2.1,12576,Poland,12.6
543428,21158,MOODY GIRL DOOR HANGER ,6,2011-02-08 11:36:00,1.45,17787,United Kingdom,8.7
543446,22730,ALARM CLOCK BAKELIKE IVORY,8,2011-02-08 12:01:00,3.75,15827,United Kingdom,30.0
543447,22360,GLASS JAR ENGLISH CONFECTIONERY,6,2011-02-08 12:01:00,2.95,16265,United Kingdom,17.700000000000003
543459,21746,SMALL RED RETROSPOT WINDMILL,12,2011-02-08 13:28:00,1.25,12599,France,15.0
543463,21673,WHITE SPOT BLUE CERAMIC DRAWER KNOB,6,2011-02-08 14:06:00,1.25,15311,United Kingdom,7.5
543463,21169,YOU'RE CONFUSING ME METAL SIGN ,3,2011-02-08 14:06:00,1.69,15311,United Kingdom,5.07
543466,21070,VINTAGE BILLBOARD MUG ,12,2011-02-08 14:34:00,1.25,16713,United Kingdom,15.0
543466,22335,HEART DECORATION PAINTED ZINC ,24,2011-02-08 14:34:00,0.65,16713,United Kingdom,15.6
543474,22411,JUMBO SHOPPER VINTAGE RED PAISLEY,2,2011-02-08 15:09:00,1.95,14415,United Kingdom,3.9
543484,POST,POSTAGE,3,2011-02-09 10:11:00,18.0,12721,France,54.0
543492,21926,RED/CREAM STRIPE CUSHION COVER ,12,2011-02-09 10:41:00,1.25,12720,Germany,15.0
543518,22090,PAPER BUNTING RETROSPOT,40,2011-02-09 11:21:00,2.55,12753,Japan,102.0
543519,20677,PINK POLKADOT BOWL,24,2011-02-09 11:38:00,1.25,17083,United Kingdom,30.0
543535,22741,FUNKY DIVA PEN,48,2011-02-09 13:37:00,0.85,17537,United Kingdom,40.8
543541,22645,CERAMIC HEART FAIRY CAKE MONEY BANK,12,2011-02-09 14:44:00,1.45,12462,Spain,17.4
543540,22384,LUNCH BAG PINK POLKADOT,10,2011-02-09 14:44:00,1.65,17412,United Kingdom,16.5
543541,22063,CERAMIC BOWL WITH STRAWBERRY DESIGN,6,2011-02-09 14:44:00,2.95,12462,Spain,17.700000000000003
543542,22822,CREAM WALL PLANTER HEART SHAPED,2,2011-02-09 15:25:00,5.95,16607,United Kingdom,11.9
543543,20981,12 PENCILS TALL TUBE WOODLAND,2,2011-02-09 15:33:00,0.85,17843,United Kingdom,1.7
543543,21638,ASSORTED TUTTI FRUTTI NOTEBOOK,2,2011-02-09 15:33:00,2.1,17843,United Kingdom,4.2
543550,POST,POSTAGE,1,2011-02-10 09:43:00,18.0,12601,Germany,18.0
543555,20728,LUNCH BAG CARS BLUE,10,2011-02-10 10:18:00,1.65,17686,United Kingdom,16.5
543555,22962,JAM JAR WITH PINK LID,12,2011-02-10 10:18:00,0.85,17686,United Kingdom,10.2
543555,21672,WHITE SPOT RED CERAMIC DRAWER KNOB,12,2011-02-10 10:18:00,1.25,17686,United Kingdom,15.0
543555,22849,BREAD BIN DINER STYLE MINT,4,2011-02-10 10:18:00,14.95,17686,United Kingdom,59.8
543590,21559,STRAWBERRY LUNCH BOX WITH CUTLERY,3,2011-02-10 11:44:00,2.55,17377,United Kingdom,7.649999999999999
543592,22311,OFFICE MUG WARMER BLACK+SILVER ,8,2011-02-10 11:57:00,2.95,17243,United Kingdom,23.6
543594,22971,QUEENS GUARD COFFEE MUG,36,2011-02-10 12:15:00,2.1,18093,United Kingdom,75.60000000000001
543594,22584,PACK OF 6 PANNETONE GIFT BOXES,24,2011-02-10 12:15:00,2.55,18093,United Kingdom,61.2
543600,22072,RED RETROSPOT TEA CUP AND SAUCER ,2,2011-02-10 13:19:00,3.75,18168,United Kingdom,7.5
543602,71459,HANGING JAM JAR T-LIGHT HOLDER,12,2011-02-10 13:34:00,0.85,15570,United Kingdom,10.2
543618,85152,HAND OVER THE CHOCOLATE   SIGN ,12,2011-02-10 14:49:00,2.1,13468,United Kingdom,25.200000000000003
543619,71053,WHITE METAL LANTERN,4,2011-02-10 14:51:00,3.75,16842,United Kingdom,15.0
543619,22986,GINGHAM ROSE WRAP,25,2011-02-10 14:51:00,0.42,16842,United Kingdom,10.5
543623,22784,LANTERN CREAM GAZEBO ,16,2011-02-10 15:24:00,4.25,16405,United Kingdom,68.0
543626,21181,PLEASE ONE PERSON METAL SIGN,6,2011-02-10 15:40:00,2.1,15796,United Kingdom,12.6
543626,22963,JAM JAR WITH GREEN LID,6,2011-02-10 15:40:00,0.85,15796,United Kingdom,5.1
543647,22933,BAKING MOULD EASTER EGG MILK CHOC,2,2011-02-10 19:49:00,2.95,12841,United Kingdom,5.9
543648,22251,BIRDHOUSE DECORATION MAGIC GARDEN,12,2011-02-11 08:45:00,1.25,15114,United Kingdom,15.0
543652,21245,GREEN POLKADOT PLATE ,8,2011-02-11 10:15:00,1.69,15544,United Kingdom,13.52
543652,22332,SKULLS PARTY BAG + STICKER SET,8,2011-02-11 10:15:00,1.65,15544,United Kingdom,13.2
543653,85216,ASSORTED CAKES FRIDGE MAGNETS,6,2011-02-11 10:26:00,0.65,14796,United Kingdom,3.9
543653,22474,SPACEBOY TV DINNER TRAY,1,2011-02-11 10:26:00,4.95,14796,United Kingdom,4.95
543653,21907,I'M ON HOLIDAY METAL SIGN,1,2011-02-11 10:26:00,2.1,14796,United Kingdom,2.1
543658,22111,SCOTTIE DOG HOT WATER BOTTLE,3,2011-02-11 10:38:00,4.95,13819,United Kingdom,14.85
543731,20713,JUMBO BAG OWLS,100,2011-02-11 11:57:00,1.65,17677,United Kingdom,165.0
543736,22710,WRAP I LOVE LONDON ,25,2011-02-11 12:36:00,0.42,15044,United Kingdom,10.5
543736,22829,SWEETHEART WIRE WALL TIDY,2,2011-02-11 12:36:00,9.95,15044,United Kingdom,19.9
543740,22620,4 TRADITIONAL SPINNING TOPS,2,2011-02-11 13:36:00,1.25,15311,United Kingdom,2.5
543799,21754,HOME BUILDING BLOCK WORD,8,2011-02-13 11:22:00,5.95,17236,United Kingdom,47.6
543800,82494L,WOODEN FRAME ANTIQUE WHITE ,1,2011-02-13 11:36:00,2.95,17282,United Kingdom,2.95
543802,21317,GLASS SPHERE CANDLE STAND MEDIUM,1,2011-02-13 12:03:00,5.45,13742,United Kingdom,5.45
543802,22464,HANGING METAL HEART LANTERN,1,2011-02-13 12:03:00,1.65,13742,United Kingdom,1.65
543802,85062,PEARL CRYSTAL PUMPKIN T-LIGHT HLDR,6,2011-02-13 12:03:00,1.65,13742,United Kingdom,9.9
543803,22521,CHILDS GARDEN TROWEL PINK,5,2011-02-13 12:05:00,0.85,17126,United Kingdom,4.25
543803,22525,CHILDRENS GARDEN GLOVES PINK,5,2011-02-13 12:05:00,1.25,17126,United Kingdom,6.25
543804,21670,BLUE SPOT CERAMIC DRAWER KNOB,12,2011-02-13 12:17:00,1.25,16434,United Kingdom,15.0
543805,22652,TRAVEL SEWING KIT,6,2011-02-13 12:41:00,1.65,17050,United Kingdom,9.9
543808,21213,PACK OF 72 SKULL CAKE CASES,2,2011-02-13 13:22:00,0.55,17454,United Kingdom,1.1
543809,22927,GREEN GIANT GARDEN THERMOMETER,2,2011-02-13 13:52:00,5.95,17095,United Kingdom,11.9
543809,21466,RED FLOWER CROCHET FOOD COVER,2,2011-02-13 13:52:00,3.75,17095,United Kingdom,7.5
543809,22925,BLUE GIANT GARDEN THERMOMETER,2,2011-02-13 13:52:00,5.95,17095,United Kingdom,11.9
543812,22285,HANGING HEN ON NEST DECORATION,1,2011-02-13 14:40:00,1.65,17472,United Kingdom,1.65
543812,85049E,SCANDINAVIAN REDS RIBBONS,1,2011-02-13 14:40:00,1.25,17472,United Kingdom,1.25
543814,22423,REGENCY CAKESTAND 3 TIER,16,2011-02-13 15:17:00,10.95,15640,United Kingdom,175.2
543815,22488,NATURAL SLATE RECTANGLE CHALKBOARD,3,2011-02-13 15:18:00,1.65,17255,United Kingdom,4.949999999999999
543816,72800E,4 IVORY DINNER CANDLES SILVER FLOCK,2,2011-02-13 15:26:00,2.55,17841,United Kingdom,5.1
543821,22147,FELTCRAFT BUTTERFLY HEARTS,12,2011-02-14 09:24:00,1.45,17667,United Kingdom,17.4
543821,22063,CERAMIC BOWL WITH STRAWBERRY DESIGN,6,2011-02-14 09:24:00,2.95,17667,United Kingdom,17.700000000000003
543828,85099F,JUMBO BAG STRAWBERRY,10,2011-02-14 09:45:00,1.95,14156,EIRE,19.5
543828,22567,20 DOLLY PEGS RETROSPOT,12,2011-02-14 09:45:00,1.25,14156,EIRE,15.0
543852,82494L,WOODEN FRAME ANTIQUE WHITE ,144,2011-02-14 11:57:00,2.55,14258,United Kingdom,367.2
543900,22729,ALARM CLOCK BAKELIKE ORANGE,8,2011-02-14 12:11:00,3.75,12621,Germany,30.0
543901,21257,VICTORIAN SEWING BOX MEDIUM,2,2011-02-14 12:13:00,7.95,17659,United Kingdom,15.9
543910,22197,SMALL POPCORN HOLDER,12,2011-02-14 12:36:00,0.85,13475,United Kingdom,10.2
543913,82583,HOT BATHS METAL SIGN,5,2011-02-14 13:11:00,2.1,17591,United Kingdom,10.5
543915,20718,RED RETROSPOT SHOPPER BAG,10,2011-02-14 13:21:00,1.25,13717,United Kingdom,12.5
543921,85173,SET/6 FROG PRINCE T-LIGHT CANDLES,6,2011-02-14 14:13:00,2.55,13911,United Kingdom,15.3
543935,22041,"RECORD FRAME 7"" SINGLE SIZE ",6,2011-02-14 14:39:00,2.55,12989,United Kingdom,15.3
543973,22319,HAIRCLIPS FORTIES FABRIC ASSORTED,12,2011-02-14 15:15:00,0.65,17571,United Kingdom,7.800000000000001
543978,22272,FELTCRAFT DOLL MARIA,2,2011-02-14 15:37:00,2.95,12867,United Kingdom,5.9
543979,21363,HOME SMALL WOOD LETTERS,1,2011-02-14 15:43:00,4.95,14606,United Kingdom,4.95
543979,22345,PARTY PIZZA DISH BLUE POLKADOT,3,2011-02-14 15:43:00,0.85,14606,United Kingdom,2.55
543981,22781,GUMBALL MAGAZINE RACK,2,2011-02-15 08:18:00,7.65,15358,United Kingdom,15.3
543981,22984,CARD GINGHAM ROSE ,12,2011-02-15 08:18:00,0.42,15358,United Kingdom,5.04
543983,22485,SET OF 2 WOODEN MARKET CRATES,2,2011-02-15 09:20:00,12.75,16979,United Kingdom,25.5
543984,21870,I CAN ONLY PLEASE ONE PERSON MUG,12,2011-02-15 09:35:00,1.25,15601,United Kingdom,15.0
543989,22963,JAM JAR WITH GREEN LID,240,2011-02-15 09:52:00,0.72,12415,Australia,172.79999999999998
543989,21195,PINK  HONEYCOMB PAPER BALL ,48,2011-02-15 09:52:00,1.69,12415,Australia,81.12
543989,20726,LUNCH BAG WOODLAND,100,2011-02-15 09:52:00,1.45,12415,Australia,145.0
543989,21080,SET/20 RED RETROSPOT PAPER NAPKINS ,192,2011-02-15 09:52:00,0.72,12415,Australia,138.24
543989,22382,LUNCH BAG SPACEBOY DESIGN ,100,2011-02-15 09:52:00,1.45,12415,Australia,145.0
543993,22384,LUNCH BAG PINK POLKADOT,10,2011-02-15 10:40:00,1.65,17612,United Kingdom,16.5
543996,22690,DOORMAT HOME SWEET HOME BLUE ,2,2011-02-15 10:46:00,7.95,15811,United Kingdom,15.9
543996,22569,FELTCRAFT CUSHION BUTTERFLY,4,2011-02-15 10:46:00,3.75,15811,United Kingdom,15.0
543997,22906,12 MESSAGE CARDS WITH ENVELOPES,2,2011-02-15 10:49:00,1.65,17348,United Kingdom,3.3
543997,22331,WOODLAND PARTY BAG + STICKER SET,2,2011-02-15 10:49:00,1.65,17348,United Kingdom,3.3
543997,20723,STRAWBERRY CHARLOTTE BAG,1,2011-02-15 10:49:00,0.85,17348,United Kingdom,0.85
544037,21533,RETROSPOT LARGE MILK JUG,3,2011-02-15 11:31:00,4.95,14961,United Kingdom,14.85
544039,48188,DOORMAT WELCOME PUPPIES,20,2011-02-15 11:33:00,6.75,14744,United Kingdom,135.0
544040,22569,FELTCRAFT CUSHION BUTTERFLY,1,2011-02-15 11:40:00,3.75,14701,United Kingdom,3.75
544040,22666,RECIPE BOX PANTRY YELLOW DESIGN,1,2011-02-15 11:40:00,2.95,14701,United Kingdom,2.95
544041,22505,MEMO BOARD COTTAGE DESIGN,4,2011-02-15 11:50:00,4.95,17730,United Kingdom,19.8
544042,21927,BLUE/CREAM STRIPE CUSHION COVER ,1,2011-02-15 11:52:00,1.25,14527,United Kingdom,1.25
544044,22423,REGENCY CAKESTAND 3 TIER,2,2011-02-15 12:05:00,12.75,14659,United Kingdom,25.5
544058,72351B,SET/6 PINK  BUTTERFLY T-LIGHTS,12,2011-02-15 12:56:00,2.1,14176,United Kingdom,25.200000000000003
544062,22276,WASH BAG VINTAGE ROSE PAISLEY,2,2011-02-15 13:19:00,2.55,15311,United Kingdom,5.1
544067,20755,BLUE PAISLEY POCKET BOOK,3,2011-02-15 14:02:00,0.85,16431,United Kingdom,2.55
544068,84520B,PACK 20 ENGLISH ROSE PAPER NAPKINS,4,2011-02-15 14:08:00,0.85,16431,United Kingdom,3.4
544070,22386,JUMBO BAG PINK POLKADOT,20,2011-02-15 14:19:00,1.95,15370,United Kingdom,39.0
544074,22773,GREEN DRAWER KNOB ACRYLIC EDWARDIAN,12,2011-02-15 14:49:00,1.25,14156,EIRE,15.0
544074,84375,SET OF 20 KIDS COOKIE CUTTERS,2,2011-02-15 14:49:00,2.1,14156,EIRE,4.2
544074,22967,SET 3 SONG BIRD PAPER EGGS ASSORTED,2,2011-02-15 14:49:00,2.95,14156,EIRE,5.9
544074,22858,EASTER TIN KEEPSAKE,6,2011-02-15 14:49:00,1.65,14156,EIRE,9.9
544074,51014A,"FEATHER PEN,HOT PINK",12,2011-02-15 14:49:00,0.85,14156,EIRE,10.2
544083,22725,ALARM CLOCK BAKELIKE CHOCOLATE,8,2011-02-15 15:51:00,3.75,15606,United Kingdom,30.0
544087,20846,ZINC HEART LATTICE T-LIGHT HOLDER,5,2011-02-15 17:02:00,1.25,17530,United Kingdom,6.25
544087,20971,PINK BLUE FELT CRAFT TRINKET BOX,4,2011-02-15 17:02:00,1.25,17530,United Kingdom,5.0
544087,84970S,HANGING HEART ZINC T-LIGHT HOLDER,5,2011-02-15 17:02:00,0.85,17530,United Kingdom,4.25
544087,22925,BLUE GIANT GARDEN THERMOMETER,1,2011-02-15 17:02:00,5.95,17530,United Kingdom,5.95
544090,22138,BAKING SET 9 PIECE RETROSPOT ,3,2011-02-16 08:15:00,4.95,13880,United Kingdom,14.85
544094,21239,PINK  POLKADOT CUP,8,2011-02-16 09:11:00,0.85,15810,United Kingdom,6.8
544094,20728,LUNCH BAG CARS BLUE,10,2011-02-16 09:11:00,1.65,15810,United Kingdom,16.5
544094,22379,RECYCLING BAG RETROSPOT ,5,2011-02-16 09:11:00,2.1,15810,United Kingdom,10.5
544097,21194,PINK  HONEYCOMB PAPER FAN,24,2011-02-16 09:56:00,2.1,12455,Cyprus,50.400000000000006
544097,21208,PASTEL COLOUR HONEYCOMB FAN,24,2011-02-16 09:56:00,1.65,12455,Cyprus,39.6
544098,22432,WATERING CAN PINK BUNNY,6,2011-02-16 10:04:00,1.95,16019,United Kingdom,11.7
544098,85049H,URBAN BLACK RIBBONS ,12,2011-02-16 10:04:00,1.25,16019,United Kingdom,15.0
544102,72741,GRAND CHOCOLATECANDLE,9,2011-02-16 10:32:00,1.45,14665,United Kingdom,13.05
544107,21925,UNION STRIPE CUSHION COVER ,12,2011-02-16 10:50:00,1.25,15670,United Kingdom,15.0
544110,21340,CLASSIC METAL BIRDCAGE PLANT HOLDER,1,2011-02-16 11:03:00,12.75,15059,United Kingdom,12.75
544110,22892,SET OF SALT AND PEPPER TOADSTOOLS,4,2011-02-16 11:03:00,1.25,15059,United Kingdom,5.0
544111,22148,EASTER CRAFT 4 CHICKS ,12,2011-02-16 11:18:00,1.95,16126,United Kingdom,23.4
544153,47566,PARTY BUNTING,1,2011-02-16 12:11:00,4.95,15356,United Kingdom,4.95
544156,21756,BATH BUILDING BLOCK WORD,3,2011-02-16 12:33:00,5.95,12352,Norway,17.85
544157,20750,RED RETROSPOT MINI CASES,6,2011-02-16 12:46:00,7.95,12372,Denmark,47.7
544160,22148,EASTER CRAFT 4 CHICKS ,3,2011-02-16 12:49:00,1.95,16494,United Kingdom,5.85
544177,21993,FLORAL FOLK STATIONERY SET,3,2011-02-16 14:27:00,2.95,13001,United Kingdom,8.850000000000001
544181,22595,GINGHAM HEART DECORATION,12,2011-02-16 14:56:00,0.85,17175,United Kingdom,10.2
544190,22585,PACK OF 6 BIRDY GIFT TAGS,12,2011-02-16 16:56:00,1.25,13089,United Kingdom,15.0
544191,84692,BOX OF 24 COCKTAIL PARASOLS,25,2011-02-16 16:57:00,0.42,13089,United Kingdom,10.5
544193,22988,SOLDIERS EGG CUP ,12,2011-02-17 08:23:00,1.25,12431,Belgium,15.0
544193,22329,ROUND CONTAINER SET OF 5 RETROSPOT,12,2011-02-17 08:23:00,1.65,12431,Belgium,19.8
544209,84836,ZINC METAL HEART DECORATION,12,2011-02-17 10:51:00,1.25,16235,United Kingdom,15.0
544211,22621,TRADITIONAL KNITTING NANCY,12,2011-02-17 11:05:00,1.45,13018,United Kingdom,17.4
544278,21212,PACK OF 72 RETROSPOT CAKE CASES,24,2011-02-17 12:01:00,0.55,15382,United Kingdom,13.2
544278,22207,FRYING PAN UNION FLAG,4,2011-02-17 12:01:00,4.25,15382,United Kingdom,17.0
544280,22988,SOLDIERS EGG CUP ,12,2011-02-17 12:21:00,1.25,14754,United Kingdom,15.0
544282,21397,BLUE POLKADOT EGG CUP ,12,2011-02-17 12:24:00,1.25,17865,United Kingdom,15.0
544283,21669,BLUE STRIPE CERAMIC DRAWER KNOB,96,2011-02-17 12:27:00,1.06,13668,United Kingdom,101.76
544286,84792,ENCHANTED BIRD COATHANGER 5 HOOK,1,2011-02-17 12:29:00,4.65,13151,United Kingdom,4.65
544286,22624,IVORY KITCHEN SCALES,1,2011-02-17 12:29:00,8.5,13151,United Kingdom,8.5
544294,22432,WATERING CAN PINK BUNNY,6,2011-02-17 12:42:00,1.95,15601,United Kingdom,11.7
544294,22029,SPACEBOY BIRTHDAY CARD,24,2011-02-17 12:42:00,0.42,15601,United Kingdom,10.08
544294,21672,WHITE SPOT RED CERAMIC DRAWER KNOB,12,2011-02-17 12:42:00,1.25,15601,United Kingdom,15.0
544293,21898,POTTING SHED ROSE CANDLE,2,2011-02-17 12:42:00,2.95,17954,United Kingdom,5.9
544295,21907,I'M ON HOLIDAY METAL SIGN,12,2011-02-17 12:43:00,1.85,14298,United Kingdom,22.200000000000003
544298,22191,IVORY DINER WALL CLOCK,6,2011-02-17 12:51:00,7.65,14298,United Kingdom,45.900000000000006
544301,22545,MINI JIGSAW BUNNIES,25,2011-02-17 12:59:00,0.42,14606,United Kingdom,10.5
544301,21161,KEEP OUT BOYS DOOR HANGER ,2,2011-02-17 12:59:00,1.45,14606,United Kingdom,2.9
544301,22196,SMALL HEART MEASURING SPOONS,1,2011-02-17 12:59:00,0.85,14606,United Kingdom,0.85
544304,23000,TRAVEL CARD WALLET TRANSPORT,2,2011-02-17 13:47:00,0.42,18125,United Kingdom,0.84
544309,21700,BIG DOUGHNUT FRIDGE MAGNETS,12,2011-02-17 14:17:00,0.85,15785,United Kingdom,10.2
544316,22027,TEA PARTY BIRTHDAY CARD,12,2011-02-17 14:49:00,0.42,16556,United Kingdom,5.04
544316,22189,CREAM HEART CARD HOLDER,4,2011-02-17 14:49:00,3.95,16556,United Kingdom,15.8
544319,21507,"ELEPHANT, BIRTHDAY CARD, ",12,2011-02-17 15:03:00,0.42,14379,United Kingdom,5.04
544330,72741,GRAND CHOCOLATECANDLE,4,2011-02-17 16:59:00,1.45,17576,United Kingdom,5.8
544337,84987,SET OF 36 TEATIME PAPER DOILIES,12,2011-02-18 08:34:00,1.45,13425,United Kingdom,17.4
544356,22904,CALENDAR PAPER CUT DESIGN,6,2011-02-18 11:18:00,2.95,13904,United Kingdom,17.700000000000003
544368,20712,JUMBO BAG WOODLAND ANIMALS,2,2011-02-18 11:27:00,1.95,14057,United Kingdom,3.9
544392,21931,JUMBO STORAGE BAG SUKI,100,2011-02-18 11:54:00,1.65,14680,United Kingdom,165.0
544393,22411,JUMBO SHOPPER VINTAGE RED PAISLEY,4,2011-02-18 11:56:00,1.95,16393,United Kingdom,7.8
544395,22980,PANTRY SCRUBBING BRUSH,12,2011-02-18 12:13:00,1.65,13397,United Kingdom,19.8
544405,22825,DECORATIVE PLANT POT WITH FRIEZE,1,2011-02-18 13:10:00,7.95,16814,United Kingdom,7.95
544406,22537,MAGIC DRAWING SLATE DINOSAUR,1,2011-02-18 13:26:00,0.42,16726,United Kingdom,0.42
544406,21683,MEDIUM MEDINA STAMPED METAL BOWL ,2,2011-02-18 13:26:00,2.95,16726,United Kingdom,5.9
544406,22834,HAND WARMER BABUSHKA DESIGN,3,2011-02-18 13:26:00,2.1,16726,United Kingdom,6.300000000000001
544411,20828,GLITTER BUTTERFLY CLIPS,18,2011-02-18 14:18:00,2.55,13799,United Kingdom,45.9
544445,22450,SILK PURSE BABUSHKA BLUE,2,2011-02-20 10:56:00,3.35,16746,United Kingdom,6.7
544445,21949,SET OF 6 STRAWBERRY CHOPSTICKS,6,2011-02-20 10:56:00,1.25,16746,United Kingdom,7.5
544447,22265,EASTER DECORATION NATURAL CHICK,4,2011-02-20 11:39:00,0.65,16466,United Kingdom,2.6
544448,22139,RETROSPOT TEA SET CERAMIC 11 PC ,4,2011-02-20 12:01:00,4.95,14878,United Kingdom,19.8
544448,22511,RETROSPOT BABUSHKA DOORSTOP,1,2011-02-20 12:01:00,3.75,14878,United Kingdom,3.75
544449,22666,RECIPE BOX PANTRY YELLOW DESIGN,2,2011-02-20 12:14:00,2.95,16115,United Kingdom,5.9
544450,48138,DOORMAT UNION FLAG,4,2011-02-20 12:23:00,7.95,17811,United Kingdom,31.8
544450,22278,OVERNIGHT BAG VINTAGE ROSE PAISLEY,3,2011-02-20 12:23:00,4.95,17811,United Kingdom,14.85
544450,22521,CHILDS GARDEN TROWEL PINK,15,2011-02-20 12:23:00,0.85,17811,United Kingdom,12.75
544452,85144,JARDIN ETCHED GLASS CHEESE DISH,2,2011-02-20 12:32:00,7.25,14162,United Kingdom,14.5
544454,22776,SWEETHEART CAKESTAND 3 TIER,1,2011-02-20 13:13:00,9.95,13301,United Kingdom,9.95
544455,21657,MILK BOTTLE WITH GLASS STOPPER ,1,2011-02-20 13:18:00,6.95,13097,United Kingdom,6.95
544455,47566,PARTY BUNTING,5,2011-02-20 13:18:00,4.95,13097,United Kingdom,24.75
544460,22271,FELTCRAFT DOLL ROSIE,1,2011-02-20 14:01:00,2.95,16931,United Kingdom,2.95
544460,22147,FELTCRAFT BUTTERFLY HEARTS,3,2011-02-20 14:01:00,1.45,16931,United Kingdom,4.35
544460,22176,BLUE OWL SOFT TOY,1,2011-02-20 14:01:00,2.95,16931,United Kingdom,2.95
544460,21875,KINGS CHOICE MUG,3,2011-02-20 14:01:00,1.25,16931,United Kingdom,3.75
544460,85146,JARDIN ETCHED GLASS SMALL BELL JAR,1,2011-02-20 14:01:00,5.95,16931,United Kingdom,5.95
544460,22631,CIRCUS PARADE LUNCH BOX ,1,2011-02-20 14:01:00,1.95,16931,United Kingdom,1.95
544462,84380,SET OF 3 BUTTERFLY COOKIE CUTTERS,2,2011-02-20 14:21:00,1.25,17050,United Kingdom,2.5
544462,22625,RED KITCHEN SCALES,1,2011-02-20 14:21:00,8.5,17050,United Kingdom,8.5
544462,22963,JAM JAR WITH GREEN LID,2,2011-02-20 14:21:00,0.85,17050,United Kingdom,1.7
544463,21181,PLEASE ONE PERSON METAL SIGN,1,2011-02-20 14:31:00,2.1,12988,United Kingdom,2.1
544463,90000B,MIDNIGHT BLUE COPPER FLOWER NECKLAC,1,2011-02-20 14:31:00,5.95,12988,United Kingdom,5.95
544467,22980,PANTRY SCRUBBING BRUSH,1,2011-02-20 15:51:00,1.65,14502,United Kingdom,1.65
544479,21672,WHITE SPOT RED CERAMIC DRAWER KNOB,96,2011-02-21 10:28:00,1.06,14646,Netherlands,101.76
544479,22366,DOORMAT AIRMAIL ,20,2011-02-21 10:28:00,6.75,14646,Netherlands,135.0
544479,21208,PASTEL COLOUR HONEYCOMB FAN,48,2011-02-21 10:28:00,1.45,14646,Netherlands,69.6
544495,84520B,PACK 20 ENGLISH ROSE PAPER NAPKINS,12,2011-02-21 11:42:00,0.85,12766,Portugal,10.2
544556,84077,WORLD WAR 2 GLIDERS ASSTD DESIGNS,48,2011-02-21 12:29:00,0.29,13477,United Kingdom,13.919999999999998
544565,62096A,PINK/YELLOW FLOWERS HANDBAG,6,2011-02-21 12:53:00,1.25,18055,United Kingdom,7.5
544568,22964,3 PIECE SPACEBOY COOKIE CUTTER SET,6,2011-02-21 12:54:00,2.1,15065,United Kingdom,12.6
544568,23233,WRAP POPPIES  DESIGN,25,2011-02-21 12:54:00,0.42,15065,United Kingdom,10.5
544569,22358,KINGS CHOICE TEA CADDY ,2,2011-02-21 12:58:00,2.95,16980,United Kingdom,5.9
544569,48184,DOORMAT ENGLISH ROSE ,2,2011-02-21 12:58:00,7.95,16980,United Kingdom,15.9
544571,22084,PAPER CHAIN KIT EMPIRE,6,2011-02-21 13:07:00,2.95,15146,United Kingdom,17.700000000000003
544572,22849,BREAD BIN DINER STYLE MINT,1,2011-02-21 13:21:00,16.95,14639,United Kingdom,16.95
544572,22425,ENAMEL COLANDER CREAM,3,2011-02-21 13:21:00,4.95,14639,United Kingdom,14.85
544582,79321,CHILLI LIGHTS,8,2011-02-21 14:38:00,5.75,13410,United Kingdom,46.0
544582,22860,EASTER TIN CHICKS PINK DAISY,24,2011-02-21 14:38:00,1.65,13410,United Kingdom,39.6
544586,22748,POPPY'S PLAYHOUSE KITCHEN,4,2011-02-21 15:04:00,2.1,17338,United Kingdom,8.4
544586,84406B,CREAM CUPID HEARTS COAT HANGER,6,2011-02-21 15:04:00,4.15,17338,United Kingdom,24.9
544586,22629,SPACEBOY LUNCH BOX ,3,2011-02-21 15:04:00,1.95,17338,United Kingdom,5.85
544586,22111,SCOTTIE DOG HOT WATER BOTTLE,2,2011-02-21 15:04:00,4.95,17338,United Kingdom,9.9
544601,22435,SET OF 9 HEART SHAPED BALLOONS,12,2011-02-22 09:00:00,1.25,16638,United Kingdom,15.0
544603,22236,CAKE STAND 3 TIER MAGIC GARDEN,24,2011-02-22 09:10:00,10.95,17526,United Kingdom,262.79999999999995
544634,22934,BAKING MOULD EASTER EGG WHITE CHOC,2,2011-02-22 11:02:00,2.95,17994,United Kingdom,5.9
544637,22248,DECORATION  PINK CHICK MAGIC GARDEN,16,2011-02-22 11:20:00,0.85,16546,United Kingdom,13.6
544646,21930,JUMBO STORAGE BAG SKULLS,2,2011-02-22 12:06:00,1.95,17075,United Kingdom,3.9
544647,22920,HERB MARKER BASIL,20,2011-02-22 12:13:00,0.65,14060,United Kingdom,13.0
544651,22173,METAL 4 HOOK HANGER FRENCH CHATEAU,32,2011-02-22 12:51:00,2.55,13694,United Kingdom,81.6
544657,21876,POTTERING MUG,12,2011-02-22 13:08:00,1.25,14895,United Kingdom,15.0
544657,22570,FELTCRAFT CUSHION RABBIT,4,2011-02-22 13:08:00,3.75,14895,United Kingdom,15.0
544657,21169,YOU'RE CONFUSING ME METAL SIGN ,12,2011-02-22 13:08:00,1.69,14895,United Kingdom,20.28
544659,22349,DOG BOWL CHASING BALL DESIGN,1,2011-02-22 13:20:00,3.75,18114,United Kingdom,3.75
544659,21906,PHARMACIE FIRST AID TIN,2,2011-02-22 13:20:00,6.75,18114,United Kingdom,13.5
544659,21618,4 WILDFLOWER BOTANICAL CANDLES,3,2011-02-22 13:20:00,3.75,18114,United Kingdom,11.25
544661,22382,LUNCH BAG SPACEBOY DESIGN ,10,2011-02-22 13:59:00,1.65,15303,United Kingdom,16.5
544663,21621,VINTAGE UNION JACK BUNTING,6,2011-02-22 14:43:00,8.5,18188,United Kingdom,51.0
544664,21232,STRAWBERRY CERAMIC TRINKET BOX,12,2011-02-22 14:55:00,1.25,16045,United Kingdom,15.0
544667,22270,HAPPY EASTER HANGING DECORATION,48,2011-02-22 15:10:00,3.39,17511,United Kingdom,162.72
544670,22636,CHILDS BREAKFAST SET CIRCUS PARADE,2,2011-02-22 15:22:00,8.5,16161,United Kingdom,17.0
544670,22228,BUNNY WOODEN PAINTED WITH BIRD ,3,2011-02-22 15:22:00,0.85,16161,United Kingdom,2.55
544672,22356,CHARLOTTE BAG PINK POLKADOT,100,2011-02-22 15:45:00,0.72,14646,Netherlands,72.0
544673,21428,SET3 BOOK BOX GREEN GINGHAM FLOWER ,1,2011-02-22 15:46:00,4.25,13421,United Kingdom,4.25
544677,84741C,CITRUS GARLAND FELT FLOWERS ,2,2011-02-22 16:13:00,1.95,18196,United Kingdom,3.9
544685,23232,WRAP VINTAGE PETALS  DESIGN,25,2011-02-22 17:13:00,0.42,13285,United Kingdom,10.5
544688,15056N,EDWARDIAN PARASOL NATURAL,4,2011-02-23 08:29:00,5.95,18151,United Kingdom,23.8
544689,84078A,SET/4 WHITE RETRO STORAGE CUBES ,6,2011-02-23 08:46:00,34.95,12980,United Kingdom,209.7
544691,22948,METAL DECORATION NAUGHTY CHILDREN ,24,2011-02-23 09:09:00,0.85,13804,United Kingdom,20.4
544691,22924,FRIDGE MAGNETS LA VIE EN ROSE,12,2011-02-23 09:09:00,0.85,13804,United Kingdom,10.2
544691,21210,SET OF 72 RETROSPOT PAPER  DOILIES,12,2011-02-23 09:09:00,1.45,13804,United Kingdom,17.4
544692,85014A,BLACK/BLUE POLKADOT UMBRELLA,3,2011-02-23 09:14:00,5.95,17499,United Kingdom,17.85
544697,35637A,IVORY STRING CURTAIN WITH POLE ,4,2011-02-23 09:44:00,5.95,13453,United Kingdom,23.8
544698,22197,SMALL POPCORN HOLDER,360,2011-02-23 09:53:00,0.72,17949,United Kingdom,259.2
544700,21914,BLUE HARMONICA IN BOX ,12,2011-02-23 10:10:00,1.25,18041,United Kingdom,15.0
544702,21975,PACK OF 60 DINOSAUR CAKE CASES,24,2011-02-23 10:27:00,0.55,17135,United Kingdom,13.2
544717,22514,CHILDS GARDEN SPADE BLUE,6,2011-02-23 10:44:00,2.1,18172,United Kingdom,12.6
544778,22507,MEMO BOARD RETROSPOT  DESIGN,1,2011-02-23 12:03:00,4.95,14978,United Kingdom,4.95
544789,22457,NATURAL SLATE HEART CHALKBOARD ,6,2011-02-23 12:25:00,2.95,13993,United Kingdom,17.700000000000003
544790,22753,SMALL YELLOW BABUSHKA NOTEBOOK ,6,2011-02-23 12:27:00,0.85,16940,United Kingdom,5.1
544790,21063,PARTY INVITES JAZZ HEARTS,2,2011-02-23 12:27:00,0.85,16940,United Kingdom,1.7
544792,21621,VINTAGE UNION JACK BUNTING,24,2011-02-23 12:37:00,8.5,18172,United Kingdom,204.0
544795,21506,"FANCY FONT BIRTHDAY CARD, ",36,2011-02-23 13:21:00,0.42,15858,United Kingdom,15.12
544796,21916,SET 12 RETRO WHITE CHALK STICKS,12,2011-02-23 13:37:00,0.42,16208,United Kingdom,5.04
544796,71459,HANGING JAM JAR T-LIGHT HOLDER,12,2011-02-23 13:37:00,0.85,16208,United Kingdom,10.2
544801,22860,EASTER TIN CHICKS PINK DAISY,6,2011-02-23 13:48:00,1.65,16145,United Kingdom,9.9
544802,21718,RED METAL BEACH SPADE ,12,2011-02-23 13:57:00,1.25,13149,United Kingdom,15.0
544802,22763,KEY CABINET MA CAMPAGNE,2,2011-02-23 13:57:00,9.95,13149,United Kingdom,19.9
544806,22441,GROW YOUR OWN BASIL IN ENAMEL MUG,8,2011-02-23 14:50:00,2.1,15932,United Kingdom,16.8
544806,35961,FOLKART ZINC HEART CHRISTMAS DEC,12,2011-02-23 14:50:00,0.85,15932,United Kingdom,10.2
544808,85169A,IVORY LOVE BIRD CANDLE,5,2011-02-23 15:11:00,1.25,14562,United Kingdom,6.25
544811,22720,SET OF 3 CAKE TINS PANTRY DESIGN ,6,2011-02-23 15:53:00,4.95,12471,Germany,29.700000000000003
544811,22741,FUNKY DIVA PEN,48,2011-02-23 15:53:00,0.85,12471,Germany,40.8
544813,22274,FELTCRAFT DOLL EMILY,1,2011-02-23 16:23:00,2.95,15984,United Kingdom,2.95
544824,22978,PANTRY ROLLING PIN,6,2011-02-24 09:32:00,3.75,17139,United Kingdom,22.5
544824,22842,BISCUIT TIN VINTAGE RED,2,2011-02-24 09:32:00,6.75,17139,United Kingdom,13.5
544824,22607,WOODEN ROUNDERS GARDEN SET ,2,2011-02-24 09:32:00,9.95,17139,United Kingdom,19.9
544833,21745,GAOLERS KEYS DECORATIVE GARDEN ,4,2011-02-24 10:10:00,3.75,15974,United Kingdom,15.0
544833,15056N,EDWARDIAN PARASOL NATURAL,3,2011-02-24 10:10:00,5.95,15974,United Kingdom,17.85
544837,20914,SET/5 RED RETROSPOT LID GLASS BOWLS,3,2011-02-24 10:29:00,2.95,15910,United Kingdom,8.850000000000001
544837,22309,TEA COSY RED  STRIPE,1,2011-02-24 10:29:00,2.55,15910,United Kingdom,2.55
544839,22078,RIBBON REEL LACE DESIGN ,10,2011-02-24 10:50:00,2.1,14841,United Kingdom,21.0
544887,21060,PARTY INVITES BALLOON GIRL,4,2011-02-24 11:54:00,0.85,17364,United Kingdom,3.4
544887,90100,NECKLACE+BRACELET SET PINK DAISY,1,2011-02-24 11:54:00,2.55,17364,United Kingdom,2.55
544888,22669,RED BABY BUNTING ,5,2011-02-24 11:55:00,2.95,14231,United Kingdom,14.75
544892,22072,RED RETROSPOT TEA CUP AND SAUCER ,4,2011-02-24 12:00:00,3.75,14527,United Kingdom,15.0
544893,72741,GRAND CHOCOLATECANDLE,18,2011-02-24 12:01:00,1.45,17865,United Kingdom,26.1
544895,22427,ENAMEL FLOWER JUG CREAM,3,2011-02-24 12:22:00,5.95,14189,United Kingdom,17.85
544900,47566,PARTY BUNTING,4,2011-02-24 12:41:00,4.95,15121,United Kingdom,19.8
544900,22978,PANTRY ROLLING PIN,6,2011-02-24 12:41:00,3.75,15121,United Kingdom,22.5
544903,22872,NUMBER TILE COTTAGE GARDEN 4,8,2011-02-24 13:43:00,1.95,18065,United Kingdom,15.6
544906,84375,SET OF 20 KIDS COOKIE CUTTERS,12,2011-02-24 14:13:00,2.1,17017,United Kingdom,25.200000000000003
544907,22189,CREAM HEART CARD HOLDER,4,2011-02-24 14:15:00,3.95,12945,United Kingdom,15.8
544907,22585,PACK OF 6 BIRDY GIFT TAGS,12,2011-02-24 14:15:00,1.25,12945,United Kingdom,15.0
544909,21876,POTTERING MUG,36,2011-02-24 14:32:00,0.42,14298,United Kingdom,15.12
544909,22222,CAKE PLATE LOVEBIRD WHITE,24,2011-02-24 14:32:00,1.95,14298,United Kingdom,46.8
544911,75049L,LARGE CIRCULAR MIRROR MOBILE,18,2011-02-24 15:01:00,1.25,16838,United Kingdom,22.5
544911,22800,ANTIQUE TALL SWIRLGLASS TRINKET POT,4,2011-02-24 15:01:00,3.75,16838,United Kingdom,15.0
544916,22352,LUNCH BOX WITH CUTLERY RETROSPOT ,2,2011-02-24 15:42:00,2.55,17377,United Kingdom,5.1
544917,85136A,YELLOW SHARK HELICOPTER,1,2011-02-24 15:56:00,7.95,13751,United Kingdom,7.95
544917,85099B,JUMBO BAG RED RETROSPOT,100,2011-02-24 15:56:00,1.65,13751,United Kingdom,165.0
544918,22029,SPACEBOY BIRTHDAY CARD,12,2011-02-24 16:30:00,0.42,13081,United Kingdom,5.04
544920,22699,ROSES REGENCY TEACUP AND SAUCER ,12,2011-02-24 16:31:00,2.95,13081,United Kingdom,35.400000000000006
544920,22843,BISCUIT TIN VINTAGE GREEN,2,2011-02-24 16:31:00,6.75,13081,United Kingdom,13.5
544920,22841,ROUND CAKE TIN VINTAGE GREEN,2,2011-02-24 16:31:00,7.95,13081,United Kingdom,15.9
544930,21385,IVORY HANGING DECORATION  HEART,2,2011-02-24 18:26:00,0.85,17472,United Kingdom,1.7
544930,47599A,PINK PARTY BAGS,1,2011-02-24 18:26:00,2.1,17472,United Kingdom,2.1
544930,22667,RECIPE BOX RETROSPOT ,2,2011-02-24 18:26:00,2.95,17472,United Kingdom,5.9
544931,84991,60 TEATIME FAIRY CAKE CASES,24,2011-02-24 18:59:00,0.55,13501,Switzerland,13.2
544931,84459B,YELLOW METAL CHICKEN HEART ,12,2011-02-24 18:59:00,1.49,13501,Switzerland,17.88
544937,22064,PINK DOUGHNUT TRINKET POT ,12,2011-02-25 10:09:00,1.65,12839,United Kingdom,19.8
544937,21931,JUMBO STORAGE BAG SUKI,10,2011-02-25 10:09:00,1.95,12839,United Kingdom,19.5
544942,21156,RETROSPOT CHILDRENS APRON,8,2011-02-25 10:29:00,1.95,15544,United Kingdom,15.6
544943,47566B,TEA TIME PARTY BUNTING,8,2011-02-25 10:39:00,4.95,15845,United Kingdom,39.6
544944,21527,RED RETROSPOT TRADITIONAL TEAPOT ,2,2011-02-25 10:46:00,7.95,14541,United Kingdom,15.9
544945,22328,ROUND SNACK BOXES SET OF 4 FRUITS ,6,2011-02-25 10:53:00,2.95,17735,United Kingdom,17.700000000000003
544970,84592,CROCHET ROSE PURSE WITH SUEDE BACK,6,2011-02-25 11:33:00,2.95,13362,United Kingdom,17.700000000000003
544998,21430,SET/3 RED GINGHAM ROSE STORAGE BOX,2,2011-02-25 11:56:00,3.75,14470,United Kingdom,7.5
544998,21913,VINTAGE SEASIDE JIGSAW PUZZLES,1,2011-02-25 11:56:00,3.75,14470,United Kingdom,3.75
545004,22585,PACK OF 6 BIRDY GIFT TAGS,12,2011-02-25 12:48:00,1.25,13753,United Kingdom,15.0
545014,22414,DOORMAT NEIGHBOURHOOD WITCH ,2,2011-02-25 13:15:00,7.95,18223,United Kingdom,15.9
545014,85152,HAND OVER THE CHOCOLATE   SIGN ,12,2011-02-25 13:15:00,2.1,18223,United Kingdom,25.200000000000003
545014,22963,JAM JAR WITH GREEN LID,12,2011-02-25 13:15:00,0.85,18223,United Kingdom,10.2
545015,22969,HOMEMADE JAM SCENTED CANDLES,12,2011-02-25 13:40:00,1.45,13742,United Kingdom,17.4
545016,22792,FLUTED ANTIQUE CANDLE HOLDER,12,2011-02-25 13:51:00,0.85,16473,United Kingdom,10.2
545016,22986,GINGHAM ROSE WRAP,25,2011-02-25 13:51:00,0.42,16473,United Kingdom,10.5
545019,21519,GIN & TONIC DIET GREETING CARD ,24,2011-02-25 13:56:00,0.42,15093,United Kingdom,10.08
545020,22697,GREEN REGENCY TEACUP AND SAUCER,6,2011-02-25 14:03:00,2.95,13792,United Kingdom,17.700000000000003
545035,22379,RECYCLING BAG RETROSPOT ,10,2011-02-25 17:03:00,2.1,15078,United Kingdom,21.0
545036,84050,PINK HEART SHAPE EGG FRYING PAN,1,2011-02-25 17:25:00,1.65,14573,United Kingdom,1.65
545038,72799F,IVORY PILLAR CANDLE GOLD FLOCK,2,2011-02-27 10:13:00,2.95,13684,United Kingdom,5.9
545038,82599,FANNY'S REST STOPMETAL SIGN,1,2011-02-27 10:13:00,2.1,13684,United Kingdom,2.1
545038,21903,MAN FLU METAL SIGN,1,2011-02-27 10:13:00,2.1,13684,United Kingdom,2.1
545042,22969,HOMEMADE JAM SCENTED CANDLES,48,2011-02-27 10:41:00,1.45,13261,United Kingdom,69.6
545045,22469,HEART OF WICKER SMALL,12,2011-02-27 11:40:00,1.65,15708,United Kingdom,19.8
545045,72122,COFFEE SCENT PILLAR CANDLE,1,2011-02-27 11:40:00,0.95,15708,United Kingdom,0.95
545045,85175,CACTI T-LIGHT CANDLES,32,2011-02-27 11:40:00,0.42,15708,United Kingdom,13.44
545052,20969,RED FLORAL FELTCRAFT SHOULDER BAG,4,2011-02-27 12:27:00,3.75,13971,United Kingdom,15.0
545053,22189,CREAM HEART CARD HOLDER,3,2011-02-27 12:41:00,3.95,17516,United Kingdom,11.85
545053,22650,CERAMIC PIRATE CHEST MONEY BANK,1,2011-02-27 12:41:00,1.45,17516,United Kingdom,1.45
545053,22248,DECORATION  PINK CHICK MAGIC GARDEN,1,2011-02-27 12:41:00,0.85,17516,United Kingdom,0.85
545053,22646,CERAMIC STRAWBERRY CAKE MONEY BANK,8,2011-02-27 12:41:00,1.45,17516,United Kingdom,11.6
545053,85099B,JUMBO BAG RED RETROSPOT,6,2011-02-27 12:41:00,1.95,17516,United Kingdom,11.7
545054,85123A,WHITE HANGING HEART T-LIGHT HOLDER,2,2011-02-27 12:41:00,2.95,14472,United Kingdom,5.9
545056,20914,SET/5 RED RETROSPOT LID GLASS BOWLS,2,2011-02-27 12:48:00,2.95,16745,United Kingdom,5.9
545059,22716,CARD CIRCUS PARADE,12,2011-02-27 13:04:00,0.42,14157,United Kingdom,5.04
545060,21506,"FANCY FONT BIRTHDAY CARD, ",12,2011-02-27 13:47:00,0.42,15547,United Kingdom,5.04
545060,22027,TEA PARTY BIRTHDAY CARD,12,2011-02-27 13:47:00,0.42,15547,United Kingdom,5.04
545062,21868,POTTING SHED TEA MUG,2,2011-02-27 14:07:00,1.25,12748,United Kingdom,2.5
545071,22705,WRAP GREEN PEARS ,25,2011-02-27 15:59:00,0.42,15996,United Kingdom,10.5
545071,85035A,GARDENIA 3 WICK MORRIS BOXED CANDLE,2,2011-02-27 15:59:00,4.25,15996,United Kingdom,8.5
545073,21907,I'M ON HOLIDAY METAL SIGN,12,2011-02-28 09:26:00,2.1,14036,United Kingdom,25.200000000000003
545073,20712,JUMBO BAG WOODLAND ANIMALS,10,2011-02-28 09:26:00,1.95,14036,United Kingdom,19.5
545079,22757,LARGE RED BABUSHKA NOTEBOOK ,2,2011-02-28 10:30:00,1.25,18283,United Kingdom,2.5
545080,21481,FAWN BLUE HOT WATER BOTTLE,6,2011-02-28 10:33:00,2.95,13004,United Kingdom,17.700000000000003
545081,22667,RECIPE BOX RETROSPOT ,6,2011-02-28 10:35:00,2.95,16057,United Kingdom,17.700000000000003
545081,22838,3 TIER CAKE TIN RED AND CREAM,1,2011-02-28 10:35:00,14.95,16057,United Kingdom,14.95
545085,21232,STRAWBERRY CERAMIC TRINKET BOX,4,2011-02-28 11:19:00,1.25,15039,United Kingdom,5.0
545085,22720,SET OF 3 CAKE TINS PANTRY DESIGN ,1,2011-02-28 11:19:00,4.95,15039,United Kingdom,4.95
545105,22303,COFFEE MUG APPLES DESIGN,6,2011-02-28 11:58:00,2.55,12598,France,15.3
545105,22367,CHILDRENS APRON SPACEBOY DESIGN,8,2011-02-28 11:58:00,1.95,12598,France,15.6
545148,47566B,TEA TIME PARTY BUNTING,4,2011-02-28 12:14:00,4.95,13675,United Kingdom,19.8
545148,22807,SET OF 6 T-LIGHTS TOADSTOOLS,6,2011-02-28 12:14:00,2.95,13675,United Kingdom,17.700000000000003
545150,22170,PICTURE FRAME WOOD TRIPLE PORTRAIT,4,2011-02-28 12:27:00,6.75,14227,United Kingdom,27.0
545153,22649,STRAWBERRY FAIRY CAKE TEAPOT,1,2011-02-28 12:57:00,4.95,16667,United Kingdom,4.95
545157,84991,60 TEATIME FAIRY CAKE CASES,24,2011-02-28 13:27:00,0.55,14239,United Kingdom,13.2
545158,22655,VINTAGE RED KITCHEN CABINET,1,2011-02-28 13:28:00,125.0,15874,United Kingdom,125.0
545162,21314,SMALL GLASS HEART TRINKET POT,8,2011-02-28 13:35:00,2.1,16187,United Kingdom,16.8
545163,84569A,PACK 3 IRON ON DOG PATCHES,12,2011-02-28 13:39:00,1.25,16607,United Kingdom,15.0
545164,85099B,JUMBO BAG RED RETROSPOT,10,2011-02-28 13:40:00,1.95,16458,United Kingdom,19.5
545166,21135,VICTORIAN  METAL POSTCARD SPRING,8,2011-02-28 14:03:00,1.69,17027,United Kingdom,13.52
545180,22781,GUMBALL MAGAZINE RACK,2,2011-02-28 14:42:00,7.65,12728,France,15.3
545188,22951,60 CAKE CASES DOLLY GIRL DESIGN,3,2011-02-28 15:19:00,0.55,14056,United Kingdom,1.65
545188,22998,TRAVEL CARD WALLET KEEP CALM,2,2011-02-28 15:19:00,0.42,14056,United Kingdom,0.84
545213,22147,FELTCRAFT BUTTERFLY HEARTS,12,2011-02-28 16:36:00,1.45,16518,United Kingdom,17.4
545226,47590A,BLUE HAPPY BIRTHDAY BUNTING,3,2011-03-01 09:33:00,5.45,12428,Finland,16.35
545226,85014B,RED RETROSPOT UMBRELLA,6,2011-03-01 09:33:00,5.95,12428,Finland,35.7
545226,22871,NUMBER TILE COTTAGE GARDEN 3 ,8,2011-03-01 09:33:00,1.95,12428,Finland,15.6
545227,22759,SET OF 3 NOTEBOOKS IN PARCEL,12,2011-03-01 09:35:00,1.65,12428,Finland,19.8
545227,84531B,BLUE KNITTED EGG COSY,6,2011-03-01 09:35:00,1.95,12428,Finland,11.7
545232,84741C,CITRUS GARLAND FELT FLOWERS ,6,2011-03-01 10:19:00,1.95,15676,United Kingdom,11.7
545232,22652,TRAVEL SEWING KIT,10,2011-03-01 10:19:00,1.65,15676,United Kingdom,16.5
545232,21621,VINTAGE UNION JACK BUNTING,2,2011-03-01 10:19:00,8.5,15676,United Kingdom,17.0
545234,84978,HANGING HEART JAR T-LIGHT HOLDER,12,2011-03-01 10:26:00,1.25,18075,United Kingdom,15.0
545276,21171,BATHROOM METAL SIGN ,3,2011-03-01 11:30:00,1.45,12933,United Kingdom,4.35
545279,21239,PINK  POLKADOT CUP,16,2011-03-01 11:36:00,0.85,17811,United Kingdom,13.6
545288,85071D,CHARLIE+LOLA MY ROOM DOOR SIGN,3,2011-03-01 11:48:00,2.55,15311,United Kingdom,7.649999999999999
545289,23004,TRAVEL CARD WALLET PANTRY,24,2011-03-01 11:55:00,0.42,14732,United Kingdom,10.08
545294,22967,SET 3 SONG BIRD PAPER EGGS ASSORTED,3,2011-03-01 12:07:00,2.95,17965,United Kingdom,8.850000000000001
545295,22625,RED KITCHEN SCALES,20,2011-03-01 12:09:00,7.65,12709,Germany,153.0
545301,21561,DINOSAUR LUNCH BOX WITH CUTLERY,6,2011-03-01 12:26:00,2.55,12679,France,15.3
545301,21249,WOODLAND  HEIGHT CHART STICKERS ,6,2011-03-01 12:26:00,2.95,12679,France,17.700000000000003
545303,22282,12 EGG HOUSE PAINTED WOOD,2,2011-03-01 12:48:00,12.75,15319,United Kingdom,25.5
545303,16156S,WRAP PINK FAIRY CAKES ,25,2011-03-01 12:48:00,0.42,15319,United Kingdom,10.5
545304,21217,RED RETROSPOT ROUND CAKE TINS,1,2011-03-01 12:51:00,9.95,16212,United Kingdom,9.95
545304,22607,WOODEN ROUNDERS GARDEN SET ,2,2011-03-01 12:51:00,9.95,16212,United Kingdom,19.9
545305,21080,SET/20 RED RETROSPOT PAPER NAPKINS ,12,2011-03-01 12:58:00,0.85,15257,United Kingdom,10.2
545321,85062,PEARL CRYSTAL PUMPKIN T-LIGHT HLDR,12,2011-03-01 14:53:00,1.65,12747,United Kingdom,19.8
545324,20685,DOORMAT RED RETROSPOT,1,2011-03-01 14:58:00,7.95,13110,United Kingdom,7.95
545337,20764,ABSTRACT CIRCLES SKETCHBOOK ,1,2011-03-01 17:28:00,3.75,15984,United Kingdom,3.75
545338,22295,HEART FILIGREE DOVE LARGE,2,2011-03-01 17:32:00,1.65,17449,United Kingdom,3.3
545338,85062,PEARL CRYSTAL PUMPKIN T-LIGHT HLDR,4,2011-03-01 17:32:00,1.65,17449,United Kingdom,6.6
545338,84836,ZINC METAL HEART DECORATION,2,2011-03-01 17:32:00,1.25,17449,United Kingdom,2.5
545340,47570B,TEA TIME TABLE CLOTH,2,2011-03-02 08:41:00,10.65,15416,United Kingdom,21.3
545340,84755,COLOUR GLASS T-LIGHT HOLDER HANGING,16,2011-03-02 08:41:00,0.65,15416,United Kingdom,10.4
545343,22697,GREEN REGENCY TEACUP AND SAUCER,6,2011-03-02 09:05:00,2.95,15733,United Kingdom,17.700000000000003
545346,22904,CALENDAR PAPER CUT DESIGN,6,2011-03-02 09:49:00,2.95,12834,United Kingdom,17.700000000000003
545377,85059,FRENCH ENAMEL WATER BASIN,1,2011-03-02 11:32:00,3.75,14606,United Kingdom,3.75
545377,21165,BEWARE OF THE CAT METAL SIGN ,1,2011-03-02 11:32:00,1.69,14606,United Kingdom,1.69
545398,47566B,TEA TIME PARTY BUNTING,12,2011-03-02 11:43:00,4.95,13722,United Kingdom,59.400000000000006
545408,23194,GYMKHANNA TREASURE BOOK BOX,8,2011-03-02 12:10:00,2.25,15067,United Kingdom,18.0
545408,22720,SET OF 3 CAKE TINS PANTRY DESIGN ,24,2011-03-02 12:10:00,4.25,15067,United Kingdom,102.0
545408,21217,RED RETROSPOT ROUND CAKE TINS,6,2011-03-02 12:10:00,9.95,15067,United Kingdom,59.7
545410,20717,STRAWBERRY SHOPPER BAG,10,2011-03-02 12:18:00,1.25,16670,United Kingdom,12.5
545410,71053,WHITE METAL LANTERN,4,2011-03-02 12:18:00,3.75,16670,United Kingdom,15.0
545428,22840,ROUND CAKE TIN VINTAGE RED,4,2011-03-02 14:43:00,7.95,14239,United Kingdom,31.8
545429,22794,SWEETHEART WIRE MAGAZINE RACK,1,2011-03-02 14:46:00,7.95,15031,United Kingdom,7.95
545435,22863,SOAP DISH BROCANTE,8,2011-03-02 15:28:00,2.95,16217,United Kingdom,23.6
545445,22670,FRENCH WC SIGN BLUE METAL,12,2011-03-02 16:26:00,1.25,17738,United Kingdom,15.0
545447,20969,RED FLORAL FELTCRAFT SHOULDER BAG,4,2011-03-02 16:34:00,3.75,17426,United Kingdom,15.0
545460,84792,ENCHANTED BIRD COATHANGER 5 HOOK,1,2011-03-02 17:33:00,4.65,13230,United Kingdom,4.65
545460,22996,TRAVEL CARD WALLET VINTAGE TICKET,2,2011-03-02 17:33:00,0.42,13230,United Kingdom,0.84
545460,23000,TRAVEL CARD WALLET TRANSPORT,2,2011-03-02 17:33:00,0.42,13230,United Kingdom,0.84
545461,22304,COFFEE MUG BLUE PAISLEY DESIGN,12,2011-03-03 08:24:00,2.55,14388,United Kingdom,30.6
545468,20992,JAZZ HEARTS PURSE NOTEBOOK,12,2011-03-03 09:41:00,0.85,16571,United Kingdom,10.2
545469,21682,LARGE MEDINA STAMPED METAL BOWL ,4,2011-03-03 10:09:00,4.95,17646,United Kingdom,19.8
545475,22556,PLASTERS IN TIN CIRCUS PARADE ,192,2011-03-03 10:59:00,1.45,12415,Australia,278.4
545475,21915,RED  HARMONICA IN BOX ,240,2011-03-03 10:59:00,1.06,12415,Australia,254.4
545530,22256,FELT FARM ANIMAL CHICKEN,12,2011-03-03 13:45:00,1.25,17416,United Kingdom,15.0
545530,21925,UNION STRIPE CUSHION COVER ,12,2011-03-03 13:45:00,1.25,17416,United Kingdom,15.0
545530,20686,DOLLY MIXTURE CHILDREN'S UMBRELLA,6,2011-03-03 13:45:00,3.25,17416,United Kingdom,19.5
545530,16045,POPART WOODEN PENCILS ASST,100,2011-03-03 13:45:00,0.12,17416,United Kingdom,12.0
545530,22274,FELTCRAFT DOLL EMILY,6,2011-03-03 13:45:00,2.95,17416,United Kingdom,17.700000000000003
545530,22554,PLASTERS IN TIN WOODLAND ANIMALS,12,2011-03-03 13:45:00,1.65,17416,United Kingdom,19.8
545543,22960,JAM MAKING SET WITH JARS,6,2011-03-03 14:43:00,4.25,13476,United Kingdom,25.5
545545,20996,JAZZ HEARTS ADDRESS BOOK,2,2011-03-03 15:02:00,0.42,17841,United Kingdom,0.84
545545,22726,ALARM CLOCK BAKELIKE GREEN,2,2011-03-03 15:02:00,3.75,17841,United Kingdom,7.5
545545,22595,GINGHAM HEART DECORATION,2,2011-03-03 15:02:00,0.85,17841,United Kingdom,1.7
545555,21621,VINTAGE UNION JACK BUNTING,3,2011-03-03 15:17:00,8.5,17757,United Kingdom,25.5
545559,21929,JUMBO BAG PINK VINTAGE PAISLEY,2,2011-03-03 15:31:00,1.95,15005,United Kingdom,3.9
545559,47591D,PINK FAIRY CAKE CHILDRENS APRON,4,2011-03-03 15:31:00,1.95,15005,United Kingdom,7.8
545571,21428,SET3 BOOK BOX GREEN GINGHAM FLOWER ,4,2011-03-03 16:34:00,4.25,17700,United Kingdom,17.0
545577,85049E,SCANDINAVIAN REDS RIBBONS,2,2011-03-03 19:18:00,1.25,14702,United Kingdom,2.5
545582,22367,CHILDRENS APRON SPACEBOY DESIGN,50,2011-03-04 09:05:00,1.65,13694,United Kingdom,82.5
545582,21210,SET OF 72 RETROSPOT PAPER  DOILIES,96,2011-03-04 09:05:00,1.25,13694,United Kingdom,120.0
545582,20676,RED RETROSPOT BOWL,72,2011-03-04 09:05:00,1.06,13694,United Kingdom,76.32000000000001
545587,21166,COOK WITH WINE METAL SIGN ,2,2011-03-04 09:46:00,2.08,14796,United Kingdom,4.16
545589,84755,COLOUR GLASS T-LIGHT HOLDER HANGING,16,2011-03-04 10:21:00,0.65,17001,United Kingdom,10.4
545590,22620,4 TRADITIONAL SPINNING TOPS,12,2011-03-04 10:24:00,1.25,15220,United Kingdom,15.0
545592,22993,SET OF 4 PANTRY JELLY MOULDS,12,2011-03-04 10:30:00,1.25,17581,United Kingdom,15.0
545601,22722,SET OF 6 SPICE TINS PANTRY DESIGN,4,2011-03-04 11:49:00,3.95,15827,United Kingdom,15.8
545630,22667,RECIPE BOX RETROSPOT ,6,2011-03-04 12:06:00,2.95,14466,United Kingdom,17.700000000000003
545634,85053,FRENCH ENAMEL CANDLEHOLDER,6,2011-03-04 12:12:00,2.1,14911,EIRE,12.6
545635,23179,CLOCK MAGNET MUM'S KITCHEN,6,2011-03-04 12:14:00,2.89,13557,United Kingdom,17.34
545636,22854,CREAM SWEETHEART EGG HOLDER,4,2011-03-04 12:15:00,4.95,16449,United Kingdom,19.8
545638,22723,SET OF 6 HERB TINS SKETCHBOOK,1,2011-03-04 12:26:00,3.95,13113,United Kingdom,3.95
545649,22267,EASTER DECORATION EGG BUNNY ,2,2011-03-04 13:14:00,1.25,14995,United Kingdom,2.5
545653,22088,PAPER BUNTING COLOURED LACE,2,2011-03-04 13:39:00,2.95,15311,United Kingdom,5.9
545658,21222,SET/4 BADGES BEETLES,15,2011-03-04 14:13:00,1.25,14670,United Kingdom,18.75
545661,22196,SMALL HEART MEASURING SPOONS,12,2011-03-04 14:41:00,0.85,15358,United Kingdom,10.2
545661,22436,12 COLOURED PARTY BALLOONS,20,2011-03-04 14:41:00,0.65,15358,United Kingdom,13.0
545664,21624,VINTAGE UNION JACK DOORSTOP,3,2011-03-04 15:15:00,5.95,12584,Italy,17.85
545669,22835,HOT WATER BOTTLE I AM SO POORLY,2,2011-03-06 10:05:00,4.65,17243,United Kingdom,9.3
545669,21613,S/12 VANILLA  BOTANICAL T-LIGHTS,12,2011-03-06 10:05:00,2.95,17243,United Kingdom,35.400000000000006
545676,21918,SET 12 KIDS COLOUR  CHALK STICKS,24,2011-03-06 10:26:00,0.42,15034,United Kingdom,10.08
545681,22625,RED KITCHEN SCALES,1,2011-03-06 11:28:00,8.5,16923,United Kingdom,8.5
545683,22776,SWEETHEART CAKESTAND 3 TIER,2,2011-03-06 11:50:00,9.95,14903,United Kingdom,19.9
545683,22168,ORGANISER WOOD ANTIQUE WHITE ,2,2011-03-06 11:50:00,8.5,14903,United Kingdom,17.0
545683,22558,CLOTHES PEGS RETROSPOT PACK 24 ,2,2011-03-06 11:50:00,1.49,14903,United Kingdom,2.98
545685,85203,HANGING WOOD AND FELT BUTTERFLY ,3,2011-03-06 11:55:00,0.42,14499,United Kingdom,1.26
545687,22905,CALENDAR IN SEASON DESIGN,4,2011-03-06 12:20:00,2.95,17769,United Kingdom,11.8
545688,22470,HEART OF WICKER LARGE,3,2011-03-06 12:42:00,2.95,16033,United Kingdom,8.850000000000001
545688,22192,BLUE DINER WALL CLOCK,1,2011-03-06 12:42:00,8.5,16033,United Kingdom,8.5
545688,48111,DOORMAT 3 SMILEY CATS,3,2011-03-06 12:42:00,7.95,16033,United Kingdom,23.85
545690,15056N,EDWARDIAN PARASOL NATURAL,1,2011-03-06 12:46:00,5.95,13263,United Kingdom,5.95
545690,84375,SET OF 20 KIDS COOKIE CUTTERS,1,2011-03-06 12:46:00,2.1,13263,United Kingdom,2.1
545690,22364,GLASS JAR DIGESTIVE BISCUITS,1,2011-03-06 12:46:00,2.95,13263,United Kingdom,2.95
545696,82494L,WOODEN FRAME ANTIQUE WHITE ,4,2011-03-06 14:21:00,2.95,15696,United Kingdom,11.8
545697,82482,WOODEN PICTURE FRAME WHITE FINISH,1,2011-03-06 14:38:00,2.55,14504,United Kingdom,2.55
545697,22720,SET OF 3 CAKE TINS PANTRY DESIGN ,1,2011-03-06 14:38:00,4.95,14504,United Kingdom,4.95
545701,47566,PARTY BUNTING,6,2011-03-06 15:17:00,4.95,17107,United Kingdom,29.700000000000003
545702,22219,LOVEBIRD HANGING DECORATION WHITE ,2,2011-03-06 15:21:00,0.85,14247,United Kingdom,1.7
545704,21106,CREAM SLICE FLANNEL CHOCOLATE SPOT ,6,2011-03-07 08:30:00,2.95,16638,United Kingdom,17.700000000000003
545706,82482,WOODEN PICTURE FRAME WHITE FINISH,6,2011-03-07 09:10:00,2.55,12712,Germany,15.3
545711,72760B,VINTAGE CREAM 3 BASKET CAKE STAND,2,2011-03-07 09:52:00,9.95,16136,United Kingdom,19.9
545719,22918,HERB MARKER PARSLEY,12,2011-03-07 10:28:00,0.65,13344,United Kingdom,7.800000000000001
545719,22828,REGENCY MIRROR WITH SHUTTERS,2,2011-03-07 10:28:00,145.0,13344,United Kingdom,290.0
545721,22771,CLEAR DRAWER KNOB ACRYLIC EDWARDIAN,12,2011-03-07 10:52:00,1.25,15039,United Kingdom,15.0
545721,22067,CHOC TRUFFLE GOLD TRINKET POT ,4,2011-03-07 10:52:00,1.65,15039,United Kingdom,6.6
545721,21931,JUMBO STORAGE BAG SUKI,10,2011-03-07 10:52:00,1.95,15039,United Kingdom,19.5
545748,22417,PACK OF 60 SPACEBOY CAKE CASES,120,2011-03-07 11:52:00,0.42,17381,United Kingdom,50.4
545797,21034,REX CASH+CARRY JUMBO SHOPPER,3,2011-03-07 12:17:00,0.95,16225,United Kingdom,2.85
545797,82552,WASHROOM METAL SIGN,3,2011-03-07 12:17:00,1.45,16225,United Kingdom,4.35
545819,21174,POTTERING IN THE SHED METAL SIGN,1,2011-03-07 12:31:00,2.08,16356,United Kingdom,2.08
545819,82599,FANNY'S REST STOPMETAL SIGN,3,2011-03-07 12:31:00,2.1,16356,United Kingdom,6.300000000000001
545821,84988,SET OF 72 PINK HEART PAPER DOILIES,12,2011-03-07 12:50:00,1.45,13001,United Kingdom,17.4
545830,21907,I'M ON HOLIDAY METAL SIGN,2,2011-03-07 13:10:00,2.1,17634,United Kingdom,4.2
545838,21738,COSY SLIPPER SHOES SMALL  RED ,1,2011-03-07 13:33:00,2.95,14606,United Kingdom,2.95
545842,22384,LUNCH BAG PINK POLKADOT,10,2011-03-07 13:37:00,1.65,15498,United Kingdom,16.5
545845,22999,TRAVEL CARD WALLET RETRO PETALS,1,2011-03-07 13:38:00,0.42,12754,Japan,0.42
545845,23004,TRAVEL CARD WALLET PANTRY,1,2011-03-07 13:38:00,0.42,12754,Japan,0.42
545859,22051,BLUE SCANDINAVIAN PAISLEY WRAP,25,2011-03-07 14:10:00,0.42,15498,United Kingdom,10.5
545872,20728,LUNCH BAG CARS BLUE,2,2011-03-07 14:51:00,1.65,15752,United Kingdom,3.3
545872,20684,STRAWBERRY DREAM CHILDS UMBRELLA,1,2011-03-07 14:51:00,3.25,15752,United Kingdom,3.25
545899,84593,CROCHET ROSE DES CLOTHES HANGER,3,2011-03-07 17:30:00,2.95,17817,United Kingdom,8.850000000000001
545901,16248B,BLUE HOLE PUNCH,2,2011-03-07 17:52:00,1.25,15834,United Kingdom,2.5
545901,22375,AIRLINE BAG VINTAGE JET SET BROWN,1,2011-03-07 17:52:00,4.25,15834,United Kingdom,4.25
545901,21658,GLASS  BEURRE DISH,1,2011-03-07 17:52:00,3.95,15834,United Kingdom,3.95
545906,22980,PANTRY SCRUBBING BRUSH,12,2011-03-08 09:23:00,1.65,15764,United Kingdom,19.8
545906,21559,STRAWBERRY LUNCH BOX WITH CUTLERY,6,2011-03-08 09:23:00,2.55,15764,United Kingdom,15.3
545906,22630,DOLLY GIRL LUNCH BOX,12,2011-03-08 09:23:00,1.95,15764,United Kingdom,23.4
545906,21715,GIRLS VINTAGE TIN SEASIDE BUCKET,8,2011-03-08 09:23:00,2.55,15764,United Kingdom,20.4
545906,22993,SET OF 4 PANTRY JELLY MOULDS,12,2011-03-08 09:23:00,1.25,15764,United Kingdom,15.0
545907,22561,WOODEN SCHOOL COLOURING SET,12,2011-03-08 09:24:00,1.65,15806,United Kingdom,19.8
545914,20685,DOORMAT RED RETROSPOT,30,2011-03-08 11:39:00,6.75,13340,United Kingdom,202.5
545914,22722,SET OF 6 SPICE TINS PANTRY DESIGN,4,2011-03-08 11:39:00,3.95,13340,United Kingdom,15.8
545914,22671,FRENCH LAUNDRY SIGN BLUE METAL,24,2011-03-08 11:39:00,1.65,13340,United Kingdom,39.6
545918,22919,HERB MARKER MINT,24,2011-03-08 11:55:00,0.65,16917,United Kingdom,15.6
545933,22720,SET OF 3 CAKE TINS PANTRY DESIGN ,3,2011-03-08 12:04:00,4.95,13908,United Kingdom,14.85
545933,21039,RED RETROSPOT SHOPPING BAG,6,2011-03-08 12:04:00,2.55,13908,United Kingdom,15.3
545978,22507,MEMO BOARD RETROSPOT  DESIGN,2,2011-03-08 12:19:00,4.95,13975,United Kingdom,9.9
545978,22246,MAGIC GARDEN FELT GARLAND ,6,2011-03-08 12:19:00,1.95,13975,United Kingdom,11.7
545978,21080,SET/20 RED RETROSPOT PAPER NAPKINS ,3,2011-03-08 12:19:00,0.85,13975,United Kingdom,2.55
545980,84531A,PINK KNITTED EGG COSY,3,2011-03-08 12:49:00,0.39,14730,United Kingdom,1.17
545980,21094,SET/6 RED SPOTTY PAPER PLATES,3,2011-03-08 12:49:00,0.85,14730,United Kingdom,2.55
545980,47590B,PINK HAPPY BIRTHDAY BUNTING,2,2011-03-08 12:49:00,5.45,14730,United Kingdom,10.9
545980,21929,JUMBO BAG PINK VINTAGE PAISLEY,2,2011-03-08 12:49:00,1.95,14730,United Kingdom,3.9
545995,22808,SET OF 6 T-LIGHTS EASTER CHICKS,4,2011-03-08 13:54:00,2.95,15023,United Kingdom,11.8
545995,21124,SET/10 BLUE POLKADOT PARTY CANDLES,4,2011-03-08 13:54:00,1.25,15023,United Kingdom,5.0
545995,48194,DOORMAT HEARTS,2,2011-03-08 13:54:00,7.95,15023,United Kingdom,15.9
545996,22384,LUNCH BAG PINK POLKADOT,3,2011-03-08 14:12:00,1.65,14367,United Kingdom,4.949999999999999
545996,21213,PACK OF 72 SKULL CAKE CASES,24,2011-03-08 14:12:00,0.55,14367,United Kingdom,13.2
545998,22570,FELTCRAFT CUSHION RABBIT,12,2011-03-08 14:35:00,3.75,13373,United Kingdom,45.0
545998,84380,SET OF 3 BUTTERFLY COOKIE CUTTERS,12,2011-03-08 14:35:00,1.25,13373,United Kingdom,15.0
545998,20970,PINK FLORAL FELTCRAFT SHOULDER BAG,4,2011-03-08 14:35:00,3.75,13373,United Kingdom,15.0
545998,22744,MAKE YOUR OWN MONSOON CARD KIT,12,2011-03-08 14:35:00,2.95,13373,United Kingdom,35.400000000000006
545998,22772,PINK DRAWER KNOB ACRYLIC EDWARDIAN,12,2011-03-08 14:35:00,1.25,13373,United Kingdom,15.0
545998,22842,BISCUIT TIN VINTAGE RED,2,2011-03-08 14:35:00,6.75,13373,United Kingdom,13.5
545999,22964,3 PIECE SPACEBOY COOKIE CUTTER SET,6,2011-03-08 14:44:00,2.1,13089,United Kingdom,12.6
546005,22138,BAKING SET 9 PIECE RETROSPOT ,3,2011-03-08 15:17:00,4.95,14426,United Kingdom,14.85
546009,22375,AIRLINE BAG VINTAGE JET SET BROWN,6,2011-03-08 15:45:00,4.25,16426,United Kingdom,25.5
546013,21898,POTTING SHED ROSE CANDLE,1,2011-03-08 16:38:00,2.95,16495,United Kingdom,2.95
546015,82482,WOODEN PICTURE FRAME WHITE FINISH,6,2011-03-08 16:48:00,2.55,14336,United Kingdom,15.3
546028,48194,DOORMAT HEARTS,2,2011-03-09 08:33:00,7.95,17049,United Kingdom,15.9
546062,85123A,WHITE HANGING HEART T-LIGHT HOLDER,2,2011-03-09 10:51:00,2.95,16221,United Kingdom,5.9
546089,21479,WHITE SKULL HOT WATER BOTTLE ,3,2011-03-09 11:44:00,3.75,17864,United Kingdom,11.25
546091,22149,FELTCRAFT 6 FLOWER FRIENDS,6,2011-03-09 11:53:00,2.1,14936,Channel Islands,12.6
546091,22639,SET OF 4 NAPKIN CHARMS HEARTS,6,2011-03-09 11:53:00,2.55,14936,Channel Islands,15.3
546091,21977,PACK OF 60 PINK PAISLEY CAKE CASES,24,2011-03-09 11:53:00,0.55,14936,Channel Islands,13.2
546096,22973,CHILDREN'S CIRCUS PARADE MUG,12,2011-03-09 11:59:00,1.65,15502,United Kingdom,19.8
546096,22695,WICKER WREATH SMALL,12,2011-03-09 11:59:00,1.45,15502,United Kingdom,17.4
546096,22197,SMALL POPCORN HOLDER,100,2011-03-09 11:59:00,0.72,15502,United Kingdom,72.0
546096,22851,SET 20 NAPKINS FAIRY CAKES DESIGN ,24,2011-03-09 11:59:00,0.85,15502,United Kingdom,20.4
546100,22966,GINGERBREAD MAN COOKIE CUTTER,12,2011-03-09 12:04:00,1.25,16572,United Kingdom,15.0
546101,84596E,SMALL LICORICE DES PINK BOWL,8,2011-03-09 12:12:00,0.42,14803,United Kingdom,3.36
546105,22991,GIRAFFE WOODEN RULER,5,2011-03-09 12:21:00,1.95,14662,United Kingdom,9.75
546107,20675,BLUE POLKADOT BOWL,4,2011-03-09 12:33:00,1.25,17238,United Kingdom,5.0
546108,22139,RETROSPOT TEA SET CERAMIC 11 PC ,4,2011-03-09 12:35:00,4.95,15529,United Kingdom,19.8
546108,20975,12 PENCILS SMALL TUBE RED RETROSPOT,2,2011-03-09 12:35:00,0.65,15529,United Kingdom,1.3
546110,23052,RECYCLED ACAPULCO MAT TURQUOISE,6,2011-03-09 12:38:00,8.25,17770,United Kingdom,49.5
546113,21167,WHITE SAGE INCENSE,25,2011-03-09 13:18:00,0.21,14344,United Kingdom,5.25
546113,22698,PINK REGENCY TEACUP AND SAUCER,1,2011-03-09 13:18:00,2.95,14344,United Kingdom,2.95
546116,22513,DOORSTOP FOOTBALL DESIGN,4,2011-03-09 13:53:00,3.75,15367,United Kingdom,15.0
546116,22966,GINGERBREAD MAN COOKIE CUTTER,12,2011-03-09 13:53:00,1.25,15367,United Kingdom,15.0
546117,21985,PACK OF 12 HEARTS DESIGN TISSUES ,12,2011-03-09 13:56:00,0.29,16771,United Kingdom,3.4799999999999995
546118,21523,DOORMAT FANCY FONT HOME SWEET HOME,10,2011-03-09 14:14:00,6.75,13078,United Kingdom,67.5
546120,22995,TRAVEL CARD WALLET SUKI,24,2011-03-09 14:23:00,0.42,16945,United Kingdom,10.08
546122,82599,FANNY'S REST STOPMETAL SIGN,1,2011-03-09 14:32:00,2.1,15581,United Kingdom,2.1
546133,23177,TREASURE ISLAND BOOK BOX,8,2011-03-09 15:20:00,2.25,14291,United Kingdom,18.0
546135,22720,SET OF 3 CAKE TINS PANTRY DESIGN ,6,2011-03-09 15:47:00,4.95,12388,Australia,29.700000000000003
546155,22779,WOODEN OWLS LIGHT GARLAND ,4,2011-03-10 08:29:00,4.25,15632,United Kingdom,17.0
546156,22367,CHILDRENS APRON SPACEBOY DESIGN,8,2011-03-10 08:31:00,1.95,14297,United Kingdom,15.6
546159,85194L,HANGING SPRING FLOWER EGG LARGE,12,2011-03-10 09:41:00,0.85,16471,United Kingdom,10.2
546160,22759,SET OF 3 NOTEBOOKS IN PARCEL,96,2011-03-10 09:49:00,1.45,15838,United Kingdom,139.2
546190,22980,PANTRY SCRUBBING BRUSH,24,2011-03-10 10:57:00,1.65,13102,United Kingdom,39.6
546223,85187,S/12 MINI RABBIT EASTER,6,2011-03-10 12:22:00,1.65,14854,United Kingdom,9.9
546236,22273,FELTCRAFT DOLL MOLLY,6,2011-03-10 12:48:00,2.95,12370,Cyprus,17.700000000000003
546237,22720,SET OF 3 CAKE TINS PANTRY DESIGN ,3,2011-03-10 12:50:00,4.95,16625,United Kingdom,14.85
546248,22382,LUNCH BAG SPACEBOY DESIGN ,10,2011-03-10 13:46:00,1.65,16477,United Kingdom,16.5
546248,47566,PARTY BUNTING,4,2011-03-10 13:46:00,4.95,16477,United Kingdom,19.8
546249,22196,SMALL HEART MEASURING SPOONS,3,2011-03-10 13:58:00,0.85,14606,United Kingdom,2.55
546250,85206A,CREAM FELT EASTER EGG BASKET,6,2011-03-10 14:14:00,1.65,14350,United Kingdom,9.9
546251,22537,MAGIC DRAWING SLATE DINOSAUR,48,2011-03-10 14:37:00,0.42,16553,United Kingdom,20.16
546252,20728,LUNCH BAG CARS BLUE,10,2011-03-10 14:42:00,1.65,14930,Channel Islands,16.5
546261,20996,JAZZ HEARTS ADDRESS BOOK,2,2011-03-10 15:01:00,0.42,17841,United Kingdom,0.84
546261,22967,SET 3 SONG BIRD PAPER EGGS ASSORTED,1,2011-03-10 15:01:00,2.95,17841,United Kingdom,2.95
546305,22663,JUMBO BAG DOLLY GIRL DESIGN,1,2011-03-10 16:16:00,1.95,14056,United Kingdom,1.95
546314,22031,BOTANICAL LAVENDER BIRTHDAY CARD,12,2011-03-10 19:05:00,0.42,16808,United Kingdom,5.04
546315,22969,HOMEMADE JAM SCENTED CANDLES,12,2011-03-11 08:31:00,1.45,16558,United Kingdom,17.4
546324,22966,GINGERBREAD MAN COOKIE CUTTER,12,2011-03-11 09:54:00,1.25,13265,United Kingdom,15.0
546365,21668,RED STRIPE CERAMIC DRAWER KNOB,24,2011-03-11 11:35:00,1.25,12520,Germany,30.0
546367,84879,ASSORTED COLOUR BIRD ORNAMENT,160,2011-03-11 11:38:00,1.45,15513,United Kingdom,232.0
546372,48116,DOORMAT MULTICOLOUR STRIPE,10,2011-03-11 11:47:00,6.75,13098,United Kingdom,67.5
546373,22554,PLASTERS IN TIN WOODLAND ANIMALS,24,2011-03-11 12:00:00,1.65,12583,France,39.6
546378,21078,SET/20 STRAWBERRY PAPER NAPKINS ,12,2011-03-11 12:17:00,0.85,14329,United Kingdom,10.2
546383,22241,GARLAND WOODEN HAPPY EASTER,12,2011-03-11 12:54:00,1.25,13654,United Kingdom,15.0
546383,21063,PARTY INVITES JAZZ HEARTS,12,2011-03-11 12:54:00,0.85,13654,United Kingdom,10.2
546384,85014A,BLACK/BLUE POLKADOT UMBRELLA,2,2011-03-11 13:03:00,5.95,15311,United Kingdom,11.9
546385,21175,GIN + TONIC DIET METAL SIGN,48,2011-03-11 13:13:00,2.08,16652,United Kingdom,99.84
546386,84978,HANGING HEART JAR T-LIGHT HOLDER,12,2011-03-11 13:31:00,1.25,14312,United Kingdom,15.0
546394,84991,60 TEATIME FAIRY CAKE CASES,24,2011-03-11 14:26:00,0.55,17164,United Kingdom,13.2
546394,22720,SET OF 3 CAKE TINS PANTRY DESIGN ,3,2011-03-11 14:26:00,4.95,17164,United Kingdom,14.85
546397,85206A,CREAM FELT EASTER EGG BASKET,6,2011-03-11 14:37:00,1.65,12971,United Kingdom,9.9
546398,22960,JAM MAKING SET WITH JARS,12,2011-03-11 14:52:00,3.75,13043,United Kingdom,45.0
546418,21898,POTTING SHED ROSE CANDLE,2,2011-03-13 10:57:00,2.95,17315,United Kingdom,5.9
546420,22720,SET OF 3 CAKE TINS PANTRY DESIGN ,2,2011-03-13 11:18:00,4.95,14810,United Kingdom,9.9
546423,84970S,HANGING HEART ZINC T-LIGHT HOLDER,3,2011-03-13 12:39:00,0.85,14502,United Kingdom,2.55
546423,22021,BLUE FELT EASTER EGG BASKET,1,2011-03-13 12:39:00,1.65,14502,United Kingdom,1.65
546423,22268,EASTER DECORATION SITTING BUNNY,2,2011-03-13 12:39:00,0.85,14502,United Kingdom,1.7
546424,22251,BIRDHOUSE DECORATION MAGIC GARDEN,2,2011-03-13 12:51:00,1.25,13956,United Kingdom,2.5
546425,85094,CANDY SPOT EGG WARMER RABBIT,11,2011-03-13 13:36:00,0.19,16983,United Kingdom,2.09
546426,21913,VINTAGE SEASIDE JIGSAW PUZZLES,2,2011-03-13 13:46:00,3.75,13708,United Kingdom,7.5
546427,20615,BLUE POLKADOT PASSPORT COVER,1,2011-03-13 14:29:00,2.1,14606,United Kingdom,2.1
546427,21260,FIRST AID TIN,1,2011-03-13 14:29:00,3.25,14606,United Kingdom,3.25
546429,22189,CREAM HEART CARD HOLDER,1,2011-03-13 15:25:00,3.95,17611,United Kingdom,3.95
546432,84968E,SET OF 16 VINTAGE BLACK CUTLERY,2,2011-03-14 08:21:00,12.75,14180,United Kingdom,25.5
546437,23194,GYMKHANNA TREASURE BOOK BOX,8,2011-03-14 09:46:00,2.08,16807,United Kingdom,16.64
546438,84879,ASSORTED COLOUR BIRD ORNAMENT,160,2011-03-14 09:59:00,1.45,15125,United Kingdom,232.0
546465,22247,BUNNY DECORATION MAGIC GARDEN,6,2011-03-14 10:57:00,0.85,14395,United Kingdom,5.1
546466,21623,VINTAGE UNION JACK MEMOBOARD,1,2011-03-14 11:04:00,9.95,18118,United Kingdom,9.95
546498,72351B,SET/6 PINK  BUTTERFLY T-LIGHTS,3,2011-03-14 11:44:00,2.1,15493,United Kingdom,6.300000000000001
546502,22517,CHILDS GARDEN RAKE PINK,1,2011-03-14 11:46:00,2.1,16005,United Kingdom,2.1
546502,22429,ENAMEL MEASURING JUG CREAM,1,2011-03-14 11:46:00,4.25,16005,United Kingdom,4.25
546502,84596B,SMALL DOLLY MIX DESIGN ORANGE BOWL,1,2011-03-14 11:46:00,0.42,16005,United Kingdom,0.42
546509,21535,RED RETROSPOT SMALL MILK JUG,6,2011-03-14 12:15:00,2.55,14911,EIRE,15.3
546524,22501,PICNIC BASKET WICKER LARGE,1,2011-03-14 12:51:00,9.95,17811,United Kingdom,9.95
546524,22148,EASTER CRAFT 4 CHICKS ,5,2011-03-14 12:51:00,1.95,17811,United Kingdom,9.75
546528,21080,SET/20 RED RETROSPOT PAPER NAPKINS ,96,2011-03-14 13:04:00,0.72,15311,United Kingdom,69.12
546528,21169,YOU'RE CONFUSING ME METAL SIGN ,1,2011-03-14 13:04:00,1.69,15311,United Kingdom,1.69
546528,85232A,SET/3 POLKADOT STACKING TINS,1,2011-03-14 13:04:00,4.95,15311,United Kingdom,4.95
546530,22358,KINGS CHOICE TEA CADDY ,48,2011-03-14 13:25:00,2.95,17404,Sweden,141.60000000000002
546531,22021,BLUE FELT EASTER EGG BASKET,12,2011-03-14 13:35:00,1.65,15738,United Kingdom,19.8
546531,85206A,CREAM FELT EASTER EGG BASKET,12,2011-03-14 13:35:00,1.65,15738,United Kingdom,19.8
546534,21430,SET/3 RED GINGHAM ROSE STORAGE BOX,4,2011-03-14 13:56:00,3.75,16150,United Kingdom,15.0
546534,21136,PAINTED METAL PEARS ASSORTED,8,2011-03-14 13:56:00,1.69,16150,United Kingdom,13.52
546542,22907,PACK OF 20 NAPKINS PANTRY DESIGN,3,2011-03-14 15:13:00,0.85,13263,United Kingdom,2.55
546542,21455,PAINTED YELLOW WOODEN DAISY,2,2011-03-14 15:13:00,0.85,13263,United Kingdom,1.7
546542,85231B,CINAMMON SET OF 9 T-LIGHTS,3,2011-03-14 15:13:00,0.85,13263,United Kingdom,2.55
546542,22666,RECIPE BOX PANTRY YELLOW DESIGN,2,2011-03-14 15:13:00,2.95,13263,United Kingdom,5.9
546542,22672,FRENCH BATHROOM SIGN BLUE METAL,1,2011-03-14 15:13:00,1.65,13263,United Kingdom,1.65
546543,84849B,FAIRY SOAP SOAP HOLDER,1,2011-03-14 15:40:00,1.69,17841,United Kingdom,1.69
546544,23054,RECYCLED ACAPULCO MAT LAVENDER,2,2011-03-14 15:41:00,8.25,16570,United Kingdom,16.5
546545,22697,GREEN REGENCY TEACUP AND SAUCER,2,2011-03-14 15:48:00,2.95,16804,United Kingdom,5.9
546549,84375,SET OF 20 KIDS COOKIE CUTTERS,2,2011-03-14 16:46:00,2.1,17799,United Kingdom,4.2
546555,22720,SET OF 3 CAKE TINS PANTRY DESIGN ,3,2011-03-15 09:22:00,4.95,17675,United Kingdom,14.85
546556,47566B,TEA TIME PARTY BUNTING,4,2011-03-15 09:32:00,4.95,16156,United Kingdom,19.8
546561,47590A,BLUE HAPPY BIRTHDAY BUNTING,3,2011-03-15 10:34:00,5.45,18260,United Kingdom,16.35
546562,22698,PINK REGENCY TEACUP AND SAUCER,6,2011-03-15 10:45:00,2.95,16293,United Kingdom,17.700000000000003
546622,20752,BLUE POLKADOT WASHING UP GLOVES,1,2011-03-15 11:30:00,2.1,17954,United Kingdom,2.1
546624,21156,RETROSPOT CHILDRENS APRON,8,2011-03-15 11:38:00,1.95,14193,United Kingdom,15.6
546625,22968,ROSE COTTAGE KEEPSAKE BOX ,1,2011-03-15 11:45:00,9.95,17542,United Kingdom,9.95
546635,22077,6 RIBBONS RUSTIC CHARM,3,2011-03-15 12:11:00,1.65,16392,United Kingdom,4.949999999999999
546636,22936,BAKING MOULD ROSE WHITE CHOCOLATE,1,2011-03-15 12:19:00,3.25,14534,United Kingdom,3.25
546637,21363,HOME SMALL WOOD LETTERS,6,2011-03-15 12:37:00,4.95,13854,United Kingdom,29.700000000000003
546638,85016,SET OF 6 VINTAGE NOTELETS KIT,6,2011-03-15 12:52:00,2.55,15106,United Kingdom,15.3
546638,23049,RECYCLED ACAPULCO MAT RED,2,2011-03-15 12:52:00,8.25,15106,United Kingdom,16.5
546639,21122,SET/10 PINK POLKADOT PARTY CANDLES,24,2011-03-15 12:54:00,1.25,13971,United Kingdom,30.0
546639,22722,SET OF 6 SPICE TINS PANTRY DESIGN,4,2011-03-15 12:54:00,3.95,13971,United Kingdom,15.8
546639,22808,SET OF 6 T-LIGHTS EASTER CHICKS,6,2011-03-15 12:54:00,2.95,13971,United Kingdom,17.700000000000003
546643,21210,SET OF 72 RETROSPOT PAPER  DOILIES,12,2011-03-15 13:23:00,1.45,16214,United Kingdom,17.4
546643,22697,GREEN REGENCY TEACUP AND SAUCER,6,2011-03-15 13:23:00,2.95,16214,United Kingdom,17.700000000000003
546643,22386,JUMBO BAG PINK POLKADOT,10,2011-03-15 13:23:00,1.95,16214,United Kingdom,19.5
546646,85159A,"BLACK TEA,COFFEE,SUGAR JARS",3,2011-03-15 13:49:00,1.95,13716,United Kingdom,5.85
546665,48116,DOORMAT MULTICOLOUR STRIPE,2,2011-03-15 15:06:00,7.95,15867,United Kingdom,15.9
546669,84879,ASSORTED COLOUR BIRD ORNAMENT,160,2011-03-15 15:36:00,1.45,14226,United Kingdom,232.0
546670,22060,LARGE CAKE STAND HANGING HEARTS,1,2011-03-15 15:37:00,3.95,13451,United Kingdom,3.95
546678,21239,PINK  POLKADOT CUP,8,2011-03-15 16:39:00,0.85,12681,France,6.8
546679,22085,PAPER CHAIN KIT SKULLS ,4,2011-03-15 16:47:00,2.95,13121,United Kingdom,11.8
546679,21172,PARTY METAL SIGN ,2,2011-03-15 16:47:00,1.45,13121,United Kingdom,2.9
546679,22553,PLASTERS IN TIN SKULLS,3,2011-03-15 16:47:00,1.65,13121,United Kingdom,4.949999999999999
546681,21356,TOAST ITS - FAIRY FLOWER,12,2011-03-16 08:29:00,1.25,16297,United Kingdom,15.0
546683,22718,CARD CAT AND TREE ,12,2011-03-16 09:38:00,0.42,12868,United Kingdom,5.04
546683,22720,SET OF 3 CAKE TINS PANTRY DESIGN ,3,2011-03-16 09:38:00,4.95,12868,United Kingdom,14.85
546683,22699,ROSES REGENCY TEACUP AND SAUCER ,6,2011-03-16 09:38:00,2.95,12868,United Kingdom,17.700000000000003
546684,22637,PIGGY BANK RETROSPOT ,48,2011-03-16 09:47:00,2.1,16152,United Kingdom,100.8
546685,85099B,JUMBO BAG RED RETROSPOT,10,2011-03-16 09:52:00,1.95,15687,United Kingdom,19.5
546687,22449,SILK PURSE BABUSHKA PINK,6,2011-03-16 09:58:00,3.35,16040,United Kingdom,20.1
546688,22697,GREEN REGENCY TEACUP AND SAUCER,6,2011-03-16 10:17:00,2.95,16497,United Kingdom,17.700000000000003
546689,47566,PARTY BUNTING,4,2011-03-16 10:24:00,4.95,16985,United Kingdom,19.8
546738,47566B,TEA TIME PARTY BUNTING,5,2011-03-16 11:57:00,4.95,16422,United Kingdom,24.75
546742,22721,SET OF 3 CAKE TINS SKETCHBOOK,2,2011-03-16 12:26:00,4.95,12849,United Kingdom,9.9
546752,22699,ROSES REGENCY TEACUP AND SAUCER ,6,2011-03-16 12:55:00,2.95,13299,United Kingdom,17.700000000000003
546753,47599A,PINK PARTY BAGS,2,2011-03-16 13:00:00,2.1,16383,United Kingdom,4.2
546753,21993,FLORAL FOLK STATIONERY SET,1,2011-03-16 13:00:00,2.95,16383,United Kingdom,2.95
546755,22728,ALARM CLOCK BAKELIKE PINK,4,2011-03-16 13:29:00,3.75,12502,Spain,15.0
546757,21188,3D HEARTS  HONEYCOMB PAPER GARLAND,12,2011-03-16 13:44:00,2.95,15381,United Kingdom,35.400000000000006
546760,22989,SET 2 PANTRY DESIGN TEA TOWELS,6,2011-03-16 14:00:00,3.25,12597,Spain,19.5
546765,21843,RED RETROSPOT CAKE STAND,3,2011-03-16 14:37:00,10.95,12437,France,32.849999999999994
546769,22499,WOODEN UNION JACK BUNTING,3,2011-03-16 14:57:00,5.95,17504,United Kingdom,17.85
546770,22797,CHEST OF DRAWERS GINGHAM HEART ,1,2011-03-16 15:17:00,16.95,12523,France,16.95
546771,22685,FRENCH BLUE METAL DOOR SIGN 0,3,2011-03-16 15:19:00,1.25,17515,United Kingdom,3.75
546774,48184,DOORMAT ENGLISH ROSE ,1,2011-03-16 15:45:00,7.95,14505,United Kingdom,7.95
546774,21470,FLOWER VINE RAFFIA FOOD COVER,2,2011-03-16 15:45:00,3.75,14505,United Kingdom,7.5
546778,22178,VICTORIAN GLASS HANGING T-LIGHT,12,2011-03-16 16:38:00,1.25,14572,United Kingdom,15.0
546789,20711,JUMBO BAG TOYS ,600,2011-03-17 10:17:00,1.65,15769,United Kingdom,990.0
546789,85099C,JUMBO  BAG BAROQUE BLACK WHITE,500,2011-03-17 10:17:00,1.65,15769,United Kingdom,825.0
546790,82483,WOOD 2 DRAWER CABINET WHITE FINISH,2,2011-03-17 10:26:00,6.95,14713,United Kingdom,13.9
546791,22636,CHILDS BREAKFAST SET CIRCUS PARADE,2,2011-03-17 10:38:00,8.5,17716,United Kingdom,17.0
546830,84970S,HANGING HEART ZINC T-LIGHT HOLDER,144,2011-03-17 12:10:00,0.64,16839,United Kingdom,92.16
546837,22193,RED DINER WALL CLOCK,2,2011-03-17 12:37:00,8.5,13650,United Kingdom,17.0
546843,21257,VICTORIAN SEWING BOX MEDIUM,2,2011-03-17 12:40:00,7.95,12472,Germany,15.9
546843,22326,ROUND SNACK BOXES SET OF4 WOODLAND ,6,2011-03-17 12:40:00,2.95,12472,Germany,17.700000000000003
546850,22718,CARD CAT AND TREE ,12,2011-03-17 13:20:00,0.42,13268,United Kingdom,5.04
546856,84991,60 TEATIME FAIRY CAKE CASES,24,2011-03-17 14:12:00,0.55,15433,United Kingdom,13.2
546866,22284,HEN HOUSE DECORATION,2,2011-03-17 15:47:00,1.65,14462,United Kingdom,3.3
546869,22413,METAL SIGN TAKE IT OR LEAVE IT ,6,2011-03-17 16:00:00,2.95,12352,Norway,17.700000000000003
546875,22384,LUNCH BAG PINK POLKADOT,10,2011-03-17 16:38:00,1.65,12514,Italy,16.5
546882,82599,FANNY'S REST STOPMETAL SIGN,12,2011-03-17 17:26:00,2.1,14422,United Kingdom,25.200000000000003
546882,84946,ANTIQUE SILVER TEA GLASS ETCHED,12,2011-03-17 17:26:00,1.25,14422,United Kingdom,15.0
546883,22522,CHILDS GARDEN FORK BLUE ,12,2011-03-17 18:03:00,0.85,13707,United Kingdom,10.2
546899,20723,STRAWBERRY CHARLOTTE BAG,50,2011-03-17 18:27:00,0.72,14298,United Kingdom,36.0
546899,21033,JUMBO BAG CHARLIE AND LOLA TOYS,30,2011-03-17 18:27:00,1.65,14298,United Kingdom,49.5
546908,84406B,CREAM CUPID HEARTS COAT HANGER,8,2011-03-17 18:59:00,4.15,15648,United Kingdom,33.2
546909,23000,TRAVEL CARD WALLET TRANSPORT,6,2011-03-17 19:01:00,0.42,14056,United Kingdom,2.52
546910,82599,FANNY'S REST STOPMETAL SIGN,2,2011-03-17 19:46:00,2.1,13969,United Kingdom,4.2
546912,22895,SET OF 2 TEA TOWELS APPLE AND PEARS,4,2011-03-17 20:12:00,2.95,15861,United Kingdom,11.8
546912,84380,SET OF 3 BUTTERFLY COOKIE CUTTERS,4,2011-03-17 20:12:00,1.25,15861,United Kingdom,5.0
546913,82011B,BATHROOM SCALES RUBBER DUCKS,2,2011-03-17 20:18:00,3.75,15861,United Kingdom,7.5
546915,22423,REGENCY CAKESTAND 3 TIER,3,2011-03-18 08:31:00,12.75,15695,United Kingdom,38.25
546917,21790,VINTAGE SNAP CARDS,12,2011-03-18 09:17:00,0.85,14911,EIRE,10.2
546925,21558,SKULL LUNCH BOX WITH CUTLERY ,60,2011-03-18 10:09:00,2.1,12647,Germany,126.0
546925,22352,LUNCH BOX WITH CUTLERY RETROSPOT ,60,2011-03-18 10:09:00,2.1,12647,Germany,126.0
546944,22577,WOODEN HEART CHRISTMAS SCANDINAVIAN,8,2011-03-18 11:13:00,0.85,14701,United Kingdom,6.8
546950,22139,RETROSPOT TEA SET CERAMIC 11 PC ,1,2011-03-18 11:24:00,4.95,16511,United Kingdom,4.95
546951,21879,HEARTS GIFT TAPE,2,2011-03-18 11:30:00,0.65,17673,United Kingdom,1.3
546982,22419,LIPSTICK PEN RED,3,2011-03-18 12:26:00,0.42,15483,United Kingdom,1.26
546982,84596J,MIXED NUTS LIGHT GREEN BOWL,1,2011-03-18 12:26:00,0.42,15483,United Kingdom,0.42
546983,22694,WICKER STAR ,6,2011-03-18 12:27:00,2.1,16626,United Kingdom,12.6
546984,21931,JUMBO STORAGE BAG SUKI,2,2011-03-18 12:35:00,1.95,15019,United Kingdom,3.9
546984,22385,JUMBO BAG SPACEBOY DESIGN,2,2011-03-18 12:35:00,1.95,15019,United Kingdom,3.9
546986,22780,LIGHT GARLAND BUTTERFILES PINK,4,2011-03-18 12:55:00,4.25,14194,United Kingdom,17.0
546990,22646,CERAMIC STRAWBERRY CAKE MONEY BANK,12,2011-03-18 12:59:00,1.45,14315,United Kingdom,17.4
546993,20979,36 PENCILS TUBE RED RETROSPOT,2,2011-03-18 13:19:00,1.25,17921,United Kingdom,2.5
546996,84946,ANTIQUE SILVER TEA GLASS ETCHED,12,2011-03-18 13:27:00,1.25,17060,United Kingdom,15.0
546998,22457,NATURAL SLATE HEART CHALKBOARD ,2,2011-03-18 13:32:00,2.95,16023,United Kingdom,5.9
546999,21868,POTTING SHED TEA MUG,72,2011-03-18 13:47:00,1.06,17133,United Kingdom,76.32000000000001
547000,21750,LARGE SKULL WINDMILL,6,2011-03-18 13:51:00,2.1,14282,United Kingdom,12.6
547002,84086C,PINK/PURPLE RETRO RADIO,6,2011-03-18 14:02:00,2.95,12878,United Kingdom,17.700000000000003
547004,47566,PARTY BUNTING,4,2011-03-18 14:14:00,4.95,17419,United Kingdom,19.8
547019,21155,RED RETROSPOT PEG BAG,1,2011-03-18 14:54:00,2.55,17841,United Kingdom,2.55
547028,22925,BLUE GIANT GARDEN THERMOMETER,2,2011-03-20 10:13:00,5.95,13593,United Kingdom,11.9
547030,20969,RED FLORAL FELTCRAFT SHOULDER BAG,4,2011-03-20 10:17:00,3.75,12948,United Kingdom,15.0
547044,21494,ROTATING LEAVES T-LIGHT HOLDER,10,2011-03-20 11:33:00,1.25,14071,United Kingdom,12.5
547048,22549,PICTURE DOMINOES,12,2011-03-20 11:52:00,1.45,14911,EIRE,17.4
547049,21714,CITRONELLA CANDLE GARDEN POT,6,2011-03-20 11:56:00,1.25,17134,United Kingdom,7.5
547050,84921,CREAM AND PINK FLOWERS PONY ,1,2011-03-20 12:02:00,3.75,17795,United Kingdom,3.75
547051,22848,BREAD BIN DINER STYLE PINK,1,2011-03-20 12:06:00,16.95,12902,United Kingdom,16.95
547053,22722,SET OF 6 SPICE TINS PANTRY DESIGN,4,2011-03-20 12:08:00,3.95,13001,United Kingdom,15.8
547058,21169,YOU'RE CONFUSING ME METAL SIGN ,12,2011-03-20 12:44:00,1.69,14232,United Kingdom,20.28
547060,21974,SET OF 36 PAISLEY FLOWER DOILIES,5,2011-03-20 12:57:00,1.45,17954,United Kingdom,7.25
547063,22832,BROCANTE SHELF WITH HOOKS,2,2011-03-20 13:33:00,10.75,14769,United Kingdom,21.5
547063,22854,CREAM SWEETHEART EGG HOLDER,1,2011-03-20 13:33:00,4.95,14769,United Kingdom,4.95
547063,22084,PAPER CHAIN KIT EMPIRE,4,2011-03-20 13:33:00,2.95,14769,United Kingdom,11.8
547063,22636,CHILDS BREAKFAST SET CIRCUS PARADE,1,2011-03-20 13:33:00,8.5,14769,United Kingdom,8.5
547063,22773,GREEN DRAWER KNOB ACRYLIC EDWARDIAN,24,2011-03-20 13:33:00,1.25,14769,United Kingdom,30.0
547065,22377,BOTTLE BAG RETROSPOT ,10,2011-03-20 13:38:00,2.1,17068,United Kingdom,21.0
547068,20978,36 PENCILS TUBE SKULLS,16,2011-03-20 13:48:00,1.25,13985,United Kingdom,20.0
547069,21094,SET/6 RED SPOTTY PAPER PLATES,6,2011-03-20 13:52:00,0.85,16710,United Kingdom,5.1
547069,22907,PACK OF 20 NAPKINS PANTRY DESIGN,1,2011-03-20 13:52:00,0.85,16710,United Kingdom,0.85
547070,22670,FRENCH WC SIGN BLUE METAL,3,2011-03-20 13:58:00,1.25,16115,United Kingdom,3.75
547075,22679,FRENCH BLUE METAL DOOR SIGN 4,10,2011-03-20 14:35:00,1.25,15288,United Kingdom,12.5
547075,22666,RECIPE BOX PANTRY YELLOW DESIGN,24,2011-03-20 14:35:00,2.55,15288,United Kingdom,61.2
547078,82600,NO SINGING METAL SIGN,12,2011-03-20 14:41:00,2.1,14408,United Kingdom,25.200000000000003
547087,21080,SET/20 RED RETROSPOT PAPER NAPKINS ,12,2011-03-20 15:58:00,0.85,12726,France,10.2
547092,22558,CLOTHES PEGS RETROSPOT PACK 24 ,12,2011-03-21 08:18:00,1.49,16619,United Kingdom,17.88
547094,22488,NATURAL SLATE RECTANGLE CHALKBOARD,12,2011-03-21 08:39:00,1.65,13934,United Kingdom,19.8
547095,22051,BLUE SCANDINAVIAN PAISLEY WRAP,25,2011-03-21 09:03:00,0.42,13018,United Kingdom,10.5
547100,20726,LUNCH BAG WOODLAND,10,2011-03-21 10:31:00,1.65,15615,United Kingdom,16.5
547102,22411,JUMBO SHOPPER VINTAGE RED PAISLEY,10,2011-03-21 10:41:00,1.95,14245,United Kingdom,19.5
547108,48194,DOORMAT HEARTS,1,2011-03-21 11:36:00,7.95,14659,United Kingdom,7.95
547114,21094,SET/6 RED SPOTTY PAPER PLATES,6,2011-03-21 11:49:00,0.85,14688,United Kingdom,5.1
547122,21876,POTTERING MUG,24,2011-03-21 11:52:00,1.25,17678,United Kingdom,30.0
547134,22824,3 TIER SWEETHEART GARDEN SHELF,1,2011-03-21 11:57:00,35.95,15996,United Kingdom,35.95
547203,22171,3 HOOK PHOTO SHELF ANTIQUE WHITE,2,2011-03-21 13:51:00,8.5,17146,United Kingdom,17.0
547206,22285,HANGING HEN ON NEST DECORATION,2,2011-03-21 14:18:00,1.65,16791,United Kingdom,3.3
547209,21980,PACK OF 12 RED RETROSPOT TISSUES ,24,2011-03-21 14:44:00,0.29,13081,United Kingdom,6.959999999999999
547223,22722,SET OF 6 SPICE TINS PANTRY DESIGN,3,2011-03-21 15:10:00,3.95,12867,United Kingdom,11.85
547243,85152,HAND OVER THE CHOCOLATE   SIGN ,2,2011-03-21 16:59:00,2.1,17231,United Kingdom,4.2
547245,22386,JUMBO BAG PINK POLKADOT,10,2011-03-22 08:49:00,1.95,14632,United Kingdom,19.5
547247,22819,"BIRTHDAY CARD, RETRO SPOT",12,2011-03-22 09:01:00,0.42,18225,United Kingdom,5.04
547253,22442,GROW YOUR OWN FLOWERS SET OF 3,2,2011-03-22 10:44:00,7.95,13869,United Kingdom,15.9
547253,22189,CREAM HEART CARD HOLDER,4,2011-03-22 10:44:00,3.95,13869,United Kingdom,15.8
547253,82482,WOODEN PICTURE FRAME WHITE FINISH,3,2011-03-22 10:44:00,2.55,13869,United Kingdom,7.649999999999999
547253,21730,GLASS STAR FROSTED T-LIGHT HOLDER,2,2011-03-22 10:44:00,4.95,13869,United Kingdom,9.9
547334,22720,SET OF 3 CAKE TINS PANTRY DESIGN ,6,2011-03-22 11:43:00,4.95,15044,United Kingdom,29.700000000000003
547334,22784,LANTERN CREAM GAZEBO ,6,2011-03-22 11:43:00,4.95,15044,United Kingdom,29.700000000000003
547349,20718,RED RETROSPOT SHOPPER BAG,10,2011-03-22 12:02:00,1.25,15132,United Kingdom,12.5
547349,22751,FELTCRAFT PRINCESS OLIVIA DOLL,4,2011-03-22 12:02:00,3.75,15132,United Kingdom,15.0
547349,21949,SET OF 6 STRAWBERRY CHOPSTICKS,12,2011-03-22 12:02:00,1.25,15132,United Kingdom,15.0
547357,85094,CANDY SPOT EGG WARMER RABBIT,48,2011-03-22 12:15:00,0.19,17613,United Kingdom,9.12
547358,22613,PACK OF 20 SPACEBOY NAPKINS,4,2011-03-22 12:25:00,0.85,15998,United Kingdom,3.4
547358,22990,COTTON APRON PANTRY DESIGN,1,2011-03-22 12:25:00,4.95,15998,United Kingdom,4.95
547358,22304,COFFEE MUG BLUE PAISLEY DESIGN,2,2011-03-22 12:25:00,2.55,15998,United Kingdom,5.1
547358,71053,WHITE METAL LANTERN,2,2011-03-22 12:25:00,3.75,15998,United Kingdom,7.5
547358,22432,WATERING CAN PINK BUNNY,2,2011-03-22 12:25:00,1.95,15998,United Kingdom,3.9
547358,21240,BLUE POLKADOT CUP,3,2011-03-22 12:25:00,0.85,15998,United Kingdom,2.55
547358,21122,SET/10 PINK POLKADOT PARTY CANDLES,6,2011-03-22 12:25:00,1.25,15998,United Kingdom,7.5
547359,22564,ALPHABET STENCIL CRAFT,1,2011-03-22 12:27:00,1.25,15719,United Kingdom,1.25
547361,21626,VINTAGE UNION JACK PENNANT,12,2011-03-22 12:31:00,1.95,15298,United Kingdom,23.4
547362,47471,RAINBOW PEGS PHOTO CLIP STRING,96,2011-03-22 12:33:00,0.53,13694,United Kingdom,50.88
547362,35095B,RED VICTORIAN FABRIC OVAL BOX,360,2011-03-22 12:33:00,0.29,13694,United Kingdom,104.4
547365,22530,MAGIC DRAWING SLATE DOLLY GIRL ,24,2011-03-22 12:36:00,0.42,12775,Netherlands,10.08
547371,22178,VICTORIAN GLASS HANGING T-LIGHT,48,2011-03-22 13:38:00,1.25,14377,United Kingdom,60.0
547372,22767,TRIPLE PHOTO FRAME CORNICE ,1,2011-03-22 13:46:00,9.95,16374,United Kingdom,9.95
547375,22744,MAKE YOUR OWN MONSOON CARD KIT,6,2011-03-22 14:24:00,2.95,13196,United Kingdom,17.700000000000003
547377,22261,FELT EGG COSY WHITE RABBIT ,12,2011-03-22 14:43:00,0.85,13050,United Kingdom,10.2
547377,85062,PEARL CRYSTAL PUMPKIN T-LIGHT HLDR,12,2011-03-22 14:43:00,1.65,13050,United Kingdom,19.8
547380,21213,PACK OF 72 SKULL CAKE CASES,6,2011-03-22 15:20:00,0.55,16809,United Kingdom,3.3000000000000003
547380,20727,LUNCH BAG  BLACK SKULL.,2,2011-03-22 15:20:00,1.65,16809,United Kingdom,3.3
547382,22614,PACK OF 12 SPACEBOY TISSUES,2,2011-03-22 15:31:00,0.29,15457,United Kingdom,0.58
547382,22409,MONEY BOX BISCUITS DESIGN,2,2011-03-22 15:31:00,1.25,15457,United Kingdom,2.5
547382,82567,"AIRLINE LOUNGE,METAL SIGN",1,2011-03-22 15:31:00,2.1,15457,United Kingdom,2.1
547382,84946,ANTIQUE SILVER T-LIGHT GLASS,2,2011-03-22 15:31:00,1.25,15457,United Kingdom,2.5
547387,22411,JUMBO SHOPPER VINTAGE RED PAISLEY,10,2011-03-22 16:00:00,1.95,12539,Spain,19.5
547389,22918,HERB MARKER PARSLEY,4,2011-03-22 16:08:00,0.65,16721,United Kingdom,2.6
547412,21976,PACK OF 60 MUSHROOM CAKE CASES,24,2011-03-23 09:42:00,0.55,12399,Belgium,13.2
547412,21086,SET/6 RED SPOTTY PAPER CUPS,24,2011-03-23 09:42:00,0.65,12399,Belgium,15.6
547419,16156S,WRAP PINK FAIRY CAKES ,50,2011-03-23 10:27:00,0.34,15061,United Kingdom,17.0
547420,22138,BAKING SET 9 PIECE RETROSPOT ,6,2011-03-23 10:43:00,4.95,15449,United Kingdom,29.700000000000003
547444,23177,TREASURE ISLAND BOOK BOX,8,2011-03-23 10:55:00,2.25,12811,Portugal,18.0
547485,21242,RED RETROSPOT PLATE ,1,2011-03-23 11:16:00,1.69,17019,United Kingdom,1.69
547488,22471,TV DINNER TRAY AIR HOSTESS ,2,2011-03-23 11:30:00,4.95,13821,United Kingdom,9.9
547488,22951,60 CAKE CASES DOLLY GIRL DESIGN,6,2011-03-23 11:30:00,0.55,13821,United Kingdom,3.3000000000000003
547490,22808,SET OF 6 T-LIGHTS EASTER CHICKS,1,2011-03-23 11:48:00,2.95,17507,United Kingdom,2.95
547491,22077,6 RIBBONS RUSTIC CHARM,12,2011-03-23 12:05:00,1.65,17096,United Kingdom,19.8
547492,22138,BAKING SET 9 PIECE RETROSPOT ,6,2011-03-23 12:06:00,4.95,12604,France,29.700000000000003
547496,21277,FRENCH STYLE EMBOSSED HEART CABINET,1,2011-03-23 12:13:00,21.95,18075,United Kingdom,21.95
547497,21078,SET/20 STRAWBERRY PAPER NAPKINS ,1,2011-03-23 12:15:00,0.85,14461,United Kingdom,0.85
547497,22919,HERB MARKER MINT,12,2011-03-23 12:15:00,0.65,14461,United Kingdom,7.800000000000001
547497,22990,COTTON APRON PANTRY DESIGN,2,2011-03-23 12:15:00,4.95,14461,United Kingdom,9.9
547498,22127,PARTY CONES CARNIVAL ASSORTED,6,2011-03-23 12:24:00,1.25,15021,United Kingdom,7.5
547500,22147,FELTCRAFT BUTTERFLY HEARTS,40,2011-03-23 12:39:00,1.25,13408,United Kingdom,50.0
547504,22960,JAM MAKING SET WITH JARS,6,2011-03-23 13:33:00,4.25,12683,France,25.5
547507,22529,MAGIC DRAWING SLATE GO TO THE FAIR ,24,2011-03-23 13:39:00,0.42,16859,United Kingdom,10.08
547510,22721,SET OF 3 CAKE TINS SKETCHBOOK,3,2011-03-23 13:42:00,4.95,15245,United Kingdom,14.85
547511,20931,BLUE POT PLANT CANDLE ,4,2011-03-23 13:44:00,3.75,17411,United Kingdom,15.0
547516,22423,REGENCY CAKESTAND 3 TIER,32,2011-03-23 14:04:00,10.95,15189,United Kingdom,350.4
547520,21708,FOLDING UMBRELLA CREAM POLKADOT,4,2011-03-23 14:55:00,4.95,12564,France,19.8
547538,85099F,JUMBO BAG STRAWBERRY,10,2011-03-23 15:17:00,1.95,13534,United Kingdom,19.5
547549,22849,BREAD BIN DINER STYLE MINT,4,2011-03-23 15:40:00,14.95,14794,United Kingdom,59.8
547555,21915,RED  HARMONICA IN BOX ,12,2011-03-23 16:35:00,1.25,14075,United Kingdom,15.0
547561,84375,SET OF 20 KIDS COOKIE CUTTERS,12,2011-03-24 08:44:00,2.1,14129,United Kingdom,25.200000000000003
547561,22993,SET OF 4 PANTRY JELLY MOULDS,12,2011-03-24 08:44:00,1.25,14129,United Kingdom,15.0
547562,21164,HOME SWEET HOME METAL SIGN ,12,2011-03-24 08:47:00,2.95,16525,United Kingdom,35.400000000000006
547569,21205,MULTICOLOUR 3D BALLS GARLAND,12,2011-03-24 09:50:00,2.55,17491,United Kingdom,30.6
547577,82600,NO SINGING METAL SIGN,48,2011-03-24 10:37:00,1.85,13183,United Kingdom,88.80000000000001
547577,82580,BATHROOM METAL SIGN,12,2011-03-24 10:37:00,0.55,13183,United Kingdom,6.6000000000000005
547580,21232,STRAWBERRY CERAMIC TRINKET BOX,12,2011-03-24 10:48:00,1.25,13488,United Kingdom,15.0
547623,21400,RED PUDDING SPOON,24,2011-03-24 11:29:00,0.12,15641,United Kingdom,2.88
547623,22644,CERAMIC CHERRY CAKE MONEY BANK,12,2011-03-24 11:29:00,1.45,15641,United Kingdom,17.4
547639,22076,6 RIBBONS EMPIRE  ,12,2011-03-24 11:34:00,1.65,17698,United Kingdom,19.8
547649,85014B,RED RETROSPOT UMBRELLA,2,2011-03-24 12:02:00,5.95,18118,United Kingdom,11.9
547650,21929,JUMBO BAG PINK VINTAGE PAISLEY,2,2011-03-24 12:08:00,1.95,17059,United Kingdom,3.9
547650,22993,SET OF 4 PANTRY JELLY MOULDS,2,2011-03-24 12:08:00,1.25,17059,United Kingdom,2.5
547650,22499,WOODEN UNION JACK BUNTING,3,2011-03-24 12:08:00,5.95,17059,United Kingdom,17.85
547650,21908,CHOCOLATE THIS WAY METAL SIGN,1,2011-03-24 12:08:00,2.1,17059,United Kingdom,2.1
547652,21471,STRAWBERRY RAFFIA FOOD COVER,2,2011-03-24 12:15:00,3.75,14606,United Kingdom,7.5
547653,21975,PACK OF 60 DINOSAUR CAKE CASES,120,2011-03-24 12:21:00,0.42,16745,United Kingdom,50.4
547654,21930,JUMBO STORAGE BAG SKULLS,2,2011-03-24 12:32:00,1.95,14527,United Kingdom,3.9
547655,22720,SET OF 3 CAKE TINS PANTRY DESIGN ,6,2011-03-24 12:52:00,4.95,14267,United Kingdom,29.700000000000003
547657,71459,HANGING JAM JAR T-LIGHT HOLDER,36,2011-03-24 12:58:00,0.85,13871,United Kingdom,30.6
547658,22720,SET OF 3 CAKE TINS PANTRY DESIGN ,2,2011-03-24 13:04:00,4.95,13736,United Kingdom,9.9
547658,85152,HAND OVER THE CHOCOLATE   SIGN ,2,2011-03-24 13:04:00,2.1,13736,United Kingdom,4.2
547664,22995,TRAVEL CARD WALLET SUKI,5,2011-03-24 13:16:00,0.42,13069,United Kingdom,2.1
547664,84596E,SMALL LICORICE DES PINK BOWL,40,2011-03-24 13:16:00,0.42,13069,United Kingdom,16.8
547664,21936,RED RETROSPOT PICNIC BAG,2,2011-03-24 13:16:00,2.95,13069,United Kingdom,5.9
547664,37327,ASSTD MULTICOLOUR CIRCLES MUG,12,2011-03-24 13:16:00,0.39,13069,United Kingdom,4.68
547663,22813,PACK 3 BOXES BIRD PANNETONE ,5,2011-03-24 13:16:00,1.95,16022,United Kingdom,9.75
547663,22844,VINTAGE CREAM DOG FOOD CONTAINER,1,2011-03-24 13:16:00,8.5,16022,United Kingdom,8.5
547666,22680,FRENCH BLUE METAL DOOR SIGN 5,10,2011-03-24 13:23:00,1.25,14235,United Kingdom,12.5
547669,21166,COOK WITH WINE METAL SIGN ,1,2011-03-24 13:37:00,2.08,12748,United Kingdom,2.08
547684,22748,POPPY'S PLAYHOUSE KITCHEN,6,2011-03-24 14:46:00,2.1,12408,Belgium,12.6
547690,22619,SET OF 6 SOLDIER SKITTLES,4,2011-03-24 14:56:00,3.75,16063,United Kingdom,15.0
547695,22249,DECORATION WHITE CHICK MAGIC GARDEN,16,2011-03-24 15:15:00,0.85,18239,United Kingdom,13.6
547712,22499,WOODEN UNION JACK BUNTING,4,2011-03-24 19:31:00,5.95,16905,United Kingdom,23.8
547715,22555,PLASTERS IN TIN STRONGMAN,12,2011-03-25 08:50:00,1.65,12520,Germany,19.8
547716,21715,GIRLS VINTAGE TIN SEASIDE BUCKET,8,2011-03-25 08:52:00,2.55,16833,United Kingdom,20.4
547716,21137,BLACK RECORD COVER FRAME,24,2011-03-25 08:52:00,3.39,16833,United Kingdom,81.36
547719,20727,LUNCH BAG  BLACK SKULL.,20,2011-03-25 10:05:00,1.65,14404,United Kingdom,33.0
547729,22520,CHILDS GARDEN TROWEL BLUE ,3,2011-03-25 10:52:00,0.85,15529,United Kingdom,2.55
547730,22064,PINK DOUGHNUT TRINKET POT ,8,2011-03-25 11:01:00,1.65,14796,United Kingdom,13.2
547772,22445,PENCIL CASE LIFE IS BEAUTIFUL,1,2011-03-25 11:34:00,2.95,17979,United Kingdom,2.95
547785,23193,BUFFALO BILL TREASURE BOOK BOX,2,2011-03-25 11:41:00,2.25,13097,United Kingdom,4.5
547785,23180,MUM'S KITCHEN CLOCK,2,2011-03-25 11:41:00,4.95,13097,United Kingdom,9.9
547785,85177,BASKET OF FLOWERS SEWING KIT,8,2011-03-25 11:41:00,0.85,13097,United Kingdom,6.8
547786,21989,PACK OF 20 SKULL PAPER NAPKINS,2,2011-03-25 11:44:00,0.85,14587,United Kingdom,1.7
547793,22302,COFFEE MUG PEARS  DESIGN,6,2011-03-25 12:10:00,2.55,14758,United Kingdom,15.3
547794,85215,ASSORTED CHEESE FRIDGE MAGNETS,6,2011-03-25 12:13:00,0.65,14085,United Kingdom,3.9
547801,22980,PANTRY SCRUBBING BRUSH,12,2011-03-25 12:57:00,1.65,14107,United Kingdom,19.8
547805,22427,ENAMEL FLOWER JUG CREAM,3,2011-03-25 13:35:00,5.95,13327,United Kingdom,17.85
547809,20832,RED FLOCK LOVE HEART PHOTO FRAME,24,2011-03-25 13:54:00,0.85,12748,United Kingdom,20.4
547809,22301,COFFEE MUG CAT + BIRD DESIGN,2,2011-03-25 13:54:00,2.55,12748,United Kingdom,5.1
547809,20985,HEART CALCULATOR,1,2011-03-25 13:54:00,1.25,12748,United Kingdom,1.25
547819,21733,RED HANGING HEART T-LIGHT HOLDER,4,2011-03-25 14:45:00,2.95,12748,United Kingdom,11.8
547821,23158,SET OF 5 LUCKY CAT MAGNETS ,120,2011-03-25 14:50:00,1.85,12621,Germany,222.0
547825,21988,PACK OF 6 SKULL PAPER PLATES,12,2011-03-25 15:01:00,0.85,12778,Netherlands,10.2
547832,22385,JUMBO BAG SPACEBOY DESIGN,100,2011-03-25 16:25:00,1.65,17511,United Kingdom,165.0
547834,22635,CHILDS BREAKFAST SET DOLLY GIRL ,12,2011-03-27 10:16:00,8.5,17937,United Kingdom,102.0
547841,22293,HANGING CHICK GREEN DECORATION,1,2011-03-27 11:02:00,1.45,16923,United Kingdom,1.45
547850,22208,WOOD STAMP SET THANK YOU,2,2011-03-27 12:06:00,1.65,14472,United Kingdom,3.3
547860,22896,PEG BAG APPLES DESIGN,1,2011-03-27 12:21:00,2.55,17625,United Kingdom,2.55
547862,22806,SET OF 6 T-LIGHTS WEDDING CAKE ,6,2011-03-27 12:54:00,2.95,12841,United Kingdom,17.700000000000003
547863,22957,SET 3 PAPER VINTAGE CHICK PAPER EGG,6,2011-03-27 13:07:00,2.95,12728,France,17.700000000000003
547866,22139,RETROSPOT TEA SET CERAMIC 11 PC ,3,2011-03-27 13:21:00,4.95,14878,United Kingdom,14.85
547867,85049D,BRIGHT BLUES RIBBONS ,1,2011-03-27 13:56:00,1.25,13357,United Kingdom,1.25
547867,22111,SCOTTIE DOG HOT WATER BOTTLE,1,2011-03-27 13:56:00,4.95,13357,United Kingdom,4.95
547867,22301,COFFEE MUG CAT + BIRD DESIGN,6,2011-03-27 13:56:00,2.55,13357,United Kingdom,15.3
547870,82613D,METAL SIGN CUPCAKE SINGLE HOOK,4,2011-03-27 14:18:00,1.25,13668,United Kingdom,5.0
547870,85150,LADIES & GENTLEMEN METAL SIGN,4,2011-03-27 14:18:00,2.55,13668,United Kingdom,10.2
547871,22081,RIBBON REEL FLORA + FAUNA ,1,2011-03-27 14:28:00,1.65,16931,United Kingdom,1.65
547872,22659,LUNCH BOX I LOVE LONDON,1,2011-03-27 14:34:00,1.95,16777,United Kingdom,1.95
547872,21933,PINK VINTAGE PAISLEY PICNIC BAG,1,2011-03-27 14:34:00,2.95,16777,United Kingdom,2.95
547873,22302,COFFEE MUG PEARS  DESIGN,6,2011-03-27 15:33:00,2.55,13240,United Kingdom,15.3
547881,22499,WOODEN UNION JACK BUNTING,3,2011-03-27 16:08:00,5.95,13110,United Kingdom,17.85
547882,84625A,PINK NEW BAROQUECANDLESTICK CANDLE,24,2011-03-28 07:53:00,0.85,14911,EIRE,20.4
547882,35810B,ENAMEL BLUE RIM COFFEE CONTAINER,12,2011-03-28 07:53:00,0.83,14911,EIRE,9.96
547884,22630,DOLLY GIRL LUNCH BOX,12,2011-03-28 09:07:00,1.95,13481,United Kingdom,23.4
547887,21340,CLASSIC METAL BIRDCAGE PLANT HOLDER,1,2011-03-28 09:30:00,12.75,16245,United Kingdom,12.75
547890,20749,ASSORTED COLOUR MINI CASES,10,2011-03-28 10:03:00,7.95,17227,United Kingdom,79.5
547892,84991,60 TEATIME FAIRY CAKE CASES,24,2011-03-28 10:15:00,0.55,12669,France,13.2
547892,POST,POSTAGE,6,2011-03-28 10:15:00,18.0,12669,France,108.0
547892,22951,60 CAKE CASES DOLLY GIRL DESIGN,24,2011-03-28 10:15:00,0.55,12669,France,13.2
547892,22400,MAGNETS PACK OF 4 HOME SWEET HOME,12,2011-03-28 10:15:00,1.25,12669,France,15.0
547892,22557,PLASTERS IN TIN VINTAGE PAISLEY ,12,2011-03-28 10:15:00,1.65,12669,France,19.8
547894,22992,REVOLVER WOODEN RULER ,12,2011-03-28 10:26:00,1.95,13552,United Kingdom,23.4
547896,20723,STRAWBERRY CHARLOTTE BAG,2,2011-03-28 11:34:00,0.85,17841,United Kingdom,1.7
547896,22804,CANDLEHOLDER PINK HANGING HEART,1,2011-03-28 11:34:00,2.95,17841,United Kingdom,2.95
547896,22964,3 PIECE SPACEBOY COOKIE CUTTER SET,2,2011-03-28 11:34:00,2.1,17841,United Kingdom,4.2
547896,72349B,SET/6 PURPLE BUTTERFLY T-LIGHTS,2,2011-03-28 11:34:00,2.1,17841,United Kingdom,4.2
547897,21577,SAVE THE PLANET COTTON TOTE BAG,6,2011-03-28 11:36:00,2.25,12792,Portugal,13.5
547897,21912,VINTAGE SNAKES & LADDERS,4,2011-03-28 11:36:00,3.75,12792,Portugal,15.0
547898,48184,DOORMAT ENGLISH ROSE ,4,2011-03-28 11:49:00,7.95,16523,United Kingdom,31.8
547900,22300,COFFEE MUG DOG + BALL DESIGN,6,2011-03-28 11:51:00,2.55,13649,United Kingdom,15.3
547906,21868,POTTING SHED TEA MUG,2,2011-03-28 12:13:00,1.25,14410,United Kingdom,2.5
547906,21174,POTTERING IN THE SHED METAL SIGN,2,2011-03-28 12:13:00,2.08,14410,United Kingdom,4.16
547907,84796B,BLUE SAVANNAH PICNIC HAMPER FOR 2,1,2011-03-28 12:18:00,12.75,15083,United Kingdom,12.75
547910,20723,STRAWBERRY CHARLOTTE BAG,2,2011-03-28 12:23:00,0.85,14159,United Kingdom,1.7
547910,22722,SET OF 6 SPICE TINS PANTRY DESIGN,2,2011-03-28 12:23:00,3.95,14159,United Kingdom,7.9
547910,22355,CHARLOTTE BAG SUKI DESIGN,2,2011-03-28 12:23:00,0.85,14159,United Kingdom,1.7
547920,21034,REX CASH+CARRY JUMBO SHOPPER,1,2011-03-28 12:52:00,0.95,14730,United Kingdom,0.95
547921,20728,LUNCH BAG CARS BLUE,10,2011-03-28 13:28:00,1.65,14766,United Kingdom,16.5
547924,22423,REGENCY CAKESTAND 3 TIER,1,2011-03-28 13:39:00,12.75,17749,United Kingdom,12.75
547924,22595,GINGHAM HEART DECORATION,12,2011-03-28 13:39:00,0.85,17749,United Kingdom,10.2
547924,82578,KITCHEN METAL SIGN,12,2011-03-28 13:39:00,0.55,17749,United Kingdom,6.6000000000000005
547925,22534,MAGIC DRAWING SLATE SPACEBOY ,24,2011-03-28 13:57:00,0.42,12481,Germany,10.08
547935,85027L,FRENCH CHATEAU LARGE PLATTER ,2,2011-03-28 14:19:00,1.95,15874,United Kingdom,3.9
547937,22564,ALPHABET STENCIL CRAFT,2,2011-03-28 14:27:00,1.25,15068,United Kingdom,2.5
547949,22697,GREEN REGENCY TEACUP AND SAUCER,24,2011-03-28 15:10:00,2.55,14021,United Kingdom,61.2
547960,21559,STRAWBERRY LUNCH BOX WITH CUTLERY,2,2011-03-28 15:27:00,2.55,15644,United Kingdom,5.1
547960,22556,PLASTERS IN TIN CIRCUS PARADE ,2,2011-03-28 15:27:00,1.65,15644,United Kingdom,3.3
547960,22382,LUNCH BAG SPACEBOY DESIGN ,2,2011-03-28 15:27:00,1.65,15644,United Kingdom,3.3
547965,22781,GUMBALL MAGAZINE RACK,2,2011-03-28 15:47:00,7.65,15809,United Kingdom,15.3
547971,84012,MAGIC SHEEP WOOL GROWING FROM PAPER,2,2011-03-28 16:37:00,2.55,17917,United Kingdom,5.1
547987,21212,PACK OF 72 RETROSPOT CAKE CASES,24,2011-03-29 09:11:00,0.55,17428,United Kingdom,13.2
548003,22784,LANTERN CREAM GAZEBO ,3,2011-03-29 10:39:00,4.95,18044,United Kingdom,14.85
548005,21500,PINK POLKADOT WRAP ,25,2011-03-29 10:49:00,0.42,14128,United Kingdom,10.5
548005,22646,CERAMIC STRAWBERRY CAKE MONEY BANK,12,2011-03-29 10:49:00,1.45,14128,United Kingdom,17.4
548010,22712,CARD DOLLY GIRL ,144,2011-03-29 11:04:00,0.36,14646,Netherlands,51.84
548011,22908,PACK OF 20 NAPKINS RED APPLES,96,2011-03-29 11:14:00,0.72,14646,Netherlands,69.12
548011,21976,PACK OF 60 MUSHROOM CAKE CASES,240,2011-03-29 11:14:00,0.42,14646,Netherlands,100.8
548014,22193,RED DINER WALL CLOCK,2,2011-03-29 11:29:00,8.5,17719,United Kingdom,17.0
548014,22727,ALARM CLOCK BAKELIKE RED ,4,2011-03-29 11:29:00,3.75,17719,United Kingdom,15.0
548014,22843,BISCUIT TIN VINTAGE GREEN,2,2011-03-29 11:29:00,6.75,17719,United Kingdom,13.5
548038,22669,RED BABY BUNTING ,5,2011-03-29 12:03:00,2.95,15696,United Kingdom,14.75
548151,22822,CREAM WALL PLANTER HEART SHAPED,2,2011-03-29 12:57:00,5.95,13803,United Kingdom,11.9
548154,22192,BLUE DINER WALL CLOCK,2,2011-03-29 13:06:00,8.5,17675,United Kingdom,17.0
548154,21175,GIN + TONIC DIET METAL SIGN,12,2011-03-29 13:06:00,2.55,17675,United Kingdom,30.6
548156,22721,SET OF 3 CAKE TINS SKETCHBOOK,1,2011-03-29 13:22:00,4.95,14871,United Kingdom,4.95
548158,21770,OPEN CLOSED METAL SIGN,1,2011-03-29 13:28:00,4.95,15906,United Kingdom,4.95
548169,47559B,TEA TIME OVEN GLOVE,7,2011-03-29 13:48:00,1.25,14680,United Kingdom,8.75
548176,22212,FOUR HOOK  WHITE LOVEBIRDS,2,2011-03-29 14:20:00,2.1,13439,United Kingdom,4.2
548176,85204,HANGING WOOD AND FELT FLOWER,5,2011-03-29 14:20:00,0.42,13439,United Kingdom,2.1
548178,22147,FELTCRAFT BUTTERFLY HEARTS,12,2011-03-29 14:35:00,1.45,14367,United Kingdom,17.4
548188,82580,BATHROOM METAL SIGN,4,2011-03-29 15:12:00,0.55,13263,United Kingdom,2.2
548196,22467,GUMBALL COAT RACK,6,2011-03-29 15:44:00,2.55,16011,United Kingdom,15.3
548197,22722,SET OF 6 SPICE TINS PANTRY DESIGN,4,2011-03-29 15:53:00,3.95,13588,United Kingdom,15.8
548198,21715,GIRLS VINTAGE TIN SEASIDE BUCKET,3,2011-03-29 16:05:00,2.55,16712,United Kingdom,7.649999999999999
548198,22852,DOG BOWL VINTAGE CREAM,3,2011-03-29 16:05:00,4.25,16712,United Kingdom,12.75
548210,21459,YELLOW EASTER EGG HUNT START POST,2,2011-03-29 17:23:00,1.95,14606,United Kingdom,3.9
548210,82486,WOOD S/3 CABINET ANT WHITE FINISH,1,2011-03-29 17:23:00,8.95,14606,United Kingdom,8.95
548211,22558,CLOTHES PEGS RETROSPOT PACK 24 ,48,2011-03-30 09:06:00,1.25,14646,Netherlands,60.0
548212,23050,RECYCLED ACAPULCO MAT GREEN,6,2011-03-30 09:12:00,8.25,12456,Switzerland,49.5
548213,20749,ASSORTED COLOUR MINI CASES,2,2011-03-30 09:15:00,7.95,15521,United Kingdom,15.9
548213,22716,CARD CIRCUS PARADE,12,2011-03-30 09:15:00,0.42,15521,United Kingdom,5.04
548214,84836,ZINC METAL HEART DECORATION,12,2011-03-30 09:17:00,1.25,13720,United Kingdom,15.0
548214,22969,HOMEMADE JAM SCENTED CANDLES,12,2011-03-30 09:17:00,1.45,13720,United Kingdom,17.4
548215,22698,PINK REGENCY TEACUP AND SAUCER,6,2011-03-30 09:19:00,2.95,15674,United Kingdom,17.700000000000003
548218,22652,TRAVEL SEWING KIT,10,2011-03-30 09:36:00,1.65,13999,United Kingdom,16.5
548234,20724,RED RETROSPOT CHARLOTTE BAG,10,2011-03-30 10:32:00,0.85,17594,United Kingdom,8.5
548242,22383,LUNCH BAG SUKI DESIGN ,20,2011-03-30 10:34:00,1.65,16218,United Kingdom,33.0
548258,22766,PHOTO FRAME CORNICE,8,2011-03-30 11:04:00,2.95,14146,United Kingdom,23.6
548258,84051,ASS COLOUR GLOWING TIARAS,10,2011-03-30 11:04:00,0.85,14146,United Kingdom,8.5
548259,85152,HAND OVER THE CHOCOLATE   SIGN ,12,2011-03-30 11:12:00,2.1,14099,United Kingdom,25.200000000000003
548276,22716,CARD CIRCUS PARADE,24,2011-03-30 11:39:00,0.42,17863,United Kingdom,10.08
548289,21078,SET/20 STRAWBERRY PAPER NAPKINS ,12,2011-03-30 11:48:00,0.85,13988,United Kingdom,10.2
548308,22971,QUEENS GUARD COFFEE MUG,6,2011-03-30 12:00:00,2.55,17220,United Kingdom,15.3
548309,10125,MINI FUNKY DESIGN TAPES,1,2011-03-30 12:02:00,0.85,16657,United Kingdom,0.85
548311,48187,DOORMAT NEW ENGLAND,2,2011-03-30 12:05:00,7.95,13728,United Kingdom,15.9
548311,48111,DOORMAT 3 SMILEY CATS,2,2011-03-30 12:05:00,7.95,13728,United Kingdom,15.9
548313,22507,MEMO BOARD RETROSPOT  DESIGN,1,2011-03-30 12:15:00,4.95,15353,United Kingdom,4.95
548315,20749,ASSORTED COLOUR MINI CASES,2,2011-03-30 12:34:00,7.95,16019,United Kingdom,15.9
548315,84945,MULTI COLOUR SILVER T-LIGHT HOLDER,12,2011-03-30 12:34:00,0.85,16019,United Kingdom,10.2
548319,21754,HOME BUILDING BLOCK WORD,3,2011-03-30 12:48:00,5.95,14180,United Kingdom,17.85
548319,22425,ENAMEL COLANDER CREAM,3,2011-03-30 12:48:00,4.95,14180,United Kingdom,14.85
548323,84313C,ORANGE TV TRAY TABLE ,6,2011-03-30 13:00:00,1.95,15424,United Kingdom,11.7
548325,21243,PINK  POLKADOT PLATE ,16,2011-03-30 13:01:00,1.69,13509,United Kingdom,27.04
548327,20971,PINK BLUE FELT CRAFT TRINKET BOX,4,2011-03-30 13:05:00,1.25,16788,United Kingdom,5.0
548332,22084,PAPER CHAIN KIT EMPIRE,24,2011-03-30 13:39:00,2.95,15364,United Kingdom,70.80000000000001
548336,15036,ASSORTED COLOURS SILK FAN,600,2011-03-30 14:06:00,0.65,13082,United Kingdom,390.0
548336,22729,ALARM CLOCK BAKELIKE ORANGE,4,2011-03-30 14:06:00,3.75,13082,United Kingdom,15.0
548351,85099B,JUMBO BAG RED RETROSPOT,10,2011-03-30 14:51:00,1.95,13001,United Kingdom,19.5
548351,21363,HOME SMALL WOOD LETTERS,3,2011-03-30 14:51:00,4.95,13001,United Kingdom,14.85
548358,20718,RED RETROSPOT SHOPPER BAG,10,2011-03-30 15:29:00,1.25,15832,United Kingdom,12.5
548358,22060,LARGE CAKE STAND HANGING HEARTS,8,2011-03-30 15:29:00,3.95,15832,United Kingdom,31.6
548358,21556,CERAMIC STRAWBERRY MONEY BOX,6,2011-03-30 15:29:00,2.55,15832,United Kingdom,15.3
548361,20972,PINK CREAM FELT CRAFT TRINKET BOX ,12,2011-03-30 15:38:00,1.25,16092,United Kingdom,15.0
548388,23184,BULL DOG BOTTLE OPENER,3,2011-03-30 16:52:00,4.95,13268,United Kingdom,14.85
548404,22957,SET 3 PAPER VINTAGE CHICK PAPER EGG,6,2011-03-31 09:38:00,2.95,16398,United Kingdom,17.700000000000003
548404,85099F,JUMBO BAG STRAWBERRY,10,2011-03-31 09:38:00,1.95,16398,United Kingdom,19.5
548404,21874,GIN AND TONIC MUG,12,2011-03-31 09:38:00,1.25,16398,United Kingdom,15.0
548405,22720,SET OF 3 CAKE TINS PANTRY DESIGN ,3,2011-03-31 09:48:00,4.95,17088,United Kingdom,14.85
548405,21259,VICTORIAN SEWING BOX SMALL ,2,2011-03-31 09:48:00,5.95,17088,United Kingdom,11.9
548410,23010,CIRCUS PARADE BABY GIFT SET,6,2011-03-31 10:29:00,14.95,12731,France,89.69999999999999
548450,22030,SWALLOWS GREETING CARD,12,2011-03-31 11:20:00,0.42,15856,United Kingdom,5.04
548451,16161U,WRAP SUKI AND FRIENDS,50,2011-03-31 11:25:00,0.42,17365,United Kingdom,21.0
548457,23181,BULL DOG BOTTLE TOP WALL CLOCK,2,2011-03-31 11:52:00,8.25,13468,United Kingdom,16.5
548470,22957,SET 3 PAPER VINTAGE CHICK PAPER EGG,12,2011-03-31 12:36:00,2.95,12782,Portugal,35.400000000000006
548484,22669,RED BABY BUNTING ,2,2011-03-31 12:43:00,2.95,13571,United Kingdom,5.9
548484,22892,SET OF SALT AND PEPPER TOADSTOOLS,2,2011-03-31 12:43:00,1.25,13571,United Kingdom,2.5
548486,84992,72 SWEETHEART FAIRY CAKE CASES,24,2011-03-31 12:51:00,0.55,12909,United Kingdom,13.2
548490,22508,DOORSTOP RETROSPOT HEART,4,2011-03-31 13:13:00,3.75,12909,United Kingdom,15.0
548492,22957,SET 3 PAPER VINTAGE CHICK PAPER EGG,1,2011-03-31 13:14:00,2.95,17841,United Kingdom,2.95
548492,22041,"RECORD FRAME 7"" SINGLE SIZE ",9,2011-03-31 13:14:00,2.55,17841,United Kingdom,22.95
548494,22084,PAPER CHAIN KIT EMPIRE,160,2011-03-31 13:33:00,2.55,16698,United Kingdom,408.0
548496,23157,SET OF 6 NATIVITY MAGNETS ,1,2011-03-31 13:40:00,2.08,12678,France,2.08
548497,22169,FAMILY ALBUM WHITE PICTURE FRAME,6,2011-03-31 13:43:00,8.5,13089,United Kingdom,51.0
548498,22085,PAPER CHAIN KIT SKULLS ,12,2011-03-31 13:46:00,2.95,16681,United Kingdom,35.400000000000006
548520,37342,POLKADOT COFFEE CUP & SAUCER PINK,24,2011-03-31 16:40:00,0.79,13126,United Kingdom,18.96
548531,22423,REGENCY CAKESTAND 3 TIER,48,2011-03-31 17:12:00,10.95,14031,United Kingdom,525.5999999999999
548533,22207,FRYING PAN UNION FLAG,12,2011-03-31 17:17:00,4.25,13883,United Kingdom,51.0
548533,21564,PINK  HEART SHAPE LOVE BUCKET ,12,2011-03-31 17:17:00,2.95,13883,United Kingdom,35.400000000000006
548545,22278,OVERNIGHT BAG VINTAGE ROSE PAISLEY,12,2011-03-31 19:12:00,4.95,13118,United Kingdom,59.400000000000006
548547,22693,GROW A FLYTRAP OR SUNFLOWER IN TIN,48,2011-03-31 19:42:00,1.25,17212,United Kingdom,60.0
548553,22262,FELT EGG COSY CHICKEN,12,2011-04-01 09:19:00,0.85,12523,France,10.2
548560,21533,RETROSPOT LARGE MILK JUG,6,2011-04-01 10:10:00,4.95,13468,United Kingdom,29.700000000000003
548567,23177,TREASURE ISLAND BOOK BOX,6,2011-04-01 10:34:00,2.25,17965,United Kingdom,13.5
548610,15056N,EDWARDIAN PARASOL NATURAL,1,2011-04-01 11:28:00,5.95,15860,United Kingdom,5.95
548611,82581,TOILET METAL SIGN,12,2011-04-01 11:31:00,0.55,18230,United Kingdom,6.6000000000000005
548612,22386,JUMBO BAG PINK POLKADOT,6,2011-04-01 11:34:00,2.08,13137,United Kingdom,12.48
548612,21213,PACK OF 72 SKULL CAKE CASES,1,2011-04-01 11:34:00,0.55,13137,United Kingdom,0.55
548614,22831,WHITE BROCANTE SOAP DISH,4,2011-04-01 11:47:00,2.95,14419,United Kingdom,11.8
548614,22998,TRAVEL CARD WALLET KEEP CALM,1,2011-04-01 11:47:00,0.42,14419,United Kingdom,0.42
548616,21791,VINTAGE HEADS AND TAILS CARD GAME ,24,2011-04-01 11:48:00,1.25,18263,United Kingdom,30.0
548616,22621,TRADITIONAL KNITTING NANCY,24,2011-04-01 11:48:00,1.45,18263,United Kingdom,34.8
548617,21155,RED RETROSPOT PEG BAG,6,2011-04-01 11:50:00,2.55,16592,United Kingdom,15.3
548618,22659,LUNCH BOX I LOVE LONDON,12,2011-04-01 11:50:00,1.95,15197,United Kingdom,23.4
548631,22776,SWEETHEART CAKESTAND 3 TIER,1,2011-04-01 12:24:00,9.95,13184,United Kingdom,9.95
548631,M,Manual,1,2011-04-01 12:24:00,1.0,13184,United Kingdom,1.0
548636,21508,VINTAGE KID DOLLY CARD ,12,2011-04-01 12:29:00,0.42,15601,United Kingdom,5.04
548650,22557,PLASTERS IN TIN VINTAGE PAISLEY ,12,2011-04-01 13:22:00,1.65,14852,United Kingdom,19.8
548664,22197,SMALL POPCORN HOLDER,12,2011-04-01 14:45:00,0.85,14911,EIRE,10.2
548664,22304,COFFEE MUG BLUE PAISLEY DESIGN,12,2011-04-01 14:45:00,2.55,14911,EIRE,30.6
548666,84821,DANISH ROSE DELUXE COASTER,24,2011-04-01 14:58:00,0.85,13124,United Kingdom,20.4
548666,35920,FOUR RABBIT EASTER DECORATIONS,13,2011-04-01 14:58:00,1.25,13124,United Kingdom,16.25
548666,22291,HANGING CHICK CREAM DECORATION,24,2011-04-01 14:58:00,1.45,13124,United Kingdom,34.8
548668,21259,VICTORIAN SEWING BOX SMALL ,2,2011-04-01 15:03:00,5.95,16162,United Kingdom,11.9
548670,82552,WASHROOM METAL SIGN,3,2011-04-01 15:37:00,1.45,15356,United Kingdom,4.35
548670,84992,72 SWEETHEART FAIRY CAKE CASES,1,2011-04-01 15:37:00,0.55,15356,United Kingdom,0.55
548670,84849B,FAIRY SOAP SOAP HOLDER,2,2011-04-01 15:37:00,1.69,15356,United Kingdom,3.38
548686,84596B,SMALL DOLLY MIX DESIGN ORANGE BOWL,16,2011-04-01 16:49:00,0.42,15856,United Kingdom,6.72
548698,22217,T-LIGHT HOLDER HANGING LACE,3,2011-04-03 10:55:00,1.25,18109,United Kingdom,3.75
548700,22461,SAVOY ART DECO CLOCK,10,2011-04-03 11:11:00,10.95,13623,United Kingdom,109.5
548702,82600,NO SINGING METAL SIGN,3,2011-04-03 11:36:00,2.1,17085,United Kingdom,6.300000000000001
548702,85150,LADIES & GENTLEMEN METAL SIGN,3,2011-04-03 11:36:00,2.55,17085,United Kingdom,7.649999999999999
548703,84755,COLOUR GLASS T-LIGHT HOLDER HANGING,6,2011-04-03 11:37:00,0.65,16010,United Kingdom,3.9
548704,22555,PLASTERS IN TIN STRONGMAN,144,2011-04-03 11:45:00,1.65,17381,United Kingdom,237.6
548708,22859,EASTER TIN BUNNY BOUQUET,1,2011-04-03 12:41:00,1.65,13269,United Kingdom,1.65
548708,22360,GLASS JAR ENGLISH CONFECTIONERY,1,2011-04-03 12:41:00,2.95,13269,United Kingdom,2.95
548708,22359,GLASS JAR KINGS CHOICE,1,2011-04-03 12:41:00,2.95,13269,United Kingdom,2.95
548711,22197,SMALL POPCORN HOLDER,3,2011-04-03 14:24:00,0.85,18116,United Kingdom,2.55
548712,20751,FUNKY WASHING UP GLOVES ASSORTED,4,2011-04-03 14:42:00,2.1,17050,United Kingdom,8.4
548714,22844,VINTAGE CREAM DOG FOOD CONTAINER,1,2011-04-03 15:07:00,8.5,17337,United Kingdom,8.5
548715,20684,STRAWBERRY DREAM CHILDS UMBRELLA,4,2011-04-03 15:22:00,3.25,17758,United Kingdom,13.0
548715,84569A,PACK 3 IRON ON DOG PATCHES,4,2011-04-03 15:22:00,1.25,17758,United Kingdom,5.0
548716,22534,MAGIC DRAWING SLATE SPACEBOY ,24,2011-04-03 15:50:00,0.42,14023,United Kingdom,10.08
548728,22332,SKULLS PARTY BAG + STICKER SET,8,2011-04-04 09:55:00,1.65,13198,United Kingdom,13.2
548728,22352,LUNCH BOX WITH CUTLERY RETROSPOT ,6,2011-04-04 09:55:00,2.55,13198,United Kingdom,15.3
548728,20723,STRAWBERRY CHARLOTTE BAG,10,2011-04-04 09:55:00,0.85,13198,United Kingdom,8.5
548732,22027,TEA PARTY BIRTHDAY CARD,12,2011-04-04 10:16:00,0.42,16142,United Kingdom,5.04
548732,16161U,WRAP SUKI AND FRIENDS,25,2011-04-04 10:16:00,0.42,16142,United Kingdom,10.5
548737,22382,LUNCH BAG SPACEBOY DESIGN ,10,2011-04-04 11:18:00,1.65,12682,France,16.5
548739,21907,I'M ON HOLIDAY METAL SIGN,2,2011-04-04 11:28:00,2.1,15493,United Kingdom,4.2
548739,21468,BUTTERFLY CROCHET FOOD COVER,1,2011-04-04 11:28:00,3.75,15493,United Kingdom,3.75
548740,22072,RED RETROSPOT TEA CUP AND SAUCER ,8,2011-04-04 11:34:00,3.75,13319,United Kingdom,30.0
548742,21936,RED RETROSPOT PICNIC BAG,1,2011-04-04 12:00:00,2.95,14688,United Kingdom,2.95
548742,20677,PINK POLKADOT BOWL,5,2011-04-04 12:00:00,1.25,14688,United Kingdom,6.25
548744,22285,HANGING HEN ON NEST DECORATION,12,2011-04-04 12:07:00,1.65,17725,United Kingdom,19.8
548749,23155,KNICKERBOCKERGLORY MAGNET ASSORTED ,12,2011-04-04 12:29:00,0.83,13004,United Kingdom,9.96
548749,82482,WOODEN PICTURE FRAME WHITE FINISH,6,2011-04-04 12:29:00,2.55,13004,United Kingdom,15.3
548749,23182,TOILET SIGN OCCUPIED OR VACANT,24,2011-04-04 12:29:00,0.83,13004,United Kingdom,19.92
548757,22077,6 RIBBONS RUSTIC CHARM,12,2011-04-04 12:31:00,1.65,17419,United Kingdom,19.8
548757,82486,WOOD S/3 CABINET ANT WHITE FINISH,2,2011-04-04 12:31:00,8.95,17419,United Kingdom,17.9
548757,22668,PINK BABY BUNTING,5,2011-04-04 12:31:00,2.95,17419,United Kingdom,14.75
548792,22297,HEART IVORY TRELLIS SMALL,1,2011-04-04 12:42:00,1.25,14711,United Kingdom,1.25
548796,21033,JUMBO BAG CHARLIE AND LOLA TOYS,5,2011-04-04 12:42:00,2.08,15752,United Kingdom,10.4
548796,22554,PLASTERS IN TIN WOODLAND ANIMALS,2,2011-04-04 12:42:00,1.65,15752,United Kingdom,3.3
548796,22566,FELTCRAFT HAIRBAND PINK AND PURPLE,3,2011-04-04 12:42:00,0.85,15752,United Kingdom,2.55
548801,85038,6 CHOCOLATE LOVE HEART T-LIGHTS,12,2011-04-04 12:44:00,2.1,15289,United Kingdom,25.200000000000003
548801,21232,STRAWBERRY CERAMIC TRINKET BOX,12,2011-04-04 12:44:00,1.25,15289,United Kingdom,15.0
548807,20676,RED RETROSPOT BOWL,72,2011-04-04 12:54:00,1.06,16422,United Kingdom,76.32000000000001
548807,47599B,BLUE PARTY BAGS ,144,2011-04-04 12:54:00,1.69,16422,United Kingdom,243.36
548858,22617,BAKING SET SPACEBOY DESIGN,3,2011-04-04 13:29:00,4.95,14911,EIRE,14.85
548860,22423,REGENCY CAKESTAND 3 TIER,1,2011-04-04 13:38:00,12.75,13263,United Kingdom,12.75
548863,35921,EASTER BUNNY HANGING GARLAND,2,2011-04-04 13:57:00,1.25,15311,United Kingdom,2.5
548867,22967,SET 3 SONG BIRD PAPER EGGS ASSORTED,1,2011-04-04 14:17:00,2.95,14719,United Kingdom,2.95
548868,22990,COTTON APRON PANTRY DESIGN,2,2011-04-04 14:28:00,4.95,13015,United Kingdom,9.9
548868,22781,GUMBALL MAGAZINE RACK,2,2011-04-04 14:28:00,7.65,13015,United Kingdom,15.3
548870,84949,SILVER HANGING T-LIGHT HOLDER,2,2011-04-04 14:41:00,1.65,14606,United Kingdom,3.3
548872,22962,JAM JAR WITH PINK LID,12,2011-04-04 14:42:00,0.85,13015,United Kingdom,10.2
548873,22087,PAPER BUNTING WHITE LACE,40,2011-04-04 15:10:00,2.55,12971,United Kingdom,102.0
548874,22771,CLEAR DRAWER KNOB ACRYLIC EDWARDIAN,24,2011-04-04 15:18:00,1.25,17716,United Kingdom,30.0
548896,22699,ROSES REGENCY TEACUP AND SAUCER ,6,2011-04-04 16:21:00,2.95,13767,United Kingdom,17.700000000000003
548898,21361,LOVE LARGE WOOD LETTERS ,1,2011-04-04 16:28:00,12.75,17214,United Kingdom,12.75
548919,22962,JAM JAR WITH PINK LID,12,2011-04-05 10:18:00,0.85,13013,United Kingdom,10.2
548919,20801,LARGE PINK GLASS SUNDAE DISH,16,2011-04-05 10:18:00,0.79,13013,United Kingdom,12.64
548920,84949,SILVER HANGING T-LIGHT HOLDER,6,2011-04-05 10:19:00,1.65,13018,United Kingdom,9.9
548971,84988,SET OF 72 PINK HEART PAPER DOILIES,2,2011-04-05 11:29:00,1.45,16919,United Kingdom,2.9
548971,22174,PHOTO CUBE,2,2011-04-05 11:29:00,1.65,16919,United Kingdom,3.3
548973,22784,LANTERN CREAM GAZEBO ,3,2011-04-05 11:44:00,4.95,15674,United Kingdom,14.85
548973,85123A,WHITE HANGING HEART T-LIGHT HOLDER,6,2011-04-05 11:44:00,2.95,15674,United Kingdom,17.700000000000003
548978,20754,RETROSPOT RED WASHING UP GLOVES,2,2011-04-05 12:08:00,2.1,15727,United Kingdom,4.2
548978,84991,60 TEATIME FAIRY CAKE CASES,24,2011-04-05 12:08:00,0.55,15727,United Kingdom,13.2
548984,21499,BLUE POLKADOT WRAP,25,2011-04-05 12:37:00,0.42,14546,United Kingdom,10.5
548984,21454,PAINTED PINK RABBIT ,4,2011-04-05 12:37:00,0.85,14546,United Kingdom,3.4
548984,20676,RED RETROSPOT BOWL,1,2011-04-05 12:37:00,1.25,14546,United Kingdom,1.25
548984,22270,HAPPY EASTER HANGING DECORATION,4,2011-04-05 12:37:00,3.75,14546,United Kingdom,15.0
548984,21906,PHARMACIE FIRST AID TIN,1,2011-04-05 12:37:00,6.75,14546,United Kingdom,6.75
548987,21922,UNION STRIPE WITH FRINGE  HAMMOCK,2,2011-04-05 12:50:00,7.95,14535,United Kingdom,15.9
548987,82482,WOODEN PICTURE FRAME WHITE FINISH,2,2011-04-05 12:50:00,2.55,14535,United Kingdom,5.1
548988,22570,FELTCRAFT CUSHION RABBIT,8,2011-04-05 13:07:00,3.75,17618,United Kingdom,30.0
548991,20831,GOLD PHOTO FRAME,2,2011-04-05 13:48:00,2.1,16915,United Kingdom,4.2
548993,22087,PAPER BUNTING WHITE LACE,40,2011-04-05 13:56:00,2.55,12753,Japan,102.0
548993,21937,STRAWBERRY   PICNIC BAG,50,2011-04-05 13:56:00,2.55,12753,Japan,127.5
549012,22674,FRENCH TOILET SIGN BLUE METAL,12,2011-04-05 14:51:00,1.25,16394,United Kingdom,15.0
549014,22251,BIRDHOUSE DECORATION MAGIC GARDEN,1,2011-04-05 15:00:00,1.25,17841,United Kingdom,1.25
549014,20728,LUNCH BAG CARS BLUE,4,2011-04-05 15:00:00,1.65,17841,United Kingdom,6.6
549017,22193,RED DINER WALL CLOCK,2,2011-04-05 15:20:00,8.5,15145,United Kingdom,17.0
549018,21136,PAINTED METAL PEARS ASSORTED,24,2011-04-05 15:21:00,1.69,17492,United Kingdom,40.56
549044,85099C,JUMBO  BAG BAROQUE BLACK WHITE,10,2011-04-06 09:11:00,1.95,16161,United Kingdom,19.5
549053,84879,ASSORTED COLOUR BIRD ORNAMENT,8,2011-04-06 10:20:00,1.69,13863,United Kingdom,13.52
549054,22723,SET OF 6 HERB TINS SKETCHBOOK,4,2011-04-06 10:21:00,3.95,17719,United Kingdom,15.8
549055,21901,"KEY FOB , BACK DOOR ",24,2011-04-06 10:33:00,0.65,13515,United Kingdom,15.6
549056,22501,PICNIC BASKET WICKER LARGE,2,2011-04-06 10:40:00,9.95,15917,United Kingdom,19.9
549099,22030,SWALLOWS GREETING CARD,12,2011-04-06 11:07:00,0.42,16241,United Kingdom,5.04
549102,21398,RED POLKADOT COFFEE  MUG,96,2011-04-06 11:34:00,0.39,13266,United Kingdom,37.44
549116,17011F,ORIGAMI SANDLEWOOD INCENSE+FLOWER,24,2011-04-06 12:49:00,0.65,16670,United Kingdom,15.6
549117,21398,RED POLKADOT COFFEE  MUG,48,2011-04-06 12:56:00,0.39,13491,United Kingdom,18.72
549117,22414,DOORMAT NEIGHBOURHOOD WITCH ,2,2011-04-06 12:56:00,7.95,13491,United Kingdom,15.9
549118,22623,BOX OF VINTAGE JIGSAW BLOCKS ,3,2011-04-06 13:18:00,5.95,14911,EIRE,17.85
549118,22637,PIGGY BANK RETROSPOT ,4,2011-04-06 13:18:00,2.55,14911,EIRE,10.2
549119,22500,SET OF 2 TINS JARDIN DE PROVENCE,8,2011-04-06 13:23:00,4.95,14220,United Kingdom,39.6
549120,22523,CHILDS GARDEN FORK PINK,2,2011-04-06 13:28:00,0.85,14587,United Kingdom,1.7
549120,20674,GREEN POLKADOT BOWL,1,2011-04-06 13:28:00,1.25,14587,United Kingdom,1.25
549123,82580,BATHROOM METAL SIGN,12,2011-04-06 14:02:00,0.55,15201,United Kingdom,6.6000000000000005
549127,21524,DOORMAT SPOTTY HOME SWEET HOME,10,2011-04-06 14:23:00,6.75,14403,United Kingdom,67.5
549126,22713,CARD I LOVE LONDON ,12,2011-04-06 14:23:00,0.42,16031,United Kingdom,5.04
549128,48184,DOORMAT ENGLISH ROSE ,1,2011-04-06 14:25:00,7.95,16713,United Kingdom,7.95
549129,22587,FELTCRAFT HAIRBAND RED AND BLUE,12,2011-04-06 14:53:00,0.85,17042,United Kingdom,10.2
549130,22084,PAPER CHAIN KIT EMPIRE,5,2011-04-06 15:02:00,2.95,14701,United Kingdom,14.75
549153,22993,SET OF 4 PANTRY JELLY MOULDS,12,2011-04-06 15:47:00,1.25,13771,United Kingdom,15.0
549185,20752,BLUE POLKADOT WASHING UP GLOVES,6,2011-04-07 09:35:00,2.1,18272,United Kingdom,12.6
549190,22961,JAM MAKING SET PRINTED,12,2011-04-07 10:13:00,1.45,13748,United Kingdom,17.4
549192,21213,PACK OF 72 SKULL CAKE CASES,24,2011-04-07 10:20:00,0.55,14961,United Kingdom,13.2
549193,20728,LUNCH BAG CARS BLUE,10,2011-04-07 10:24:00,1.65,12580,Germany,16.5
549239,22970,LONDON BUS COFFEE MUG,12,2011-04-07 11:37:00,2.55,13102,United Kingdom,30.6
549241,85099C,JUMBO  BAG BAROQUE BLACK WHITE,2,2011-04-07 11:40:00,2.08,15719,United Kingdom,4.16
549245,84466,TOP SECRET PEN SET,4,2011-04-07 11:59:00,1.25,15005,United Kingdom,5.0
549250,21976,PACK OF 60 MUSHROOM CAKE CASES,1,2011-04-07 12:10:00,0.55,14446,United Kingdom,0.55
549250,22967,SET 3 SONG BIRD PAPER EGGS ASSORTED,3,2011-04-07 12:10:00,2.95,14446,United Kingdom,8.850000000000001
549251,21878,PACK OF 6 SANDCASTLE FLAGS ASSORTED,2,2011-04-07 12:16:00,0.85,14449,United Kingdom,1.7
549251,21212,PACK OF 72 RETROSPOT CAKE CASES,1,2011-04-07 12:16:00,0.55,14449,United Kingdom,0.55
549257,20766,GARDEN PATH SKETCHBOOK,3,2011-04-07 12:29:00,3.75,14465,United Kingdom,11.25
549257,20712,JUMBO BAG WOODLAND ANIMALS,1,2011-04-07 12:29:00,2.08,14465,United Kingdom,2.08
549257,21535,RED RETROSPOT SMALL MILK JUG,1,2011-04-07 12:29:00,2.55,14465,United Kingdom,2.55
549257,21945,STRAWBERRIES  DESIGN FLANNEL ,1,2011-04-07 12:29:00,0.85,14465,United Kingdom,0.85
549258,22996,TRAVEL CARD WALLET VINTAGE TICKET,24,2011-04-07 12:30:00,0.42,13102,United Kingdom,10.08
549258,22804,CANDLEHOLDER PINK HANGING HEART,6,2011-04-07 12:30:00,2.95,13102,United Kingdom,17.700000000000003
549261,22084,PAPER CHAIN KIT EMPIRE,4,2011-04-07 12:35:00,2.95,14903,United Kingdom,11.8
549261,22800,ANTIQUE TALL SWIRLGLASS TRINKET POT,2,2011-04-07 12:35:00,3.75,14903,United Kingdom,7.5
549262,22751,FELTCRAFT PRINCESS OLIVIA DOLL,1,2011-04-07 12:38:00,3.75,14465,United Kingdom,3.75
549263,47566,PARTY BUNTING,4,2011-04-07 12:39:00,4.95,15800,United Kingdom,19.8
549274,20977,36 PENCILS TUBE WOODLAND,16,2011-04-07 13:07:00,1.25,12721,France,20.0
549275,22499,WOODEN UNION JACK BUNTING,4,2011-04-07 13:09:00,5.95,15916,United Kingdom,23.8
549279,22443,GROW YOUR OWN HERBS SET OF 3,1,2011-04-07 13:16:00,7.95,16469,United Kingdom,7.95
549278,22993,SET OF 4 PANTRY JELLY MOULDS,4,2011-04-07 13:16:00,1.25,16255,United Kingdom,5.0
549279,22919,HERB MARKER MINT,1,2011-04-07 13:16:00,0.65,16469,United Kingdom,0.65
549279,84751B,BLACK MEDIUM GLASS CAKE STAND,1,2011-04-07 13:16:00,0.79,16469,United Kingdom,0.79
549281,21913,VINTAGE SEASIDE JIGSAW PUZZLES,4,2011-04-07 13:19:00,3.75,17735,United Kingdom,15.0
549281,47566,PARTY BUNTING,4,2011-04-07 13:19:00,4.95,17735,United Kingdom,19.8
549282,35004B,SET OF 3 BLACK FLYING DUCKS,24,2011-04-07 13:24:00,4.65,13718,United Kingdom,111.6
549283,22456,NATURAL SLATE CHALKBOARD LARGE ,3,2011-04-07 13:32:00,4.95,13005,United Kingdom,14.85
549291,22606,WOODEN SKITTLES GARDEN SET,1,2011-04-07 19:05:00,15.95,16261,United Kingdom,15.95
549294,84596G,SMALL CHOCOLATES PINK BOWL,1,2011-04-07 19:27:00,0.42,13230,United Kingdom,0.42
549297,21523,DOORMAT FANCY FONT HOME SWEET HOME,4,2011-04-08 07:49:00,7.95,18061,United Kingdom,31.8
549300,22105,MIRROR MOSAIC GOBLET CANDLE HOLDER,4,2011-04-08 08:21:00,4.25,13362,United Kingdom,17.0
549301,22456,NATURAL SLATE CHALKBOARD LARGE ,3,2011-04-08 08:24:00,4.95,16643,United Kingdom,14.85
549301,22938,CUPCAKE LACE PAPER SET 6,12,2011-04-08 08:24:00,1.95,16643,United Kingdom,23.4
549303,20711,JUMBO BAG TOYS ,10,2011-04-08 08:27:00,2.08,18040,United Kingdom,20.8
549304,22139,RETROSPOT TEA SET CERAMIC 11 PC ,24,2011-04-08 08:39:00,4.25,16133,United Kingdom,102.0
549304,22570,FELTCRAFT CUSHION RABBIT,4,2011-04-08 08:39:00,3.75,16133,United Kingdom,15.0
549305,22429,ENAMEL MEASURING JUG CREAM,4,2011-04-08 08:40:00,4.25,15189,United Kingdom,17.0
549307,22427,ENAMEL FLOWER JUG CREAM,3,2011-04-08 09:08:00,5.95,15119,United Kingdom,17.85
549313,22333,RETROSPOT PARTY BAG + STICKER SET,8,2011-04-08 09:45:00,1.65,12393,Australia,13.2
549316,21883,STARS GIFT TAPE ,12,2011-04-08 09:54:00,0.65,12705,Germany,7.800000000000001
549316,22667,RECIPE BOX RETROSPOT ,6,2011-04-08 09:54:00,2.95,12705,Germany,17.700000000000003
549325,23156,SET OF 5 MINI GROCERY MAGNETS,12,2011-04-08 10:32:00,2.08,12717,Greece,24.96
549360,47566,PARTY BUNTING,4,2011-04-08 11:23:00,4.95,17035,United Kingdom,19.8
549360,23050,RECYCLED ACAPULCO MAT GREEN,2,2011-04-08 11:23:00,8.25,17035,United Kingdom,16.5
549372,22505,MEMO BOARD COTTAGE DESIGN,2,2011-04-08 11:28:00,4.95,14958,United Kingdom,9.9
549424,22556,PLASTERS IN TIN CIRCUS PARADE ,12,2011-04-08 11:50:00,1.65,15367,United Kingdom,19.8
549424,22537,MAGIC DRAWING SLATE DINOSAUR,24,2011-04-08 11:50:00,0.42,15367,United Kingdom,10.08
549431,22908,PACK OF 20 NAPKINS RED APPLES,13,2011-04-08 12:17:00,0.85,15874,United Kingdom,11.05
549435,21212,PACK OF 72 RETROSPOT CAKE CASES,24,2011-04-08 12:33:00,0.55,12356,Portugal,13.2
549435,22967,SET 3 SONG BIRD PAPER EGGS ASSORTED,12,2011-04-08 12:33:00,2.95,12356,Portugal,35.400000000000006
549436,21791,VINTAGE HEADS AND TAILS CARD GAME ,24,2011-04-08 12:34:00,1.25,18041,United Kingdom,30.0
549436,22084,PAPER CHAIN KIT EMPIRE,1,2011-04-08 12:34:00,2.95,18041,United Kingdom,2.95
549448,22684,FRENCH BLUE METAL DOOR SIGN 9,10,2011-04-08 14:07:00,1.25,13078,United Kingdom,12.5
549449,22170,PICTURE FRAME WOOD TRIPLE PORTRAIT,4,2011-04-08 14:12:00,6.75,14227,United Kingdom,27.0
549451,22907,PACK OF 20 NAPKINS PANTRY DESIGN,12,2011-04-08 14:14:00,0.85,16556,United Kingdom,10.2
549471,22224,WHITE LOVEBIRD LANTERN,12,2011-04-08 14:39:00,2.55,17389,United Kingdom,30.6
549520,22775,PURPLE DRAWERKNOB ACRYLIC EDWARDIAN,12,2011-04-08 15:19:00,1.25,13265,United Kingdom,15.0
549522,22962,JAM JAR WITH PINK LID,12,2011-04-08 15:34:00,0.85,16873,United Kingdom,10.2
549522,20724,RED RETROSPOT CHARLOTTE BAG,20,2011-04-08 15:34:00,0.85,16873,United Kingdom,17.0
549538,21126,SET OF 6 GIRLS CELEBRATION CANDLES,2,2011-04-08 17:25:00,1.25,17961,United Kingdom,2.5
549542,22755,SMALL PURPLE BABUSHKA NOTEBOOK ,2,2011-04-10 11:11:00,0.85,15311,United Kingdom,1.7
549543,22417,PACK OF 60 SPACEBOY CAKE CASES,1,2011-04-10 11:14:00,0.55,18118,United Kingdom,0.55
549543,21363,HOME SMALL WOOD LETTERS,1,2011-04-10 11:14:00,4.95,18118,United Kingdom,4.95
549543,22720,SET OF 3 CAKE TINS PANTRY DESIGN ,1,2011-04-10 11:14:00,4.95,18118,United Kingdom,4.95
549546,22561,WOODEN SCHOOL COLOURING SET,24,2011-04-10 11:24:00,1.65,16889,United Kingdom,39.6
549546,21936,RED RETROSPOT PICNIC BAG,4,2011-04-10 11:24:00,2.95,16889,United Kingdom,11.8
549546,21485,RETROSPOT HEART HOT WATER BOTTLE,2,2011-04-10 11:24:00,4.95,16889,United Kingdom,9.9
549548,20846,ZINC HEART LATTICE T-LIGHT HOLDER,5,2011-04-10 11:35:00,1.25,13548,United Kingdom,6.25
549548,21843,RED RETROSPOT CAKE STAND,1,2011-04-10 11:35:00,10.95,13548,United Kingdom,10.95
549548,21466,RED FLOWER CROCHET FOOD COVER,2,2011-04-10 11:35:00,3.75,13548,United Kingdom,7.5
549550,22430,ENAMEL WATERING CAN CREAM,1,2011-04-10 11:45:00,4.95,15038,United Kingdom,4.95
549551,22927,GREEN GIANT GARDEN THERMOMETER,4,2011-04-10 11:48:00,5.95,15955,United Kingdom,23.8
549551,22501,PICNIC BASKET WICKER LARGE,6,2011-04-10 11:48:00,9.95,15955,United Kingdom,59.7
549553,22268,EASTER DECORATION SITTING BUNNY,6,2011-04-10 12:22:00,0.85,16931,United Kingdom,5.1
549556,85040A,S/4 PINK FLOWER CANDLES IN BOWL,2,2011-04-10 12:53:00,1.65,17372,United Kingdom,3.3
549558,22919,HERB MARKER MINT,1,2011-04-10 13:21:00,0.65,15058,United Kingdom,0.65
549558,22700,BLACK AND WHITE DOG BOWL,1,2011-04-10 13:21:00,2.95,15058,United Kingdom,2.95
549559,22555,PLASTERS IN TIN STRONGMAN,12,2011-04-10 13:25:00,1.65,12447,Belgium,19.8
549561,20803,SMALL PINK GLASS SUNDAE DISH,3,2011-04-10 13:36:00,0.39,13570,United Kingdom,1.17
549561,22219,LOVEBIRD HANGING DECORATION WHITE ,12,2011-04-10 13:36:00,0.85,13570,United Kingdom,10.2
549567,46776B,WOVEN BERRIES CUSHION COVER ,2,2011-04-10 15:07:00,4.95,13632,United Kingdom,9.9
549567,85099C,JUMBO  BAG BAROQUE BLACK WHITE,2,2011-04-10 15:07:00,2.08,13632,United Kingdom,4.16
549568,84978,HANGING HEART JAR T-LIGHT HOLDER,12,2011-04-10 15:09:00,1.25,15665,United Kingdom,15.0
549568,21136,PAINTED METAL PEARS ASSORTED,8,2011-04-10 15:09:00,1.69,15665,United Kingdom,13.52
549568,20975,12 PENCILS SMALL TUBE RED RETROSPOT,48,2011-04-10 15:09:00,0.65,15665,United Kingdom,31.200000000000003
549569,72741,GRAND CHOCOLATECANDLE,9,2011-04-10 15:15:00,1.45,15547,United Kingdom,13.05
549569,22148,EASTER CRAFT 4 CHICKS ,3,2011-04-10 15:15:00,1.95,15547,United Kingdom,5.85
549570,84912A,PINK ROSE WASHBAG,2,2011-04-10 15:19:00,3.75,17550,United Kingdom,7.5
549571,84755,COLOUR GLASS T-LIGHT HOLDER HANGING,16,2011-04-10 15:25:00,0.65,15655,United Kingdom,10.4
549572,23154,SET OF 4 JAM JAR MAGNETS,12,2011-04-10 15:32:00,2.08,17757,United Kingdom,24.96
549575,85130D,BEADED CRYSTAL HEART PINK LARGE,2,2011-04-10 16:04:00,1.65,13956,United Kingdom,3.3
549577,22609,PENS ASSORTED SPACEBALL,36,2011-04-11 08:16:00,0.85,14286,United Kingdom,30.6
549577,22745,POPPY'S PLAYHOUSE BEDROOM ,6,2011-04-11 08:16:00,2.1,14286,United Kingdom,12.6
549577,51014C,"FEATHER PEN,COAL BLACK",12,2011-04-11 08:16:00,0.85,14286,United Kingdom,10.2
549581,22907,PACK OF 20 NAPKINS PANTRY DESIGN,12,2011-04-11 09:44:00,0.85,16188,United Kingdom,10.2
549583,21774,DECORATIVE CATS BATHROOM BOTTLE,12,2011-04-11 09:46:00,1.25,15214,United Kingdom,15.0
549588,85017B,ENVELOPE 50 BLOSSOM IMAGES,12,2011-04-11 10:04:00,0.85,12428,Finland,10.2
549588,22028,PENNY FARTHING BIRTHDAY CARD,12,2011-04-11 10:04:00,0.42,12428,Finland,5.04
549592,22424,ENAMEL BREAD BIN CREAM,1,2011-04-11 10:14:00,12.75,14311,United Kingdom,12.75
549594,21166,COOK WITH WINE METAL SIGN ,48,2011-04-11 10:25:00,1.53,16029,United Kingdom,73.44
549646,85159A,"BLACK TEA,COFFEE,SUGAR JARS",12,2011-04-11 11:51:00,1.95,12982,United Kingdom,23.4
549667,21154,RED RETROSPOT OVEN GLOVE ,10,2011-04-11 12:20:00,1.25,14911,EIRE,12.5
549667,22407,MONEY BOX FIRST ADE DESIGN,12,2011-04-11 12:20:00,1.25,14911,EIRE,15.0
549682,21703,BAG 125g SWIRLY MARBLES,12,2011-04-11 13:22:00,0.42,12596,Spain,5.04
549683,85099C,JUMBO  BAG BAROQUE BLACK WHITE,10,2011-04-11 13:24:00,2.08,14273,United Kingdom,20.8
549690,20725,LUNCH BAG RED RETROSPOT,3,2011-04-11 13:41:00,1.65,17841,United Kingdom,4.949999999999999
549693,84666,SQUARE CHERRY BLOSSOM CABINET,6,2011-04-11 13:43:00,3.95,14696,United Kingdom,23.700000000000003
549716,22998,TRAVEL CARD WALLET KEEP CALM,24,2011-04-11 14:43:00,0.42,14628,United Kingdom,10.08
549716,85123A,WHITE HANGING HEART T-LIGHT HOLDER,12,2011-04-11 14:43:00,2.95,14628,United Kingdom,35.400000000000006
549719,22149,FELTCRAFT 6 FLOWER FRIENDS,12,2011-04-11 15:04:00,2.1,14326,United Kingdom,25.200000000000003
549720,21714,CITRONELLA CANDLE GARDEN POT,5,2011-04-11 15:25:00,1.25,14606,United Kingdom,6.25
549720,22227,HANGING HEART MIRROR DECORATION ,1,2011-04-11 15:25:00,0.65,14606,United Kingdom,0.65
549722,84879,ASSORTED COLOUR BIRD ORNAMENT,1,2011-04-11 15:59:00,1.69,17236,United Kingdom,1.69
549729,85186C,BUNNY EGG GARLAND,3,2011-04-11 16:17:00,0.42,13634,United Kingdom,1.26
549732,21623,VINTAGE UNION JACK MEMOBOARD,10,2011-04-11 16:47:00,9.95,15615,United Kingdom,99.5
549733,22659,LUNCH BOX I LOVE LONDON,2,2011-04-11 16:56:00,1.95,17827,United Kingdom,3.9
549734,21175,GIN + TONIC DIET METAL SIGN,2,2011-04-11 17:12:00,2.55,16409,United Kingdom,5.1
549734,22247,BUNNY DECORATION MAGIC GARDEN,10,2011-04-11 17:12:00,0.85,16409,United Kingdom,8.5
549734,21238,RED RETROSPOT CUP,10,2011-04-11 17:12:00,0.85,16409,United Kingdom,8.5
549734,22584,PACK OF 6 PANNETONE GIFT BOXES,2,2011-04-11 17:12:00,2.55,16409,United Kingdom,5.1
549742,22970,LONDON BUS COFFEE MUG,36,2011-04-12 10:01:00,2.1,12910,United Kingdom,75.60000000000001
549746,22457,NATURAL SLATE HEART CHALKBOARD ,48,2011-04-12 10:38:00,2.55,15251,United Kingdom,122.4
549750,22813,PACK 3 BOXES BIRD PANNETONE ,1,2011-04-12 10:48:00,1.95,18109,United Kingdom,1.95
549750,22666,RECIPE BOX PANTRY YELLOW DESIGN,1,2011-04-12 10:48:00,2.95,18109,United Kingdom,2.95
549751,22921,HERB MARKER CHIVES ,24,2011-04-12 10:58:00,0.65,13089,United Kingdom,15.6
549752,23206,LUNCH BAG APPLE DESIGN,10,2011-04-12 11:01:00,1.65,13089,United Kingdom,16.5
549755,22563,HAPPY STENCIL CRAFT,72,2011-04-12 11:34:00,1.06,16843,United Kingdom,76.32000000000001
549771,22933,BAKING MOULD EASTER EGG MILK CHOC,3,2011-04-12 11:43:00,2.95,14669,United Kingdom,8.850000000000001
549771,22250,DECORATION  BUTTERFLY  MAGIC GARDEN,7,2011-04-12 11:43:00,0.85,14669,United Kingdom,5.95
549787,22168,ORGANISER WOOD ANTIQUE WHITE ,1,2011-04-12 11:58:00,8.5,13268,United Kingdom,8.5
549787,84925D,LA PALMIERA WALL THERMOMETER,2,2011-04-12 11:58:00,2.55,13268,United Kingdom,5.1
549787,21873,IF YOU CAN'T STAND THE HEAT MUG,6,2011-04-12 11:58:00,1.25,13268,United Kingdom,7.5
549789,20727,LUNCH BAG  BLACK SKULL.,10,2011-04-12 12:00:00,1.65,17160,United Kingdom,16.5
549813,22427,ENAMEL FLOWER JUG CREAM,1,2011-04-12 12:16:00,5.95,17972,United Kingdom,5.95
549825,20963,APPLE BATH SPONGE,10,2011-04-12 12:47:00,1.25,12463,Belgium,12.5
549829,22457,NATURAL SLATE HEART CHALKBOARD ,6,2011-04-12 12:56:00,2.95,16713,United Kingdom,17.700000000000003
549831,84375,SET OF 20 KIDS COOKIE CUTTERS,12,2011-04-12 13:10:00,2.1,14844,United Kingdom,25.200000000000003
549833,22986,GINGHAM ROSE WRAP,25,2011-04-12 13:19:00,0.42,13458,United Kingdom,10.5
549836,22920,HERB MARKER BASIL,5,2011-04-12 13:32:00,0.65,16814,United Kingdom,3.25
549837,82484,WOOD BLACK BOARD ANT WHITE FINISH,4,2011-04-12 13:38:00,7.95,16705,United Kingdom,31.8
549844,22149,FELTCRAFT 6 FLOWER FRIENDS,3,2011-04-12 14:17:00,2.1,12854,United Kingdom,6.300000000000001
549847,22467,GUMBALL COAT RACK,6,2011-04-12 14:43:00,2.55,15358,United Kingdom,15.3
549847,21724,PANDA AND BUNNIES STICKER SHEET,12,2011-04-12 14:43:00,0.85,15358,United Kingdom,10.2
549847,84077,WORLD WAR 2 GLIDERS ASSTD DESIGNS,192,2011-04-12 14:43:00,0.29,15358,United Kingdom,55.67999999999999
549847,22077,6 RIBBONS RUSTIC CHARM,12,2011-04-12 14:43:00,1.65,15358,United Kingdom,19.8
549874,22957,SET 3 PAPER VINTAGE CHICK PAPER EGG,4,2011-04-12 15:23:00,2.95,16919,United Kingdom,11.8
549874,20618,QUEEN OF THE SKIES PASSPORT COVER ,2,2011-04-12 15:23:00,2.1,16919,United Kingdom,4.2
549880,22189,CREAM HEART CARD HOLDER,36,2011-04-12 15:30:00,3.39,15932,United Kingdom,122.04
549885,22825,DECORATIVE PLANT POT WITH FRIEZE,2,2011-04-12 15:32:00,7.95,17204,United Kingdom,15.9
549901,23155,KNICKERBOCKERGLORY MAGNET ASSORTED ,6,2011-04-12 16:17:00,0.83,17180,United Kingdom,4.98
549903,22989,SET 2 PANTRY DESIGN TEA TOWELS,3,2011-04-12 16:19:00,3.25,17576,United Kingdom,9.75
549906,22632,HAND WARMER RED RETROSPOT,1,2011-04-12 16:28:00,2.1,14998,United Kingdom,2.1
549911,16161U,WRAP SUKI AND FRIENDS,25,2011-04-13 08:26:00,0.42,14060,United Kingdom,10.5
549923,20969,RED FLORAL FELTCRAFT SHOULDER BAG,4,2011-04-13 09:59:00,3.75,13138,United Kingdom,15.0
549929,22815,CARD PSYCHEDELIC APPLES,12,2011-04-13 10:32:00,0.42,13740,United Kingdom,5.04
549933,22081,RIBBON REEL FLORA + FAUNA ,10,2011-04-13 11:04:00,1.65,15230,United Kingdom,16.5
549933,47566,PARTY BUNTING,12,2011-04-13 11:04:00,4.95,15230,United Kingdom,59.400000000000006
549943,84951A,SET OF 4 PISTACHIO LOVEBIRD COASTER,2,2011-04-13 12:09:00,0.79,13544,United Kingdom,1.58
549944,21716,BOYS VINTAGE TIN SEASIDE BUCKET,8,2011-04-13 12:23:00,2.55,14262,United Kingdom,20.4
549944,21731,RED TOADSTOOL LED NIGHT LIGHT,12,2011-04-13 12:23:00,1.65,14262,United Kingdom,19.8
549949,21078,SET/20 STRAWBERRY PAPER NAPKINS ,4,2011-04-13 12:57:00,0.85,13208,United Kingdom,3.4
549949,85144,JARDIN ETCHED GLASS CHEESE DISH,1,2011-04-13 12:57:00,1.95,13208,United Kingdom,1.95
549949,84750B,BLACK SMALL GLASS CAKE STAND,1,2011-04-13 12:57:00,0.39,13208,United Kingdom,0.39
549953,21929,JUMBO BAG PINK VINTAGE PAISLEY,20,2011-04-13 13:15:00,2.08,12766,Portugal,41.6
549958,22147,FELTCRAFT BUTTERFLY HEARTS,2,2011-04-13 13:47:00,1.45,17589,United Kingdom,2.9
549958,23078,ICE CREAM PEN LIP GLOSS ,24,2011-04-13 13:47:00,1.25,17589,United Kingdom,30.0
549958,21746,SMALL RED RETROSPOT WINDMILL,5,2011-04-13 13:47:00,1.25,17589,United Kingdom,6.25
549964,21068,VINTAGE BILLBOARD LOVE/HATE MUG,12,2011-04-13 14:12:00,1.25,13122,United Kingdom,15.0
549964,22084,PAPER CHAIN KIT EMPIRE,6,2011-04-13 14:12:00,2.95,13122,United Kingdom,17.700000000000003
549981,21713,CITRONELLA CANDLE FLOWERPOT,4,2011-04-13 15:49:00,2.1,16348,United Kingdom,8.4
549983,23077,DOUGHNUT LIP GLOSS ,20,2011-04-13 15:55:00,1.25,16348,United Kingdom,25.0
549984,20750,RED RETROSPOT MINI CASES,4,2011-04-13 15:57:00,7.95,15147,United Kingdom,31.8
549984,20981,12 PENCILS TALL TUBE WOODLAND,12,2011-04-13 15:57:00,0.85,15147,United Kingdom,10.2
549985,22607,WOODEN ROUNDERS GARDEN SET ,3,2011-04-13 15:58:00,9.95,15640,United Kingdom,29.85
549989,22090,PAPER BUNTING RETROSPOT,2,2011-04-13 16:58:00,2.95,13221,United Kingdom,5.9
549990,22082,RIBBON REEL STRIPES DESIGN ,10,2011-04-13 17:31:00,1.65,16678,United Kingdom,16.5
549991,21137,BLACK RECORD COVER FRAME,12,2011-04-14 08:13:00,3.75,18229,United Kingdom,45.0
549995,20932,PINK POT PLANT CANDLE,8,2011-04-14 08:32:00,3.75,16131,United Kingdom,30.0
549999,22652,TRAVEL SEWING KIT,10,2011-04-14 09:09:00,1.65,15813,United Kingdom,16.5
549999,22084,PAPER CHAIN KIT EMPIRE,6,2011-04-14 09:09:00,2.95,15813,United Kingdom,17.700000000000003
550006,22355,CHARLOTTE BAG SUKI DESIGN,1,2011-04-14 10:10:00,0.85,17841,United Kingdom,0.85
550007,23199,JUMBO BAG APPLES,100,2011-04-14 10:13:00,1.65,15125,United Kingdom,165.0
550008,85123A,WHITE HANGING HEART T-LIGHT HOLDER,6,2011-04-14 10:17:00,2.95,15570,United Kingdom,17.700000000000003
550015,21931,JUMBO STORAGE BAG SUKI,10,2011-04-14 10:54:00,2.08,17735,United Kingdom,20.8
550015,22534,MAGIC DRAWING SLATE SPACEBOY ,24,2011-04-14 10:54:00,0.42,17735,United Kingdom,10.08
550015,21718,RED METAL BEACH SPADE ,12,2011-04-14 10:54:00,1.25,17735,United Kingdom,15.0
550017,21175,GIN + TONIC DIET METAL SIGN,12,2011-04-14 11:07:00,2.55,17865,United Kingdom,30.6
550035,82483,WOOD 2 DRAWER CABINET WHITE FINISH,2,2011-04-14 11:48:00,6.95,15039,United Kingdom,13.9
550106,22721,SET OF 3 CAKE TINS SKETCHBOOK,1,2011-04-14 12:31:00,4.95,13772,United Kingdom,4.95
550106,22962,JAM JAR WITH PINK LID,3,2011-04-14 12:31:00,0.85,13772,United Kingdom,2.55
550106,84375,SET OF 20 KIDS COOKIE CUTTERS,2,2011-04-14 12:31:00,2.1,13772,United Kingdom,4.2
550106,22963,JAM JAR WITH GREEN LID,3,2011-04-14 12:31:00,0.85,13772,United Kingdom,2.55
550121,22087,PAPER BUNTING WHITE LACE,6,2011-04-14 12:38:00,2.95,15271,United Kingdom,17.700000000000003
550125,22170,PICTURE FRAME WOOD TRIPLE PORTRAIT,4,2011-04-14 12:42:00,6.75,13317,United Kingdom,27.0
550130,85135C,RED DRAGONFLY HELICOPTER,1,2011-04-14 13:17:00,7.95,14390,United Kingdom,7.95
550130,23256,CHILDRENS CUTLERY SPACEBOY ,3,2011-04-14 13:17:00,4.15,14390,United Kingdom,12.45
550129,21122,SET/10 PINK POLKADOT PARTY CANDLES,24,2011-04-14 13:17:00,1.25,13001,United Kingdom,30.0
550132,22267,EASTER DECORATION EGG BUNNY ,12,2011-04-14 13:33:00,1.25,16933,United Kingdom,15.0
550134,21749,LARGE RED RETROSPOT WINDMILL,24,2011-04-14 13:50:00,2.1,16249,United Kingdom,50.400000000000006
550134,21907,I'M ON HOLIDAY METAL SIGN,12,2011-04-14 13:50:00,2.1,16249,United Kingdom,25.200000000000003
550134,84879,ASSORTED COLOUR BIRD ORNAMENT,32,2011-04-14 13:50:00,1.69,16249,United Kingdom,54.08
550136,22520,CHILDS GARDEN TROWEL BLUE ,12,2011-04-14 13:56:00,0.85,16957,United Kingdom,10.2
550136,22432,WATERING CAN PINK BUNNY,12,2011-04-14 13:56:00,1.95,16957,United Kingdom,23.4
550137,22939,APRON APPLE DELIGHT,4,2011-04-14 13:59:00,4.95,12477,Germany,19.8
550137,22646,CERAMIC STRAWBERRY CAKE MONEY BANK,12,2011-04-14 13:59:00,1.45,12477,Germany,17.4
550138,22996,TRAVEL CARD WALLET VINTAGE TICKET,4,2011-04-14 14:02:00,0.42,12841,United Kingdom,1.68
550152,85175,CACTI T-LIGHT CANDLES,16,2011-04-14 14:43:00,0.42,17362,United Kingdom,6.72
550158,22188,BLACK HEART CARD HOLDER,4,2011-04-14 15:39:00,3.95,13989,United Kingdom,15.8
550159,22729,ALARM CLOCK BAKELIKE ORANGE,16,2011-04-14 15:46:00,3.75,14062,United Kingdom,60.0
550159,21166,COOK WITH WINE METAL SIGN ,96,2011-04-14 15:46:00,1.85,14062,United Kingdom,177.60000000000002
550161,84879,ASSORTED COLOUR BIRD ORNAMENT,16,2011-04-14 15:58:00,1.69,14154,United Kingdom,27.04
550167,22432,WATERING CAN PINK BUNNY,6,2011-04-14 16:38:00,1.95,14206,United Kingdom,11.7
550178,20719,WOODLAND CHARLOTTE BAG,20,2011-04-14 17:25:00,0.85,12662,Germany,17.0
550180,22801,ANTIQUE GLASS PEDESTAL BOWL,5,2011-04-14 17:33:00,3.75,14163,United Kingdom,18.75
550183,22630,DOLLY GIRL LUNCH BOX,12,2011-04-14 17:58:00,1.95,14105,United Kingdom,23.4
550183,22149,FELTCRAFT 6 FLOWER FRIENDS,6,2011-04-14 17:58:00,2.1,14105,United Kingdom,12.6
550188,22192,BLUE DINER WALL CLOCK,2,2011-04-14 18:57:00,8.5,12457,Switzerland,17.0
550193,79030G,TUMBLER NEW ENGLAND,24,2011-04-15 09:27:00,0.39,13952,United Kingdom,9.36
550196,23159,SET OF 5 PANCAKE DAY MAGNETS,1,2011-04-15 10:09:00,2.08,14796,United Kingdom,2.08
550196,22063,CERAMIC BOWL WITH STRAWBERRY DESIGN,2,2011-04-15 10:09:00,2.95,14796,United Kingdom,5.9
550199,22908,PACK OF 20 NAPKINS RED APPLES,12,2011-04-15 10:20:00,0.85,16523,United Kingdom,10.2
550201,23179,CLOCK MAGNET MUM'S KITCHEN,6,2011-04-15 10:25:00,2.89,12769,Brazil,17.34
550201,15056BL,EDWARDIAN PARASOL BLACK,3,2011-04-15 10:25:00,5.95,12769,Brazil,17.85
550201,21181,PLEASE ONE PERSON METAL SIGN,12,2011-04-15 10:25:00,2.1,12769,Brazil,25.200000000000003
550202,21257,VICTORIAN SEWING BOX MEDIUM,32,2011-04-15 10:27:00,6.95,13090,United Kingdom,222.4
550218,82599,FANNY'S REST STOPMETAL SIGN,22,2011-04-15 11:15:00,2.1,14408,United Kingdom,46.2
550274,21883,STARS GIFT TAPE ,12,2011-04-15 12:23:00,0.65,15498,United Kingdom,7.800000000000001
550277,22956,36 FOIL HEART CAKE CASES,12,2011-04-15 12:48:00,2.1,12639,Sweden,25.200000000000003
550279,21363,HOME SMALL WOOD LETTERS,4,2011-04-15 13:16:00,4.95,14700,United Kingdom,19.8
550288,21122,SET/10 PINK POLKADOT PARTY CANDLES,2,2011-04-15 14:21:00,1.25,17367,United Kingdom,2.5
550297,22520,CHILDS GARDEN TROWEL BLUE ,2,2011-04-15 15:58:00,0.85,14056,United Kingdom,1.7
550297,23052,RECYCLED ACAPULCO MAT TURQUOISE,3,2011-04-15 15:58:00,8.25,14056,United Kingdom,24.75
550298,21326,AGED GLASS SILVER T-LIGHT HOLDER,12,2011-04-15 16:11:00,0.65,17346,United Kingdom,7.800000000000001
550298,23003,TRAVEL CARD WALLET VINTAGE ROSE ,2,2011-04-15 16:11:00,0.42,17346,United Kingdom,0.84
550302,22925,BLUE GIANT GARDEN THERMOMETER,2,2011-04-17 10:17:00,5.95,14156,EIRE,11.9
550310,20754,RETROSPOT RED WASHING UP GLOVES,18,2011-04-17 11:04:00,2.1,15985,United Kingdom,37.8
550316,71459,HANGING JAM JAR T-LIGHT HOLDER,12,2011-04-17 11:45:00,0.85,16193,United Kingdom,10.2
550318,22489,PACK OF 12 TRADITIONAL CRAYONS,3,2011-04-17 12:25:00,0.42,16085,United Kingdom,1.26
550320,22561,WOODEN SCHOOL COLOURING SET,2,2011-04-17 12:37:00,1.65,12748,United Kingdom,3.3
550320,21973,SET OF 36 MUSHROOM PAPER DOILIES,2,2011-04-17 12:37:00,1.45,12748,United Kingdom,2.9
550324,22457,NATURAL SLATE HEART CHALKBOARD ,6,2011-04-17 13:02:00,2.95,12997,United Kingdom,17.700000000000003
550325,22464,HANGING METAL HEART LANTERN,12,2011-04-17 13:04:00,1.65,15745,United Kingdom,19.8
550328,84673A,PINK FLY SWAT,1,2011-04-17 13:18:00,0.65,17582,United Kingdom,0.65
550329,22595,GINGHAM HEART DECORATION,12,2011-04-17 13:20:00,0.85,13951,United Kingdom,10.2
550331,16202B,PASTEL BLUE PHOTO ALBUM ,5,2011-04-17 13:43:00,0.5,15555,United Kingdom,2.5
550331,85203,HANGING WOOD AND FELT BUTTERFLY ,1,2011-04-17 13:43:00,0.42,15555,United Kingdom,0.42
550332,85049G,CHOCOLATE BOX RIBBONS ,2,2011-04-17 13:53:00,1.25,13474,United Kingdom,2.5
550332,22156,HEART DECORATION WITH PEARLS ,4,2011-04-17 13:53:00,0.85,13474,United Kingdom,3.4
550335,48173C,DOORMAT BLACK FLOCK ,1,2011-04-17 14:36:00,7.95,15535,United Kingdom,7.95
550336,23052,RECYCLED ACAPULCO MAT TURQUOISE,2,2011-04-17 14:55:00,8.25,13089,United Kingdom,16.5
550342,84536A,ENGLISH ROSE NOTEBOOK A7 SIZE,16,2011-04-17 15:55:00,0.42,13018,United Kingdom,6.72
550344,22534,MAGIC DRAWING SLATE SPACEBOY ,576,2011-04-18 09:00:00,0.36,12754,Japan,207.36
550347,84970S,HANGING HEART ZINC T-LIGHT HOLDER,12,2011-04-18 09:33:00,0.85,14227,United Kingdom,10.2
550348,22585,PACK OF 6 BIRDY GIFT TAGS,12,2011-04-18 09:38:00,1.25,16947,United Kingdom,15.0
550348,21900,"KEY FOB , SHED",24,2011-04-18 09:38:00,0.65,16947,United Kingdom,15.6
550351,84978,HANGING HEART JAR T-LIGHT HOLDER,12,2011-04-18 10:20:00,1.25,15491,United Kingdom,15.0
550352,22796,PHOTO FRAME 3 CLASSIC HANGING,1,2011-04-18 10:21:00,9.95,16719,United Kingdom,9.95
550354,M,Manual,1,2011-04-18 10:28:00,222.75,13811,Germany,222.75
550357,84755,COLOUR GLASS T-LIGHT HOLDER HANGING,16,2011-04-18 10:35:00,0.65,16617,United Kingdom,10.4
550359,22134,MINI LADLE LOVE HEART RED ,1,2011-04-18 10:41:00,0.42,17841,United Kingdom,0.42
550360,22722,SET OF 6 SPICE TINS PANTRY DESIGN,2,2011-04-18 10:55:00,3.95,14978,United Kingdom,7.9
550360,20851,ZINC HEART LATTICE TRAY OVAL ,1,2011-04-18 10:55:00,5.95,14978,United Kingdom,5.95
550389,22916,HERB MARKER THYME,3,2011-04-18 11:53:00,0.65,17284,United Kingdom,1.95
550408,20719,WOODLAND CHARLOTTE BAG,10,2011-04-18 11:59:00,0.85,16746,United Kingdom,8.5
550439,22673,FRENCH GARDEN SIGN BLUE METAL,6,2011-04-18 12:17:00,1.25,18231,United Kingdom,7.5
550447,22637,PIGGY BANK RETROSPOT ,4,2011-04-18 12:36:00,2.55,16033,United Kingdom,10.2
550446,21314,SMALL GLASS HEART TRINKET POT,32,2011-04-18 12:36:00,2.1,13871,United Kingdom,67.2
550447,23193,BUFFALO BILL TREASURE BOOK BOX,1,2011-04-18 12:36:00,2.25,16033,United Kingdom,2.25
550449,22668,PINK BABY BUNTING,100,2011-04-18 12:45:00,2.55,15199,United Kingdom,255.0
550452,22548,HEADS AND TAILS SPORTING FUN,1,2011-04-18 12:56:00,1.25,14525,United Kingdom,1.25
550457,20725,LUNCH BAG RED RETROSPOT,100,2011-04-18 13:12:00,1.45,13798,United Kingdom,145.0
550461,85123A,WHITE HANGING HEART T-LIGHT HOLDER,1930,2011-04-18 13:20:00,2.4,15749,United Kingdom,4632.0
550464,22423,REGENCY CAKESTAND 3 TIER,2,2011-04-18 13:30:00,12.75,16550,United Kingdom,25.5
550464,22613,PACK OF 20 SPACEBOY NAPKINS,4,2011-04-18 13:30:00,0.85,16550,United Kingdom,3.4
550467,22292,HANGING CHICK  YELLOW DECORATION,4,2011-04-18 13:36:00,1.45,18009,United Kingdom,5.8
550467,82486,WOOD S/3 CABINET ANT WHITE FINISH,1,2011-04-18 13:36:00,8.95,18009,United Kingdom,8.95
550477,20846,ZINC HEART LATTICE T-LIGHT HOLDER,1,2011-04-18 14:01:00,1.25,17338,United Kingdom,1.25
550477,22457,NATURAL SLATE HEART CHALKBOARD ,2,2011-04-18 14:01:00,2.95,17338,United Kingdom,5.9
550477,22558,CLOTHES PEGS RETROSPOT PACK 24 ,3,2011-04-18 14:01:00,1.65,17338,United Kingdom,4.949999999999999
550477,84378,SET OF 3 HEART COOKIE CUTTERS,2,2011-04-18 14:01:00,1.25,17338,United Kingdom,2.5
550481,22499,WOODEN UNION JACK BUNTING,20,2011-04-18 14:08:00,5.95,17634,United Kingdom,119.0
550492,21216,"SET 3 RETROSPOT TEA,COFFEE,SUGAR",4,2011-04-18 14:44:00,4.95,14180,United Kingdom,19.8
550492,21539,RED RETROSPOT BUTTER DISH,3,2011-04-18 14:44:00,4.95,14180,United Kingdom,14.85
550498,22703,PINK CAT BOWL,1,2011-04-18 15:14:00,2.1,14692,United Kingdom,2.1
550498,85185B,PINK HORSE SOCK PUPPET,3,2011-04-18 15:14:00,2.95,14692,United Kingdom,8.850000000000001
550498,20970,PINK FLORAL FELTCRAFT SHOULDER BAG,3,2011-04-18 15:14:00,3.75,14692,United Kingdom,11.25
550512,22031,BOTANICAL LAVENDER BIRTHDAY CARD,12,2011-04-18 16:31:00,0.42,18069,United Kingdom,5.04
550512,23206,LUNCH BAG APPLE DESIGN,1,2011-04-18 16:31:00,1.65,18069,United Kingdom,1.65
550514,22334,DINOSAUR PARTY BAG + STICKER SET,16,2011-04-18 16:49:00,1.65,14631,United Kingdom,26.4
550515,22848,BREAD BIN DINER STYLE PINK,1,2011-04-18 17:29:00,16.95,14502,United Kingdom,16.95
550515,22077,6 RIBBONS RUSTIC CHARM,3,2011-04-18 17:29:00,1.65,14502,United Kingdom,4.949999999999999
550522,21892,TRADITIONAL WOODEN CATCH CUP GAME ,12,2011-04-19 10:04:00,1.25,12947,United Kingdom,15.0
550522,22139,RETROSPOT TEA SET CERAMIC 11 PC ,3,2011-04-19 10:04:00,4.95,12947,United Kingdom,14.85
550522,21889,WOODEN BOX OF DOMINOES,12,2011-04-19 10:04:00,1.25,12947,United Kingdom,15.0
550523,22427,ENAMEL FLOWER JUG CREAM,3,2011-04-19 10:08:00,5.95,15594,United Kingdom,17.85
550525,84723,CHERRY BLOSSOM CANVAS ART PICTURE,2,2011-04-19 10:19:00,7.95,14672,United Kingdom,15.9
550527,22979,PANTRY WASHING UP BRUSH,12,2011-04-19 10:48:00,1.45,12476,Germany,17.4
550527,22192,BLUE DINER WALL CLOCK,4,2011-04-19 10:48:00,8.5,12476,Germany,34.0
550527,84849D,HOT BATHS SOAP HOLDER,12,2011-04-19 10:48:00,1.69,12476,Germany,20.28
550532,22178,VICTORIAN GLASS HANGING T-LIGHT,6,2011-04-19 11:02:00,1.25,14606,United Kingdom,7.5
550535,21181,PLEASE ONE PERSON METAL SIGN,12,2011-04-19 11:19:00,2.1,14211,United Kingdom,25.200000000000003
550535,23199,JUMBO BAG APPLES,10,2011-04-19 11:19:00,2.08,14211,United Kingdom,20.8
550606,23206,LUNCH BAG APPLE DESIGN,20,2011-04-19 12:08:00,1.65,12594,Italy,33.0
550606,47593B,SCOTTIE DOGS BABY BIB,96,2011-04-19 12:08:00,0.39,12594,Italy,37.44
550607,20724,RED RETROSPOT CHARLOTTE BAG,3,2011-04-19 12:17:00,0.85,16919,United Kingdom,2.55
550613,22749,FELTCRAFT PRINCESS CHARLOTTE DOLL,4,2011-04-19 12:26:00,3.75,16180,United Kingdom,15.0
550615,21883,STARS GIFT TAPE ,24,2011-04-19 12:41:00,0.65,16730,United Kingdom,15.6
550615,22428,ENAMEL FIRE BUCKET CREAM,2,2011-04-19 12:41:00,6.95,16730,United Kingdom,13.9
550620,POST,POSTAGE,6,2011-04-19 13:39:00,18.0,12585,Germany,108.0
550622,22970,LONDON BUS COFFEE MUG,6,2011-04-19 13:49:00,2.55,13735,United Kingdom,15.3
550622,22300,COFFEE MUG DOG + BALL DESIGN,6,2011-04-19 13:49:00,2.55,13735,United Kingdom,15.3
550624,23061,VINTAGE EMBOSSED HEART,12,2011-04-19 13:57:00,1.25,14201,United Kingdom,15.0
550626,40016,CHINESE DRAGON PAPER LANTERNS,24,2011-04-19 14:23:00,0.42,13184,United Kingdom,10.08
550629,21623,VINTAGE UNION JACK MEMOBOARD,2,2011-04-19 14:48:00,9.95,13782,United Kingdom,19.9
550630,47518F,ICON PLACEMAT POP ART ELVIS,144,2011-04-19 14:49:00,0.12,14298,United Kingdom,17.28
550630,17109D,FLOWER FAIRY INCENSE BOUQUET,36,2011-04-19 14:49:00,0.38,14298,United Kingdom,13.68
550633,21166,COOK WITH WINE METAL SIGN ,3,2011-04-19 14:57:00,2.08,17449,United Kingdom,6.24
550637,84789,ENCHANTED BIRD PLANT CAGE,1,2011-04-19 15:39:00,3.75,14415,United Kingdom,3.75
550639,15039,SANDALWOOD FAN,10,2011-04-19 15:46:00,0.85,14152,United Kingdom,8.5
550639,22834,HAND WARMER BABUSHKA DESIGN,12,2011-04-19 15:46:00,2.1,14152,United Kingdom,25.200000000000003
550644,37500,TEA TIME TEAPOT IN GIFT BOX,4,2011-04-19 16:19:00,4.95,12733,USA,19.8
550651,22861,EASTER TIN CHICKS IN GARDEN,1,2011-04-19 16:52:00,1.65,15436,United Kingdom,1.65
550651,21174,POTTERING IN THE SHED METAL SIGN,1,2011-04-19 16:52:00,2.08,15436,United Kingdom,2.08
550651,22283,6 EGG HOUSE PAINTED WOOD,2,2011-04-19 16:52:00,7.95,15436,United Kingdom,15.9
550658,21137,BLACK RECORD COVER FRAME,72,2011-04-20 09:01:00,3.39,13576,United Kingdom,244.08
550658,82001S,VINYL RECORD FRAME SILVER,24,2011-04-20 09:01:00,3.39,13576,United Kingdom,81.36
550659,21790,VINTAGE SNAP CARDS,24,2011-04-20 09:02:00,0.85,17730,United Kingdom,20.4
550662,22411,JUMBO SHOPPER VINTAGE RED PAISLEY,10,2011-04-20 09:29:00,2.08,15078,United Kingdom,20.8
550671,23199,JUMBO BAG APPLES,100,2011-04-20 10:10:00,1.79,12457,Switzerland,179.0
550675,84970L,SINGLE HEART ZINC T-LIGHT HOLDER,12,2011-04-20 10:39:00,0.95,15260,United Kingdom,11.4
550712,23206,LUNCH BAG APPLE DESIGN,10,2011-04-20 11:06:00,1.65,15159,United Kingdom,16.5
550712,85132C,CHARLIE AND LOLA FIGURES TINS,12,2011-04-20 11:06:00,1.95,15159,United Kingdom,23.4
550714,47566,PARTY BUNTING,8,2011-04-20 11:12:00,4.95,15249,United Kingdom,39.6
550750,21889,WOODEN BOX OF DOMINOES,12,2011-04-20 11:45:00,1.25,13632,United Kingdom,15.0
550756,22138,BAKING SET 9 PIECE RETROSPOT ,3,2011-04-20 12:02:00,4.95,14148,United Kingdom,14.85
550767,21914,BLUE HARMONICA IN BOX ,12,2011-04-20 12:32:00,1.25,14776,United Kingdom,15.0
550773,21670,BLUE SPOT CERAMIC DRAWER KNOB,12,2011-04-20 13:15:00,1.25,17567,United Kingdom,15.0
550773,22771,CLEAR DRAWER KNOB ACRYLIC EDWARDIAN,12,2011-04-20 13:15:00,1.25,17567,United Kingdom,15.0
550774,21985,PACK OF 12 HEARTS DESIGN TISSUES ,24,2011-04-20 13:18:00,0.29,14626,United Kingdom,6.959999999999999
550775,47590A,BLUE HAPPY BIRTHDAY BUNTING,4,2011-04-20 13:18:00,5.45,15805,United Kingdom,21.8
550775,23134,LARGE ZINC HEART WALL ORGANISER,8,2011-04-20 13:18:00,7.05,15805,United Kingdom,56.4
550775,20727,LUNCH BAG  BLACK SKULL.,10,2011-04-20 13:18:00,1.65,15805,United Kingdom,16.5
550777,22029,SPACEBOY BIRTHDAY CARD,12,2011-04-20 13:35:00,0.42,16558,United Kingdom,5.04
550779,22077,6 RIBBONS RUSTIC CHARM,144,2011-04-20 13:36:00,1.45,17511,United Kingdom,208.8
550779,22908,PACK OF 20 NAPKINS RED APPLES,96,2011-04-20 13:36:00,0.72,17511,United Kingdom,69.12
550779,23206,LUNCH BAG APPLE DESIGN,100,2011-04-20 13:36:00,1.45,17511,United Kingdom,145.0
550778,22607,WOODEN ROUNDERS GARDEN SET ,2,2011-04-20 13:36:00,9.95,14868,United Kingdom,19.9
550783,21791,VINTAGE HEADS AND TAILS CARD GAME ,12,2011-04-20 13:58:00,1.25,13485,United Kingdom,15.0
550785,11001,ASSTD DESIGN RACING CAR PEN,16,2011-04-20 14:02:00,1.69,15517,United Kingdom,27.04
550804,21714,CITRONELLA CANDLE GARDEN POT,12,2011-04-20 15:32:00,1.25,16676,United Kingdom,15.0
550819,22662,LUNCH BAG DOLLY GIRL DESIGN,2,2011-04-20 17:37:00,1.65,17530,United Kingdom,3.3
550819,22557,PLASTERS IN TIN VINTAGE PAISLEY ,7,2011-04-20 17:37:00,1.65,17530,United Kingdom,11.55
550819,22839,3 TIER CAKE TIN GREEN AND CREAM,1,2011-04-20 17:37:00,14.95,17530,United Kingdom,14.95
550821,22907,PACK OF 20 NAPKINS PANTRY DESIGN,1,2011-04-21 08:54:00,0.85,12506,France,0.85
550823,22560,TRADITIONAL MODELLING CLAY,48,2011-04-21 09:36:00,1.06,16133,United Kingdom,50.88
550827,21035,SET/2 RED RETROSPOT TEA TOWELS ,12,2011-04-21 10:16:00,3.25,12670,France,39.0
550829,23142,IVORY WIRE KITCHEN ORGANISER,1,2011-04-21 10:19:00,10.4,17841,United Kingdom,10.4
550829,47480,HANGING PHOTO CLIP ROPE LADDER,5,2011-04-21 10:19:00,1.65,17841,United Kingdom,8.25
550885,48185,DOORMAT FAIRY CAKE,2,2011-04-21 11:59:00,7.95,16185,United Kingdom,15.9
550890,22826,LOVE SEAT ANTIQUE WHITE METAL,1,2011-04-21 12:00:00,195.0,14711,United Kingdom,195.0
550899,22949,36 DOILIES DOLLY GIRL,12,2011-04-21 12:07:00,1.45,13505,Switzerland,17.4
550899,21746,SMALL RED RETROSPOT WINDMILL,12,2011-04-21 12:07:00,1.25,13505,Switzerland,15.0
550899,21843,RED RETROSPOT CAKE STAND,3,2011-04-21 12:07:00,10.95,13505,Switzerland,32.849999999999994
550906,20801,LARGE PINK GLASS SUNDAE DISH,32,2011-04-21 12:34:00,0.79,14298,United Kingdom,25.28
550911,22668,PINK BABY BUNTING,5,2011-04-21 13:11:00,2.95,12354,Spain,14.75
550913,21216,"SET 3 RETROSPOT TEA,COFFEE,SUGAR",4,2011-04-21 13:22:00,4.95,17631,United Kingdom,19.8
550914,21340,CLASSIC METAL BIRDCAGE PLANT HOLDER,8,2011-04-21 13:29:00,9.95,17061,United Kingdom,79.6
550914,37449,CERAMIC CAKE STAND + HANGING CAKES,8,2011-04-21 13:29:00,8.5,17061,United Kingdom,68.0
550918,21894,POTTING SHED SEED ENVELOPES,12,2011-04-21 14:03:00,1.25,17630,United Kingdom,15.0
550921,21326,AGED GLASS SILVER T-LIGHT HOLDER,12,2011-04-21 14:21:00,0.65,14770,United Kingdom,7.800000000000001
550925,21524,DOORMAT SPOTTY HOME SWEET HOME,2,2011-04-21 14:37:00,7.95,17061,United Kingdom,15.9
550938,15056P,EDWARDIAN PARASOL PINK,3,2011-04-21 15:16:00,5.95,16019,United Kingdom,17.85
550941,21135,VICTORIAN  METAL POSTCARD SPRING,6,2011-04-21 15:46:00,1.69,17109,United Kingdom,10.14
550946,22962,JAM JAR WITH PINK LID,12,2011-04-21 15:52:00,0.85,12708,Germany,10.2
550955,22083,PAPER CHAIN KIT RETROSPOT,6,2011-04-21 16:26:00,2.95,14189,United Kingdom,17.700000000000003
550955,22730,ALARM CLOCK BAKELIKE IVORY,4,2011-04-21 16:26:00,3.75,14189,United Kingdom,15.0
550956,22082,RIBBON REEL STRIPES DESIGN ,2,2011-04-21 16:37:00,1.65,17179,United Kingdom,3.3
550956,84997B,CHILDRENS CUTLERY RETROSPOT RED ,6,2011-04-21 16:37:00,4.15,17179,United Kingdom,24.9
550956,21243,PINK  POLKADOT PLATE ,4,2011-04-21 16:37:00,1.69,17179,United Kingdom,6.76
550957,21975,PACK OF 60 DINOSAUR CAKE CASES,3,2011-04-21 16:37:00,0.55,18283,United Kingdom,1.65
550965,84707A,SILVER JEWELLED MIRROR TRINKET TRAY,2,2011-04-21 16:53:00,9.95,16750,United Kingdom,19.9
550988,21714,CITRONELLA CANDLE GARDEN POT,12,2011-04-21 18:10:00,1.25,14231,United Kingdom,15.0
550988,85099B,JUMBO BAG RED RETROSPOT,10,2011-04-21 18:10:00,2.08,14231,United Kingdom,20.8
550990,22356,CHARLOTTE BAG PINK POLKADOT,100,2011-04-21 18:31:00,0.72,16553,United Kingdom,72.0
550999,21878,PACK OF 6 SANDCASTLE FLAGS ASSORTED,24,2011-04-26 09:12:00,0.85,17670,United Kingdom,20.4
551000,22749,FELTCRAFT PRINCESS CHARLOTTE DOLL,4,2011-04-26 09:15:00,3.75,18172,United Kingdom,15.0
551014,21671,RED SPOT CERAMIC DRAWER KNOB,12,2011-04-26 11:04:00,1.25,13209,United Kingdom,15.0
551014,22538,MINI JIGSAW GO TO THE FAIR,24,2011-04-26 11:04:00,0.42,13209,United Kingdom,10.08
551028,22236,CAKE STAND 3 TIER MAGIC GARDEN,2,2011-04-26 11:30:00,12.75,13842,United Kingdom,25.5
551033,21430,SET/3 RED GINGHAM ROSE STORAGE BOX,24,2011-04-26 11:32:00,3.39,15039,United Kingdom,81.36
551033,21557,SET OF 6 FUNKY BEAKERS,3,2011-04-26 11:32:00,2.95,15039,United Kingdom,8.850000000000001
551057,48194,DOORMAT HEARTS,1,2011-04-26 11:59:00,7.95,16942,United Kingdom,7.95
551088,21695,SMALL SILVER FLOWER CANDLE POT,12,2011-04-26 12:31:00,2.95,14640,United Kingdom,35.400000000000006
551125,90138,WHITE/PINK MINI CRYSTALS NECKLACE,4,2011-04-26 12:47:00,4.95,17277,United Kingdom,19.8
551134,85123A,WHITE HANGING HEART T-LIGHT HOLDER,10,2011-04-26 13:02:00,2.95,16729,United Kingdom,29.5
551148,22583,PACK OF 6 HANDBAG GIFT BOXES,96,2011-04-26 14:12:00,2.55,15939,United Kingdom,244.8
551152,22911,PAPER CHAIN KIT LONDON,1,2011-04-26 14:47:00,2.95,13230,United Kingdom,2.95
551152,84974,S/2 ZINC HEART DESIGN PLANTERS,1,2011-04-26 14:47:00,9.95,13230,United Kingdom,9.95
551152,22949,36 DOILIES DOLLY GIRL,2,2011-04-26 14:47:00,1.45,13230,United Kingdom,2.9
551152,85049F,BABY BOOM RIBBONS ,1,2011-04-26 14:47:00,1.25,13230,United Kingdom,1.25
551160,21693,SMALL HAMMERED SILVER CANDLEPOT ,6,2011-04-26 15:04:00,2.95,15237,United Kingdom,17.700000000000003
551160,20972,PINK CREAM FELT CRAFT TRINKET BOX ,12,2011-04-26 15:04:00,1.25,15237,United Kingdom,15.0
551161,21155,RED RETROSPOT PEG BAG,6,2011-04-26 15:26:00,2.55,18183,United Kingdom,15.3
551162,84375,SET OF 20 KIDS COOKIE CUTTERS,12,2011-04-26 15:45:00,1.85,12901,United Kingdom,22.200000000000003
551170,22960,JAM MAKING SET WITH JARS,6,2011-04-26 16:40:00,4.25,15145,United Kingdom,25.5
551184,21232,STRAWBERRY CERAMIC TRINKET BOX,144,2011-04-27 09:03:00,1.06,18220,United Kingdom,152.64
551192,21981,PACK OF 12 WOODLAND TISSUES ,24,2011-04-27 10:54:00,0.29,16188,United Kingdom,6.959999999999999
551193,21746,SMALL RED RETROSPOT WINDMILL,4,2011-04-27 11:05:00,1.25,17954,United Kingdom,5.0
551193,21948,SET OF 6 CAKE CHOPSTICKS,3,2011-04-27 11:05:00,1.25,17954,United Kingdom,3.75
551193,22817,CARD SUKI BIRTHDAY,12,2011-04-27 11:05:00,0.42,17954,United Kingdom,5.04
551211,22501,PICNIC BASKET WICKER LARGE,32,2011-04-27 11:40:00,8.5,13113,United Kingdom,272.0
551218,22429,ENAMEL MEASURING JUG CREAM,6,2011-04-27 11:41:00,4.25,18077,United Kingdom,25.5
551218,22993,SET OF 4 PANTRY JELLY MOULDS,6,2011-04-27 11:41:00,1.25,18077,United Kingdom,7.5
551218,22921,HERB MARKER CHIVES ,3,2011-04-27 11:41:00,0.65,18077,United Kingdom,1.95
551258,21881,CUTE CATS TAPE,12,2011-04-27 12:02:00,0.65,12621,Germany,7.800000000000001
551262,85099B,JUMBO BAG RED RETROSPOT,3,2011-04-27 12:05:00,2.08,14527,United Kingdom,6.24
551270,22344,PARTY PIZZA DISH PINK POLKADOT,6,2011-04-27 12:35:00,0.85,15891,United Kingdom,5.1
551270,17012A,ORIGAMI VANILLA INCENSE/CANDLE SET ,1,2011-04-27 12:35:00,2.55,15891,United Kingdom,2.55
551273,22993,SET OF 4 PANTRY JELLY MOULDS,12,2011-04-27 12:50:00,1.25,14051,United Kingdom,15.0
551275,21212,PACK OF 72 RETROSPOT CAKE CASES,24,2011-04-27 13:03:00,0.55,13285,United Kingdom,13.2
551276,20726,LUNCH BAG WOODLAND,2,2011-04-27 13:06:00,1.65,16016,United Kingdom,3.3
551276,23207,LUNCH BAG ALPHABET DESIGN,2,2011-04-27 13:06:00,1.65,16016,United Kingdom,3.3
551277,84596F,SMALL MARSHMALLOWS PINK BOWL,8,2011-04-27 13:06:00,0.42,13637,United Kingdom,3.36
551278,22326,ROUND SNACK BOXES SET OF4 WOODLAND ,6,2011-04-27 13:13:00,2.95,12483,Sweden,17.700000000000003
551282,85150,LADIES & GENTLEMEN METAL SIGN,3,2011-04-27 13:44:00,2.55,16919,United Kingdom,7.649999999999999
551283,22375,AIRLINE BAG VINTAGE JET SET BROWN,1,2011-04-27 14:01:00,4.25,16755,United Kingdom,4.25
551283,84212,"ASSORTED FLOWER COLOUR ""LEIS""",18,2011-04-27 14:01:00,0.65,16755,United Kingdom,11.7
551283,84741C,CITRUS GARLAND FELT FLOWERS ,6,2011-04-27 14:01:00,1.95,16755,United Kingdom,11.7
551283,22629,SPACEBOY LUNCH BOX ,4,2011-04-27 14:01:00,1.95,16755,United Kingdom,7.8
551284,20971,PINK BLUE FELT CRAFT TRINKET BOX,1,2011-04-27 14:05:00,1.25,15005,United Kingdom,1.25
551284,37449,CERAMIC CAKE STAND + HANGING CAKES,1,2011-04-27 14:05:00,9.95,15005,United Kingdom,9.95
551291,22740,POLKADOT PEN,48,2011-04-27 14:26:00,0.72,14298,United Kingdom,34.56
551291,22564,ALPHABET STENCIL CRAFT,12,2011-04-27 14:26:00,1.06,14298,United Kingdom,12.72
551314,21891,TRADITIONAL WOODEN SKIPPING ROPE,144,2011-04-27 15:07:00,1.06,16333,United Kingdom,152.64
551341,84978,HANGING HEART JAR T-LIGHT HOLDER,108,2011-04-28 07:52:00,1.06,15189,United Kingdom,114.48
551344,84970L,SINGLE HEART ZINC T-LIGHT HOLDER,48,2011-04-28 09:02:00,0.95,16187,United Kingdom,45.6
551347,22655,VINTAGE RED KITCHEN CABINET,2,2011-04-28 09:20:00,125.0,15768,United Kingdom,250.0
551352,22748,POPPY'S PLAYHOUSE KITCHEN,6,2011-04-28 10:20:00,2.1,16637,United Kingdom,12.6
551351,22464,HANGING METAL HEART LANTERN,24,2011-04-28 10:20:00,1.45,14298,United Kingdom,34.8
551351,22212,FOUR HOOK  WHITE LOVEBIRDS,24,2011-04-28 10:20:00,1.69,14298,United Kingdom,40.56
551351,21730,GLASS STAR FROSTED T-LIGHT HOLDER,18,2011-04-28 10:20:00,4.25,14298,United Kingdom,76.5
551351,21811,HANGING HEART WITH BELL,24,2011-04-28 10:20:00,1.06,14298,United Kingdom,25.44
551351,22789,T-LIGHT HOLDER SWEETHEART HANGING,32,2011-04-28 10:20:00,1.65,14298,United Kingdom,52.8
551385,22722,SET OF 6 SPICE TINS PANTRY DESIGN,3,2011-04-28 11:38:00,3.95,16814,United Kingdom,11.85
551387,22759,SET OF 3 NOTEBOOKS IN PARCEL,12,2011-04-28 11:40:00,1.65,14240,United Kingdom,19.8
551390,21204,DAISIES  HONEYCOMB GARLAND ,12,2011-04-28 12:03:00,1.65,15143,United Kingdom,19.8
551400,20718,RED RETROSPOT SHOPPER BAG,10,2011-04-28 13:18:00,1.25,17160,United Kingdom,12.5
551414,22431,WATERING CAN BLUE ELEPHANT,6,2011-04-28 13:35:00,1.95,15622,United Kingdom,11.7
551417,22030,SWALLOWS GREETING CARD,12,2011-04-28 13:41:00,0.42,15632,United Kingdom,5.04
551418,23201,JUMBO BAG ALPHABET,3,2011-04-28 13:50:00,2.08,17893,United Kingdom,6.24
551418,22710,WRAP I LOVE LONDON ,50,2011-04-28 13:50:00,0.42,17893,United Kingdom,21.0
551440,22355,CHARLOTTE BAG SUKI DESIGN,1,2011-04-28 15:29:00,0.85,15311,United Kingdom,0.85
551440,20711,JUMBO BAG TOYS ,1,2011-04-28 15:29:00,2.08,15311,United Kingdom,2.08
551440,21012,ANTIQUE ALL GLASS CANDLESTICK,1,2011-04-28 15:29:00,2.1,15311,United Kingdom,2.1
551440,22637,PIGGY BANK RETROSPOT ,2,2011-04-28 15:29:00,2.55,15311,United Kingdom,5.1
551440,21564,PINK  HEART SHAPE LOVE BUCKET ,2,2011-04-28 15:29:00,2.95,15311,United Kingdom,5.9
551440,22334,DINOSAUR PARTY BAG + STICKER SET,2,2011-04-28 15:29:00,1.65,15311,United Kingdom,3.3
551445,22084,PAPER CHAIN KIT EMPIRE,1,2011-04-28 15:58:00,2.95,17991,United Kingdom,2.95
551471,21467,CHERRY CROCHET FOOD COVER,1,2011-04-28 16:40:00,3.75,16370,United Kingdom,3.75
551471,20728,LUNCH BAG CARS BLUE,1,2011-04-28 16:40:00,1.65,16370,United Kingdom,1.65
551507,22966,GINGERBREAD MAN COOKIE CUTTER,12,2011-04-28 18:11:00,1.25,18272,United Kingdom,15.0
551516,23205,CHARLOTTE BAG VINTAGE ALPHABET ,10,2011-05-01 11:10:00,0.85,14800,United Kingdom,8.5
551524,21986,PACK OF 12 PINK POLKADOT TISSUES,12,2011-05-01 12:35:00,0.29,16401,United Kingdom,3.4799999999999995
551524,47590A,BLUE HAPPY BIRTHDAY BUNTING,4,2011-05-01 12:35:00,5.45,16401,United Kingdom,21.8
551529,21242,RED RETROSPOT PLATE ,16,2011-05-01 13:18:00,1.69,12524,Germany,27.04
551531,22699,ROSES REGENCY TEACUP AND SAUCER ,4,2011-05-01 13:45:00,2.95,15376,United Kingdom,11.8
551531,84358,FLOOR LAMP SHADE WOOD BASE,1,2011-05-01 13:45:00,9.95,15376,United Kingdom,9.95
551549,22993,SET OF 4 PANTRY JELLY MOULDS,12,2011-05-03 09:46:00,1.25,17501,United Kingdom,15.0
551558,46000U,POLYESTER FILLER PAD 30CMx30CM,1,2011-05-03 10:41:00,1.25,17841,United Kingdom,1.25
551559,21792,CLASSIC FRENCH STYLE BASKET GREEN ,24,2011-05-03 10:42:00,3.95,16133,United Kingdom,94.8
551560,20837,FRENCH FLORAL CUSHION COVER ,12,2011-05-03 10:43:00,0.83,16133,United Kingdom,9.96
551561,22149,FELTCRAFT 6 FLOWER FRIENDS,6,2011-05-03 10:49:00,2.1,17422,United Kingdom,12.6
551564,22780,LIGHT GARLAND BUTTERFILES PINK,4,2011-05-03 10:56:00,4.25,16609,United Kingdom,17.0
551584,84879,ASSORTED COLOUR BIRD ORNAMENT,8,2011-05-03 11:22:00,1.69,15620,United Kingdom,13.52
551616,84378,SET OF 3 HEART COOKIE CUTTERS,1,2011-05-03 11:40:00,1.25,15048,United Kingdom,1.25
551650,84946,ANTIQUE SILVER T-LIGHT GLASS,12,2011-05-03 12:02:00,1.25,13089,United Kingdom,15.0
551650,22178,VICTORIAN GLASS HANGING T-LIGHT,12,2011-05-03 12:02:00,1.25,13089,United Kingdom,15.0
551650,22382,LUNCH BAG SPACEBOY DESIGN ,10,2011-05-03 12:02:00,1.65,13089,United Kingdom,16.5
551651,22491,PACK OF 12 COLOURED PENCILS,10,2011-05-03 12:03:00,0.85,14800,United Kingdom,8.5
551655,47518F,ICON PLACEMAT POP ART ELVIS,10,2011-05-03 12:07:00,0.12,17757,United Kingdom,1.2
551655,21868,POTTING SHED TEA MUG,6,2011-05-03 12:07:00,1.25,17757,United Kingdom,7.5
551657,23201,JUMBO BAG ALPHABET,10,2011-05-03 12:12:00,1.95,14911,EIRE,19.5
551658,23199,JUMBO BAG APPLES,10,2011-05-03 12:13:00,2.08,16746,United Kingdom,20.8
551665,22996,TRAVEL CARD WALLET VINTAGE TICKET,24,2011-05-03 12:35:00,0.42,17442,United Kingdom,10.08
551686,22089,PAPER BUNTING VINTAGE PAISLEY,3,2011-05-03 12:53:00,2.95,13668,United Kingdom,8.850000000000001
551687,22704,WRAP RED APPLES ,200,2011-05-03 13:22:00,0.34,14135,United Kingdom,68.0
551693,22363,GLASS JAR MARMALADE ,6,2011-05-03 13:36:00,2.95,15582,United Kingdom,17.700000000000003
551693,22456,NATURAL SLATE CHALKBOARD LARGE ,3,2011-05-03 13:36:00,4.95,15582,United Kingdom,14.85
551717,82580,BATHROOM METAL SIGN,3,2011-05-03 15:59:00,0.55,13263,United Kingdom,1.65
551721,21216,"SET 3 RETROSPOT TEA,COFFEE,SUGAR",2,2011-05-03 16:49:00,4.95,14711,United Kingdom,9.9
551724,22274,FELTCRAFT DOLL EMILY,1,2011-05-03 17:12:00,2.95,15976,United Kingdom,2.95
551727,22792,FLUTED ANTIQUE CANDLE HOLDER,12,2011-05-04 08:40:00,0.85,14245,United Kingdom,10.2
551727,22759,SET OF 3 NOTEBOOKS IN PARCEL,24,2011-05-04 08:40:00,1.65,14245,United Kingdom,39.6
551727,23148,MINIATURE ANTIQUE ROSE HOOK IVORY,12,2011-05-04 08:40:00,0.83,14245,United Kingdom,9.96
551731,22595,GINGHAM HEART DECORATION,12,2011-05-04 09:57:00,0.85,14307,United Kingdom,10.2
551734,71053,WHITE METAL LANTERN,4,2011-05-04 10:15:00,3.75,18178,United Kingdom,15.0
551739,22558,CLOTHES PEGS RETROSPOT PACK 24 ,1,2011-05-04 10:58:00,1.65,18118,United Kingdom,1.65
551747,84917,WHITE HAND TOWEL WITH BUTTERFLY,28,2011-05-04 11:00:00,5.95,14298,United Kingdom,166.6
551775,22423,REGENCY CAKESTAND 3 TIER,1,2011-05-04 11:21:00,12.75,12886,United Kingdom,12.75
551776,22066,LOVE HEART TRINKET POT,2,2011-05-04 11:23:00,0.39,13268,United Kingdom,0.78
551776,21248,DOOR HANGER  MUM + DADS ROOM,3,2011-05-04 11:23:00,1.45,13268,United Kingdom,4.35
551791,22518,CHILDS GARDEN BRUSH BLUE,1,2011-05-04 11:26:00,2.1,13220,United Kingdom,2.1
551810,84536A,ENGLISH ROSE NOTEBOOK A7 SIZE,2,2011-05-04 11:32:00,0.42,15719,United Kingdom,0.84
551809,22501,PICNIC BASKET WICKER LARGE,16,2011-05-04 11:32:00,8.5,17511,United Kingdom,136.0
551813,22088,PAPER BUNTING COLOURED LACE,6,2011-05-04 11:43:00,2.95,18065,United Kingdom,17.700000000000003
551821,22191,IVORY DINER WALL CLOCK,1,2011-05-04 12:20:00,8.5,16942,United Kingdom,8.5
551821,48187,DOORMAT NEW ENGLAND,1,2011-05-04 12:20:00,7.95,16942,United Kingdom,7.95
551824,46000S,POLYESTER FILLER PAD 40x40cm,4,2011-05-04 12:32:00,1.45,15128,United Kingdom,5.8
551833,21989,PACK OF 20 SKULL PAPER NAPKINS,12,2011-05-04 13:12:00,0.85,16779,United Kingdom,10.2
551835,23052,RECYCLED ACAPULCO MAT TURQUOISE,2,2011-05-04 13:17:00,8.25,17646,United Kingdom,16.5
551842,22993,SET OF 4 PANTRY JELLY MOULDS,8,2011-05-04 13:52:00,1.25,16678,United Kingdom,10.0
551844,37449,CERAMIC CAKE STAND + HANGING CAKES,1,2011-05-04 14:03:00,9.95,14173,United Kingdom,9.95
551846,84969,BOX OF 6 ASSORTED COLOUR TEASPOONS,6,2011-05-04 14:11:00,4.25,13047,United Kingdom,25.5
551849,22457,NATURAL SLATE HEART CHALKBOARD ,12,2011-05-04 14:33:00,2.95,16258,United Kingdom,35.400000000000006
551859,21395,BLUE POLKADOT BEAKER ,48,2011-05-04 15:37:00,0.39,14336,United Kingdom,18.72
551868,21071,VINTAGE BILLBOARD DRINK ME MUG,12,2011-05-04 16:29:00,1.25,12540,Spain,15.0
551868,21914,BLUE HARMONICA IN BOX ,36,2011-05-04 16:29:00,1.25,12540,Spain,45.0
551868,22553,PLASTERS IN TIN SKULLS,24,2011-05-04 16:29:00,1.65,12540,Spain,39.6
551869,23206,LUNCH BAG APPLE DESIGN,1,2011-05-04 16:36:00,1.65,16767,United Kingdom,1.65
551876,85150,LADIES & GENTLEMEN METAL SIGN,6,2011-05-05 08:18:00,2.55,14867,United Kingdom,15.3
551885,22960,JAM MAKING SET WITH JARS,6,2011-05-05 09:18:00,4.25,16700,United Kingdom,25.5
551902,21078,SET/20 STRAWBERRY PAPER NAPKINS ,24,2011-05-05 10:49:00,0.85,17512,United Kingdom,20.4
551944,22197,SMALL POPCORN HOLDER,1,2011-05-05 11:08:00,0.85,14553,United Kingdom,0.85
551944,22979,PANTRY WASHING UP BRUSH,1,2011-05-05 11:08:00,1.45,14553,United Kingdom,1.45
551944,21749,LARGE RED RETROSPOT WINDMILL,2,2011-05-05 11:08:00,2.1,14553,United Kingdom,4.2
551950,C2,CARRIAGE,1,2011-05-05 11:38:00,50.0,14911,EIRE,50.0
551950,21749,LARGE RED RETROSPOT WINDMILL,6,2011-05-05 11:38:00,2.1,14911,EIRE,12.6
551952,21380,WOODEN HAPPY BIRTHDAY GARLAND,144,2011-05-05 11:47:00,2.55,15838,United Kingdom,367.2
551953,22671,FRENCH LAUNDRY SIGN BLUE METAL,12,2011-05-05 11:53:00,1.65,13448,United Kingdom,19.8
551954,23283,DOORMAT VINTAGE LEAVES DESIGN ,5,2011-05-05 12:13:00,7.95,14515,United Kingdom,39.75
551956,23066,SMALL DECO JEWELLERY STAND,1,2011-05-05 12:22:00,8.25,15021,United Kingdom,8.25
551958,21240,BLUE POLKADOT CUP,8,2011-05-05 12:37:00,0.85,13883,United Kingdom,6.8
551960,21609,SET 12 LAVENDER  BOTANICAL T-LIGHTS,6,2011-05-05 12:38:00,2.95,18239,United Kingdom,17.700000000000003
551960,22178,VICTORIAN GLASS HANGING T-LIGHT,12,2011-05-05 12:38:00,1.25,18239,United Kingdom,15.0
551961,22906,12 MESSAGE CARDS WITH ENVELOPES,12,2011-05-05 12:39:00,1.65,13883,United Kingdom,19.8
551966,22384,LUNCH BAG PINK POLKADOT,2,2011-05-05 13:14:00,1.65,15356,United Kingdom,3.3
551966,22977,DOLLY GIRL CHILDRENS EGG CUP,4,2011-05-05 13:14:00,1.25,15356,United Kingdom,5.0
551980,48185,DOORMAT FAIRY CAKE,2,2011-05-05 13:46:00,7.95,17849,United Kingdom,15.9
551980,48194,DOORMAT HEARTS,2,2011-05-05 13:46:00,7.95,17849,United Kingdom,15.9
551982,20670,VIP HOLIDAY PURSE,2,2011-05-05 13:56:00,2.95,15023,United Kingdom,5.9
551982,22434,BALLOON PUMP WITH 10 BALLOONS,12,2011-05-05 13:56:00,1.95,15023,United Kingdom,23.4
551982,21989,PACK OF 20 SKULL PAPER NAPKINS,6,2011-05-05 13:56:00,0.85,15023,United Kingdom,5.1
551986,47566,PARTY BUNTING,4,2011-05-05 14:41:00,4.95,13888,United Kingdom,19.8
551986,23138,SINGLE WIRE HOOK IVORY HEART,12,2011-05-05 14:41:00,1.45,13888,United Kingdom,17.4
551987,85132C,CHARLIE AND LOLA FIGURES TINS,2,2011-05-05 14:55:00,1.95,15005,United Kingdom,3.9
551987,22998,TRAVEL CARD WALLET KEEP CALM,15,2011-05-05 14:55:00,0.42,15005,United Kingdom,6.3
551998,84192,ASSORTED COLOUR METAL CAT ,6,2011-05-05 15:48:00,1.25,14099,United Kingdom,7.5
552007,22501,PICNIC BASKET WICKER LARGE,4,2011-05-05 16:56:00,9.95,13269,United Kingdom,39.8
552013,22440,BALLOON WATER BOMB PACK OF 35,60,2011-05-05 17:34:00,0.42,12451,Switzerland,25.2
552013,22417,PACK OF 60 SPACEBOY CAKE CASES,48,2011-05-05 17:34:00,0.55,12451,Switzerland,26.4
552013,21078,SET/20 STRAWBERRY PAPER NAPKINS ,12,2011-05-05 17:34:00,0.85,12451,Switzerland,10.2
552013,21156,RETROSPOT CHILDRENS APRON,8,2011-05-05 17:34:00,1.95,12451,Switzerland,15.6
552013,21578,WOODLAND DESIGN  COTTON TOTE BAG,12,2011-05-05 17:34:00,2.25,12451,Switzerland,27.0
552025,21929,JUMBO BAG PINK VINTAGE PAISLEY,9,2011-05-05 18:04:00,2.08,13969,United Kingdom,18.72
552039,15056N,EDWARDIAN PARASOL NATURAL,3,2011-05-06 08:10:00,5.95,13081,United Kingdom,17.85
552039,21865,PINK UNION JACK  PASSPORT COVER ,12,2011-05-06 08:10:00,2.1,13081,United Kingdom,25.200000000000003
552042,37446,MINI CAKE STAND WITH HANGING CAKES,8,2011-05-06 09:00:00,1.45,13952,United Kingdom,11.6
552044,21124,SET/10 BLUE POLKADOT PARTY CANDLES,24,2011-05-06 09:14:00,1.25,17423,United Kingdom,30.0
552045,84991,60 TEATIME FAIRY CAKE CASES,24,2011-05-06 09:22:00,0.55,18241,United Kingdom,13.2
552051,22631,CIRCUS PARADE LUNCH BOX ,1,2011-05-06 10:10:00,1.95,14796,United Kingdom,1.95
552078,23207,LUNCH BAG ALPHABET DESIGN,10,2011-05-06 11:26:00,1.65,16748,United Kingdom,16.5
552108,23131,MISTLETOE HEART WREATH CREAM,1,2011-05-06 11:36:00,4.15,17841,United Kingdom,4.15
552149,22899,CHILDREN'S APRON DOLLY GIRL ,12,2011-05-06 12:00:00,2.1,13365,United Kingdom,25.200000000000003
552168,47566,PARTY BUNTING,4,2011-05-06 12:28:00,4.95,13880,United Kingdom,19.8
552172,16014,SMALL CHINESE STYLE SCISSOR,2000,2011-05-06 13:03:00,0.32,16308,United Kingdom,640.0
552176,84991,60 TEATIME FAIRY CAKE CASES,1,2011-05-06 13:25:00,0.55,17516,United Kingdom,0.55
552184,23061,VINTAGE EMBOSSED HEART,12,2011-05-06 13:43:00,1.25,13741,United Kingdom,15.0
552184,21232,STRAWBERRY CERAMIC TRINKET BOX,12,2011-05-06 13:43:00,1.25,13741,United Kingdom,15.0
552183,82581,TOILET METAL SIGN,2,2011-05-06 13:43:00,0.55,17604,United Kingdom,1.1
552183,21644,ASSORTED TUTTI FRUTTI HEART BOX,12,2011-05-06 13:43:00,1.25,17604,United Kingdom,15.0
552186,23145,ZINC T-LIGHT HOLDER STAR LARGE,12,2011-05-06 13:53:00,0.95,12921,United Kingdom,11.4
552186,22457,NATURAL SLATE HEART CHALKBOARD ,6,2011-05-06 13:53:00,2.95,12921,United Kingdom,17.700000000000003
552217,22151,PLACE SETTING WHITE HEART,24,2011-05-06 15:13:00,0.42,18170,United Kingdom,10.08
552231,22748,POPPY'S PLAYHOUSE KITCHEN,3,2011-05-06 15:47:00,2.1,17364,United Kingdom,6.300000000000001
552231,21041,RED RETROSPOT OVEN GLOVE DOUBLE,2,2011-05-06 15:47:00,2.95,17364,United Kingdom,5.9
552231,23254,CHILDRENS CUTLERY DOLLY GIRL ,3,2011-05-06 15:47:00,4.15,17364,United Kingdom,12.45
552245,21793,CLASSIC FRENCH STYLE BASKET BROWN,1,2011-05-06 19:42:00,3.95,12748,United Kingdom,3.95
552246,22714,CARD BIRTHDAY COWBOY,1,2011-05-06 19:44:00,0.42,12748,United Kingdom,0.42
552257,22224,WHITE LOVEBIRD LANTERN,10,2011-05-08 11:08:00,2.95,16923,United Kingdom,29.5
552257,84828,JUNGLE POPSICLES ICE LOLLY MOULDS,2,2011-05-08 11:08:00,1.25,16923,United Kingdom,2.5
552262,20977,36 PENCILS TUBE WOODLAND,16,2011-05-08 11:37:00,1.25,14911,EIRE,20.0
552266,47566,PARTY BUNTING,8,2011-05-08 11:41:00,4.95,13975,United Kingdom,39.6
552265,22423,REGENCY CAKESTAND 3 TIER,2,2011-05-08 11:41:00,12.75,14161,United Kingdom,25.5
552269,85099B,JUMBO BAG RED RETROSPOT,4,2011-05-08 11:52:00,2.08,16121,United Kingdom,8.32
552269,23040,PAPER LANTERN 9 POINT SNOW STAR ,1,2011-05-08 11:52:00,5.75,16121,United Kingdom,5.75
552269,22993,SET OF 4 PANTRY JELLY MOULDS,4,2011-05-08 11:52:00,1.25,16121,United Kingdom,5.0
552269,22161,HEART DECORATION RUSTIC HANGING ,1,2011-05-08 11:52:00,0.65,16121,United Kingdom,0.65
552276,23127,FELTCRAFT GIRL NICOLE KIT,8,2011-05-08 12:31:00,4.95,18142,United Kingdom,39.6
552282,22996,TRAVEL CARD WALLET VINTAGE TICKET,5,2011-05-08 12:44:00,0.42,14040,United Kingdom,2.1
552285,22493,PAINT YOUR OWN CANVAS SET,1,2011-05-08 12:58:00,1.65,14684,United Kingdom,1.65
552285,20972,PINK CREAM FELT CRAFT TRINKET BOX ,1,2011-05-08 12:58:00,1.25,14684,United Kingdom,1.25
552285,85071C,"CHARLIE+LOLA""EXTREMELY BUSY"" SIGN",1,2011-05-08 12:58:00,2.55,14684,United Kingdom,2.55
552285,20981,12 PENCILS TALL TUBE WOODLAND,1,2011-05-08 12:58:00,0.85,14684,United Kingdom,0.85
552288,22383,LUNCH BAG SUKI DESIGN ,10,2011-05-08 13:20:00,1.65,13313,United Kingdom,16.5
552290,84077,WORLD WAR 2 GLIDERS ASSTD DESIGNS,48,2011-05-08 13:32:00,0.29,16007,United Kingdom,13.919999999999998
552290,21122,SET/10 PINK POLKADOT PARTY CANDLES,2,2011-05-08 13:32:00,1.25,16007,United Kingdom,2.5
552291,84997C,CHILDRENS CUTLERY POLKADOT BLUE,4,2011-05-08 14:00:00,4.15,15421,United Kingdom,16.6
552295,23159,SET OF 5 PANCAKE DAY MAGNETS,2,2011-05-08 14:08:00,2.08,14224,United Kingdom,4.16
552295,22328,ROUND SNACK BOXES SET OF 4 FRUITS ,1,2011-05-08 14:08:00,2.95,14224,United Kingdom,2.95
552296,22037,ROBOT BIRTHDAY CARD,12,2011-05-08 14:09:00,0.42,15518,United Kingdom,5.04
552296,21916,SET 12 RETRO WHITE CHALK STICKS,4,2011-05-08 14:09:00,0.42,15518,United Kingdom,1.68
552304,22884,NUMBER TILE VINTAGE FONT 5,3,2011-05-08 15:15:00,1.95,12748,United Kingdom,5.85
552304,22557,PLASTERS IN TIN VINTAGE PAISLEY ,1,2011-05-08 15:15:00,1.65,12748,United Kingdom,1.65
552304,84945,MULTI COLOUR SILVER T-LIGHT HOLDER,48,2011-05-08 15:15:00,0.85,12748,United Kingdom,40.8
552306,21871,SAVE THE PLANET MUG,12,2011-05-08 15:20:00,1.25,13911,United Kingdom,15.0
552306,23132,SMALL IVORY HEART WALL ORGANISER,3,2011-05-08 15:20:00,5.75,13911,United Kingdom,17.25
552307,82494L,WOODEN FRAME ANTIQUE WHITE ,1,2011-05-08 15:20:00,2.95,12748,United Kingdom,2.95
552309,22189,CREAM HEART CARD HOLDER,4,2011-05-08 15:22:00,3.95,13835,United Kingdom,15.8
552311,20981,12 PENCILS TALL TUBE WOODLAND,12,2011-05-08 15:22:00,0.85,15312,United Kingdom,10.2
552310,22381,TOY TIDY PINK POLKADOT,2,2011-05-08 15:22:00,2.1,17323,United Kingdom,4.2
552320,21559,STRAWBERRY LUNCH BOX WITH CUTLERY,12,2011-05-09 08:26:00,2.55,13985,United Kingdom,30.6
552322,23199,JUMBO BAG APPLES,10,2011-05-09 09:16:00,2.08,17049,United Kingdom,20.8
552336,22699,ROSES REGENCY TEACUP AND SAUCER ,6,2011-05-09 11:26:00,2.95,15159,United Kingdom,17.700000000000003
552337,21051,RIBBONS PURSE ,6,2011-05-09 11:34:00,2.1,12621,Germany,12.6
552353,20685,DOORMAT RED RETROSPOT,2,2011-05-09 12:14:00,7.95,17612,United Kingdom,15.9
552358,21756,BATH BUILDING BLOCK WORD,3,2011-05-09 12:20:00,5.95,15673,United Kingdom,17.85
552364,23298,SPOTTY BUNTING,3,2011-05-09 12:25:00,4.95,13004,United Kingdom,14.85
552365,20914,SET/5 RED RETROSPOT LID GLASS BOWLS,3,2011-05-09 12:25:00,2.95,16440,United Kingdom,8.850000000000001
552410,82011B,BATHROOM SCALES RUBBER DUCKS,1,2011-05-09 12:40:00,3.75,14527,United Kingdom,3.75
552410,23298,SPOTTY BUNTING,2,2011-05-09 12:40:00,4.95,14527,United Kingdom,9.9
552418,22854,CREAM SWEETHEART EGG HOLDER,4,2011-05-09 12:42:00,4.95,13971,United Kingdom,19.8
552442,23298,SPOTTY BUNTING,3,2011-05-09 13:03:00,4.95,14667,United Kingdom,14.85
552442,90036C,"FLOWER GLASS GARLAND NECKL.36""BLUE",3,2011-05-09 13:03:00,7.95,14667,United Kingdom,23.85
552444,21905,MORE BUTTER METAL SIGN ,2,2011-05-09 13:10:00,2.1,17634,United Kingdom,4.2
552446,22382,LUNCH BAG SPACEBOY DESIGN ,4,2011-05-09 13:28:00,1.65,16729,United Kingdom,6.6
552446,75049L,LARGE CIRCULAR MIRROR MOBILE,6,2011-05-09 13:28:00,1.25,16729,United Kingdom,7.5
552453,22386,JUMBO BAG PINK POLKADOT,10,2011-05-09 14:10:00,2.08,12840,United Kingdom,20.8
552457,21932,SCANDINAVIAN PAISLEY PICNIC BAG,5,2011-05-09 14:40:00,1.65,16477,United Kingdom,8.25
552457,21933,PINK VINTAGE PAISLEY PICNIC BAG,5,2011-05-09 14:40:00,1.65,16477,United Kingdom,8.25
552456,20675,BLUE POLKADOT BOWL,8,2011-05-09 14:40:00,1.25,13999,United Kingdom,10.0
552456,22431,WATERING CAN BLUE ELEPHANT,6,2011-05-09 14:40:00,1.95,13999,United Kingdom,11.7
552460,22411,JUMBO SHOPPER VINTAGE RED PAISLEY,10,2011-05-09 14:44:00,2.08,13178,United Kingdom,20.8
552467,20728,LUNCH BAG CARS BLUE,20,2011-05-09 15:29:00,1.65,15249,United Kingdom,33.0
552468,21915,RED  HARMONICA IN BOX ,12,2011-05-09 15:33:00,1.25,13141,United Kingdom,15.0
552469,22972,CHILDREN'S SPACEBOY MUG,6,2011-05-09 15:34:00,1.65,12867,United Kingdom,9.9
552526,22569,FELTCRAFT CUSHION BUTTERFLY,3,2011-05-09 16:42:00,3.75,17576,United Kingdom,11.25
552530,21878,PACK OF 6 SANDCASTLE FLAGS ASSORTED,12,2011-05-10 08:58:00,0.85,13055,United Kingdom,10.2
552531,21756,BATH BUILDING BLOCK WORD,6,2011-05-10 09:35:00,5.95,13742,United Kingdom,35.7
552543,21915,RED  HARMONICA IN BOX ,12,2011-05-10 10:22:00,1.25,12399,Belgium,15.0
552547,21498,RED RETROSPOT WRAP ,25,2011-05-10 10:34:00,0.42,13098,United Kingdom,10.5
552551,21932,SCANDINAVIAN PAISLEY PICNIC BAG,10,2011-05-10 10:45:00,1.65,15433,United Kingdom,16.5
552558,84969,BOX OF 6 ASSORTED COLOUR TEASPOONS,6,2011-05-10 11:33:00,4.25,14766,United Kingdom,25.5
552560,22356,CHARLOTTE BAG PINK POLKADOT,10,2011-05-10 11:48:00,0.85,17581,United Kingdom,8.5
552572,23201,JUMBO BAG ALPHABET,100,2011-05-10 12:11:00,1.79,14680,United Kingdom,179.0
552572,22352,LUNCH BOX WITH CUTLERY RETROSPOT ,12,2011-05-10 12:11:00,2.55,14680,United Kingdom,30.6
552574,22088,PAPER BUNTING COLOURED LACE,40,2011-05-10 12:20:00,2.55,15311,United Kingdom,102.0
552574,85099B,JUMBO BAG RED RETROSPOT,100,2011-05-10 12:20:00,1.79,15311,United Kingdom,179.0
552574,20750,RED RETROSPOT MINI CASES,2,2011-05-10 12:20:00,7.95,15311,United Kingdom,15.9
552614,22423,REGENCY CAKESTAND 3 TIER,6,2011-05-10 12:51:00,12.75,14849,United Kingdom,76.5
552614,21977,PACK OF 60 PINK PAISLEY CAKE CASES,24,2011-05-10 12:51:00,0.55,14849,United Kingdom,13.2
552624,21272,SALLE DE BAIN HOOK,2,2011-05-10 12:53:00,1.25,14505,United Kingdom,2.5
552631,21675,BUTTERFLIES STICKERS,12,2011-05-10 12:55:00,0.85,12684,France,10.2
552631,22493,PAINT YOUR OWN CANVAS SET,12,2011-05-10 12:55:00,1.65,12684,France,19.8
552638,22178,VICTORIAN GLASS HANGING T-LIGHT,12,2011-05-10 13:00:00,1.25,17700,United Kingdom,15.0
552639,21704,BAG 250g SWIRLY MARBLES,12,2011-05-10 13:18:00,0.85,15134,United Kingdom,10.2
552640,22725,ALARM CLOCK BAKELIKE CHOCOLATE,1,2011-05-10 13:19:00,3.75,17841,United Kingdom,3.75
552642,23170,REGENCY TEA PLATE ROSES ,12,2011-05-10 13:22:00,1.65,14288,United Kingdom,19.8
552648,22826,LOVE SEAT ANTIQUE WHITE METAL,1,2011-05-10 13:40:00,195.0,17581,United Kingdom,195.0
552652,15058C,ICE CREAM DESIGN GARDEN PARASOL,1,2011-05-10 14:09:00,7.95,14591,United Kingdom,7.95
552655,21240,BLUE POLKADOT CUP,1,2011-05-10 14:22:00,0.85,14587,United Kingdom,0.85
552655,22789,T-LIGHT HOLDER SWEETHEART HANGING,2,2011-05-10 14:22:00,1.95,14587,United Kingdom,3.9
552655,84510C,SET OF 4 POLKADOT COASTERS,1,2011-05-10 14:22:00,1.25,14587,United Kingdom,1.25
552655,21238,RED RETROSPOT CUP,2,2011-05-10 14:22:00,0.85,14587,United Kingdom,1.7
552669,22989,SET 2 PANTRY DESIGN TEA TOWELS,4,2011-05-10 15:05:00,3.25,16710,United Kingdom,13.0
552694,22768,FAMILY PHOTO FRAME CORNICE,2,2011-05-10 15:25:00,9.95,12749,United Kingdom,19.9
552694,22170,PICTURE FRAME WOOD TRIPLE PORTRAIT,4,2011-05-10 15:25:00,6.75,12749,United Kingdom,27.0
552695,21497,FANCY FONTS BIRTHDAY WRAP,25,2011-05-10 15:31:00,0.42,16320,Unspecified,10.5
552699,23145,ZINC T-LIGHT HOLDER STAR LARGE,12,2011-05-10 15:52:00,0.95,16210,United Kingdom,11.4
552710,23174,REGENCY SUGAR BOWL GREEN,6,2011-05-11 07:35:00,4.15,13098,United Kingdom,24.9
552710,79321,CHILLI LIGHTS,24,2011-05-11 07:35:00,4.95,13098,United Kingdom,118.8
552710,22983,CARD BILLBOARD FONT,12,2011-05-11 07:35:00,0.42,13098,United Kingdom,5.04
552712,48111,DOORMAT 3 SMILEY CATS,2,2011-05-11 08:34:00,7.95,17634,United Kingdom,15.9
552724,22676,FRENCH BLUE METAL DOOR SIGN 1,10,2011-05-11 10:29:00,1.25,13418,United Kingdom,12.5
552730,22342,HOME GARLAND PAINTED ZINC ,12,2011-05-11 10:42:00,1.65,16837,United Kingdom,19.8
552730,85078,SCANDINAVIAN 3 HEARTS NAPKIN RING,24,2011-05-11 10:42:00,0.19,16837,United Kingdom,4.5600000000000005
552731,22326,ROUND SNACK BOXES SET OF4 WOODLAND ,24,2011-05-11 10:43:00,2.95,12372,Denmark,70.80000000000001
552732,23170,REGENCY TEA PLATE ROSES ,12,2011-05-11 10:47:00,1.65,17428,United Kingdom,19.8
552734,22697,GREEN REGENCY TEACUP AND SAUCER,24,2011-05-11 10:49:00,2.55,17428,United Kingdom,61.2
552770,22938,CUPCAKE LACE PAPER SET 6,12,2011-05-11 11:57:00,1.95,13404,United Kingdom,23.4
552786,85150,LADIES & GENTLEMEN METAL SIGN,48,2011-05-11 12:14:00,1.69,16029,United Kingdom,81.12
552802,22961,JAM MAKING SET PRINTED,3,2011-05-11 12:23:00,1.45,16115,United Kingdom,4.35
552803,16151A,FLOWERS HANDBAG blue and orange,2,2011-05-11 12:32:00,1.25,14573,United Kingdom,2.5
552804,22423,REGENCY CAKESTAND 3 TIER,1,2011-05-11 12:32:00,12.75,15615,United Kingdom,12.75
552811,23155,KNICKERBOCKERGLORY MAGNET ASSORTED ,96,2011-05-11 12:43:00,0.72,17677,United Kingdom,69.12
552813,23046,PAPER LANTERN 9 POINT DELUXE STAR,2,2011-05-11 12:44:00,6.65,15079,United Kingdom,13.3
552816,23209,LUNCH BAG DOILEY PATTERN ,1,2011-05-11 12:47:00,1.65,15521,United Kingdom,1.65
552816,22197,SMALL POPCORN HOLDER,4,2011-05-11 12:47:00,0.85,15521,United Kingdom,3.4
552819,48138,DOORMAT UNION FLAG,10,2011-05-11 12:50:00,6.75,16652,United Kingdom,67.5
552819,22728,ALARM CLOCK BAKELIKE PINK,8,2011-05-11 12:50:00,3.75,16652,United Kingdom,30.0
552819,48194,DOORMAT HEARTS,10,2011-05-11 12:50:00,6.75,16652,United Kingdom,67.5
552820,22919,HERB MARKER MINT,12,2011-05-11 12:53:00,0.65,16644,United Kingdom,7.800000000000001
552821,22722,SET OF 6 SPICE TINS PANTRY DESIGN,1,2011-05-11 12:58:00,3.95,18118,United Kingdom,3.95
552821,22464,HANGING METAL HEART LANTERN,1,2011-05-11 12:58:00,1.65,18118,United Kingdom,1.65
552821,23068,ALUMINIUM STAMPED HEART,1,2011-05-11 12:58:00,2.49,18118,United Kingdom,2.49
552823,22384,LUNCH BAG PINK POLKADOT,3,2011-05-11 13:06:00,1.65,14731,United Kingdom,4.949999999999999
552824,22616,PACK OF 12 LONDON TISSUES ,12,2011-05-11 13:16:00,0.29,14056,United Kingdom,3.4799999999999995
552824,22077,6 RIBBONS RUSTIC CHARM,2,2011-05-11 13:16:00,1.65,14056,United Kingdom,3.3
552825,71459,HANGING JAM JAR T-LIGHT HOLDER,12,2011-05-11 13:18:00,0.85,15296,United Kingdom,10.2
552826,21248,DOOR HANGER  MUM + DADS ROOM,4,2011-05-11 13:20:00,1.45,14277,France,5.8
552829,22393,PAPERWEIGHT VINTAGE COLLAGE,2,2011-05-11 13:42:00,2.55,12748,United Kingdom,5.1
552835,21967,PACK OF 12 SKULL TISSUES,24,2011-05-11 14:17:00,0.29,17664,United Kingdom,6.959999999999999
552844,21158,MOODY GIRL DOOR HANGER ,12,2011-05-11 14:37:00,1.45,12649,Germany,17.4
552846,23254,CHILDRENS CUTLERY DOLLY GIRL ,72,2011-05-11 14:38:00,3.75,14646,Netherlands,270.0
552852,22659,LUNCH BOX I LOVE LONDON,2,2011-05-11 15:08:00,1.95,16712,United Kingdom,3.9
552852,22138,BAKING SET 9 PIECE RETROSPOT ,2,2011-05-11 15:08:00,4.95,16712,United Kingdom,9.9
552855,20975,12 PENCILS SMALL TUBE RED RETROSPOT,120,2011-05-11 15:17:00,0.65,15815,United Kingdom,78.0
552861,22411,JUMBO SHOPPER VINTAGE RED PAISLEY,3,2011-05-11 16:28:00,2.08,12748,United Kingdom,6.24
552864,20675,BLUE POLKADOT BOWL,12,2011-05-11 17:13:00,1.25,13235,United Kingdom,15.0
552864,21621,VINTAGE UNION JACK BUNTING,6,2011-05-11 17:13:00,8.5,13235,United Kingdom,51.0
552864,23254,CHILDRENS CUTLERY DOLLY GIRL ,6,2011-05-11 17:13:00,4.15,13235,United Kingdom,24.9
552867,82484,WOOD BLACK BOARD ANT WHITE FINISH,12,2011-05-12 08:36:00,6.75,15513,United Kingdom,81.0
552870,23202,JUMBO BAG VINTAGE LEAF,10,2011-05-12 08:42:00,1.95,15513,United Kingdom,19.5
552872,21181,PLEASE ONE PERSON METAL SIGN,12,2011-05-12 09:09:00,2.1,16985,United Kingdom,25.200000000000003
552874,79000,MOROCCAN TEA GLASS,36,2011-05-12 09:40:00,0.85,12621,Germany,30.6
552874,22303,COFFEE MUG APPLES DESIGN,12,2011-05-12 09:40:00,2.55,12621,Germany,30.6
552877,84755,COLOUR GLASS T-LIGHT HOLDER HANGING,16,2011-05-12 09:49:00,0.65,14883,United Kingdom,10.4
552878,21122,SET/10 PINK POLKADOT PARTY CANDLES,24,2011-05-12 09:54:00,1.25,12625,Germany,30.0
552879,22898,CHILDRENS APRON APPLES DESIGN,8,2011-05-12 09:55:00,1.95,12976,United Kingdom,15.6
552880,22024,RAINY LADIES BIRTHDAY CARD,12,2011-05-12 09:59:00,0.42,18245,United Kingdom,5.04
552882,23299,FOOD COVER WITH BEADS SET 2 ,50,2011-05-12 10:10:00,3.39,14646,Netherlands,169.5
552883,22418,10 COLOUR SPACEBOY PEN,144,2011-05-12 10:13:00,0.72,14646,Netherlands,103.68
552886,21942,SKULLS DESIGN FLANNEL,12,2011-05-12 10:18:00,0.85,16244,United Kingdom,10.2
552886,85071B,RED CHARLIE+LOLA PERSONAL DOORSIGN,6,2011-05-12 10:18:00,2.95,16244,United Kingdom,17.700000000000003
552886,22964,3 PIECE SPACEBOY COOKIE CUTTER SET,6,2011-05-12 10:18:00,2.1,16244,United Kingdom,12.6
552888,22630,DOLLY GIRL LUNCH BOX,64,2011-05-12 10:23:00,1.65,15061,United Kingdom,105.6
552891,23065,LARGE DECO JEWELLERY STAND,1,2011-05-12 10:45:00,12.5,14681,United Kingdom,12.5
552894,20728,LUNCH BAG CARS BLUE,1,2011-05-12 10:53:00,1.65,14606,United Kingdom,1.65
552905,79321,CHILLI LIGHTS,4,2011-05-12 11:10:00,5.75,15974,United Kingdom,23.0
552905,21755,LOVE BUILDING BLOCK WORD,3,2011-05-12 11:10:00,5.95,15974,United Kingdom,17.85
552945,85123A,WHITE HANGING HEART T-LIGHT HOLDER,32,2011-05-12 11:44:00,2.55,15953,United Kingdom,81.6
552948,22835,HOT WATER BOTTLE I AM SO POORLY,4,2011-05-12 11:59:00,4.65,18136,United Kingdom,18.6
552948,84969,BOX OF 6 ASSORTED COLOUR TEASPOONS,12,2011-05-12 11:59:00,4.25,18136,United Kingdom,51.0
552949,82583,HOT BATHS METAL SIGN,8,2011-05-12 12:01:00,2.1,16033,United Kingdom,16.8
552949,22960,JAM MAKING SET WITH JARS,5,2011-05-12 12:01:00,4.25,16033,United Kingdom,21.25
552951,21172,PARTY METAL SIGN ,5,2011-05-12 12:05:00,1.45,14988,United Kingdom,7.25
552952,71459,HANGING JAM JAR T-LIGHT HOLDER,24,2011-05-12 12:10:00,0.85,13837,United Kingdom,20.4
552952,21936,RED RETROSPOT PICNIC BAG,6,2011-05-12 12:10:00,2.95,13837,United Kingdom,17.700000000000003
552956,23108,SET OF 10 LED DOLLY LIGHTS,2,2011-05-12 12:34:00,6.25,12431,Australia,12.5
552963,22616,PACK OF 12 LONDON TISSUES ,12,2011-05-12 12:57:00,0.29,16743,United Kingdom,3.4799999999999995
552963,21166,COOK WITH WINE METAL SIGN ,5,2011-05-12 12:57:00,2.08,16743,United Kingdom,10.4
552971,85123A,WHITE HANGING HEART T-LIGHT HOLDER,6,2011-05-12 13:41:00,2.95,14738,United Kingdom,17.700000000000003
552972,22138,BAKING SET 9 PIECE RETROSPOT ,6,2011-05-12 13:43:00,4.95,16043,United Kingdom,29.700000000000003
552972,22847,BREAD BIN DINER STYLE IVORY,1,2011-05-12 13:43:00,16.95,16043,United Kingdom,16.95
553002,M,Manual,2,2011-05-12 15:26:00,1.95,13263,United Kingdom,3.9
553005,84926E,FLOWERS TILE COASTER,2,2011-05-12 16:29:00,1.25,14651,United Kingdom,2.5
553006,20675,BLUE POLKADOT BOWL,8,2011-05-12 16:45:00,1.25,15544,United Kingdom,10.0
553007,17003,BROCADE RING PURSE ,144,2011-05-12 16:50:00,0.29,14000,United Kingdom,41.76
553009,23166,MEDIUM CERAMIC TOP STORAGE JAR,3,2011-05-12 16:52:00,1.25,13601,United Kingdom,3.75
553009,22938,CUPCAKE LACE PAPER SET 6,12,2011-05-12 16:52:00,1.95,13601,United Kingdom,23.4
553014,21671,RED SPOT CERAMIC DRAWER KNOB,6,2011-05-12 18:49:00,1.25,13451,United Kingdom,7.5
553014,47566,PARTY BUNTING,1,2011-05-12 18:49:00,4.95,13451,United Kingdom,4.95
553014,21122,SET/10 PINK POLKADOT PARTY CANDLES,3,2011-05-12 18:49:00,1.25,13451,United Kingdom,3.75
553014,21123,SET/10 IVORY POLKADOT PARTY CANDLES,3,2011-05-12 18:49:00,1.25,13451,United Kingdom,3.75
553017,20725,LUNCH BAG RED RETROSPOT,5,2011-05-12 19:01:00,1.65,12757,Portugal,8.25
553035,23077,DOUGHNUT LIP GLOSS ,20,2011-05-12 20:13:00,1.25,17337,United Kingdom,25.0
553035,21902,"KEY FOB , FRONT  DOOR ",1,2011-05-12 20:13:00,0.65,17337,United Kingdom,0.65
553035,22998,TRAVEL CARD WALLET KEEP CALM,3,2011-05-12 20:13:00,0.42,17337,United Kingdom,1.26
553035,20828,GLITTER BUTTERFLY CLIPS,1,2011-05-12 20:13:00,2.55,17337,United Kingdom,2.55
553035,22698,PINK REGENCY TEACUP AND SAUCER,1,2011-05-12 20:13:00,2.95,17337,United Kingdom,2.95
553037,23158,SET OF 5 LUCKY CAT MAGNETS ,36,2011-05-13 08:10:00,2.08,12471,Germany,74.88
553045,47591D,PINK FAIRY CAKE CHILDRENS APRON,50,2011-05-13 09:33:00,1.65,12770,Japan,82.5
553048,22197,SMALL POPCORN HOLDER,12,2011-05-13 10:02:00,0.85,14291,United Kingdom,10.2
553048,20725,LUNCH BAG RED RETROSPOT,10,2011-05-13 10:02:00,1.65,14291,United Kingdom,16.5
553048,23108,SET OF 10 LED DOLLY LIGHTS,4,2011-05-13 10:02:00,6.25,14291,United Kingdom,25.0
553050,22383,LUNCH BAG SUKI DESIGN ,10,2011-05-13 10:09:00,1.65,15498,United Kingdom,16.5
553057,23199,JUMBO BAG APPLES,10,2011-05-13 10:41:00,2.08,16161,United Kingdom,20.8
553062,85099F,JUMBO BAG STRAWBERRY,100,2011-05-13 11:25:00,1.79,13629,United Kingdom,179.0
553074,22758,LARGE PURPLE BABUSHKA NOTEBOOK  ,2,2011-05-13 11:45:00,1.25,15529,United Kingdom,2.5
553074,23000,TRAVEL CARD WALLET TRANSPORT,1,2011-05-13 11:45:00,0.42,15529,United Kingdom,0.42
553074,84828,JUNGLE POPSICLES ICE LOLLY MOULDS,4,2011-05-13 11:45:00,1.25,15529,United Kingdom,5.0
553074,85040A,S/4 PINK FLOWER CANDLES IN BOWL,3,2011-05-13 11:45:00,1.65,15529,United Kingdom,4.949999999999999
553088,22993,SET OF 4 PANTRY JELLY MOULDS,12,2011-05-13 11:53:00,1.25,16180,United Kingdom,15.0
553120,23204,CHARLOTTE BAG APPLES DESIGN,10,2011-05-13 12:12:00,0.85,17139,United Kingdom,8.5
553120,48173C,DOORMAT BLACK FLOCK ,10,2011-05-13 12:12:00,6.75,17139,United Kingdom,67.5
553120,21499,BLUE POLKADOT WRAP,25,2011-05-13 12:12:00,0.42,17139,United Kingdom,10.5
553129,23209,LUNCH BAG DOILEY PATTERN ,2,2011-05-13 12:34:00,1.65,17765,United Kingdom,3.3
553134,23209,LUNCH BAG DOILEY PATTERN ,10,2011-05-13 12:50:00,1.65,15382,United Kingdom,16.5
553141,22277,COSMETIC BAG VINTAGE ROSE PAISLEY,1,2011-05-13 13:01:00,2.1,15907,United Kingdom,2.1
553141,22907,PACK OF 20 NAPKINS PANTRY DESIGN,8,2011-05-13 13:01:00,0.85,15907,United Kingdom,6.8
553146,22960,JAM MAKING SET WITH JARS,6,2011-05-13 13:52:00,4.25,14873,United Kingdom,25.5
553152,23169,CLASSIC GLASS SWEET JAR,6,2011-05-13 14:55:00,4.15,13089,United Kingdom,24.9
553154,23170,REGENCY TEA PLATE ROSES ,48,2011-05-13 14:57:00,1.45,17061,United Kingdom,69.6
553156,22555,PLASTERS IN TIN STRONGMAN,1,2011-05-13 14:58:00,1.65,17841,United Kingdom,1.65
553158,22465,HANGING METAL STAR LANTERN,12,2011-05-13 15:24:00,1.65,14194,United Kingdom,19.8
553177,85123A,WHITE HANGING HEART T-LIGHT HOLDER,18,2011-05-15 11:23:00,2.95,13094,United Kingdom,53.1
553179,22745,POPPY'S PLAYHOUSE BEDROOM ,1,2011-05-15 11:30:00,2.1,15440,United Kingdom,2.1
553182,22660,DOORMAT I LOVE LONDON,10,2011-05-15 12:21:00,6.75,17107,United Kingdom,67.5
553182,48173C,DOORMAT BLACK FLOCK ,10,2011-05-15 12:21:00,6.75,17107,United Kingdom,67.5
553187,23207,LUNCH BAG ALPHABET DESIGN,10,2011-05-15 12:53:00,1.65,16809,United Kingdom,16.5
553189,84879,ASSORTED COLOUR BIRD ORNAMENT,8,2011-05-15 13:14:00,1.69,15033,United Kingdom,13.52
553190,21476,STEEL SWEETHEART ROUND TABLE CREAM,1,2011-05-15 13:14:00,14.95,15164,United Kingdom,14.95
553190,21868,POTTING SHED TEA MUG,2,2011-05-15 13:14:00,1.25,15164,United Kingdom,2.5
553191,79191B,RETRO PLASTIC POLKA TRAY,1,2011-05-15 13:22:00,0.85,13118,United Kingdom,0.85
553193,23112,PARISIENNE CURIO CABINET,2,2011-05-15 13:31:00,7.5,15081,United Kingdom,15.0
553194,85124B,BLUE JUICY FRUIT PHOTO FRAME,3,2011-05-15 13:37:00,2.55,16283,United Kingdom,7.649999999999999
553194,84375,SET OF 20 KIDS COOKIE CUTTERS,3,2011-05-15 13:37:00,2.1,16283,United Kingdom,6.300000000000001
553196,22847,BREAD BIN DINER STYLE IVORY,1,2011-05-15 14:15:00,16.95,17114,United Kingdom,16.95
553202,21914,BLUE HARMONICA IN BOX ,14,2011-05-15 16:02:00,1.25,15854,United Kingdom,17.5
553205,23174,REGENCY SUGAR BOWL GREEN,24,2011-05-16 08:13:00,3.75,15813,United Kingdom,90.0
553206,23298,SPOTTY BUNTING,12,2011-05-16 08:16:00,4.95,14156,EIRE,59.400000000000006
553206,21972,SET OF 36 DINOSAUR PAPER DOILIES,12,2011-05-16 08:16:00,1.45,14156,EIRE,17.4
553211,21918,SET 12 KIDS COLOUR  CHALK STICKS,24,2011-05-16 09:40:00,0.42,15358,United Kingdom,10.08
553211,22570,FELTCRAFT CUSHION RABBIT,4,2011-05-16 09:40:00,3.75,15358,United Kingdom,15.0
553210,21915,RED  HARMONICA IN BOX ,24,2011-05-16 09:40:00,1.25,14016,EIRE,30.0
553211,22819,"BIRTHDAY CARD, RETRO SPOT",12,2011-05-16 09:40:00,0.42,15358,United Kingdom,5.04
553228,21917,SET 12 KIDS  WHITE CHALK STICKS,24,2011-05-16 10:48:00,0.42,16496,United Kingdom,10.08
553235,23084,RABBIT NIGHT LIGHT,6,2011-05-16 11:13:00,2.08,13018,United Kingdom,12.48
553235,22569,FELTCRAFT CUSHION BUTTERFLY,4,2011-05-16 11:13:00,3.75,13018,United Kingdom,15.0
553239,84947,ANTIQUE SILVER TEA GLASS ENGRAVED,48,2011-05-16 11:31:00,1.25,16226,United Kingdom,60.0
553341,22795,SWEETHEART RECIPE BOOK STAND,2,2011-05-16 12:25:00,6.75,16293,United Kingdom,13.5
553348,22440,BALLOON WATER BOMB PACK OF 35,20,2011-05-16 13:20:00,0.42,14911,EIRE,8.4
553348,23155,KNICKERBOCKERGLORY MAGNET ASSORTED ,12,2011-05-16 13:20:00,0.83,14911,EIRE,9.96
553351,22650,CERAMIC PIRATE CHEST MONEY BANK,3,2011-05-16 13:35:00,1.45,18118,United Kingdom,4.35
553363,23209,LUNCH BAG DOILEY PATTERN ,10,2011-05-16 14:19:00,1.65,13650,United Kingdom,16.5
553368,23283,DOORMAT VINTAGE LEAVES DESIGN ,100,2011-05-16 14:24:00,4.58,18102,United Kingdom,458.0
553369,23175,REGENCY MILK JUG PINK ,6,2011-05-16 14:30:00,3.25,15044,United Kingdom,19.5
553369,22698,PINK REGENCY TEACUP AND SAUCER,4,2011-05-16 14:30:00,2.95,15044,United Kingdom,11.8
553385,22743,MAKE YOUR OWN FLOWERPOWER CARD KIT,1,2011-05-16 15:53:00,2.95,16710,United Kingdom,2.95
553385,23170,REGENCY TEA PLATE ROSES ,12,2011-05-16 15:53:00,1.65,16710,United Kingdom,19.8
553390,22613,PACK OF 20 SPACEBOY NAPKINS,1,2011-05-16 16:41:00,0.85,17841,United Kingdom,0.85
553390,21927,BLUE/CREAM STRIPE CUSHION COVER ,4,2011-05-16 16:41:00,1.25,17841,United Kingdom,5.0
553390,22429,ENAMEL MEASURING JUG CREAM,1,2011-05-16 16:41:00,4.25,17841,United Kingdom,4.25
553392,22113,GREY HEART HOT WATER BOTTLE,12,2011-05-16 16:44:00,3.75,16131,United Kingdom,45.0
553402,21379,CAMPHOR WOOD PORTOBELLO MUSHROOM,2,2011-05-16 17:13:00,1.25,17898,United Kingdom,2.5
553411,22715,CARD WEDDING DAY,12,2011-05-17 09:28:00,0.42,12714,France,5.04
553411,23050,RECYCLED ACAPULCO MAT GREEN,2,2011-05-17 09:28:00,8.25,12714,France,16.5
553415,22923,FRIDGE MAGNETS LES ENFANTS ASSORTED,12,2011-05-17 10:02:00,0.85,12463,Belgium,10.2
553417,22621,TRADITIONAL KNITTING NANCY,12,2011-05-17 10:08:00,1.65,13871,United Kingdom,19.8
553417,23170,REGENCY TEA PLATE ROSES ,12,2011-05-17 10:08:00,1.65,13871,United Kingdom,19.8
553420,47590A,BLUE HAPPY BIRTHDAY BUNTING,3,2011-05-17 10:14:00,5.45,17519,United Kingdom,16.35
553427,85062,PEARL CRYSTAL PUMPKIN T-LIGHT HLDR,48,2011-05-17 10:36:00,1.45,17522,United Kingdom,69.6
553461,22197,SMALL POPCORN HOLDER,12,2011-05-17 10:57:00,0.85,16316,United Kingdom,10.2
553470,22171,3 HOOK PHOTO SHELF ANTIQUE WHITE,84,2011-05-17 11:27:00,5.88,18102,United Kingdom,493.92
553470,22914,BLUE COAT RACK PARIS FASHION,72,2011-05-17 11:27:00,3.37,18102,United Kingdom,242.64
553475,22701,PINK DOG BOWL,72,2011-05-17 11:31:00,1.66,18102,United Kingdom,119.52
553476,22983,CARD BILLBOARD FONT,12,2011-05-17 11:41:00,0.42,14221,United Kingdom,5.04
553477,21977,PACK OF 60 PINK PAISLEY CAKE CASES,24,2011-05-17 11:46:00,0.55,14239,United Kingdom,13.2
553485,17107D,"FLOWER FAIRY,5 SUMMER B'DRAW LINERS",3,2011-05-17 12:25:00,2.55,13208,United Kingdom,7.649999999999999
553487,22294,HEART FILIGREE DOVE  SMALL,2,2011-05-17 12:38:00,1.25,13246,United Kingdom,2.5
553487,85123A,WHITE HANGING HEART T-LIGHT HOLDER,4,2011-05-17 12:38:00,2.95,13246,United Kingdom,11.8
553487,84836,ZINC METAL HEART DECORATION,2,2011-05-17 12:38:00,1.25,13246,United Kingdom,2.5
553488,21888,BINGO SET,1,2011-05-17 12:40:00,3.75,18043,United Kingdom,3.75
553489,22551,PLASTERS IN TIN SPACEBOY,12,2011-05-17 12:43:00,1.65,15730,United Kingdom,19.8
553491,21754,HOME BUILDING BLOCK WORD,3,2011-05-17 12:44:00,5.95,15624,United Kingdom,17.85
553499,23118,PARISIENNE JEWELLERY DRAWER ,4,2011-05-17 12:57:00,7.5,17504,United Kingdom,30.0
553503,90214C,"LETTER ""C"" BLING KEY RING",1,2011-05-17 13:20:00,1.25,14606,United Kingdom,1.25
553503,21718,RED METAL BEACH SPADE ,2,2011-05-17 13:20:00,1.25,14606,United Kingdom,2.5
553505,21754,HOME BUILDING BLOCK WORD,6,2011-05-17 13:27:00,5.95,12949,United Kingdom,35.7
553507,84997D,CHILDRENS CUTLERY POLKADOT PINK,1,2011-05-17 13:35:00,4.15,17220,United Kingdom,4.15
553526,22426,ENAMEL WASH BOWL CREAM,2,2011-05-17 14:54:00,3.75,16266,United Kingdom,7.5
553526,21756,BATH BUILDING BLOCK WORD,1,2011-05-17 14:54:00,5.95,16266,United Kingdom,5.95
553527,22917,HERB MARKER ROSEMARY,12,2011-05-17 14:57:00,0.65,15123,United Kingdom,7.800000000000001
553537,22900, SET 2 TEA TOWELS I LOVE LONDON ,6,2011-05-17 15:25:00,3.25,14032,United Kingdom,19.5
553546,21876,POTTERING MUG,24,2011-05-17 15:42:00,1.25,12415,Australia,30.0
553546,22698,PINK REGENCY TEACUP AND SAUCER,24,2011-05-17 15:42:00,2.55,12415,Australia,61.2
553546,20685,DOORMAT RED RETROSPOT,20,2011-05-17 15:42:00,6.75,12415,Australia,135.0
553546,22980,PANTRY SCRUBBING BRUSH,48,2011-05-17 15:42:00,1.45,12415,Australia,69.6
553547,23256,CHILDRENS CUTLERY SPACEBOY ,4,2011-05-17 15:48:00,4.15,12474,Germany,16.6
553556,23103,JINGLE BELL HEART DECORATION,3,2011-05-17 16:49:00,1.65,17530,United Kingdom,4.949999999999999
553565,22464,HANGING METAL HEART LANTERN,12,2011-05-18 09:01:00,1.65,17505,United Kingdom,19.8
553570,21524,DOORMAT SPOTTY HOME SWEET HOME,2,2011-05-18 09:23:00,7.95,13756,United Kingdom,15.9
553572,22993,SET OF 4 PANTRY JELLY MOULDS,12,2011-05-18 09:37:00,1.25,18223,United Kingdom,15.0
553574,22524,CHILDRENS GARDEN GLOVES BLUE,12,2011-05-18 09:59:00,1.25,16422,United Kingdom,15.0
553578,22996,TRAVEL CARD WALLET VINTAGE TICKET,24,2011-05-18 10:39:00,0.42,13767,United Kingdom,10.08
553578,22727,ALARM CLOCK BAKELIKE RED ,4,2011-05-18 10:39:00,3.75,13767,United Kingdom,15.0
553607,22895,SET OF 2 TEA TOWELS APPLE AND PEARS,100,2011-05-18 10:47:00,2.75,16684,United Kingdom,275.0
553638,82486,WOOD S/3 CABINET ANT WHITE FINISH,2,2011-05-18 10:56:00,8.95,14180,United Kingdom,17.9
553655,82486,WOOD S/3 CABINET ANT WHITE FINISH,2,2011-05-18 11:14:00,8.95,16775,United Kingdom,17.9
553657,21592,RETROSPOT CIGAR BOX MATCHES ,1,2011-05-18 11:28:00,1.25,14583,United Kingdom,1.25
553657,20727,LUNCH BAG  BLACK SKULL.,1,2011-05-18 11:28:00,1.65,14583,United Kingdom,1.65
553657,21955,DOORMAT UNION JACK GUNS AND ROSES,1,2011-05-18 11:28:00,7.95,14583,United Kingdom,7.95
553657,22062,CERAMIC BOWL WITH LOVE HEART DESIGN,2,2011-05-18 11:28:00,0.83,14583,United Kingdom,1.66
553658,23148,MINIATURE ANTIQUE ROSE HOOK IVORY,12,2011-05-18 11:42:00,0.83,16818,United Kingdom,9.96
553660,84924A,WAKE UP COCKEREL CALENDAR SIGN ,4,2011-05-18 11:58:00,3.75,14620,United Kingdom,15.0
553663,79321,CHILLI LIGHTS,1,2011-05-18 12:13:00,5.75,14527,United Kingdom,5.75
553672,22138,BAKING SET 9 PIECE RETROSPOT ,3,2011-05-18 12:44:00,4.95,15811,United Kingdom,14.85
553672,22430,ENAMEL WATERING CAN CREAM,4,2011-05-18 12:44:00,4.95,15811,United Kingdom,19.8
553672,21843,RED RETROSPOT CAKE STAND,1,2011-05-18 12:44:00,10.95,15811,United Kingdom,10.95
553672,23206,LUNCH BAG APPLE DESIGN,10,2011-05-18 12:44:00,1.65,15811,United Kingdom,16.5
553679,21907,I'M ON HOLIDAY METAL SIGN,12,2011-05-18 13:09:00,2.1,14565,United Kingdom,25.200000000000003
553679,21903,MAN FLU METAL SIGN,12,2011-05-18 13:09:00,2.1,14565,United Kingdom,25.200000000000003
553680,22464,HANGING METAL HEART LANTERN,6,2011-05-18 13:11:00,1.65,13258,United Kingdom,9.9
553685,22457,NATURAL SLATE HEART CHALKBOARD ,12,2011-05-18 13:56:00,2.95,18097,United Kingdom,35.400000000000006
553685,22759,SET OF 3 NOTEBOOKS IN PARCEL,12,2011-05-18 13:56:00,1.65,18097,United Kingdom,19.8
553686,22522,CHILDS GARDEN FORK BLUE ,12,2011-05-18 13:58:00,0.85,14911,EIRE,10.2
553691,21731,RED TOADSTOOL LED NIGHT LIGHT,2,2011-05-18 14:08:00,1.65,15311,United Kingdom,3.3
553702,82580,BATHROOM METAL SIGN,3,2011-05-18 14:50:00,0.55,13263,United Kingdom,1.65
553702,23300,GARDENERS KNEELING PAD CUP OF TEA ,2,2011-05-18 14:50:00,1.65,13263,United Kingdom,3.3
553703,22815,CARD PSYCHEDELIC APPLES,12,2011-05-18 14:57:00,0.42,13192,United Kingdom,5.04
553709,22998,TRAVEL CARD WALLET KEEP CALM,24,2011-05-18 15:29:00,0.42,13767,United Kingdom,10.08
553712,23201,JUMBO BAG ALPHABET,30,2011-05-18 15:41:00,1.95,13552,United Kingdom,58.5
553714,23302,KNEELING MAT HOUSEWORK  DESIGN,2,2011-05-18 15:55:00,1.65,16987,United Kingdom,3.3
553721,84755,COLOUR GLASS T-LIGHT HOLDER HANGING,36,2011-05-18 16:37:00,0.65,16570,United Kingdom,23.4
553721,84970S,HANGING HEART ZINC T-LIGHT HOLDER,24,2011-05-18 16:37:00,0.85,16570,United Kingdom,20.4
553725,23093,SMALL PARISIENNE HEART PHOTO FRAME ,6,2011-05-18 16:51:00,2.49,17047,United Kingdom,14.94
553737,23168,CLASSIC CAFE SUGAR DISPENSER,12,2011-05-19 08:50:00,1.25,15116,United Kingdom,15.0
553738,23200,JUMBO BAG PEARS,10,2011-05-19 08:55:00,2.08,17469,United Kingdom,20.8
553739,23174,REGENCY SUGAR BOWL GREEN,6,2011-05-19 09:23:00,4.15,14895,United Kingdom,24.9
553739,23171,REGENCY TEA PLATE GREEN ,12,2011-05-19 09:23:00,1.65,14895,United Kingdom,19.8
553747,22595,GINGHAM HEART DECORATION,12,2011-05-19 09:47:00,0.85,13627,United Kingdom,10.2
553750,20685,DOORMAT RED RETROSPOT,2,2011-05-19 10:16:00,7.95,15660,United Kingdom,15.9
553752,21106,CREAM SLICE FLANNEL CHOCOLATE SPOT ,6,2011-05-19 10:20:00,2.95,14896,United Kingdom,17.700000000000003
553753,47590B,PINK HAPPY BIRTHDAY BUNTING,12,2011-05-19 10:22:00,5.45,12971,United Kingdom,65.4
553762,21937,STRAWBERRY   PICNIC BAG,5,2011-05-19 10:38:00,2.95,18145,United Kingdom,14.75
553781,85123A,WHITE HANGING HEART T-LIGHT HOLDER,10,2011-05-19 10:54:00,2.95,16008,United Kingdom,29.5
553781,22082,RIBBON REEL STRIPES DESIGN ,5,2011-05-19 10:54:00,1.65,16008,United Kingdom,8.25
553828,23146,TRIPLE HOOK ANTIQUE IVORY ROSE,4,2011-05-19 11:24:00,3.29,17865,United Kingdom,13.16
553833,22998,TRAVEL CARD WALLET KEEP CALM,9,2011-05-19 11:41:00,0.42,17346,United Kingdom,3.78
553834,23101,SILVER STARS TABLE DECORATION,12,2011-05-19 11:47:00,0.83,15189,United Kingdom,9.96
553835,22474,SPACEBOY TV DINNER TRAY,3,2011-05-19 11:50:00,4.95,13529,United Kingdom,14.85
553842,21240,BLUE POLKADOT CUP,16,2011-05-19 12:24:00,0.85,12524,Germany,13.6
553843,85099B,JUMBO BAG RED RETROSPOT,10,2011-05-19 12:29:00,2.08,12553,France,20.8
553845,21534,DAIRY MAID LARGE MILK JUG,3,2011-05-19 12:38:00,4.95,17675,United Kingdom,14.85
553859,21913,VINTAGE SEASIDE JIGSAW PUZZLES,1,2011-05-19 13:35:00,3.75,14505,United Kingdom,3.75
553859,23082,SET 6 PAPER TABLE LANTERN HEARTS ,6,2011-05-19 13:35:00,3.75,14505,United Kingdom,22.5
553860,15044D,RED PAPER PARASOL,1,2011-05-19 13:57:00,2.95,17841,United Kingdom,2.95
553863,84969,BOX OF 6 ASSORTED COLOUR TEASPOONS,2,2011-05-19 14:05:00,4.25,13418,United Kingdom,8.5
553864,22437,SET OF 9 BLACK SKULL BALLOONS,2,2011-05-19 14:08:00,0.85,15862,United Kingdom,1.7
553869,21929,JUMBO BAG PINK VINTAGE PAISLEY,10,2011-05-19 14:27:00,2.08,15394,United Kingdom,20.8
553870,84947,ANTIQUE SILVER TEA GLASS ENGRAVED,24,2011-05-19 14:29:00,1.25,17980,United Kingdom,30.0
553873,23202,JUMBO BAG VINTAGE LEAF,20,2011-05-19 14:42:00,2.08,14859,United Kingdom,41.6
553873,15036,ASSORTED COLOURS SILK FAN,12,2011-05-19 14:42:00,0.83,14859,United Kingdom,9.96
553879,23108,SET OF 10 LED DOLLY LIGHTS,2,2011-05-19 15:15:00,6.25,15791,United Kingdom,12.5
553879,23175,REGENCY MILK JUG PINK ,4,2011-05-19 15:15:00,3.25,15791,United Kingdom,13.0
553879,21531,RED RETROSPOT SUGAR JAM BOWL,6,2011-05-19 15:15:00,2.55,15791,United Kingdom,15.3
553879,20725,LUNCH BAG RED RETROSPOT,10,2011-05-19 15:15:00,1.65,15791,United Kingdom,16.5
553886,84406B,CREAM CUPID HEARTS COAT HANGER,8,2011-05-19 15:53:00,4.15,15648,United Kingdom,33.2
553887,20914,SET/5 RED RETROSPOT LID GLASS BOWLS,6,2011-05-19 16:04:00,2.95,17068,United Kingdom,17.700000000000003
553888,22999,TRAVEL CARD WALLET RETRO PETALS,24,2011-05-19 16:09:00,0.42,15201,United Kingdom,10.08
553889,22767,TRIPLE PHOTO FRAME CORNICE ,2,2011-05-19 16:31:00,9.95,13405,United Kingdom,19.9
553893,22469,HEART OF WICKER SMALL,12,2011-05-19 17:13:00,1.65,17560,United Kingdom,19.8
553893,23107,WHITE HEARTS WIRE PLANT POT HOLDER,8,2011-05-19 17:13:00,2.89,17560,United Kingdom,23.12
553896,22668,PINK BABY BUNTING,5,2011-05-19 17:22:00,2.95,13887,United Kingdom,14.75
553901,84078A,SET/4 WHITE RETRO STORAGE CUBES ,1,2011-05-19 17:48:00,39.95,14911,EIRE,39.95
553901,21907,I'M ON HOLIDAY METAL SIGN,12,2011-05-19 17:48:00,2.1,14911,EIRE,25.200000000000003
553901,20981,12 PENCILS TALL TUBE WOODLAND,12,2011-05-19 17:48:00,0.85,14911,EIRE,10.2
553911,21217,RED RETROSPOT ROUND CAKE TINS,4,2011-05-19 19:02:00,9.95,18168,United Kingdom,39.8
553913,21361,LOVE LARGE WOOD LETTERS ,1,2011-05-19 19:47:00,12.75,18109,United Kingdom,12.75
553915,21715,GIRLS VINTAGE TIN SEASIDE BUCKET,8,2011-05-19 19:51:00,2.55,18225,United Kingdom,20.4
553916,21534,DAIRY MAID LARGE MILK JUG,3,2011-05-20 08:18:00,4.95,17166,United Kingdom,14.85
553918,21166,COOK WITH WINE METAL SIGN ,12,2011-05-20 08:39:00,2.08,16146,United Kingdom,24.96
553919,22147,FELTCRAFT BUTTERFLY HEARTS,12,2011-05-20 08:41:00,1.45,17416,United Kingdom,17.4
553921,21110,LARGE CAKE TOWEL PINK SPOTS,2,2011-05-20 09:08:00,6.75,13376,United Kingdom,13.5
553923,22029,SPACEBOY BIRTHDAY CARD,12,2011-05-20 09:30:00,0.42,13266,United Kingdom,5.04
553932,22550,HOLIDAY FUN LUDO,4,2011-05-20 10:29:00,3.75,15768,United Kingdom,15.0
553933,22382,LUNCH BAG SPACEBOY DESIGN ,10,2011-05-20 10:30:00,1.65,15078,United Kingdom,16.5
553933,22383,LUNCH BAG SUKI DESIGN ,10,2011-05-20 10:30:00,1.65,15078,United Kingdom,16.5
553940,21931,JUMBO STORAGE BAG SUKI,10,2011-05-20 10:36:00,2.08,14112,United Kingdom,20.8
553940,23208,LUNCH BAG VINTAGE LEAF DESIGN,10,2011-05-20 10:36:00,1.65,14112,United Kingdom,16.5
553942,23073,GEORGIAN TRINKET BOX,2,2011-05-20 10:37:00,12.5,18055,United Kingdom,25.0
553979,47566,PARTY BUNTING,50,2011-05-20 11:07:00,4.15,15694,United Kingdom,207.50000000000003
554000,23202,JUMBO BAG VINTAGE LEAF,10,2011-05-20 11:53:00,2.08,14794,United Kingdom,20.8
554009,21217,RED RETROSPOT ROUND CAKE TINS,2,2011-05-20 12:38:00,9.95,12935,United Kingdom,19.9
554013,23165,LARGE CERAMIC TOP STORAGE JAR,12,2011-05-20 13:13:00,1.65,13308,United Kingdom,19.8
554019,22921,HERB MARKER CHIVES ,12,2011-05-20 13:16:00,0.65,17591,United Kingdom,7.800000000000001
554019,22727,ALARM CLOCK BAKELIKE RED ,4,2011-05-20 13:16:00,3.75,17591,United Kingdom,15.0
554019,21714,CITRONELLA CANDLE GARDEN POT,12,2011-05-20 13:16:00,1.25,17591,United Kingdom,15.0
554030,84945,MULTI COLOUR SILVER T-LIGHT HOLDER,12,2011-05-20 13:56:00,0.85,16497,United Kingdom,10.2
554030,22295,HEART FILIGREE DOVE LARGE,12,2011-05-20 13:56:00,1.65,16497,United Kingdom,19.8
554032,22427,ENAMEL FLOWER JUG CREAM,24,2011-05-20 14:04:00,5.45,13824,United Kingdom,130.8
554037,22712,CARD DOLLY GIRL ,216,2011-05-20 14:13:00,0.36,12415,Australia,77.75999999999999
554050,21034,REX CASH+CARRY JUMBO SHOPPER,1,2011-05-20 14:54:00,0.95,18048,United Kingdom,0.95
554050,84879,ASSORTED COLOUR BIRD ORNAMENT,8,2011-05-20 14:54:00,1.69,18048,United Kingdom,13.52
554058,22683,FRENCH BLUE METAL DOOR SIGN 8,1,2011-05-20 16:04:00,1.25,17757,United Kingdom,1.25
554062,22326,ROUND SNACK BOXES SET OF4 WOODLAND ,6,2011-05-22 10:21:00,2.95,13654,United Kingdom,17.700000000000003
554066,82482,WOODEN PICTURE FRAME WHITE FINISH,6,2011-05-22 10:40:00,2.55,12916,United Kingdom,15.3
554070,22961,JAM MAKING SET PRINTED,12,2011-05-22 11:06:00,1.45,13555,United Kingdom,17.4
554079,21975,PACK OF 60 DINOSAUR CAKE CASES,2,2011-05-22 11:41:00,0.55,14546,United Kingdom,1.1
554082,21700,BIG DOUGHNUT FRIDGE MAGNETS,12,2011-05-22 11:49:00,0.85,14878,United Kingdom,10.2
554083,22712,CARD DOLLY GIRL ,12,2011-05-22 11:51:00,0.42,18125,United Kingdom,5.04
554094,85123A,WHITE HANGING HEART T-LIGHT HOLDER,10,2011-05-22 12:49:00,2.95,15716,United Kingdom,29.5
554094,21126,SET OF 6 GIRLS CELEBRATION CANDLES,6,2011-05-22 12:49:00,1.25,15716,United Kingdom,7.5
554093,22908,PACK OF 20 NAPKINS RED APPLES,12,2011-05-22 12:49:00,0.85,14837,United Kingdom,10.2
554096,21224,SET/4 SKULL BADGES,20,2011-05-22 12:51:00,1.25,14921,United Kingdom,25.0
554096,21327,SKULLS WRITING SET ,12,2011-05-22 12:51:00,1.65,14921,United Kingdom,19.8
554098,21088,SET/6 FRUIT SALAD PAPER CUPS,3,2011-05-22 13:01:00,0.19,14769,United Kingdom,0.5700000000000001
554098,22846,BREAD BIN DINER STYLE RED ,1,2011-05-22 13:01:00,16.95,14769,United Kingdom,16.95
554098,22698,PINK REGENCY TEACUP AND SAUCER,5,2011-05-22 13:01:00,2.95,14769,United Kingdom,14.75
554098,22169,FAMILY ALBUM WHITE PICTURE FRAME,1,2011-05-22 13:01:00,8.5,14769,United Kingdom,8.5
554098,22974,CHILDRENS DOLLY GIRL MUG,6,2011-05-22 13:01:00,1.65,14769,United Kingdom,9.9
554098,84375,SET OF 20 KIDS COOKIE CUTTERS,2,2011-05-22 13:01:00,2.1,14769,United Kingdom,4.2
554098,22179,SET 10 NIGHT OWL LIGHTS,2,2011-05-22 13:01:00,6.75,14769,United Kingdom,13.5
554099,21156,RETROSPOT CHILDRENS APRON,8,2011-05-22 13:20:00,1.95,16341,United Kingdom,15.6
554102,22931,BAKING MOULD HEART WHITE CHOCOLATE,2,2011-05-22 13:40:00,2.55,14647,United Kingdom,5.1
554103,21792,CLASSIC FRENCH STYLE BASKET GREEN ,3,2011-05-22 13:51:00,3.95,15555,United Kingdom,11.85
554103,23208,LUNCH BAG VINTAGE LEAF DESIGN,2,2011-05-22 13:51:00,1.65,15555,United Kingdom,3.3
554103,82486,WOOD S/3 CABINET ANT WHITE FINISH,2,2011-05-22 13:51:00,8.95,15555,United Kingdom,17.9
554104,22098,BOUDOIR SQUARE TISSUE BOX,12,2011-05-22 14:03:00,1.25,12705,Germany,15.0
554105,23298,SPOTTY BUNTING,1,2011-05-22 14:04:00,4.95,14711,United Kingdom,4.95
554105,22551,PLASTERS IN TIN SPACEBOY,2,2011-05-22 14:04:00,1.65,14711,United Kingdom,3.3
554112,90081C,LILY BROOCH OLIVE COLOUR,1,2011-05-22 14:44:00,4.95,17611,United Kingdom,4.95
554112,23207,LUNCH BAG ALPHABET DESIGN,2,2011-05-22 14:44:00,1.65,17611,United Kingdom,3.3
554115,85123A,WHITE HANGING HEART T-LIGHT HOLDER,6,2011-05-22 15:03:00,2.95,15938,United Kingdom,17.700000000000003
554117,21212,PACK OF 72 RETROSPOT CAKE CASES,48,2011-05-22 15:12:00,0.55,13758,United Kingdom,26.4
554117,21464,DISCO BALL ROTATOR BATTERY OPERATED,1,2011-05-22 15:12:00,4.25,13758,United Kingdom,4.25
554124,22595,GINGHAM HEART DECORATION,12,2011-05-23 08:31:00,0.85,13339,United Kingdom,10.2
554125,22807,SET OF 6 T-LIGHTS TOADSTOOLS,6,2011-05-23 08:52:00,2.95,13885,United Kingdom,17.700000000000003
554131,23099,FRENCH CARRIAGE LANTERN,2,2011-05-23 09:43:00,6.65,13988,United Kingdom,13.3
554132,22554,PLASTERS IN TIN WOODLAND ANIMALS,12,2011-05-23 09:43:00,1.65,12360,Austria,19.8
554132,21989,PACK OF 20 SKULL PAPER NAPKINS,12,2011-05-23 09:43:00,0.85,12360,Austria,10.2
554139,22320,BIRDS MOBILE VINTAGE DESIGN,6,2011-05-23 10:34:00,5.95,14911,EIRE,35.7
554142,22727,ALARM CLOCK BAKELIKE RED ,12,2011-05-23 10:38:00,3.75,15288,United Kingdom,45.0
554146,22854,CREAM SWEETHEART EGG HOLDER,4,2011-05-23 10:45:00,4.95,13479,United Kingdom,19.8
554151,22491,PACK OF 12 COLOURED PENCILS,12,2011-05-23 11:07:00,0.85,14049,United Kingdom,10.2
554151,23192,BUNDLE OF 3 ALPHABET EXERCISE BOOKS,4,2011-05-23 11:07:00,1.65,14049,United Kingdom,6.6
554151,21239,PINK  POLKADOT CUP,2,2011-05-23 11:07:00,0.85,14049,United Kingdom,1.7
554151,22522,CHILDS GARDEN FORK BLUE ,6,2011-05-23 11:07:00,0.85,14049,United Kingdom,5.1
554151,20749,ASSORTED COLOUR MINI CASES,2,2011-05-23 11:07:00,7.95,14049,United Kingdom,15.9
554158,20974,12 PENCILS SMALL TUBE SKULL,6,2011-05-23 11:44:00,0.65,15563,United Kingdom,3.9
554160,21718,RED METAL BEACH SPADE ,2,2011-05-23 11:49:00,1.25,17841,United Kingdom,2.5
554160,22614,PACK OF 12 SPACEBOY TISSUES,3,2011-05-23 11:49:00,0.29,17841,United Kingdom,0.8699999999999999
554162,20727,LUNCH BAG  BLACK SKULL.,30,2011-05-23 11:52:00,1.65,16722,United Kingdom,49.5
554163,82578,KITCHEN METAL SIGN,2,2011-05-23 11:52:00,0.55,14573,United Kingdom,1.1
554202,21535,RED RETROSPOT SMALL MILK JUG,3,2011-05-23 12:14:00,2.55,13546,United Kingdom,7.649999999999999
554261,21534,DAIRY MAID LARGE MILK JUG,2,2011-05-23 12:32:00,4.95,16033,United Kingdom,9.9
554261,21535,RED RETROSPOT SMALL MILK JUG,1,2011-05-23 12:32:00,2.55,16033,United Kingdom,2.55
554268,84997C,CHILDRENS CUTLERY POLKADOT BLUE,1,2011-05-23 12:59:00,4.15,15311,United Kingdom,4.15
554268,23167,SMALL CERAMIC TOP STORAGE JAR ,1,2011-05-23 12:59:00,0.83,15311,United Kingdom,0.83
554270,22980,PANTRY SCRUBBING BRUSH,1,2011-05-23 13:05:00,1.65,15046,United Kingdom,1.65
554271,22333,RETROSPOT PARTY BAG + STICKER SET,48,2011-05-23 13:06:00,1.45,16422,United Kingdom,69.6
554272,22659,LUNCH BOX I LOVE LONDON,222,2011-05-23 13:08:00,1.65,12901,United Kingdom,366.3
554275,84596G,SMALL CHOCOLATES PINK BOWL,8,2011-05-23 13:17:00,0.42,14903,United Kingdom,3.36
554275,22101,MIRROR MOSAIC VOTIVE HOLDER,6,2011-05-23 13:17:00,2.1,14903,United Kingdom,12.6
554275,21059,PARTY INVITES DINOSAURS,4,2011-05-23 13:17:00,0.85,14903,United Kingdom,3.4
554275,22563,HAPPY STENCIL CRAFT,4,2011-05-23 13:17:00,1.25,14903,United Kingdom,5.0
554278,22666,RECIPE BOX PANTRY YELLOW DESIGN,2,2011-05-23 13:25:00,2.95,13831,United Kingdom,5.9
554278,23146,TRIPLE HOOK ANTIQUE IVORY ROSE,1,2011-05-23 13:25:00,3.29,13831,United Kingdom,3.29
554281,22627,MINT KITCHEN SCALES,2,2011-05-23 13:41:00,8.5,18160,United Kingdom,17.0
554309,22301,COFFEE MUG CAT + BIRD DESIGN,72,2011-05-23 15:00:00,2.1,12989,United Kingdom,151.20000000000002
554323,22294,HEART FILIGREE DOVE  SMALL,24,2011-05-23 15:33:00,1.25,16729,United Kingdom,30.0
554324,23066,SMALL DECO JEWELLERY STAND,4,2011-05-23 15:38:00,8.25,12712,Germany,33.0
554326,22267,EASTER DECORATION EGG BUNNY ,2,2011-05-23 16:32:00,1.25,13737,United Kingdom,2.5
554326,85019C,CURIOUS  IMAGES NOTEBOOK SET,1,2011-05-23 16:32:00,1.25,13737,United Kingdom,1.25
554347,22061,LARGE CAKE STAND  HANGING STRAWBERY,2,2011-05-24 08:21:00,9.95,16523,United Kingdom,19.9
554349,23201,JUMBO BAG ALPHABET,10,2011-05-24 08:49:00,2.08,14191,United Kingdom,20.8
554359,22386,JUMBO BAG PINK POLKADOT,10,2011-05-24 09:56:00,2.08,13590,United Kingdom,20.8
554359,22427,ENAMEL FLOWER JUG CREAM,3,2011-05-24 09:56:00,5.95,13590,United Kingdom,17.85
554371,21231,SWEETHEART CERAMIC TRINKET BOX,12,2011-05-24 10:42:00,1.25,17659,United Kingdom,15.0
554375,22994,TRAVEL CARD WALLET RETROSPOT,24,2011-05-24 11:29:00,0.42,18044,United Kingdom,10.08
554376,22722,SET OF 6 SPICE TINS PANTRY DESIGN,2,2011-05-24 11:31:00,3.95,15719,United Kingdom,7.9
554382,22045,SPACEBOY GIFT WRAP,25,2011-05-24 11:55:00,0.42,17365,United Kingdom,10.5
554415,22794,SWEETHEART WIRE MAGAZINE RACK,2,2011-05-24 12:10:00,7.95,18202,United Kingdom,15.9
554421,23148,MINITURE ANTIQUE ROSE HOOK IVORY,12,2011-05-24 12:12:00,0.85,18202,United Kingdom,10.2
554421,23163,REGENCY SUGAR TONGS,8,2011-05-24 12:12:00,2.49,18202,United Kingdom,19.92
554484,84879,ASSORTED COLOUR BIRD ORNAMENT,8,2011-05-24 13:02:00,1.69,13854,United Kingdom,13.52
554487,21165,BEWARE OF THE CAT METAL SIGN ,2,2011-05-24 13:27:00,1.69,16919,United Kingdom,3.38
554489,22620,4 TRADITIONAL SPINNING TOPS,12,2011-05-24 13:46:00,1.45,17272,United Kingdom,17.4
554489,23284,DOORMAT KEEP CALM AND COME IN,2,2011-05-24 13:46:00,7.95,17272,United Kingdom,15.9
554490,22171,3 HOOK PHOTO SHELF ANTIQUE WHITE,2,2011-05-24 13:50:00,8.5,17058,United Kingdom,17.0
554494,21658,GLASS  BEURRE DISH,1,2011-05-24 14:00:00,3.95,16327,United Kingdom,3.95
554494,23162,REGENCY TEA STRAINER,3,2011-05-24 14:00:00,3.75,16327,United Kingdom,11.25
554494,71053,WHITE METAL LANTERN,4,2011-05-24 14:00:00,3.75,16327,United Kingdom,15.0
554498,22178,VICTORIAN GLASS HANGING T-LIGHT,12,2011-05-24 14:39:00,1.25,15314,United Kingdom,15.0
554503,23077,DOUGHNUT LIP GLOSS ,20,2011-05-24 15:06:00,1.25,14163,United Kingdom,25.0
554504,22728,ALARM CLOCK BAKELIKE PINK,4,2011-05-24 15:13:00,3.75,17719,United Kingdom,15.0
554507,22999,TRAVEL CARD WALLET RETRO PETALS,24,2011-05-24 15:29:00,0.42,15513,United Kingdom,10.08
554509,22983,CARD BILLBOARD FONT,12,2011-05-24 15:45:00,0.42,17375,United Kingdom,5.04
554542,22147,FELTCRAFT BUTTERFLY HEARTS,12,2011-05-25 08:32:00,1.45,15194,United Kingdom,17.4
554556,23051,RECYCLED ACAPULCO MAT BLUE,2,2011-05-25 10:11:00,8.25,13098,United Kingdom,16.5
554560,22699,ROSES REGENCY TEACUP AND SAUCER ,6,2011-05-25 10:35:00,2.95,13317,United Kingdom,17.700000000000003
554597,84970S,HANGING HEART ZINC T-LIGHT HOLDER,36,2011-05-25 11:01:00,0.85,15140,United Kingdom,30.6
554598,23301,GARDENERS KNEELING PAD KEEP CALM ,2,2011-05-25 11:12:00,1.65,13263,United Kingdom,3.3
554598,22722,SET OF 6 SPICE TINS PANTRY DESIGN,4,2011-05-25 11:12:00,3.95,13263,United Kingdom,15.8
554617,23202,JUMBO BAG VINTAGE LEAF,1,2011-05-25 11:21:00,2.08,14593,United Kingdom,2.08
554630,85016,SET OF 6 VINTAGE NOTELETS KIT,2,2011-05-25 11:34:00,0.65,13268,United Kingdom,1.3
554630,23159,SET OF 5 PANCAKE DAY MAGNETS,3,2011-05-25 11:34:00,2.08,13268,United Kingdom,6.24
554636,21213,PACK OF 72 SKULL CAKE CASES,24,2011-05-25 11:52:00,0.55,16763,United Kingdom,13.2
554638,22384,LUNCH BAG PINK POLKADOT,6,2011-05-25 11:59:00,1.65,14810,United Kingdom,9.9
554644,85099C,JUMBO  BAG BAROQUE BLACK WHITE,1,2011-05-25 12:34:00,2.08,15311,United Kingdom,2.08
554650,23280,FOLDING BUTTERFLY MIRROR HOT PINK ,12,2011-05-25 12:54:00,0.83,12681,France,9.96
554650,22431,WATERING CAN BLUE ELEPHANT,6,2011-05-25 12:54:00,1.95,12681,France,11.7
554651,22961,JAM MAKING SET PRINTED,48,2011-05-25 12:55:00,1.45,12779,Poland,69.6
554658,22693,GROW A FLYTRAP OR SUNFLOWER IN TIN,24,2011-05-25 14:18:00,1.25,12839,United Kingdom,30.0
554665,82482,WOODEN PICTURE FRAME WHITE FINISH,12,2011-05-25 14:44:00,2.55,14336,United Kingdom,30.6
554666,23200,JUMBO BAG PEARS,10,2011-05-25 14:54:00,2.08,13599,United Kingdom,20.8
554667,22403,MAGNETS PACK OF 4 VINTAGE LABELS ,12,2011-05-25 15:18:00,1.25,15727,United Kingdom,15.0
554669,23199,JUMBO BAG APPLES,10,2011-05-25 15:31:00,2.08,15203,United Kingdom,20.8
554669,22030,SWALLOWS GREETING CARD,12,2011-05-25 15:31:00,0.42,15203,United Kingdom,5.04
554672,21672,WHITE SPOT RED CERAMIC DRAWER KNOB,12,2011-05-25 15:54:00,1.25,14415,United Kingdom,15.0
554682,23093,SMALL PARISIENNE HEART PHOTO FRAME ,2,2011-05-25 16:08:00,2.49,14085,United Kingdom,4.98
554684,22804,CANDLEHOLDER PINK HANGING HEART,2,2011-05-25 16:28:00,2.95,16448,United Kingdom,5.9
554697,22284,HEN HOUSE DECORATION,5,2011-05-25 17:31:00,1.65,14584,United Kingdom,8.25
554702,20983,12 PENCILS TALL TUBE RED RETROSPOT,12,2011-05-26 09:45:00,0.85,15805,United Kingdom,10.2
554762,23172,REGENCY TEA PLATE PINK,12,2011-05-26 11:37:00,1.65,16837,United Kingdom,19.8
554770,20724,RED RETROSPOT CHARLOTTE BAG,10,2011-05-26 11:40:00,0.85,14911,EIRE,8.5
554808,21164,HOME SWEET HOME METAL SIGN ,1,2011-05-26 13:01:00,2.95,17059,United Kingdom,2.95
554808,23203,JUMBO BAG DOILEY PATTERNS,2,2011-05-26 13:01:00,2.08,17059,United Kingdom,4.16
554808,23207,LUNCH BAG ALPHABET DESIGN,2,2011-05-26 13:01:00,1.65,17059,United Kingdom,3.3
554808,21166,COOK WITH WINE METAL SIGN ,1,2011-05-26 13:01:00,2.08,17059,United Kingdom,2.08
554812,84596F,SMALL MARSHMALLOWS PINK BOWL,8,2011-05-26 13:21:00,0.42,15005,United Kingdom,3.36
554814,21756,BATH BUILDING BLOCK WORD,3,2011-05-26 13:34:00,5.95,16609,United Kingdom,17.85
554815,21733,RED HANGING HEART T-LIGHT HOLDER,32,2011-05-26 13:46:00,2.55,13798,United Kingdom,81.6
554823,85123A,WHITE HANGING HEART T-LIGHT HOLDER,10,2011-05-26 14:20:00,2.95,16624,United Kingdom,29.5
554824,22061,LARGE CAKE STAND  HANGING STRAWBERY,6,2011-05-26 14:21:00,9.95,15785,United Kingdom,59.7
554827,23080,RED METAL BOX TOP SECRET,16,2011-05-26 15:19:00,7.5,14646,Netherlands,120.0
554840,21918,SET 12 KIDS COLOUR  CHALK STICKS,24,2011-05-26 17:16:00,0.42,12684,France,10.08
554842,23170,REGENCY TEA PLATE ROSES ,12,2011-05-26 18:17:00,1.65,14740,United Kingdom,19.8
554842,23171,REGENCY TEA PLATE GREEN ,12,2011-05-26 18:17:00,1.65,14740,United Kingdom,19.8
554850,82583,HOT BATHS METAL SIGN,12,2011-05-27 09:15:00,2.1,17739,United Kingdom,25.200000000000003
554860,22722,SET OF 6 SPICE TINS PANTRY DESIGN,4,2011-05-27 10:20:00,3.95,15249,United Kingdom,15.8
554861,21394,RED POLKADOT BEAKER ,48,2011-05-27 10:29:00,0.39,12633,Germany,18.72
554916,21928,JUMBO BAG SCANDINAVIAN BLUE PAISLEY,2,2011-05-27 12:26:00,2.08,17345,United Kingdom,4.16
554916,21208,PASTEL COLOUR HONEYCOMB FAN,2,2011-05-27 12:26:00,1.65,17345,United Kingdom,3.3
554920,23112,PARISIENNE CURIO CABINET,2,2011-05-27 12:41:00,7.5,16275,United Kingdom,15.0
554920,21984,PACK OF 12 PINK PAISLEY TISSUES ,24,2011-05-27 12:41:00,0.29,16275,United Kingdom,6.959999999999999
554929,22029,SPACEBOY BIRTHDAY CARD,12,2011-05-27 13:16:00,0.42,13018,United Kingdom,5.04
554935,22424,ENAMEL BREAD BIN CREAM,2,2011-05-27 13:30:00,12.75,14338,United Kingdom,25.5
554938,21556,CERAMIC STRAWBERRY MONEY BOX,6,2011-05-27 13:34:00,2.55,12876,Belgium,15.3
554940,84997D,CHILDRENS CUTLERY POLKADOT PINK,4,2011-05-27 13:49:00,4.15,12494,France,16.6
554940,21907,I'M ON HOLIDAY METAL SIGN,12,2011-05-27 13:49:00,2.1,12494,France,25.200000000000003
554941,23200,JUMBO BAG PEARS,1,2011-05-27 13:53:00,2.08,16016,United Kingdom,2.08
554947,84946,ANTIQUE SILVER T-LIGHT GLASS,60,2011-05-27 14:29:00,1.25,12748,United Kingdom,75.0
554950,20685,DOORMAT RED RETROSPOT,4,2011-05-27 14:48:00,7.95,14227,United Kingdom,31.8
554954,23159,SET OF 5 PANCAKE DAY MAGNETS,12,2011-05-27 14:50:00,2.08,14227,United Kingdom,24.96
554963,22840,ROUND CAKE TIN VINTAGE RED,2,2011-05-27 15:32:00,7.95,14625,United Kingdom,15.9
554964,48138,DOORMAT UNION FLAG,1,2011-05-27 15:57:00,7.95,15867,United Kingdom,7.95
554964,16012,FOOD/DRINK SPONGE STICKERS,24,2011-05-27 15:57:00,0.21,15867,United Kingdom,5.04
554979,23148,MINIATURE ANTIQUE ROSE HOOK IVORY,3,2011-05-29 11:34:00,0.83,16931,United Kingdom,2.49
554979,85123A,WHITE HANGING HEART T-LIGHT HOLDER,6,2011-05-29 11:34:00,2.95,16931,United Kingdom,17.700000000000003
554985,22414,DOORMAT NEIGHBOURHOOD WITCH ,2,2011-05-29 12:26:00,7.95,12426,Germany,15.9
554985,22363,GLASS JAR MARMALADE ,6,2011-05-29 12:26:00,2.95,12426,Germany,17.700000000000003
554985,POST,POSTAGE,4,2011-05-29 12:26:00,18.0,12426,Germany,72.0
554989,20711,JUMBO BAG TOYS ,1,2011-05-29 13:50:00,2.08,15897,United Kingdom,2.08
554991,22627,MINT KITCHEN SCALES,1,2011-05-29 14:03:00,8.5,14823,United Kingdom,8.5
554991,22112,CHOCOLATE HOT WATER BOTTLE,1,2011-05-29 14:03:00,4.95,14823,United Kingdom,4.95
554992,84828,JUNGLE POPSICLES ICE LOLLY MOULDS,1,2011-05-29 14:08:00,1.25,16686,United Kingdom,1.25
554992,22610,PENS ASSORTED FUNNY FACE,36,2011-05-29 14:08:00,0.85,16686,United Kingdom,30.6
554992,22779,WOODEN OWLS LIGHT GARLAND ,1,2011-05-29 14:08:00,4.25,16686,United Kingdom,4.25
554992,21731,RED TOADSTOOL LED NIGHT LIGHT,2,2011-05-29 14:08:00,1.65,16686,United Kingdom,3.3
554996,22772,PINK DRAWER KNOB ACRYLIC EDWARDIAN,12,2011-05-29 14:28:00,1.25,16407,United Kingdom,15.0
554998,84987,SET OF 36 TEATIME PAPER DOILIES,4,2011-05-29 15:35:00,1.45,15925,United Kingdom,5.8
554999,37413,ICON MUG REVOLUTIONARY,30,2011-05-29 15:44:00,0.39,15547,United Kingdom,11.7
555000,22969,HOMEMADE JAM SCENTED CANDLES,12,2011-05-31 08:03:00,1.45,18232,United Kingdom,17.4
555012,22625,RED KITCHEN SCALES,1,2011-05-31 10:43:00,8.5,16814,United Kingdom,8.5
555012,84755,COLOUR GLASS T-LIGHT HOLDER HANGING,16,2011-05-31 10:43:00,0.65,16814,United Kingdom,10.4
555025,82484,WOOD BLACK BOARD ANT WHITE FINISH,4,2011-05-31 11:21:00,7.95,17648,United Kingdom,31.8
555025,21843,RED RETROSPOT CAKE STAND,2,2011-05-31 11:21:00,10.95,17648,United Kingdom,21.9
555073,22652,TRAVEL SEWING KIT,5,2011-05-31 11:39:00,1.65,16470,United Kingdom,8.25
555092,22621,TRADITIONAL KNITTING NANCY,3,2011-05-31 13:08:00,1.65,16483,United Kingdom,4.949999999999999
555095,22544,MINI JIGSAW SPACEBOY,24,2011-05-31 13:32:00,0.42,12540,Spain,10.08
555097,21749,LARGE RED RETROSPOT WINDMILL,96,2011-05-31 13:38:00,1.85,16333,United Kingdom,177.60000000000002
555108,82484,WOOD BLACK BOARD ANT WHITE FINISH,1,2011-05-31 14:18:00,7.95,18231,United Kingdom,7.95
555108,72351A,SET/6 TURQUOISE BUTTERFLY T-LIGHTS,4,2011-05-31 14:18:00,2.1,18231,United Kingdom,8.4
555108,47566,PARTY BUNTING,5,2011-05-31 14:18:00,4.95,18231,United Kingdom,24.75
555110,22616,PACK OF 12 LONDON TISSUES ,1,2011-05-31 14:34:00,0.29,17841,United Kingdom,0.29
555110,21935,SUKI  SHOULDER BAG,2,2011-05-31 14:34:00,1.65,17841,United Kingdom,3.3
555116,22059,CERAMIC STRAWBERRY DESIGN MUG,5,2011-05-31 15:16:00,1.49,16919,United Kingdom,7.45
555116,48184,DOORMAT ENGLISH ROSE ,3,2011-05-31 15:16:00,7.95,16919,United Kingdom,23.85
555119,21378,SMALL TALL CAMPHOR WOOD TOADSTOOL,6,2011-05-31 15:22:00,1.65,15163,United Kingdom,9.9
555127,22492,MINI PAINT SET VINTAGE ,36,2011-05-31 15:30:00,0.65,15241,United Kingdom,23.4
555127,84375,SET OF 20 KIDS COOKIE CUTTERS,12,2011-05-31 15:30:00,2.1,15241,United Kingdom,25.200000000000003
555158,22083,PAPER CHAIN KIT RETROSPOT,6,2011-06-01 08:38:00,2.95,14842,United Kingdom,17.700000000000003
555158,21154,RED RETROSPOT OVEN GLOVE ,10,2011-06-01 08:38:00,1.25,14842,United Kingdom,12.5
555158,23082,SET 6 PAPER TABLE LANTERN HEARTS ,6,2011-06-01 08:38:00,3.75,14842,United Kingdom,22.5
555158,22138,BAKING SET 9 PIECE RETROSPOT ,3,2011-06-01 08:38:00,4.95,14842,United Kingdom,14.85
555162,22432,WATERING CAN PINK BUNNY,6,2011-06-01 10:15:00,1.95,12473,Germany,11.7
555164,22630,DOLLY GIRL LUNCH BOX,320,2011-06-01 10:24:00,1.65,14646,Netherlands,528.0
555194,21243,PINK  POLKADOT PLATE ,96,2011-06-01 11:13:00,1.45,16422,United Kingdom,139.2
555198,22427,ENAMEL FLOWER JUG CREAM,2,2011-06-01 11:52:00,5.95,15916,United Kingdom,11.9
555199,84849D,HOT BATHS SOAP HOLDER,1,2011-06-01 12:05:00,1.69,14606,United Kingdom,1.69
555199,10135,COLOURING PENCILS BROWN TUBE,1,2011-06-01 12:05:00,1.25,14606,United Kingdom,1.25
555202,82613A,"METAL SIGN,CUPCAKE SINGLE HOOK",1,2011-06-01 12:11:00,1.25,16813,United Kingdom,1.25
555203,21136,PAINTED METAL PEARS ASSORTED,4,2011-06-01 12:13:00,1.69,17191,United Kingdom,6.76
555243,85123A,WHITE HANGING HEART T-LIGHT HOLDER,6,2011-06-01 13:52:00,2.95,13475,United Kingdom,17.700000000000003
555245,22549,PICTURE DOMINOES,1,2011-06-01 14:12:00,1.45,14800,United Kingdom,1.45
555249,23300,GARDENERS KNEELING PAD CUP OF TEA ,1,2011-06-01 14:57:00,1.65,17472,United Kingdom,1.65
555257,47590A,BLUE HAPPY BIRTHDAY BUNTING,2,2011-06-01 15:28:00,5.45,17596,United Kingdom,10.9
555259,22334,DINOSAUR PARTY BAG + STICKER SET,4,2011-06-01 15:31:00,1.65,13069,United Kingdom,6.6
555260,21754,HOME BUILDING BLOCK WORD,1,2011-06-01 15:34:00,5.95,13263,United Kingdom,5.95
555263,84596F,SMALL MARSHMALLOWS PINK BOWL,16,2011-06-01 15:47:00,0.42,15192,United Kingdom,6.72
555264,22624,IVORY KITCHEN SCALES,1,2011-06-01 16:03:00,8.5,17757,United Kingdom,8.5
555279,22851,SET 20 NAPKINS FAIRY CAKES DESIGN ,4,2011-06-01 17:42:00,0.85,16348,United Kingdom,3.4
555279,84873A,FUNKY FLOWER PICNIC BAG FOR 4,1,2011-06-01 17:42:00,16.95,16348,United Kingdom,16.95
555282,21809,CHRISTMAS HANGING TREE WITH BELL,1,2011-06-02 09:04:00,1.25,12709,Germany,1.25
555283,23201,JUMBO BAG ALPHABET,10,2011-06-02 09:04:00,1.95,17162,United Kingdom,19.5
555284,21933,PINK VINTAGE PAISLEY PICNIC BAG,20,2011-06-02 09:37:00,1.65,14298,United Kingdom,33.0
555287,23203,JUMBO BAG DOILEY PATTERNS,30,2011-06-02 09:42:00,1.65,14298,United Kingdom,49.5
555289,22385,JUMBO BAG SPACEBOY DESIGN,10,2011-06-02 10:00:00,2.08,15078,United Kingdom,20.8
555340,20764,ABSTRACT CIRCLES SKETCHBOOK ,3,2011-06-02 11:33:00,3.75,13334,United Kingdom,11.25
555340,23201,JUMBO BAG ALPHABET,10,2011-06-02 11:33:00,2.08,13334,United Kingdom,20.8
555344,23208,LUNCH BAG VINTAGE LEAF DESIGN,50,2011-06-02 11:45:00,1.65,15311,United Kingdom,82.5
555348,17091J,VANILLA INCENSE IN TIN,6,2011-06-02 12:06:00,0.38,15184,United Kingdom,2.28
555353,22775,PURPLE DRAWERKNOB ACRYLIC EDWARDIAN,12,2011-06-02 13:22:00,1.25,16928,United Kingdom,15.0
555359,84947,ANTIQUE SILVER TEA GLASS ENGRAVED,72,2011-06-02 14:04:00,1.06,18135,United Kingdom,76.32000000000001
555363,23040,PAPER LANTERN 9 POINT SNOW STAR ,1,2011-06-02 14:15:00,5.75,14453,United Kingdom,5.75
555383,22379,RECYCLING BAG RETROSPOT ,2,2011-06-02 15:13:00,2.1,12517,Germany,4.2
555393,21845,DAIRY MAID STRIPE MUG,36,2011-06-02 17:00:00,0.79,14221,United Kingdom,28.44
555393,22294,HEART FILIGREE DOVE  SMALL,24,2011-06-02 17:00:00,1.25,14221,United Kingdom,30.0
555400,23175,REGENCY MILK JUG PINK ,11,2011-06-02 17:50:00,2.75,14088,United Kingdom,30.25
555400,22624,IVORY KITCHEN SCALES,32,2011-06-02 17:50:00,7.65,14088,United Kingdom,244.8
555400,22138,BAKING SET 9 PIECE RETROSPOT ,33,2011-06-02 17:50:00,4.25,14088,United Kingdom,140.25
555400,21232,STRAWBERRY CERAMIC TRINKET BOX,72,2011-06-02 17:50:00,1.06,14088,United Kingdom,76.32000000000001
555401,22120,WELCOME  WOODEN BLOCK LETTERS,11,2011-06-02 17:51:00,8.5,14088,United Kingdom,93.5
555406,22297,HEART IVORY TRELLIS SMALL,6,2011-06-02 19:50:00,1.25,17231,United Kingdom,7.5
555406,21745,GAOLERS KEYS DECORATIVE GARDEN ,2,2011-06-02 19:50:00,3.75,17231,United Kingdom,7.5
555406,22297,HEART IVORY TRELLIS SMALL,2,2011-06-02 19:50:00,1.25,17231,United Kingdom,2.5
555406,82582,AREA PATROLLED METAL SIGN,2,2011-06-02 19:50:00,2.1,17231,United Kingdom,4.2
555406,90162B,ANT SILVER LIME GREEN BOUDICCA RING,4,2011-06-02 19:50:00,2.95,17231,United Kingdom,11.8
555406,23154,SET OF 4 JAM JAR MAGNETS,2,2011-06-02 19:50:00,2.08,17231,United Kingdom,4.16
555408,22844,VINTAGE CREAM DOG FOOD CONTAINER,2,2011-06-03 08:54:00,8.5,13294,United Kingdom,17.0
555418,22485,SET OF 2 WOODEN MARKET CRATES,12,2011-06-03 10:19:00,10.95,15498,United Kingdom,131.39999999999998
555471,22961,JAM MAKING SET PRINTED,2,2011-06-03 11:42:00,1.45,16117,United Kingdom,2.9
555473,22514,CHILDS GARDEN SPADE BLUE,2,2011-06-03 11:59:00,2.1,14700,United Kingdom,4.2
555477,21260,FIRST AID TIN,6,2011-06-03 12:26:00,3.25,12359,Cyprus,19.5
555477,23171,REGENCY TEA PLATE GREEN ,12,2011-06-03 12:26:00,1.65,12359,Cyprus,19.8
555477,22907,PACK OF 20 NAPKINS PANTRY DESIGN,12,2011-06-03 12:26:00,0.85,12359,Cyprus,10.2
555478,21137,BLACK RECORD COVER FRAME,336,2011-06-03 12:28:00,3.39,13777,United Kingdom,1139.04
555488,21733,RED HANGING HEART T-LIGHT HOLDER,3,2011-06-03 13:43:00,2.95,16942,United Kingdom,8.850000000000001
555488,23135,SMALL ZINC HEART WALL ORGANISER,1,2011-06-03 13:43:00,5.75,16942,United Kingdom,5.75
555488,23206,LUNCH BAG APPLE DESIGN,1,2011-06-03 13:43:00,1.65,16942,United Kingdom,1.65
555492,84946,ANTIQUE SILVER T-LIGHT GLASS,12,2011-06-03 14:24:00,1.25,16967,United Kingdom,15.0
555496,84755,COLOUR GLASS T-LIGHT HOLDER HANGING,16,2011-06-03 14:44:00,0.65,15405,United Kingdom,10.4
555514,23068,ALUMINIUM STAMPED HEART,4,2011-06-05 10:41:00,2.49,17071,United Kingdom,9.96
555514,82494L,WOODEN FRAME ANTIQUE WHITE ,2,2011-06-05 10:41:00,2.95,17071,United Kingdom,5.9
555515,22429,ENAMEL MEASURING JUG CREAM,4,2011-06-05 10:47:00,4.25,17690,United Kingdom,17.0
555515,22077,6 RIBBONS RUSTIC CHARM,1,2011-06-05 10:47:00,1.65,17690,United Kingdom,1.65
555515,22624,IVORY KITCHEN SCALES,1,2011-06-05 10:47:00,8.5,17690,United Kingdom,8.5
555517,22622,BOX OF VINTAGE ALPHABET BLOCKS,12,2011-06-05 10:54:00,9.95,13131,United Kingdom,119.4
555518,21637,ASSORTED SANSKRIT MINI NOTEBOOK,18,2011-06-05 10:58:00,1.25,14891,United Kingdom,22.5
555520,90175A,WHITE GLASS CHUNKY CHARM BRACELET,1,2011-06-05 11:14:00,8.95,15038,United Kingdom,8.95
555520,23090,VINTAGE GLASS T-LIGHT HOLDER,3,2011-06-05 11:14:00,0.83,15038,United Kingdom,2.49
555523,22432,WATERING CAN PINK BUNNY,6,2011-06-05 11:36:00,1.95,12468,Germany,11.7
555523,22077,6 RIBBONS RUSTIC CHARM,12,2011-06-05 11:36:00,1.65,12468,Germany,19.8
555524,22939,APRON APPLE DELIGHT,3,2011-06-05 11:37:00,4.95,16923,United Kingdom,14.85
555536,22191,IVORY DINER WALL CLOCK,2,2011-06-05 12:28:00,8.5,17675,United Kingdom,17.0
555537,22766,PHOTO FRAME CORNICE,1,2011-06-05 12:37:00,2.95,15453,United Kingdom,2.95
555537,22530,MAGIC DRAWING SLATE DOLLY GIRL ,1,2011-06-05 12:37:00,0.42,15453,United Kingdom,0.42
555540,21172,PARTY METAL SIGN ,4,2011-06-05 12:48:00,1.45,13668,United Kingdom,5.8
555544,23202,JUMBO BAG VINTAGE LEAF,10,2011-06-05 13:05:00,2.08,14621,United Kingdom,20.8
555545,20727,LUNCH BAG  BLACK SKULL.,10,2011-06-05 13:08:00,1.65,17735,United Kingdom,16.5
555546,21930,JUMBO STORAGE BAG SKULLS,10,2011-06-05 13:09:00,2.08,17735,United Kingdom,20.8
555547,21238,RED RETROSPOT CUP,8,2011-06-05 13:13:00,0.85,12681,France,6.8
555549,20728,LUNCH BAG CARS BLUE,10,2011-06-05 13:24:00,1.65,13637,United Kingdom,16.5
555553,21249,WOODLAND  HEIGHT CHART STICKERS ,6,2011-06-05 13:45:00,2.95,12662,Germany,17.700000000000003
555558,21993,FLORAL FOLK STATIONERY SET,1,2011-06-05 14:06:00,1.25,14159,United Kingdom,1.25
555560,20725,LUNCH BAG RED RETROSPOT,1,2011-06-05 14:20:00,1.65,17346,United Kingdom,1.65
555560,20724,RED RETROSPOT CHARLOTTE BAG,6,2011-06-05 14:20:00,0.85,17346,United Kingdom,5.1
555562,23201,JUMBO BAG ALPHABET,3,2011-06-05 14:45:00,2.08,17841,United Kingdom,6.24
555565,21232,STRAWBERRY CERAMIC TRINKET BOX,12,2011-06-05 15:06:00,1.25,15298,United Kingdom,15.0
555567,21080,SET/20 RED RETROSPOT PAPER NAPKINS ,4,2011-06-05 15:25:00,0.85,17050,United Kingdom,3.4
555567,22489,PACK OF 12 TRADITIONAL CRAYONS,5,2011-06-05 15:25:00,0.42,17050,United Kingdom,2.1
555567,22315,200 RED + WHITE BENDY STRAWS,1,2011-06-05 15:25:00,1.25,17050,United Kingdom,1.25
555568,22197,SMALL POPCORN HOLDER,6,2011-06-05 15:25:00,0.85,17589,United Kingdom,5.1
555568,22328,ROUND SNACK BOXES SET OF 4 FRUITS ,4,2011-06-05 15:25:00,2.95,17589,United Kingdom,11.8
555570,22841,ROUND CAKE TIN VINTAGE GREEN,2,2011-06-05 15:36:00,7.95,15152,United Kingdom,15.9
555572,20750,RED RETROSPOT MINI CASES,2,2011-06-05 15:37:00,7.95,12449,Belgium,15.9
555573,21519,GIN & TONIC DIET GREETING CARD ,12,2011-06-05 15:46:00,0.42,15349,United Kingdom,5.04
555575,84988,SET OF 72 PINK HEART PAPER DOILIES,12,2011-06-05 15:47:00,1.45,14466,United Kingdom,17.4
555577,46000U,POLYESTER FILLER PAD 30CMx30CM,24,2011-06-05 15:53:00,1.25,15301,United Kingdom,30.0
555577,21035,SET/2 RED RETROSPOT TEA TOWELS ,6,2011-06-05 15:53:00,3.25,15301,United Kingdom,19.5
555582,23083,SET 6 PAPER TABLE LANTERN STARS ,6,2011-06-06 09:01:00,3.75,14312,United Kingdom,22.5
555586,22650,CERAMIC PIRATE CHEST MONEY BANK,12,2011-06-06 09:12:00,1.45,14232,United Kingdom,17.4
555604,22758,LARGE PURPLE BABUSHKA NOTEBOOK  ,12,2011-06-06 11:37:00,1.25,16612,United Kingdom,15.0
555627,22610,PENS ASSORTED FUNNY FACE,36,2011-06-06 11:57:00,0.19,15805,United Kingdom,6.84
555630,21314,SMALL GLASS HEART TRINKET POT,8,2011-06-06 12:04:00,2.1,14732,United Kingdom,16.8
555630,21794,CLASSIC FRENCH STYLE BASKET NATURAL,8,2011-06-06 12:04:00,3.95,14732,United Kingdom,31.6
555633,22822,CREAM WALL PLANTER HEART SHAPED,2,2011-06-06 12:22:00,5.95,14534,United Kingdom,11.9
555635,23283,DOORMAT VINTAGE LEAVES DESIGN ,2,2011-06-06 12:29:00,7.95,13319,United Kingdom,15.9
555640,22457,NATURAL SLATE HEART CHALKBOARD ,6,2011-06-06 13:06:00,2.95,14475,United Kingdom,17.700000000000003
555644,21936,RED RETROSPOT PICNIC BAG,2,2011-06-06 13:24:00,2.95,16520,United Kingdom,5.9
555644,23274,STAR T-LIGHT HOLDER WILLIE WINKIE,12,2011-06-06 13:24:00,1.65,16520,United Kingdom,19.8
555647,22627,MINT KITCHEN SCALES,2,2011-06-06 13:43:00,8.5,12957,United Kingdom,17.0
555647,21124,SET/10 BLUE POLKADOT PARTY CANDLES,24,2011-06-06 13:43:00,1.25,12957,United Kingdom,30.0
555649,85015,SET OF 12  VINTAGE POSTCARD SET,24,2011-06-06 13:47:00,0.65,15386,United Kingdom,15.6
555649,22538,MINI JIGSAW GO TO THE FAIR,24,2011-06-06 13:47:00,0.42,15386,United Kingdom,10.08
555650,84406B,CREAM CUPID HEARTS COAT HANGER,4,2011-06-06 13:48:00,4.15,14156,EIRE,16.6
555650,23075,DOUBLE CERAMIC PARLOUR HOOK,4,2011-06-06 13:48:00,4.15,14156,EIRE,16.6
555653,21792,CLASSIC FRENCH STYLE BASKET GREEN ,6,2011-06-06 14:12:00,3.95,17673,United Kingdom,23.700000000000003
555691,20717,STRAWBERRY SHOPPER BAG,30,2011-06-06 14:31:00,1.25,12843,United Kingdom,37.5
555703,20728,LUNCH BAG CARS BLUE,10,2011-06-06 15:06:00,1.65,15379,United Kingdom,16.5
555704,84970S,HANGING HEART ZINC T-LIGHT HOLDER,12,2011-06-06 15:06:00,0.85,14944,United Kingdom,10.2
555704,21733,RED HANGING HEART T-LIGHT HOLDER,12,2011-06-06 15:06:00,2.95,14944,United Kingdom,35.400000000000006
555705,22487,WHITE WOOD GARDEN PLANT LADDER,1,2011-06-06 15:24:00,9.95,14713,United Kingdom,9.95
555726,22728,ALARM CLOCK BAKELIKE PINK,4,2011-06-06 16:23:00,3.75,12540,Spain,15.0
555726,22704,WRAP RED APPLES ,25,2011-06-06 16:23:00,0.42,12540,Spain,10.5
555728,84927F,PSYCHEDELIC TILE HOOK,1,2011-06-06 16:41:00,2.1,17252,United Kingdom,2.1
555728,20763,DAISY SKETCHBOOK ,1,2011-06-06 16:41:00,3.75,17252,United Kingdom,3.75
555732,22427,ENAMEL FLOWER JUG CREAM,6,2011-06-07 08:19:00,5.95,14542,United Kingdom,35.7
555742,22706,WRAP COWBOYS  ,25,2011-06-07 10:34:00,0.42,16949,United Kingdom,10.5
555743,84279B,CHERRY BLOSSOM DECORATIVE FLASK,4,2011-06-07 10:42:00,3.75,12868,United Kingdom,15.0
555745,22485,SET OF 2 WOODEN MARKET CRATES,2,2011-06-07 10:46:00,12.75,14462,United Kingdom,25.5
555746,21272,SALLE DE BAIN HOOK,1,2011-06-07 10:55:00,1.25,14606,United Kingdom,1.25
555798,22090,PAPER BUNTING RETROSPOT,120,2011-06-07 11:32:00,2.55,16422,United Kingdom,306.0
555810,23203,JUMBO BAG DOILEY PATTERNS,10,2011-06-07 11:39:00,2.08,17091,United Kingdom,20.8
555808,84836,ZINC METAL HEART DECORATION,12,2011-06-07 11:39:00,1.25,14867,United Kingdom,15.0
555815,20719,WOODLAND CHARLOTTE BAG,10,2011-06-07 11:47:00,0.85,13089,United Kingdom,8.5
555815,21874,GIN AND TONIC MUG,12,2011-06-07 11:47:00,1.25,13089,United Kingdom,15.0
555835,47590A,BLUE HAPPY BIRTHDAY BUNTING,1,2011-06-07 12:34:00,5.45,14525,United Kingdom,5.45
555835,47580,TEA TIME DES TEA COSY,1,2011-06-07 12:34:00,2.55,14525,United Kingdom,2.55
555835,21238,RED RETROSPOT CUP,12,2011-06-07 12:34:00,0.85,14525,United Kingdom,10.2
555836,22431,WATERING CAN BLUE ELEPHANT,12,2011-06-07 12:36:00,1.95,13098,United Kingdom,23.4
555841,22553,PLASTERS IN TIN SKULLS,1,2011-06-07 12:47:00,1.65,14583,United Kingdom,1.65
555841,16218,CARTOON  PENCIL SHARPENERS,5,2011-06-07 12:47:00,0.06,14583,United Kingdom,0.3
555841,84192,ASSORTED COLOUR METAL CAT ,6,2011-06-07 12:47:00,1.25,14583,United Kingdom,7.5
555841,22796,PHOTO FRAME 3 CLASSIC HANGING,1,2011-06-07 12:47:00,9.95,14583,United Kingdom,9.95
555841,47503H,ASS FLORAL PRINT SPIRIT LEVEL ,1,2011-06-07 12:47:00,1.95,14583,United Kingdom,1.95
555845,84849B,FAIRY SOAP SOAP HOLDER,2,2011-06-07 13:19:00,1.69,17015,United Kingdom,3.38
555845,22047,EMPIRE GIFT WRAP,25,2011-06-07 13:19:00,0.42,17015,United Kingdom,10.5
555845,23148,MINIATURE ANTIQUE ROSE HOOK IVORY,4,2011-06-07 13:19:00,0.83,17015,United Kingdom,3.32
555845,22147,FELTCRAFT BUTTERFLY HEARTS,3,2011-06-07 13:19:00,1.45,17015,United Kingdom,4.35
555845,22456,NATURAL SLATE CHALKBOARD LARGE ,1,2011-06-07 13:19:00,4.95,17015,United Kingdom,4.95
555845,22529,MAGIC DRAWING SLATE GO TO THE FAIR ,1,2011-06-07 13:19:00,0.42,17015,United Kingdom,0.42
555845,22539,MINI JIGSAW DOLLY GIRL,1,2011-06-07 13:19:00,0.42,17015,United Kingdom,0.42
555845,21902,"KEY FOB , FRONT  DOOR ",4,2011-06-07 13:19:00,0.65,17015,United Kingdom,2.6
555850,75049L,LARGE CIRCULAR MIRROR MOBILE,18,2011-06-07 13:35:00,1.25,16550,United Kingdom,22.5
555850,22624,IVORY KITCHEN SCALES,2,2011-06-07 13:35:00,8.5,16550,United Kingdom,17.0
555850,84828,JUNGLE POPSICLES ICE LOLLY MOULDS,6,2011-06-07 13:35:00,1.25,16550,United Kingdom,7.5
555851,84596G,SMALL CHOCOLATES PINK BOWL,5,2011-06-07 13:37:00,0.42,13050,United Kingdom,2.1
555852,21907,I'M ON HOLIDAY METAL SIGN,12,2011-06-07 13:38:00,2.1,17429,United Kingdom,25.200000000000003
555854,21775,DECORATIVE FLORE BATHROOM BOTTLE,1,2011-06-07 13:47:00,1.25,12748,United Kingdom,1.25
555854,21187,WHITE BELL HONEYCOMB PAPER GARLAND ,3,2011-06-07 13:47:00,1.65,12748,United Kingdom,4.949999999999999
555854,22358,KINGS CHOICE TEA CADDY ,1,2011-06-07 13:47:00,2.95,12748,United Kingdom,2.95
555855,22752,SET 7 BABUSHKA NESTING BOXES,1,2011-06-07 13:56:00,8.5,15311,United Kingdom,8.5
555855,22891,TEA FOR ONE POLKADOT,1,2011-06-07 13:56:00,4.25,15311,United Kingdom,4.25
555858,22908,PACK OF 20 NAPKINS RED APPLES,12,2011-06-07 14:12:00,0.85,14911,EIRE,10.2
555858,84992,72 SWEETHEART FAIRY CAKE CASES,24,2011-06-07 14:12:00,0.55,14911,EIRE,13.2
555862,22385,JUMBO BAG SPACEBOY DESIGN,10,2011-06-07 14:28:00,2.08,12757,Portugal,20.8
555862,21929,JUMBO BAG PINK VINTAGE PAISLEY,10,2011-06-07 14:28:00,2.08,12757,Portugal,20.8
555865,84971S,SMALL HEART FLOWERS HOOK ,24,2011-06-07 14:30:00,0.85,14530,United Kingdom,20.4
555872,84051,ASS COLOUR GLOWING TIARAS,10,2011-06-07 15:04:00,0.85,13395,United Kingdom,8.5
555876,21391,FRENCH LAVENDER SCENT HEART,12,2011-06-07 15:28:00,0.75,15799,United Kingdom,9.0
555920,21955,DOORMAT UNION JACK GUNS AND ROSES,200,2011-06-07 16:35:00,4.58,18102,United Kingdom,916.0
555920,48173C,DOORMAT BLACK FLOCK ,200,2011-06-07 16:35:00,4.58,18102,United Kingdom,916.0
555929,23243,SET OF TEA COFFEE SUGAR TINS PANTRY,24,2011-06-08 08:12:00,4.15,16525,United Kingdom,99.6
555932,22173,METAL 4 HOOK HANGER FRENCH CHATEAU,8,2011-06-08 08:46:00,2.95,14217,United Kingdom,23.6
555941,21207,SKULL AND CROSSBONES  GARLAND ,12,2011-06-08 10:10:00,1.65,12726,France,19.8
555942,21754,HOME BUILDING BLOCK WORD,3,2011-06-08 10:14:00,5.95,15743,United Kingdom,17.85
555947,85183A,CHARLIE & LOLA WASTEPAPER BIN BLUE,12,2011-06-08 10:45:00,1.25,14911,EIRE,15.0
555979,37479B,CUBIC MUG FLOCK BLUE ON BROWN,12,2011-06-08 11:18:00,0.39,15039,United Kingdom,4.68
555979,22171,3 HOOK PHOTO SHELF ANTIQUE WHITE,12,2011-06-08 11:18:00,7.65,15039,United Kingdom,91.8
556009,47566B,TEA TIME PARTY BUNTING,8,2011-06-08 11:37:00,4.95,18221,United Kingdom,39.6
556021,21666,RIDGED GLASS T-LIGHT HOLDER,24,2011-06-08 12:03:00,0.65,12921,United Kingdom,15.6
556021,85099B,JUMBO BAG RED RETROSPOT,30,2011-06-08 12:03:00,2.08,12921,United Kingdom,62.400000000000006
556021,21987,PACK OF 6 SKULL PAPER CUPS,12,2011-06-08 12:03:00,0.65,12921,United Kingdom,7.800000000000001
556023,85099C,JUMBO  BAG BAROQUE BLACK WHITE,4,2011-06-08 12:21:00,2.08,14527,United Kingdom,8.32
556032,85132B,CHARLIE AND LOLA TABLE TINS,24,2011-06-08 12:35:00,1.95,15159,United Kingdom,46.8
556036,23245,SET OF 3 REGENCY CAKE TINS,4,2011-06-08 12:37:00,4.95,15159,United Kingdom,19.8
556038,18094C,WHITE AND BLUE CERAMIC OIL BURNER,3,2011-06-08 12:38:00,1.25,13184,United Kingdom,3.75
556042,23206,LUNCH BAG APPLE DESIGN,10,2011-06-08 12:44:00,1.65,14367,United Kingdom,16.5
556042,20725,LUNCH BAG RED RETROSPOT,10,2011-06-08 12:44:00,1.65,14367,United Kingdom,16.5
556041,22085,PAPER CHAIN KIT SKULLS ,1,2011-06-08 12:44:00,2.95,17954,United Kingdom,2.95
556043,21912,VINTAGE SNAKES & LADDERS,2,2011-06-08 12:49:00,3.75,14078,United Kingdom,7.5
556056,22918,HERB MARKER PARSLEY,1,2011-06-08 13:35:00,0.65,17841,United Kingdom,0.65
556056,23061,VINTAGE EMBOSSED HEART,1,2011-06-08 13:35:00,1.25,17841,United Kingdom,1.25
556056,23146,TRIPLE HOOK ANTIQUE IVORY ROSE,3,2011-06-08 13:35:00,3.29,17841,United Kingdom,9.87
556056,20972,PINK CREAM FELT CRAFT TRINKET BOX ,1,2011-06-08 13:35:00,1.25,17841,United Kingdom,1.25
556066,84978,HANGING HEART JAR T-LIGHT HOLDER,150,2011-06-08 14:32:00,1.06,16872,United Kingdom,159.0
556071,23049,RECYCLED ACAPULCO MAT RED,2,2011-06-08 14:52:00,8.25,15974,United Kingdom,16.5
556073,20726,LUNCH BAG WOODLAND,10,2011-06-08 15:05:00,1.65,16358,United Kingdom,16.5
556102,23206,LUNCH BAG APPLE DESIGN,10,2011-06-08 16:15:00,1.65,13115,United Kingdom,16.5
556104,23204,CHARLOTTE BAG APPLES DESIGN,10,2011-06-08 16:34:00,0.85,13875,United Kingdom,8.5
556106,23084,RABBIT NIGHT LIGHT,10,2011-06-08 16:54:00,2.08,14056,United Kingdom,20.8
556106,22993,SET OF 4 PANTRY JELLY MOULDS,1,2011-06-08 16:54:00,1.25,14056,United Kingdom,1.25
556107,21707,FOLDING UMBRELLA BLACKBLUE POLKADOT,1,2011-06-08 17:09:00,4.95,17360,United Kingdom,4.95
556107,22728,ALARM CLOCK BAKELIKE PINK,1,2011-06-08 17:09:00,3.75,17360,United Kingdom,3.75
556107,85123A,WHITE HANGING HEART T-LIGHT HOLDER,2,2011-06-08 17:09:00,2.95,17360,United Kingdom,5.9
556111,23168,CLASSIC CAFE SUGAR DISPENSER,12,2011-06-09 09:16:00,1.25,13004,United Kingdom,15.0
556113,21877,HOME SWEET HOME MUG,12,2011-06-09 09:32:00,1.25,13510,United Kingdom,15.0
556116,82616C,MIDNIGHT GLAMOUR SCARF KNITTING KIT,12,2011-06-09 09:44:00,1.25,15214,United Kingdom,15.0
556130,21206,STRAWBERRY HONEYCOMB  GARLAND ,12,2011-06-09 10:48:00,1.65,15738,United Kingdom,19.8
556130,47599A,PINK PARTY BAGS,18,2011-06-09 10:48:00,2.1,15738,United Kingdom,37.8
556183,21238,RED RETROSPOT CUP,8,2011-06-09 11:37:00,0.85,13134,United Kingdom,6.8
556194,22779,WOODEN OWLS LIGHT GARLAND ,8,2011-06-09 12:20:00,4.25,12483,Sweden,34.0
556195,23236,DOILEY STORAGE TIN,6,2011-06-09 12:21:00,2.89,16745,United Kingdom,17.34
556197,82578,KITCHEN METAL SIGN,12,2011-06-09 12:27:00,0.55,18065,United Kingdom,6.6000000000000005
556198,22662,LUNCH BAG DOLLY GIRL DESIGN,3,2011-06-09 12:30:00,1.65,14963,United Kingdom,4.949999999999999
556201,23084,RABBIT NIGHT LIGHT,12,2011-06-09 13:01:00,2.08,12347,Iceland,24.96
556206,21832,CHOCOLATE CALCULATOR,12,2011-06-09 13:46:00,1.65,14911,EIRE,19.8
556216,17107D,"FLOWER FAIRY,5 SUMMER B'DRAW LINERS",6,2011-06-09 14:15:00,2.55,15252,United Kingdom,15.3
556222,22799,SWEETHEART WIRE FRUIT BOWL,2,2011-06-09 14:23:00,8.5,17522,United Kingdom,17.0
556222,21934,SKULL SHOULDER BAG,12,2011-06-09 14:23:00,1.65,17522,United Kingdom,19.8
556229,20723,STRAWBERRY CHARLOTTE BAG,10,2011-06-09 14:43:00,0.85,12839,United Kingdom,8.5
556229,22355,CHARLOTTE BAG SUKI DESIGN,10,2011-06-09 14:43:00,0.85,12839,United Kingdom,8.5
556229,21172,PARTY METAL SIGN ,12,2011-06-09 14:43:00,1.45,12839,United Kingdom,17.4
556229,22379,RECYCLING BAG RETROSPOT ,5,2011-06-09 14:43:00,2.1,12839,United Kingdom,10.5
556234,22274,FELTCRAFT DOLL EMILY,1,2011-06-09 15:27:00,2.95,17961,United Kingdom,2.95
556234,22383,LUNCH BAG SUKI DESIGN ,1,2011-06-09 15:27:00,1.65,17961,United Kingdom,1.65
556238,22356,CHARLOTTE BAG PINK POLKADOT,10,2011-06-09 15:35:00,0.85,13397,United Kingdom,8.5
556241,POST,POSTAGE,8,2011-06-09 16:04:00,28.0,12597,Spain,224.0
556244,82600,NO SINGING METAL SIGN,2,2011-06-09 16:08:00,2.1,15867,United Kingdom,4.2
556245,22917,HERB MARKER ROSEMARY,1,2011-06-09 16:10:00,0.65,17841,United Kingdom,0.65
556245,22919,HERB MARKER MINT,1,2011-06-09 16:10:00,0.65,17841,United Kingdom,0.65
556246,22417,PACK OF 60 SPACEBOY CAKE CASES,1,2011-06-09 16:16:00,0.55,16113,United Kingdom,0.55
556253,23110,PARISIENNE KEY CABINET ,2,2011-06-09 16:55:00,5.75,17652,United Kingdom,11.5
556254,85177,BASKET OF FLOWERS SEWING KIT,12,2011-06-09 16:57:00,0.85,13213,United Kingdom,10.2
556257,47566,PARTY BUNTING,3,2011-06-09 17:47:00,4.95,17576,United Kingdom,14.85
556259,47566,PARTY BUNTING,4,2011-06-09 17:53:00,4.95,12721,France,19.8
556259,22759,SET OF 3 NOTEBOOKS IN PARCEL,12,2011-06-09 17:53:00,1.65,12721,France,19.8
556263,22727,ALARM CLOCK BAKELIKE RED ,1,2011-06-09 18:41:00,3.75,13969,United Kingdom,3.75
556267,22161,HEART DECORATION RUSTIC HANGING ,384,2011-06-09 19:33:00,0.19,13694,United Kingdom,72.96000000000001
556280,21175,GIN + TONIC DIET METAL SIGN,5,2011-06-09 20:03:00,2.55,14584,United Kingdom,12.75
556282,17014A,ORIGAMI VANILLA INCENSE CONES,12,2011-06-10 08:24:00,0.42,15679,United Kingdom,5.04
556290,22138,BAKING SET 9 PIECE RETROSPOT ,3,2011-06-10 09:23:00,4.95,17088,United Kingdom,14.85
556318,22831,WHITE BROCANTE SOAP DISH,12,2011-06-10 10:49:00,2.95,16767,United Kingdom,35.400000000000006
556325,21770,OPEN CLOSED METAL SIGN,1,2011-06-10 11:20:00,4.95,17234,United Kingdom,4.95
556330,22188,BLACK HEART CARD HOLDER,2,2011-06-10 11:29:00,3.95,17797,United Kingdom,7.9
556330,84725,FREESTYLE CANVAS ART PICTURE,1,2011-06-10 11:29:00,1.65,17797,United Kingdom,1.65
556341,22673,FRENCH GARDEN SIGN BLUE METAL,12,2011-06-10 11:36:00,1.25,16614,United Kingdom,15.0
556365,22083,PAPER CHAIN KIT RETROSPOT,3,2011-06-10 11:44:00,2.95,16370,United Kingdom,8.850000000000001
556365,21156,RETROSPOT CHILDRENS APRON,2,2011-06-10 11:44:00,1.95,16370,United Kingdom,3.9
556365,20728,LUNCH BAG CARS BLUE,10,2011-06-10 11:44:00,1.65,16370,United Kingdom,16.5
556408,21908,CHOCOLATE THIS WAY METAL SIGN,1,2011-06-10 11:54:00,2.1,13533,United Kingdom,2.1
556413,22382,LUNCH BAG SPACEBOY DESIGN ,1,2011-06-10 12:01:00,1.65,16005,United Kingdom,1.65
556416,22971,QUEENS GUARD COFFEE MUG,6,2011-06-10 12:19:00,2.55,15527,United Kingdom,15.3
556425,22161,HEART DECORATION RUSTIC HANGING ,6,2011-06-10 12:51:00,0.19,14178,United Kingdom,1.14
556434,22699,ROSES REGENCY TEACUP AND SAUCER ,12,2011-06-10 14:06:00,2.95,14895,United Kingdom,35.400000000000006
556434,22084,PAPER CHAIN KIT EMPIRE,6,2011-06-10 14:06:00,2.95,14895,United Kingdom,17.700000000000003
556441,22374,AIRLINE BAG VINTAGE JET SET RED,1,2011-06-10 15:07:00,4.25,14415,United Kingdom,4.25
556455,85123A,WHITE HANGING HEART T-LIGHT HOLDER,32,2011-06-10 16:46:00,2.55,15856,United Kingdom,81.6
556460,21889,WOODEN BOX OF DOMINOES,12,2011-06-12 09:56:00,1.25,14276,United Kingdom,15.0
556469,22661,CHARLOTTE BAG DOLLY GIRL DESIGN,20,2011-06-12 11:37:00,0.85,12516,Germany,17.0
556469,21930,JUMBO STORAGE BAG SKULLS,20,2011-06-12 11:37:00,2.08,12516,Germany,41.6
556472,22089,PAPER BUNTING VINTAGE PAISLEY,6,2011-06-12 11:48:00,2.95,16633,United Kingdom,17.700000000000003
556473,22427,ENAMEL FLOWER JUG CREAM,1,2011-06-12 12:00:00,5.95,17265,United Kingdom,5.95
556473,21179,NO JUNK MAIL METAL SIGN,2,2011-06-12 12:00:00,1.25,17265,United Kingdom,2.5
556473,22090,PAPER BUNTING RETROSPOT,1,2011-06-12 12:00:00,2.95,17265,United Kingdom,2.95
556473,22217,T-LIGHT HOLDER HANGING LACE,3,2011-06-12 12:00:00,1.25,17265,United Kingdom,3.75
556474,23203,JUMBO BAG DOILEY PATTERNS,2,2011-06-12 12:01:00,2.08,16007,United Kingdom,4.16
556474,23298,SPOTTY BUNTING,1,2011-06-12 12:01:00,4.95,16007,United Kingdom,4.95
556474,23152,IVORY SWEETHEART WIRE LETTER RACK ,2,2011-06-12 12:01:00,3.75,16007,United Kingdom,7.5
556475,23118,PARISIENNE JEWELLERY DRAWER ,1,2011-06-12 12:03:00,7.5,18109,United Kingdom,7.5
556477,22961,JAM MAKING SET PRINTED,2,2011-06-12 12:20:00,1.45,12841,United Kingdom,2.9
556478,22999,TRAVEL CARD WALLET RETRO PETALS,1,2011-06-12 12:34:00,0.42,13069,United Kingdom,0.42
556480,23321,SMALL WHITE HEART OF WICKER,4,2011-06-12 12:55:00,1.69,13617,United Kingdom,6.76
556481,22993,SET OF 4 PANTRY JELLY MOULDS,4,2011-06-12 13:00:00,1.25,16115,United Kingdom,5.0
556484,21746,SMALL RED RETROSPOT WINDMILL,10,2011-06-12 13:17:00,1.25,16938,United Kingdom,12.5
556484,22749,FELTCRAFT PRINCESS CHARLOTTE DOLL,1,2011-06-12 13:17:00,3.75,16938,United Kingdom,3.75
556484,72351B,SET/6 PINK  BUTTERFLY T-LIGHTS,4,2011-06-12 13:17:00,2.1,16938,United Kingdom,8.4
556485,23206,LUNCH BAG APPLE DESIGN,3,2011-06-12 13:21:00,1.65,17211,United Kingdom,4.949999999999999
556486,22228,BUNNY WOODEN PAINTED WITH BIRD ,12,2011-06-12 13:22:00,0.39,17422,United Kingdom,4.68
556487,21326,AGED GLASS SILVER T-LIGHT HOLDER,12,2011-06-12 13:51:00,0.65,17289,United Kingdom,7.800000000000001
556491,23209,LUNCH BAG DOILEY PATTERN ,5,2011-06-12 14:15:00,1.65,16794,United Kingdom,8.25
556494,85049A,TRADITIONAL CHRISTMAS RIBBONS,3,2011-06-12 14:57:00,1.25,17802,United Kingdom,3.75
556494,22865,HAND WARMER OWL DESIGN,5,2011-06-12 14:57:00,2.1,17802,United Kingdom,10.5
556495,21901,"KEY FOB , BACK DOOR ",1,2011-06-12 15:14:00,0.65,18069,United Kingdom,0.65
556497,22551,PLASTERS IN TIN SPACEBOY,12,2011-06-12 15:31:00,1.65,15271,United Kingdom,19.8
556500,23174,REGENCY SUGAR BOWL GREEN,4,2011-06-13 07:58:00,4.15,13468,United Kingdom,16.6
556503,85123A,WHITE HANGING HEART T-LIGHT HOLDER,12,2011-06-13 08:44:00,2.95,13517,United Kingdom,35.400000000000006
556503,22478,BIRDHOUSE GARDEN MARKER ,10,2011-06-13 08:44:00,1.25,13517,United Kingdom,12.5
556505,22616,PACK OF 12 LONDON TISSUES ,504,2011-06-13 09:43:00,0.29,17381,United Kingdom,146.16
556507,23204,CHARLOTTE BAG APPLES DESIGN,10,2011-06-13 09:55:00,0.85,12567,France,8.5
556507,22384,LUNCH BAG PINK POLKADOT,10,2011-06-13 09:55:00,1.65,12567,France,16.5
556510,11001,ASSTD DESIGN RACING CAR PEN,16,2011-06-13 10:36:00,1.69,14911,EIRE,27.04
556512,23204,CHARLOTTE BAG APPLES DESIGN,20,2011-06-13 10:44:00,0.85,14688,United Kingdom,17.0
556523,22920,HERB MARKER BASIL,15,2011-06-13 11:24:00,0.65,16938,United Kingdom,9.75
556528,22431,WATERING CAN BLUE ELEPHANT,12,2011-06-13 11:36:00,1.95,13269,United Kingdom,23.4
556529,22332,SKULLS PARTY BAG + STICKER SET,8,2011-06-13 11:41:00,1.65,12714,France,13.2
556529,22331,WOODLAND PARTY BAG + STICKER SET,8,2011-06-13 11:41:00,1.65,12714,France,13.2
556533,21915,RED  HARMONICA IN BOX ,24,2011-06-13 12:05:00,1.25,15625,United Kingdom,30.0
556536,20992,JAZZ HEARTS PURSE NOTEBOOK,6,2011-06-13 12:36:00,0.39,17795,United Kingdom,2.34
556536,22076,6 RIBBONS EMPIRE  ,1,2011-06-13 12:36:00,1.65,17795,United Kingdom,1.65
556536,84375,SET OF 20 KIDS COOKIE CUTTERS,12,2011-06-13 12:36:00,2.1,17795,United Kingdom,25.200000000000003
556571,23300,GARDENERS KNEELING PAD CUP OF TEA ,12,2011-06-13 13:13:00,1.65,13018,United Kingdom,19.8
556573,20754,RETROSPOT RED WASHING UP GLOVES,1,2011-06-13 13:32:00,2.1,14667,United Kingdom,2.1
556573,23298,SPOTTY BUNTING,14,2011-06-13 13:32:00,4.95,14667,United Kingdom,69.3
556575,23243,SET OF TEA COFFEE SUGAR TINS PANTRY,1,2011-06-13 13:44:00,4.95,17027,United Kingdom,4.95
556576,85040A,S/4 PINK FLOWER CANDLES IN BOWL,1,2011-06-13 13:55:00,1.65,14606,United Kingdom,1.65
556578,23307,SET OF 60 PANTRY DESIGN CAKE CASES ,24,2011-06-13 14:13:00,0.55,12472,Germany,13.2
556578,20728,LUNCH BAG CARS BLUE,10,2011-06-13 14:13:00,1.65,12472,Germany,16.5
556579,90147,CHUNKY SILVER NECKLACE PASTEL FLOWE,2,2011-06-13 14:16:00,9.95,15069,United Kingdom,19.9
556579,90190B,GOLD/AMBER DROP EARRINGS W LEAF,6,2011-06-13 14:16:00,2.95,15069,United Kingdom,17.700000000000003
556579,23108,SET OF 10 LED DOLLY LIGHTS,2,2011-06-13 14:16:00,6.25,15069,United Kingdom,12.5
556579,23209,LUNCH BAG DOILEY PATTERN ,10,2011-06-13 14:16:00,1.65,15069,United Kingdom,16.5
556630,20725,LUNCH BAG RED RETROSPOT,10,2011-06-13 14:59:00,1.65,13999,United Kingdom,16.5
556642,22919,HERB MARKER MINT,5,2011-06-13 15:47:00,0.65,17236,United Kingdom,3.25
556667,22381,TOY TIDY PINK POLKADOT,50,2011-06-13 16:25:00,1.85,15838,United Kingdom,92.5
556671,23291,DOLLY GIRL CHILDRENS CUP,2,2011-06-13 16:33:00,1.25,17841,United Kingdom,2.5
556671,48185,DOORMAT FAIRY CAKE,1,2011-06-13 16:33:00,7.95,17841,United Kingdom,7.95
556671,21232,STRAWBERRY CERAMIC TRINKET BOX,1,2011-06-13 16:33:00,1.25,17841,United Kingdom,1.25
556719,23100,SILVER BELLS TABLE DECORATION,12,2011-06-14 11:21:00,1.25,17428,United Kingdom,15.0
556726,82484,WOOD BLACK BOARD ANT WHITE FINISH,204,2011-06-14 11:31:00,4.8,18102,United Kingdom,979.2
556728,82583,HOT BATHS METAL SIGN,3,2011-06-14 11:36:00,2.1,15719,United Kingdom,6.300000000000001
556728,82494L,WOODEN FRAME ANTIQUE WHITE ,2,2011-06-14 11:36:00,2.95,15719,United Kingdom,5.9
556732,20725,LUNCH BAG RED RETROSPOT,3,2011-06-14 11:47:00,1.65,15039,United Kingdom,4.949999999999999
556733,37448,CERAMIC CAKE DESIGN SPOTTED MUG,3,2011-06-14 11:53:00,1.49,16919,United Kingdom,4.47
556733,22059,CERAMIC STRAWBERRY DESIGN MUG,3,2011-06-14 11:53:00,1.49,16919,United Kingdom,4.47
556733,22994,TRAVEL CARD WALLET RETROSPOT,6,2011-06-14 11:53:00,0.42,16919,United Kingdom,2.52
556740,23309,SET OF 60 I LOVE LONDON CAKE CASES ,2,2011-06-14 12:06:00,0.55,17346,United Kingdom,1.1
556768,23094,LE GRAND TRAY CHIC SET,4,2011-06-14 12:21:00,12.5,17243,United Kingdom,50.0
556777,21756,BATH BUILDING BLOCK WORD,3,2011-06-14 12:31:00,5.95,14426,United Kingdom,17.85
556780,85123A,WHITE HANGING HEART T-LIGHT HOLDER,3,2011-06-14 12:46:00,2.95,14524,United Kingdom,8.850000000000001
556781,21123,SET/10 IVORY POLKADOT PARTY CANDLES,24,2011-06-14 12:47:00,1.25,13384,United Kingdom,30.0
556782,23089,GLASS BON BON JAR,6,2011-06-14 13:04:00,1.65,14871,United Kingdom,9.9
556784,22193,RED DINER WALL CLOCK,1,2011-06-14 13:15:00,8.5,14461,United Kingdom,8.5
556784,22363,GLASS JAR MARMALADE ,2,2011-06-14 13:15:00,2.95,14461,United Kingdom,5.9
556784,35909B,PINK FLOWERS RABBIT EASTER,2,2011-06-14 13:15:00,2.95,14461,United Kingdom,5.9
556784,21678,PAISLEY PATTERN  STICKERS,6,2011-06-14 13:15:00,0.85,14461,United Kingdom,5.1
556784,22746,POPPY'S PLAYHOUSE LIVINGROOM ,2,2011-06-14 13:15:00,2.1,14461,United Kingdom,4.2
556784,84969,BOX OF 6 ASSORTED COLOUR TEASPOONS,6,2011-06-14 13:15:00,4.25,14461,United Kingdom,25.5
556791,22771,CLEAR DRAWER KNOB ACRYLIC EDWARDIAN,24,2011-06-14 13:51:00,1.25,16928,United Kingdom,30.0
556804,22993,SET OF 4 PANTRY JELLY MOULDS,72,2011-06-14 15:14:00,1.06,15125,United Kingdom,76.32000000000001
556815,84945,MULTI COLOUR SILVER T-LIGHT HOLDER,24,2011-06-15 08:36:00,0.85,14852,United Kingdom,20.4
556816,21224,SET/4 SKULL BADGES,20,2011-06-15 09:01:00,1.25,12437,France,25.0
556819,23250,VINTAGE RED TRIM ENAMEL BOWL ,12,2011-06-15 10:21:00,1.25,12682,France,15.0
556820,15056BL,EDWARDIAN PARASOL BLACK,3,2011-06-15 10:22:00,5.95,12682,France,17.85
556820,20750,RED RETROSPOT MINI CASES,4,2011-06-15 10:22:00,7.95,12682,France,31.8
556828,82600,NO SINGING METAL SIGN,2,2011-06-15 10:39:00,2.1,17284,United Kingdom,4.2
556828,21210,SET OF 72 RETROSPOT PAPER  DOILIES,2,2011-06-15 10:39:00,1.45,17284,United Kingdom,2.9
556829,22904,CALENDAR PAPER CUT DESIGN,6,2011-06-15 10:51:00,2.95,12809,Portugal,17.700000000000003
556829,23210,WHITE ROCKING HORSE HAND PAINTED,24,2011-06-15 10:51:00,1.25,12809,Portugal,30.0
556845,22050,PINK PAISLEY ROSE GIFT WRAP,25,2011-06-15 11:30:00,0.42,17511,United Kingdom,10.5
556845,23287,RED VINTAGE SPOT BEAKER,96,2011-06-15 11:30:00,0.72,17511,United Kingdom,69.12
556876,21992,VINTAGE PAISLEY STATIONERY SET,1,2011-06-15 11:56:00,1.25,16241,United Kingdom,1.25
556876,21172,PARTY METAL SIGN ,1,2011-06-15 11:56:00,1.45,16241,United Kingdom,1.45
556876,20974,12 PENCILS SMALL TUBE SKULL,2,2011-06-15 11:56:00,0.65,16241,United Kingdom,1.3
556878,22178,VICTORIAN GLASS HANGING T-LIGHT,12,2011-06-15 12:01:00,1.25,15574,United Kingdom,15.0
556879,22991,GIRAFFE WOODEN RULER,2,2011-06-15 12:07:00,1.95,16461,United Kingdom,3.9
556881,21586,KINGS CHOICE GIANT TUBE MATCHES,12,2011-06-15 12:15:00,2.1,17389,United Kingdom,25.200000000000003
556882,82581,TOILET METAL SIGN,2,2011-06-15 12:21:00,0.55,14395,United Kingdom,1.1
556882,22112,CHOCOLATE HOT WATER BOTTLE,1,2011-06-15 12:21:00,4.95,14395,United Kingdom,4.95
556883,22371,AIRLINE BAG VINTAGE TOKYO 78,4,2011-06-15 12:24:00,4.25,13343,United Kingdom,17.0
556890,20711,JUMBO BAG TOYS ,10,2011-06-15 12:48:00,2.08,17581,United Kingdom,20.8
556891,23287,RED VINTAGE SPOT BEAKER,8,2011-06-15 12:48:00,0.85,17581,United Kingdom,6.8
556890,22663,JUMBO BAG DOLLY GIRL DESIGN,10,2011-06-15 12:48:00,2.08,17581,United Kingdom,20.8
556892,23079, TOADSTOOL BEDSIDE LIGHT ,2,2011-06-15 12:50:00,8.95,17581,United Kingdom,17.9
556905,20659,ECONOMY LUGGAGE TAG,1,2011-06-15 13:05:00,1.25,16904,United Kingdom,1.25
556910,23310,BUBBLEGUM RING ASSORTED,108,2011-06-15 13:25:00,0.42,12748,United Kingdom,45.36
556910,85227,SET OF 6 3D KIT CARDS FOR KIDS,2,2011-06-15 13:25:00,0.85,12748,United Kingdom,1.7
556912,23298,SPOTTY BUNTING,3,2011-06-15 13:26:00,4.95,15005,United Kingdom,14.85
556912,21874,GIN AND TONIC MUG,2,2011-06-15 13:26:00,1.25,15005,United Kingdom,2.5
556912,20724,RED RETROSPOT CHARLOTTE BAG,10,2011-06-15 13:26:00,0.85,15005,United Kingdom,8.5
556914,79321,CHILLI LIGHTS,6,2011-06-15 13:34:00,5.75,12877,United Kingdom,34.5
556914,23281,FOLDING BUTTERFLY MIRROR RED  ,2,2011-06-15 13:34:00,0.83,12877,United Kingdom,1.66
556916,21980,PACK OF 12 RED RETROSPOT TISSUES ,4,2011-06-15 13:35:00,0.29,16898,United Kingdom,1.16
556916,84347,ROTATING SILVER ANGELS T-LIGHT HLDR,1,2011-06-15 13:35:00,2.55,16898,United Kingdom,2.55
556917,21917,SET 12 KIDS  WHITE CHALK STICKS,144,2011-06-15 13:37:00,0.42,12415,Australia,60.48
556917,22050,PINK PAISLEY ROSE GIFT WRAP,200,2011-06-15 13:37:00,0.34,12415,Australia,68.0
556917,23239,SET OF 4 KNICK KNACK TINS POPPIES,96,2011-06-15 13:37:00,3.75,12415,Australia,360.0
556917,22659,LUNCH BOX I LOVE LONDON,128,2011-06-15 13:37:00,1.65,12415,Australia,211.2
556917,84509A,SET OF 4 ENGLISH ROSE PLACEMATS,72,2011-06-15 13:37:00,2.95,12415,Australia,212.4
556917,21936,RED RETROSPOT PICNIC BAG,50,2011-06-15 13:37:00,2.55,12415,Australia,127.5
556917,22090,PAPER BUNTING RETROSPOT,40,2011-06-15 13:37:00,2.55,12415,Australia,102.0
556917,21990,MODERN FLORAL STATIONERY SET,72,2011-06-15 13:37:00,1.25,12415,Australia,90.0
556926,85132B,CHARLIE AND LOLA TABLE TINS,1,2011-06-15 14:26:00,1.95,16324,United Kingdom,1.95
556937,21669,BLUE STRIPE CERAMIC DRAWER KNOB,12,2011-06-15 16:05:00,1.25,17716,United Kingdom,15.0
556942,22384,LUNCH BAG PINK POLKADOT,10,2011-06-15 16:42:00,1.65,14222,United Kingdom,16.5
556954,84510A,SET OF 4 ENGLISH ROSE COASTERS,10,2011-06-16 08:38:00,1.25,15585,United Kingdom,12.5
556956,22090,PAPER BUNTING RETROSPOT,40,2011-06-16 09:04:00,2.55,13694,United Kingdom,102.0
556960,23081,GREEN METAL BOX ARMY SUPPLIES,2,2011-06-16 09:28:00,8.25,14844,United Kingdom,16.5
556960,21175,GIN + TONIC DIET METAL SIGN,12,2011-06-16 09:28:00,2.55,14844,United Kingdom,30.6
557007,21124,SET/10 BLUE POLKADOT PARTY CANDLES,10,2011-06-16 11:30:00,1.25,12484,Spain,12.5
557009,22030,SWALLOWS GREETING CARD,12,2011-06-16 11:38:00,0.42,14321,United Kingdom,5.04
557013,23203,JUMBO BAG DOILEY PATTERNS,8,2011-06-16 12:05:00,2.08,15044,United Kingdom,16.64
557016,23268,SET OF 2 CERAMIC CHRISTMAS REINDEER,1,2011-06-16 12:29:00,1.45,16942,United Kingdom,1.45
557016,20727,LUNCH BAG  BLACK SKULL.,2,2011-06-16 12:29:00,1.65,16942,United Kingdom,3.3
557026,22720,SET OF 3 CAKE TINS PANTRY DESIGN ,3,2011-06-16 13:14:00,4.95,16571,United Kingdom,14.85
557026,22585,PACK OF 6 BIRDY GIFT TAGS,12,2011-06-16 13:14:00,1.25,16571,United Kingdom,15.0
557027,22652,TRAVEL SEWING KIT,10,2011-06-16 13:24:00,1.65,12816,Poland,16.5
557034,23172,REGENCY TEA PLATE PINK,12,2011-06-16 13:50:00,1.65,13627,United Kingdom,19.8
557057,22899,CHILDREN'S APRON DOLLY GIRL ,24,2011-06-16 14:46:00,2.1,16843,United Kingdom,50.400000000000006
557064,20726,LUNCH BAG WOODLAND,2,2011-06-16 15:07:00,1.65,13263,United Kingdom,3.3
557066,21498,RED RETROSPOT WRAP ,25,2011-06-16 15:10:00,0.42,17463,United Kingdom,10.5
557103,22427,ENAMEL FLOWER JUG CREAM,3,2011-06-16 15:49:00,5.95,16852,United Kingdom,17.85
557120,23084,RABBIT NIGHT LIGHT,6,2011-06-16 17:12:00,2.08,15669,United Kingdom,12.48
557123,22178,VICTORIAN GLASS HANGING T-LIGHT,6,2011-06-16 17:56:00,1.25,15555,United Kingdom,7.5
557129,22429,ENAMEL MEASURING JUG CREAM,1,2011-06-16 19:59:00,4.25,17841,United Kingdom,4.25
557129,23162,REGENCY TEA STRAINER,1,2011-06-16 19:59:00,3.75,17841,United Kingdom,3.75
557129,84584,PINK GINGHAM CAT WITH SCARF,1,2011-06-16 19:59:00,2.55,17841,United Kingdom,2.55
557132,23206,LUNCH BAG APPLE DESIGN,20,2011-06-17 08:57:00,1.65,13107,United Kingdom,33.0
557135,22902,TOTE BAG I LOVE LONDON,50,2011-06-17 09:12:00,1.69,17306,United Kingdom,84.5
557136,C2,CARRIAGE,1,2011-06-17 09:23:00,50.0,14911,EIRE,50.0
557208,22355,CHARLOTTE BAG SUKI DESIGN,10,2011-06-17 11:38:00,0.85,16172,United Kingdom,8.5
557210,85123A,WHITE HANGING HEART T-LIGHT HOLDER,8,2011-06-17 11:49:00,2.95,18118,United Kingdom,23.6
557211,22505,MEMO BOARD COTTAGE DESIGN,4,2011-06-17 11:49:00,4.95,15513,United Kingdom,19.8
557213,82494L,WOODEN FRAME ANTIQUE WHITE ,7,2011-06-17 12:16:00,2.95,15021,United Kingdom,20.65
557213,22534,MAGIC DRAWING SLATE SPACEBOY ,1,2011-06-17 12:16:00,0.42,15021,United Kingdom,0.42
557213,71038,WHITE HANGING BEADS CANDLE HOLDER,3,2011-06-17 12:16:00,5.45,15021,United Kingdom,16.35
557214,84380,SET OF 3 BUTTERFLY COOKIE CUTTERS,12,2011-06-17 12:20:00,1.25,17677,United Kingdom,15.0
557216,23082,SET 6 PAPER TABLE LANTERN HEARTS ,6,2011-06-17 12:23:00,3.75,17677,United Kingdom,22.5
557217,22918,HERB MARKER PARSLEY,12,2011-06-17 12:30:00,0.65,17426,United Kingdom,7.800000000000001
557217,22714,CARD BIRTHDAY COWBOY,12,2011-06-17 12:30:00,0.42,17426,United Kingdom,5.04
557218,23241,TREASURE TIN GYMKHANA DESIGN,6,2011-06-17 12:31:00,2.08,17426,United Kingdom,12.48
557221,84997A,CHILDRENS CUTLERY POLKADOT GREEN ,1,2011-06-17 13:01:00,4.15,16869,United Kingdom,4.15
557222,21972,SET OF 36 DINOSAUR PAPER DOILIES,12,2011-06-17 13:14:00,1.45,14936,Channel Islands,17.4
557222,21988,PACK OF 6 SKULL PAPER PLATES,12,2011-06-17 13:14:00,0.85,14936,Channel Islands,10.2
557232,23190,BUNDLE OF 3 SCHOOL EXERCISE BOOKS  ,12,2011-06-17 14:28:00,1.65,12463,Belgium,19.8
557233,22725,ALARM CLOCK BAKELIKE CHOCOLATE,3,2011-06-17 14:44:00,3.75,15356,United Kingdom,11.25
557258,23039,T-LIGHT HOLDER SILVER HEART HANDLE,6,2011-06-19 10:35:00,1.95,12951,United Kingdom,11.7
557260,48116,DOORMAT MULTICOLOUR STRIPE,2,2011-06-19 10:39:00,7.95,17932,United Kingdom,15.9
557263,22551,PLASTERS IN TIN SPACEBOY,96,2011-06-19 11:08:00,1.45,14646,Netherlands,139.2
557266,21865,PINK UNION JACK  PASSPORT COVER ,2,2011-06-19 11:14:00,2.1,14878,United Kingdom,4.2
557267,17084P,DRAGONS BLOOD INCENSE,24,2011-06-19 11:23:00,0.21,16805,United Kingdom,5.04
557267,40046A,RED DAISY PAPER LAMPSHADE,2,2011-06-19 11:23:00,1.25,16805,United Kingdom,2.5
557268,21875,KINGS CHOICE MUG,6,2011-06-19 11:26:00,1.25,13097,United Kingdom,7.5
557270,22171,3 HOOK PHOTO SHELF ANTIQUE WHITE,2,2011-06-19 11:36:00,8.5,14162,United Kingdom,17.0
557271,23307,SET OF 60 PANTRY DESIGN CAKE CASES ,6,2011-06-19 11:41:00,0.55,17769,United Kingdom,3.3000000000000003
557273,23108,SET OF 10 LED DOLLY LIGHTS,2,2011-06-19 11:44:00,6.25,16050,United Kingdom,12.5
557275,21243,PINK  POLKADOT PLATE ,8,2011-06-19 11:45:00,1.69,15544,United Kingdom,13.52
557277,20725,LUNCH BAG RED RETROSPOT,10,2011-06-19 12:06:00,1.65,16484,United Kingdom,16.5
557278,22629,SPACEBOY LUNCH BOX ,12,2011-06-19 12:08:00,1.95,13089,United Kingdom,23.4
557280,21975,PACK OF 60 DINOSAUR CAKE CASES,120,2011-06-19 12:19:00,0.42,16701,United Kingdom,50.4
557280,21504,SKULLS GREETING CARD,36,2011-06-19 12:19:00,0.42,16701,United Kingdom,15.12
557283,23284,DOORMAT KEEP CALM AND COME IN,1,2011-06-19 12:26:00,7.95,16813,United Kingdom,7.95
557289,23301,GARDENERS KNEELING PAD KEEP CALM ,3,2011-06-19 12:58:00,1.65,16880,United Kingdom,4.949999999999999
557289,23182,TOILET SIGN OCCUPIED OR VACANT,4,2011-06-19 12:58:00,0.83,16880,United Kingdom,3.32
557292,21126,SET OF 6 GIRLS CELEBRATION CANDLES,12,2011-06-19 13:06:00,1.25,17562,United Kingdom,15.0
557293,23204,CHARLOTTE BAG APPLES DESIGN,6,2011-06-19 13:26:00,0.85,16326,United Kingdom,5.1
557299,47566,PARTY BUNTING,4,2011-06-19 13:56:00,4.95,13047,United Kingdom,19.8
557301,21622,VINTAGE UNION JACK CUSHION COVER,4,2011-06-19 14:08:00,4.95,15373,United Kingdom,19.8
557301,22191,IVORY DINER WALL CLOCK,2,2011-06-19 14:08:00,8.5,15373,United Kingdom,17.0
557302,23249,VINTAGE RED ENAMEL TRIM PLATE,12,2011-06-19 14:15:00,1.65,13102,United Kingdom,19.8
557305,20977,36 PENCILS TUBE WOODLAND,1,2011-06-19 14:42:00,1.25,13568,United Kingdom,1.25
557305,21733,RED HANGING HEART T-LIGHT HOLDER,4,2011-06-19 14:42:00,2.95,13568,United Kingdom,11.8
557305,23255,CHILDRENS CUTLERY CIRCUS PARADE,1,2011-06-19 14:42:00,4.15,13568,United Kingdom,4.15
557311,23156,SET OF 5 MINI GROCERY MAGNETS,3,2011-06-19 15:36:00,2.08,15700,United Kingdom,6.24
557314,21210,SET OF 72 RETROSPOT PAPER  DOILIES,12,2011-06-19 15:59:00,1.45,12541,Spain,17.4
557315,22692,DOORMAT WELCOME TO OUR HOME,1,2011-06-19 16:02:00,7.95,15535,United Kingdom,7.95
557316,22814,CARD PARTY GAMES ,12,2011-06-19 16:04:00,0.42,17299,United Kingdom,5.04
557322,23206,LUNCH BAG APPLE DESIGN,10,2011-06-20 09:04:00,1.65,17444,Canada,16.5
557322,85232D,SET/3 DECOUPAGE STACKING TINS,3,2011-06-20 09:04:00,4.95,17444,Canada,14.85
557322,22491,PACK OF 12 COLOURED PENCILS,12,2011-06-20 09:04:00,0.85,17444,Canada,10.2
557328,21561,DINOSAUR LUNCH BOX WITH CUTLERY,1,2011-06-20 09:53:00,2.55,14646,Netherlands,2.55
557328,23206,LUNCH BAG APPLE DESIGN,1,2011-06-20 09:53:00,1.65,14646,Netherlands,1.65
557329,23309,SET OF 60 I LOVE LONDON CAKE CASES ,2,2011-06-20 10:13:00,0.55,17227,United Kingdom,1.1
557349,22169,FAMILY ALBUM WHITE PICTURE FRAME,2,2011-06-20 10:34:00,8.5,16717,United Kingdom,17.0
557397,22956,36 FOIL HEART CAKE CASES,1,2011-06-20 11:23:00,2.1,17897,United Kingdom,2.1
557410,20676,RED RETROSPOT BOWL,12,2011-06-20 11:36:00,1.25,14701,United Kingdom,15.0
557431,71459,HANGING JAM JAR T-LIGHT HOLDER,24,2011-06-20 12:37:00,0.85,18260,United Kingdom,20.4
557431,84978,HANGING HEART JAR T-LIGHT HOLDER,12,2011-06-20 12:37:00,1.25,18260,United Kingdom,15.0
557442,21508,VINTAGE KID DOLLY CARD ,24,2011-06-20 12:53:00,0.42,14808,United Kingdom,10.08
557442,22434,BALLOON PUMP WITH 10 BALLOONS,6,2011-06-20 12:53:00,1.95,14808,United Kingdom,11.7
557442,22814,CARD PARTY GAMES ,24,2011-06-20 12:53:00,0.42,14808,United Kingdom,10.08
557442,23188,VINTAGE  2 METER FOLDING RULER,1,2011-06-20 12:53:00,1.65,14808,United Kingdom,1.65
557466,21929,JUMBO BAG PINK VINTAGE PAISLEY,20,2011-06-20 13:08:00,2.08,13815,Germany,41.6
557466,22819,"BIRTHDAY CARD, RETRO SPOT",12,2011-06-20 13:08:00,0.42,13815,Germany,5.04
557466,20724,RED RETROSPOT CHARLOTTE BAG,20,2011-06-20 13:08:00,0.85,13815,Germany,17.0
557468,22998,TRAVEL CARD WALLET KEEP CALM,6,2011-06-20 13:14:00,0.42,16713,United Kingdom,2.52
557468,22667,RECIPE BOX RETROSPOT ,1,2011-06-20 13:14:00,2.95,16713,United Kingdom,2.95
557468,23000,TRAVEL CARD WALLET TRANSPORT,6,2011-06-20 13:14:00,0.42,16713,United Kingdom,2.52
557468,21429,RED GINGHAM ROSE JEWELLERY BOX,4,2011-06-20 13:14:00,1.95,16713,United Kingdom,7.8
557469,22766,PHOTO FRAME CORNICE,1,2011-06-20 13:18:00,2.95,12904,United Kingdom,2.95
557469,21363,HOME SMALL WOOD LETTERS,1,2011-06-20 13:18:00,4.95,12904,United Kingdom,4.95
557469,84818,DANISH ROSE PHOTO FRAME,3,2011-06-20 13:18:00,2.55,12904,United Kingdom,7.649999999999999
557470,20727,LUNCH BAG  BLACK SKULL.,100,2011-06-20 13:21:00,1.45,13798,United Kingdom,145.0
557472,23192,BUNDLE OF 3 ALPHABET EXERCISE BOOKS,12,2011-06-20 13:27:00,1.65,12432,Norway,19.8
557472,22892,SET OF SALT AND PEPPER TOADSTOOLS,12,2011-06-20 13:27:00,1.25,12432,Norway,15.0
557471,85213,MINI  ZINC GARDEN DECORATIONS ,24,2011-06-20 13:27:00,0.29,15825,United Kingdom,6.959999999999999
557476,15056BL,EDWARDIAN PARASOL BLACK,3,2011-06-20 13:41:00,5.95,18223,United Kingdom,17.85
557492,35933,PINK STOCKING CHRISTMAS DECORATION,10,2011-06-20 15:08:00,0.38,13717,United Kingdom,3.8
557503,22384,LUNCH BAG PINK POLKADOT,100,2011-06-20 15:47:00,1.45,16839,United Kingdom,145.0
557518,21208,PASTEL COLOUR HONEYCOMB FAN,6,2011-06-20 17:14:00,0.39,15280,United Kingdom,2.34
557518,84380,SET OF 3 BUTTERFLY COOKIE CUTTERS,3,2011-06-20 17:14:00,1.25,15280,United Kingdom,3.75
557525,21061,PARTY INVITES FOOTBALL,12,2011-06-21 09:26:00,0.85,12759,Netherlands,10.2
557569,22492,MINI PAINT SET VINTAGE ,36,2011-06-21 10:46:00,0.65,12474,Germany,23.4
557570,20774,GREEN FERN NOTEBOOK,2,2011-06-21 10:48:00,1.65,15998,United Kingdom,3.3
557570,22178,VICTORIAN GLASS HANGING T-LIGHT,6,2011-06-21 10:48:00,1.25,15998,United Kingdom,7.5
557577,22426,ENAMEL WASH BOWL CREAM,1,2011-06-21 11:02:00,3.75,14606,United Kingdom,3.75
557595,23069,EDWARDIAN PHOTO FRAME,4,2011-06-21 11:19:00,6.25,15507,United Kingdom,25.0
557604,22513,DOORSTOP FOOTBALL DESIGN,1,2011-06-21 12:03:00,3.75,15039,United Kingdom,3.75
557611,85152,HAND OVER THE CHOCOLATE   SIGN ,12,2011-06-21 12:35:00,2.1,17695,United Kingdom,25.200000000000003
557617,21781,MA CAMPAGNE CUTLERY BOX,5,2011-06-21 13:37:00,14.95,14543,United Kingdom,74.75
557620,22753,SMALL YELLOW BABUSHKA NOTEBOOK ,4,2011-06-21 13:58:00,0.85,14408,United Kingdom,3.4
557619,21902,"KEY FOB , FRONT  DOOR ",4,2011-06-21 13:58:00,0.65,17757,United Kingdom,2.6
557619,22090,PAPER BUNTING RETROSPOT,6,2011-06-21 13:58:00,2.95,17757,United Kingdom,17.700000000000003
557621,85232D,SET/3 DECOUPAGE STACKING TINS,3,2011-06-21 14:00:00,4.95,12444,Norway,14.85
557622,22744,MAKE YOUR OWN MONSOON CARD KIT,7,2011-06-21 14:15:00,2.95,17960,United Kingdom,20.65
557630,22432,WATERING CAN PINK BUNNY,6,2011-06-21 14:53:00,1.95,13178,United Kingdom,11.7
557630,22326,ROUND SNACK BOXES SET OF4 WOODLAND ,12,2011-06-21 14:53:00,2.95,13178,United Kingdom,35.400000000000006
557632,23202,JUMBO BAG VINTAGE LEAF,10,2011-06-21 15:07:00,2.08,17420,United Kingdom,20.8
557634,85123A,WHITE HANGING HEART T-LIGHT HOLDER,2,2011-06-21 15:24:00,2.95,15412,United Kingdom,5.9
557634,22222,CAKE PLATE LOVEBIRD WHITE,2,2011-06-21 15:24:00,4.95,15412,United Kingdom,9.9
557636,82001S,VINYL RECORD FRAME SILVER,2,2011-06-21 15:41:00,3.75,17841,United Kingdom,7.5
557639,21931,JUMBO STORAGE BAG SUKI,2,2011-06-21 16:13:00,2.08,12933,United Kingdom,4.16
557639,16045,POPART WOODEN PENCILS ASST,100,2011-06-21 16:13:00,0.04,12933,United Kingdom,4.0
557669,22492,MINI PAINT SET VINTAGE ,36,2011-06-22 09:43:00,0.65,12674,France,23.4
557671,22221,CAKE STAND LOVEBIRD 2 TIER PINK,2,2011-06-22 10:11:00,9.95,13849,United Kingdom,19.9
557673,23207,LUNCH BAG ALPHABET DESIGN,20,2011-06-22 10:15:00,1.65,16180,United Kingdom,33.0
557742,23168,CLASSIC CAFE SUGAR DISPENSER,12,2011-06-22 11:46:00,1.25,14911,EIRE,15.0
557742,84944,SET OF 6 KASHMIR FOLKART BAUBLES,24,2011-06-22 11:46:00,1.65,14911,EIRE,39.6
557744,22711,WRAP CIRCUS PARADE,25,2011-06-22 12:09:00,0.42,15194,United Kingdom,10.5
557745,22709,WRAP WEDDING DAY,25,2011-06-22 12:16:00,0.42,15750,United Kingdom,10.5
557755,82483,WOOD 2 DRAWER CABINET WHITE FINISH,4,2011-06-22 13:14:00,6.95,14733,United Kingdom,27.8
557758,23300,GARDENERS KNEELING PAD CUP OF TEA ,6,2011-06-22 13:28:00,1.65,17585,United Kingdom,9.9
557757,22605,WOODEN CROQUET GARDEN SET,1,2011-06-22 13:28:00,14.95,14606,United Kingdom,14.95
557758,21992,VINTAGE PAISLEY STATIONERY SET,4,2011-06-22 13:28:00,1.25,17585,United Kingdom,5.0
557758,72232,FENG SHUI PILLAR CANDLE,12,2011-06-22 13:28:00,0.19,17585,United Kingdom,2.28
557761,21084,SET/6 COLLAGE PAPER CUPS,24,2011-06-22 13:59:00,0.19,14214,United Kingdom,4.5600000000000005
557762,22384,LUNCH BAG PINK POLKADOT,10,2011-06-22 14:01:00,1.65,15810,United Kingdom,16.5
557763,23285,PINK VINTAGE SPOT BEAKER,8,2011-06-22 14:10:00,0.85,17669,United Kingdom,6.8
557769,23032,DRAWER KNOB CRACKLE GLAZE IVORY,6,2011-06-22 14:38:00,1.65,16626,United Kingdom,9.9
557770,22161,HEART DECORATION RUSTIC HANGING ,24,2011-06-22 14:41:00,0.19,14643,United Kingdom,4.5600000000000005
557771,85123A,WHITE HANGING HEART T-LIGHT HOLDER,6,2011-06-22 14:43:00,2.95,15601,United Kingdom,17.700000000000003
557771,21669,BLUE STRIPE CERAMIC DRAWER KNOB,12,2011-06-22 14:43:00,1.25,15601,United Kingdom,15.0
557776,23301,GARDENERS KNEELING PAD KEEP CALM ,12,2011-06-22 15:07:00,1.65,14422,United Kingdom,19.8
557776,23300,GARDENERS KNEELING PAD CUP OF TEA ,12,2011-06-22 15:07:00,1.65,14422,United Kingdom,19.8
557789,84997B,CHILDRENS CUTLERY RETROSPOT RED ,4,2011-06-22 16:32:00,4.15,12379,Belgium,16.6
557793,22425,ENAMEL COLANDER CREAM,1,2011-06-22 17:30:00,4.95,14998,United Kingdom,4.95
557798,21636,MADRAS NOTEBOOK MEDIUM,12,2011-06-23 09:38:00,0.75,16187,United Kingdom,9.0
557798,23223,CHRISTMAS TREE HANGING SILVER ,12,2011-06-23 09:38:00,0.83,16187,United Kingdom,9.96
557799,22922,FRIDGE MAGNETS US DINER ASSORTED,12,2011-06-23 09:53:00,0.85,14854,United Kingdom,10.2
557799,23235,STORAGE TIN VINTAGE LEAF,6,2011-06-23 09:53:00,2.89,14854,United Kingdom,17.34
557801,23245,SET OF 3 REGENCY CAKE TINS,4,2011-06-23 10:14:00,4.95,13319,United Kingdom,19.8
557801,23208,LUNCH BAG VINTAGE LEAF DESIGN,10,2011-06-23 10:14:00,1.65,13319,United Kingdom,16.5
557801,23012,GLASS APOTHECARY BOTTLE PERFUME,4,2011-06-23 10:14:00,3.95,13319,United Kingdom,15.8
557805,22664,TOY TIDY DOLLY GIRL DESIGN,5,2011-06-23 10:27:00,2.1,17651,United Kingdom,10.5
557846,16161U,WRAP SUKI AND FRIENDS,25,2011-06-23 10:44:00,0.42,17365,United Kingdom,10.5
557854,22649,STRAWBERRY FAIRY CAKE TEAPOT,1,2011-06-23 11:38:00,4.95,13268,United Kingdom,4.95
557855,21034,REX CASH+CARRY JUMBO SHOPPER,2,2011-06-23 11:46:00,0.95,16806,United Kingdom,1.9
557858,21240,BLUE POLKADOT CUP,2,2011-06-23 11:51:00,0.85,14159,United Kingdom,1.7
557858,22900,SET 2 TEA TOWELS I LOVE LONDON ,1,2011-06-23 11:51:00,3.25,14159,United Kingdom,3.25
557858,23206,LUNCH BAG APPLE DESIGN,4,2011-06-23 11:51:00,1.65,14159,United Kingdom,6.6
557860,23300,GARDENERS KNEELING PAD CUP OF TEA ,12,2011-06-23 11:58:00,1.65,17630,United Kingdom,19.8
557870,21080,SET/20 RED RETROSPOT PAPER NAPKINS ,24,2011-06-23 12:36:00,0.85,14404,United Kingdom,20.4
557871,23209,LUNCH BAG DOILEY PATTERN ,20,2011-06-23 12:41:00,1.65,13458,United Kingdom,33.0
557878,47566B,TEA TIME PARTY BUNTING,4,2011-06-23 13:13:00,4.95,16940,United Kingdom,19.8
557878,22720,SET OF 3 CAKE TINS PANTRY DESIGN ,2,2011-06-23 13:13:00,4.95,16940,United Kingdom,9.9
557878,23082,SET 6 PAPER TABLE LANTERN HEARTS ,4,2011-06-23 13:13:00,3.75,16940,United Kingdom,15.0
557884,22105,MIRROR MOSAIC GOBLET CANDLE HOLDER,4,2011-06-23 13:35:00,4.25,17759,United Kingdom,17.0
557884,21714,CITRONELLA CANDLE GARDEN POT,18,2011-06-23 13:35:00,1.25,17759,United Kingdom,22.5
557886,20726,LUNCH BAG WOODLAND,6,2011-06-23 13:39:00,1.65,17799,United Kingdom,9.9
557886,84692,BOX OF 24 COCKTAIL PARASOLS,5,2011-06-23 13:39:00,0.42,17799,United Kingdom,2.1
557888,22652,TRAVEL SEWING KIT,1,2011-06-23 13:51:00,1.65,14656,United Kingdom,1.65
557891,84971S,SMALL HEART FLOWERS HOOK ,24,2011-06-23 14:05:00,0.85,17652,United Kingdom,20.4
557891,85123A,WHITE HANGING HEART T-LIGHT HOLDER,12,2011-06-23 14:05:00,2.95,17652,United Kingdom,35.400000000000006
557891,23306,SET OF 36 DOILIES PANTRY DESIGN,12,2011-06-23 14:05:00,1.45,17652,United Kingdom,17.4
557892,23053,RECYCLED ACAPULCO MAT PINK,3,2011-06-23 14:11:00,8.25,14534,United Kingdom,24.75
557892,23091,ZINC HERB GARDEN CONTAINER,2,2011-06-23 14:11:00,6.25,14534,United Kingdom,12.5
557892,21471,STRAWBERRY RAFFIA FOOD COVER,1,2011-06-23 14:11:00,3.75,14534,United Kingdom,3.75
557893,23306,SET OF 36 DOILIES PANTRY DESIGN,24,2011-06-23 14:12:00,1.45,15228,United Kingdom,34.8
557897,21210,SET OF 72 RETROSPOT PAPER  DOILIES,12,2011-06-23 14:25:00,1.45,13881,United Kingdom,17.4
557897,20718,RED RETROSPOT SHOPPER BAG,10,2011-06-23 14:25:00,1.25,13881,United Kingdom,12.5
557898,21710,FOLDING UMBRELLA PINKWHITE POLKADOT,4,2011-06-23 14:35:00,4.95,17314,United Kingdom,19.8
557900,21210,SET OF 72 RETROSPOT PAPER  DOILIES,12,2011-06-23 14:36:00,1.45,13098,United Kingdom,17.4
557948,22673,FRENCH GARDEN SIGN BLUE METAL,12,2011-06-23 16:35:00,1.25,13937,United Kingdom,15.0
557948,22961,JAM MAKING SET PRINTED,12,2011-06-23 16:35:00,1.45,13937,United Kingdom,17.4
557950,23174,REGENCY SUGAR BOWL GREEN,1,2011-06-23 17:35:00,4.15,17848,United Kingdom,4.15
557951,23200,JUMBO BAG PEARS,10,2011-06-23 17:53:00,2.08,14825,United Kingdom,20.8
557954,48184,DOORMAT ENGLISH ROSE ,1,2011-06-23 18:44:00,7.95,15023,United Kingdom,7.95
557954,48116,DOORMAT MULTICOLOUR STRIPE,1,2011-06-23 18:44:00,7.95,15023,United Kingdom,7.95
557954,48188,DOORMAT WELCOME PUPPIES,2,2011-06-23 18:44:00,7.95,15023,United Kingdom,15.9
557954,48129,DOORMAT TOPIARY,2,2011-06-23 18:44:00,7.95,15023,United Kingdom,15.9
557955,85123A,WHITE HANGING HEART T-LIGHT HOLDER,12,2011-06-23 18:59:00,2.95,16175,United Kingdom,35.400000000000006
557956,84380,SET OF 3 BUTTERFLY COOKIE CUTTERS,1,2011-06-23 19:20:00,1.25,18283,United Kingdom,1.25
557956,84997B,CHILDRENS CUTLERY RETROSPOT RED ,1,2011-06-23 19:20:00,4.15,18283,United Kingdom,4.15
557958,23254,CHILDRENS CUTLERY DOLLY GIRL ,4,2011-06-23 19:27:00,4.15,16161,United Kingdom,16.6
557958,23291,DOLLY GIRL CHILDRENS CUP,8,2011-06-23 19:27:00,1.25,16161,United Kingdom,10.0
557962,23237,SET OF 4 KNICK KNACK TINS LEAVES ,6,2011-06-24 09:22:00,4.15,13709,United Kingdom,24.9
557964,84077,WORLD WAR 2 GLIDERS ASSTD DESIGNS,48,2011-06-24 09:27:00,0.29,15498,United Kingdom,13.919999999999998
557968,22487,WHITE WOOD GARDEN PLANT LADDER,8,2011-06-24 09:43:00,8.5,17061,United Kingdom,68.0
557995,22798,ANTIQUE GLASS DRESSING TABLE POT,2,2011-06-24 10:44:00,2.95,17979,United Kingdom,5.9
557995,22982,PANTRY PASTRY BRUSH,1,2011-06-24 10:44:00,1.25,17979,United Kingdom,1.25
558028,21166,COOK WITH WINE METAL SIGN ,12,2011-06-24 11:39:00,2.08,15128,United Kingdom,24.96
558028,22728,ALARM CLOCK BAKELIKE PINK,4,2011-06-24 11:39:00,3.75,15128,United Kingdom,15.0
558030,21340,CLASSIC METAL BIRDCAGE PLANT HOLDER,3,2011-06-24 12:00:00,12.75,16419,United Kingdom,38.25
558031,22430,ENAMEL WATERING CAN CREAM,4,2011-06-24 12:14:00,4.95,14180,United Kingdom,19.8
558035,23243,SET OF TEA COFFEE SUGAR TINS PANTRY,4,2011-06-24 12:30:00,4.95,15258,United Kingdom,19.8
558038,16161P,WRAP ENGLISH ROSE ,25,2011-06-24 12:43:00,0.42,18219,United Kingdom,10.5
558038,23284,DOORMAT KEEP CALM AND COME IN,4,2011-06-24 12:43:00,7.95,18219,United Kingdom,31.8
558049,22384,LUNCH BAG PINK POLKADOT,1,2011-06-24 14:16:00,1.65,15850,United Kingdom,1.65
558054,23029,DRAWER KNOB CRACKLE GLAZE GREEN,6,2011-06-24 14:36:00,1.65,12971,United Kingdom,9.9
558058,23301,GARDENERS KNEELING PAD KEEP CALM ,12,2011-06-24 15:00:00,1.65,14766,United Kingdom,19.8
558063,84997D,CHILDRENS CUTLERY POLKADOT PINK,3,2011-06-24 15:28:00,4.15,16395,United Kingdom,12.45
558063,22740,POLKADOT PEN,48,2011-06-24 15:28:00,0.85,16395,United Kingdom,40.8
558063,21430,SET/3 RED GINGHAM ROSE STORAGE BOX,2,2011-06-24 15:28:00,3.75,16395,United Kingdom,7.5
558067,22908,PACK OF 20 NAPKINS RED APPLES,24,2011-06-24 15:51:00,0.85,14156,EIRE,20.4
558067,23207,LUNCH BAG ALPHABET DESIGN,10,2011-06-24 15:51:00,1.65,14156,EIRE,16.5
558073,23078,ICE CREAM PEN LIP GLOSS ,24,2011-06-24 16:21:00,1.25,13004,United Kingdom,30.0
558084,23231,WRAP DOILEY DESIGN,25,2011-06-26 11:47:00,0.42,14837,United Kingdom,10.5
558084,23041,PAPER LANTERN 9 POINT SNOW STAR,4,2011-06-26 11:47:00,4.15,14837,United Kingdom,16.6
558085,85066,CREAM SWEETHEART MINI CHEST,2,2011-06-26 11:53:00,12.75,13021,United Kingdom,25.5
558086,23239,SET OF 4 KNICK KNACK TINS POPPIES,1,2011-06-26 11:59:00,4.15,16728,United Kingdom,4.15
558086,22287,DECORATION WOBBLY CHICKEN,1,2011-06-26 11:59:00,0.39,16728,United Kingdom,0.39
558087,21094,SET/6 RED SPOTTY PAPER PLATES,3,2011-06-26 12:04:00,0.85,17323,United Kingdom,2.55
558087,22563,HAPPY STENCIL CRAFT,3,2011-06-26 12:04:00,1.25,17323,United Kingdom,3.75
558096,20702,PINK PADDED MOBILE,1,2011-06-26 13:24:00,4.25,15532,United Kingdom,4.25
558099,90129F,RED GLASS TASSLE BAG CHARM,3,2011-06-26 13:45:00,2.95,17593,United Kingdom,8.850000000000001
558105,23084,RABBIT NIGHT LIGHT,3,2011-06-26 14:54:00,2.08,15644,United Kingdom,6.24
558105,84692,BOX OF 24 COCKTAIL PARASOLS,2,2011-06-26 14:54:00,0.42,15644,United Kingdom,0.84
558105,22508,DOORSTOP RETROSPOT HEART,2,2011-06-26 14:54:00,3.75,15644,United Kingdom,7.5
558105,84951A,SET OF 4 PISTACHIO LOVEBIRD COASTER,1,2011-06-26 14:54:00,0.79,15644,United Kingdom,0.79
558194,22178,VICTORIAN GLASS HANGING T-LIGHT,2,2011-06-27 12:28:00,1.25,14583,United Kingdom,2.5
558194,20984,12 PENCILS TALL TUBE POSY,14,2011-06-27 12:28:00,0.29,14583,United Kingdom,4.06
558195,23206,LUNCH BAG APPLE DESIGN,20,2011-06-27 12:32:00,1.65,17735,United Kingdom,33.0
558196,23182,TOILET SIGN OCCUPIED OR VACANT,5,2011-06-27 12:38:00,0.83,16033,United Kingdom,4.15
558196,22675,FRENCH KITCHEN SIGN BLUE METAL,6,2011-06-27 12:38:00,1.25,16033,United Kingdom,7.5
558196,48129,DOORMAT TOPIARY,1,2011-06-27 12:38:00,7.95,16033,United Kingdom,7.95
558197,22233,JIGSAW RABBIT AND BIRDHOUSE,24,2011-06-27 12:45:00,0.59,14298,United Kingdom,14.16
558198,22906,12 MESSAGE CARDS WITH ENVELOPES,1,2011-06-27 12:49:00,1.65,14104,United Kingdom,1.65
558199,21232,STRAWBERRY CERAMIC TRINKET BOX,8,2011-06-27 12:58:00,1.25,17110,United Kingdom,10.0
558200,22325,MOBILE VINTAGE HEARTS ,1,2011-06-27 13:00:00,4.95,15976,United Kingdom,4.95
558232,21041,RED RETROSPOT OVEN GLOVE DOUBLE,1,2011-06-27 14:30:00,2.95,17841,United Kingdom,2.95
558232,23091,ZINC HERB GARDEN CONTAINER,1,2011-06-27 14:30:00,6.25,17841,United Kingdom,6.25
558235,22384,LUNCH BAG PINK POLKADOT,10,2011-06-27 14:41:00,1.65,16242,United Kingdom,16.5
558259,22697,GREEN REGENCY TEACUP AND SAUCER,6,2011-06-28 08:19:00,2.95,15304,United Kingdom,17.700000000000003
558260,23203,JUMBO BAG DOILEY PATTERNS,20,2011-06-28 08:38:00,2.08,16945,United Kingdom,41.6
558262,23290,SPACEBOY CHILDRENS BOWL,144,2011-06-28 08:45:00,1.05,14646,Netherlands,151.20000000000002
558263,23017,APOTHECARY MEASURING JAR,12,2011-06-28 08:50:00,11.15,14646,Netherlands,133.8
558264,23082,SET 6 PAPER TABLE LANTERN HEARTS ,6,2011-06-28 09:10:00,3.75,16473,United Kingdom,22.5
558271,22607,WOODEN ROUNDERS GARDEN SET ,2,2011-06-28 10:17:00,9.95,13895,United Kingdom,19.9
558293,22720,SET OF 3 CAKE TINS PANTRY DESIGN ,3,2011-06-28 10:31:00,4.95,13656,United Kingdom,14.85
558315,22768,FAMILY PHOTO FRAME CORNICE,2,2011-06-28 11:44:00,9.95,15065,United Kingdom,19.9
558315,22584,PACK OF 6 PANNETONE GIFT BOXES,6,2011-06-28 11:44:00,2.55,15065,United Kingdom,15.3
558335,84836,ZINC METAL HEART DECORATION,12,2011-06-28 13:16:00,1.25,17442,United Kingdom,15.0
558336,20725,LUNCH BAG RED RETROSPOT,20,2011-06-28 13:17:00,1.65,14364,United Kingdom,33.0
558338,23165,LARGE CERAMIC TOP STORAGE JAR,12,2011-06-28 13:36:00,1.65,16824,United Kingdom,19.8
558338,22907,PACK OF 20 NAPKINS PANTRY DESIGN,12,2011-06-28 13:36:00,0.85,16824,United Kingdom,10.2
558338,22423,REGENCY CAKESTAND 3 TIER,2,2011-06-28 13:36:00,12.75,16824,United Kingdom,25.5
558348,47566,PARTY BUNTING,4,2011-06-28 14:50:00,4.95,17188,United Kingdom,19.8
558348,23119,PACK OF 6 LARGE FRUIT STRAWS ,12,2011-06-28 14:50:00,0.62,17188,United Kingdom,7.439999999999999
558348,22998,TRAVEL CARD WALLET KEEP CALM,24,2011-06-28 14:50:00,0.42,17188,United Kingdom,10.08
558355,22211,WOOD STAMP SET FLOWERS,3,2011-06-28 14:58:00,0.83,13614,United Kingdom,2.49
558358,23236,DOILEY STORAGE TIN,1,2011-06-28 15:05:00,2.89,17965,United Kingdom,2.89
558358,23315,IVORY REFECTORY CLOCK,1,2011-06-28 15:05:00,9.95,17965,United Kingdom,9.95
558362,22625,RED KITCHEN SCALES,24,2011-06-28 15:14:00,7.65,16029,United Kingdom,183.6
558367,21673,WHITE SPOT BLUE CERAMIC DRAWER KNOB,6,2011-06-28 15:31:00,1.25,16550,United Kingdom,7.5
558367,21672,WHITE SPOT RED CERAMIC DRAWER KNOB,6,2011-06-28 15:31:00,1.25,16550,United Kingdom,7.5
558368,23243,SET OF TEA COFFEE SUGAR TINS PANTRY,4,2011-06-28 15:36:00,4.95,14329,United Kingdom,19.8
558368,22517,CHILDS GARDEN RAKE PINK,6,2011-06-28 15:36:00,2.1,14329,United Kingdom,12.6
558370,15039,SANDALWOOD FAN,12,2011-06-28 15:44:00,0.85,17750,United Kingdom,10.2
558370,85159A,"BLACK TEA,COFFEE,SUGAR JARS",9,2011-06-28 15:44:00,1.95,17750,United Kingdom,17.55
558383,21977,PACK OF 60 PINK PAISLEY CAKE CASES,24,2011-06-29 08:58:00,0.55,18075,United Kingdom,13.2
558389,16045,POPART WOODEN PENCILS ASST,100,2011-06-29 10:18:00,0.04,14383,United Kingdom,4.0
558420,22383,LUNCH BAG SUKI DESIGN ,3,2011-06-29 11:46:00,1.65,14577,United Kingdom,4.949999999999999
558420,84050,PINK HEART SHAPE EGG FRYING PAN,3,2011-06-29 11:46:00,1.65,14577,United Kingdom,4.949999999999999
558430,20972,PINK CREAM FELT CRAFT TRINKET BOX ,12,2011-06-29 12:12:00,1.25,13238,United Kingdom,15.0
558432,17084N,FAIRY DREAMS INCENSE ,25,2011-06-29 12:16:00,0.21,17730,United Kingdom,5.25
558437,21232,STRAWBERRY CERAMIC TRINKET BOX,4,2011-06-29 12:46:00,1.25,17799,United Kingdom,5.0
558441,84988,SET OF 72 PINK HEART PAPER DOILIES,1,2011-06-29 12:59:00,1.45,14606,United Kingdom,1.45
558441,21714,CITRONELLA CANDLE GARDEN POT,1,2011-06-29 12:59:00,1.25,14606,United Kingdom,1.25
558441,22543,MINI JIGSAW BAKE A CAKE ,1,2011-06-29 12:59:00,0.42,14606,United Kingdom,0.42
558441,22329,ROUND CONTAINER SET OF 5 RETROSPOT,1,2011-06-29 12:59:00,1.65,14606,United Kingdom,1.65
558442,47566,PARTY BUNTING,4,2011-06-29 13:10:00,4.95,15537,United Kingdom,19.8
558442,20682,RED RETROSPOT CHILDRENS UMBRELLA,1,2011-06-29 13:10:00,3.25,15537,United Kingdom,3.25
558460,21155,RED RETROSPOT PEG BAG,6,2011-06-29 14:53:00,2.55,16779,United Kingdom,15.3
558462,17003,BROCADE RING PURSE ,36,2011-06-29 15:11:00,0.29,13982,United Kingdom,10.44
558533,20717,STRAWBERRY SHOPPER BAG,10,2011-06-30 11:49:00,1.25,16717,United Kingdom,12.5
558533,82483,WOOD 2 DRAWER CABINET WHITE FINISH,4,2011-06-30 11:49:00,6.95,16717,United Kingdom,27.8
558533,21755,LOVE BUILDING BLOCK WORD,3,2011-06-30 11:49:00,5.95,16717,United Kingdom,17.85
558533,22798,ANTIQUE GLASS DRESSING TABLE POT,8,2011-06-30 11:49:00,2.95,16717,United Kingdom,23.6
558535,23208,LUNCH BAG VINTAGE LEAF DESIGN,2,2011-06-30 12:04:00,1.65,16904,United Kingdom,3.3
558536,85152,HAND OVER THE CHOCOLATE   SIGN ,12,2011-06-30 12:06:00,2.1,12424,Australia,25.200000000000003
558536,22812,PACK 3 BOXES CHRISTMAS PANNETONE,48,2011-06-30 12:06:00,1.95,12424,Australia,93.6
558540,23175,REGENCY MILK JUG PINK ,6,2011-06-30 12:15:00,3.25,17706,United Kingdom,19.5
558540,22115,METAL SIGN EMPIRE TEA,12,2011-06-30 12:15:00,2.95,17706,United Kingdom,35.400000000000006
558558,22376,AIRLINE BAG VINTAGE JET SET WHITE,1,2011-06-30 13:17:00,4.25,17841,United Kingdom,4.25
558558,21934,SKULL SHOULDER BAG,2,2011-06-30 13:17:00,1.65,17841,United Kingdom,3.3
558561,22626,BLACK KITCHEN SCALES,4,2011-06-30 13:25:00,8.5,13742,United Kingdom,34.0
558563,22855,FINE WICKER HEART ,12,2011-06-30 13:43:00,1.25,14561,United Kingdom,15.0
558568,23168,CLASSIC CAFE SUGAR DISPENSER,12,2011-06-30 14:37:00,1.25,16316,United Kingdom,15.0
558570,82581,TOILET METAL SIGN,3,2011-06-30 14:38:00,0.55,17673,United Kingdom,1.65
558608,40046A,RED DAISY PAPER LAMPSHADE,24,2011-06-30 15:30:00,1.25,12524,Germany,30.0
558616,22171,3 HOOK PHOTO SHELF ANTIQUE WHITE,2,2011-06-30 16:22:00,8.5,16045,United Kingdom,17.0
558620,82482,WOODEN PICTURE FRAME WHITE FINISH,1,2011-06-30 16:39:00,2.55,15584,United Kingdom,2.55
558630,20977,36 PENCILS TUBE WOODLAND,16,2011-06-30 18:07:00,1.25,15615,United Kingdom,20.0
558631,23301,GARDENERS KNEELING PAD KEEP CALM ,2,2011-06-30 18:17:00,1.65,17921,United Kingdom,3.3
558638,22720,SET OF 3 CAKE TINS PANTRY DESIGN ,3,2011-07-01 08:16:00,4.95,16317,United Kingdom,14.85
558638,71459,HANGING JAM JAR T-LIGHT HOLDER,24,2011-07-01 08:16:00,0.85,16317,United Kingdom,20.4
558639,22383,LUNCH BAG SUKI DESIGN ,10,2011-07-01 08:55:00,1.65,13492,Switzerland,16.5
558642,37446,MINI CAKE STAND WITH HANGING CAKES,8,2011-07-01 09:47:00,1.45,17667,United Kingdom,11.6
558643,23202,JUMBO BAG VINTAGE LEAF,10,2011-07-01 09:51:00,2.08,13534,United Kingdom,20.8
558679,22383,LUNCH BAG SUKI DESIGN ,3,2011-07-01 10:58:00,1.65,17800,United Kingdom,4.949999999999999
558684,23125,6PC WOOD PLATE SET DISPOSABLE,12,2011-07-01 11:29:00,1.25,14016,EIRE,15.0
558684,15056BL,EDWARDIAN PARASOL BLACK,3,2011-07-01 11:29:00,5.95,14016,EIRE,17.85
558684,85053,FRENCH ENAMEL CANDLEHOLDER,12,2011-07-01 11:29:00,2.1,14016,EIRE,25.200000000000003
558686,84279P,CHERRY BLOSSOM  DECORATIVE FLASK,4,2011-07-01 11:33:00,3.75,17706,United Kingdom,15.0
558696,23290,SPACEBOY CHILDRENS BOWL,4,2011-07-01 12:09:00,1.25,16746,United Kingdom,5.0
558696,23199,JUMBO BAG APPLES,10,2011-07-01 12:09:00,2.08,16746,United Kingdom,20.8
558700,21213,PACK OF 72 SKULL CAKE CASES,1,2011-07-01 12:33:00,0.55,17920,United Kingdom,0.55
558702,23146,TRIPLE HOOK ANTIQUE IVORY ROSE,1,2011-07-01 12:45:00,3.29,12748,United Kingdom,3.29
558704,23188,VINTAGE  2 METER FOLDING RULER,12,2011-07-01 12:50:00,1.65,17505,United Kingdom,19.8
558705,22999,TRAVEL CARD WALLET VINTAGE LEAF,1,2011-07-01 12:52:00,0.42,12748,United Kingdom,0.42
558707,22383,LUNCH BAG SUKI DESIGN ,1,2011-07-01 12:58:00,1.65,12748,United Kingdom,1.65
558708,23207,LUNCH BAG ALPHABET DESIGN,1,2011-07-01 13:01:00,1.65,12748,United Kingdom,1.65
558709,20669,RED HEART LUGGAGE TAG,2,2011-07-01 13:02:00,1.25,17338,United Kingdom,2.5
558711,23286,BLUE VINTAGE SPOT BEAKER,1,2011-07-01 13:05:00,0.85,15483,United Kingdom,0.85
558731,20724,RED RETROSPOT CHARLOTTE BAG,10,2011-07-01 14:53:00,0.85,13285,United Kingdom,8.5
558738,22333,RETROSPOT PARTY BAG + STICKER SET,8,2011-07-01 15:35:00,1.65,12922,United Kingdom,13.2
558746,20914,SET/5 RED RETROSPOT LID GLASS BOWLS,5,2011-07-01 17:23:00,2.95,14415,United Kingdom,14.75
558748,22566,FELTCRAFT HAIRBAND PINK AND PURPLE,12,2011-07-03 10:23:00,0.85,17800,United Kingdom,10.2
558749,48194,DOORMAT HEARTS,2,2011-07-03 10:28:00,7.95,16326,United Kingdom,15.9
558749,85132C,CHARLIE AND LOLA FIGURES TINS,1,2011-07-03 10:28:00,1.95,16326,United Kingdom,1.95
558749,47504K,ENGLISH ROSE GARDEN SECATEURS,3,2011-07-03 10:28:00,0.79,16326,United Kingdom,2.37
558751,22956,36 FOIL HEART CAKE CASES,2,2011-07-03 11:26:00,2.1,16009,United Kingdom,4.2
558754,22961,JAM MAKING SET PRINTED,3,2011-07-03 12:10:00,1.45,15518,United Kingdom,4.35
558757,23147,SINGLE ANTIQUE ROSE HOOK IVORY,3,2011-07-03 12:22:00,1.45,13148,United Kingdom,4.35
558760,20712,JUMBO BAG WOODLAND ANIMALS,3,2011-07-03 12:38:00,2.08,16918,United Kingdom,6.24
558760,23201,JUMBO BAG ALPHABET,4,2011-07-03 12:38:00,2.08,16918,United Kingdom,8.32
558761,20981,12 PENCILS TALL TUBE WOODLAND,2,2011-07-03 12:52:00,0.85,15033,United Kingdom,1.7
558770,84987,SET OF 36 TEATIME PAPER DOILIES,1,2011-07-03 15:19:00,1.45,12748,United Kingdom,1.45
558770,20992,JAZZ HEARTS PURSE NOTEBOOK,2,2011-07-03 15:19:00,0.39,12748,United Kingdom,0.78
558771,22344,PARTY PIZZA DISH PINK POLKADOT,12,2011-07-03 15:53:00,0.85,17105,United Kingdom,10.2
558771,22469,HEART OF WICKER SMALL,2,2011-07-03 15:53:00,1.65,17105,United Kingdom,3.3
558773,21564,PINK  HEART SHAPE LOVE BUCKET ,1,2011-07-03 16:00:00,2.95,17781,United Kingdom,2.95
558773,21916,SET 12 RETRO WHITE CHALK STICKS,2,2011-07-03 16:00:00,0.42,17781,United Kingdom,0.84
558812,23315,IVORY REFECTORY CLOCK,2,2011-07-04 11:35:00,9.95,16265,United Kingdom,19.9
558860,21358,TOAST ITS - HAPPY BIRTHDAY,1,2011-07-04 12:18:00,1.25,17975,United Kingdom,1.25
558861,23270,SET OF 2 CERAMIC PAINTED HEARTS ,12,2011-07-04 12:19:00,1.45,13373,United Kingdom,17.4
558861,23122,PARTY CHARMS 50 PIECES,12,2011-07-04 12:19:00,0.83,13373,United Kingdom,9.96
558867,23099,FRENCH CARRIAGE LANTERN,2,2011-07-04 12:41:00,6.65,17765,United Kingdom,13.3
558871,20728,LUNCH BAG CARS BLUE,100,2011-07-04 13:19:00,1.45,12557,Spain,145.0
558873,21974,SET OF 36 PAISLEY FLOWER DOILIES,12,2011-07-04 13:28:00,1.45,15290,United Kingdom,17.4
558875,22335,HEART DECORATION PAINTED ZINC ,4,2011-07-04 13:35:00,0.65,13301,United Kingdom,2.6
558876,22721,SET OF 3 CAKE TINS SKETCHBOOK,5,2011-07-04 13:36:00,4.95,17841,United Kingdom,24.75
558877,23206,LUNCH BAG APPLE DESIGN,1,2011-07-04 13:50:00,1.65,17841,United Kingdom,1.65
558877,22676,FRENCH BLUE METAL DOOR SIGN 1,1,2011-07-04 13:50:00,1.25,17841,United Kingdom,1.25
558878,90161D,ANT COPPER PINK BOUDICCA BRACELET,2,2011-07-04 13:53:00,4.95,16385,United Kingdom,9.9
558881,23285,PINK VINTAGE SPOT BEAKER,8,2011-07-04 14:36:00,0.85,12705,Germany,6.8
558881,21949,SET OF 6 STRAWBERRY CHOPSTICKS,12,2011-07-04 14:36:00,1.25,12705,Germany,15.0
558881,22356,CHARLOTTE BAG PINK POLKADOT,10,2011-07-04 14:36:00,0.85,12705,Germany,8.5
558887,22182,CAKE STAND VICTORIAN FILIGREE SMALL,4,2011-07-04 15:26:00,4.95,18265,United Kingdom,19.8
558887,85059,FRENCH ENAMEL WATER BASIN,4,2011-07-04 15:26:00,3.75,18265,United Kingdom,15.0
558887,23170,REGENCY TEA PLATE ROSES ,12,2011-07-04 15:26:00,1.65,18265,United Kingdom,19.8
558887,23252,VINTAGE RED ENAMEL TRIM JUG ,4,2011-07-04 15:26:00,3.75,18265,United Kingdom,15.0
558888,20726,LUNCH BAG WOODLAND,3,2011-07-04 15:29:00,1.65,14056,United Kingdom,4.949999999999999
558888,22728,ALARM CLOCK BAKELIKE PINK,1,2011-07-04 15:29:00,3.75,14056,United Kingdom,3.75
558906,22662,LUNCH BAG DOLLY GIRL DESIGN,3,2011-07-04 16:35:00,1.65,15555,United Kingdom,4.949999999999999
558906,22030,SWALLOWS GREETING CARD,12,2011-07-04 16:35:00,0.42,15555,United Kingdom,5.04
558908,22361,GLASS JAR DAISY FRESH COTTON WOOL,6,2011-07-05 09:06:00,2.95,13338,United Kingdom,17.700000000000003
558910,72741,GRAND CHOCOLATECANDLE,432,2011-07-05 09:16:00,1.25,12989,United Kingdom,540.0
558916,23284,DOORMAT KEEP CALM AND COME IN,10,2011-07-05 09:33:00,6.75,16985,United Kingdom,67.5
558919,22386,JUMBO BAG PINK POLKADOT,10,2011-07-05 09:56:00,2.08,15078,United Kingdom,20.8
558991,21621,VINTAGE UNION JACK BUNTING,1,2011-07-05 11:32:00,8.5,14606,United Kingdom,8.5
559005,22670,FRENCH WC SIGN BLUE METAL,12,2011-07-05 12:39:00,1.25,13183,United Kingdom,15.0
559009,22568,FELTCRAFT CUSHION OWL,1,2011-07-05 12:47:00,3.75,15549,United Kingdom,3.75
559011,85099B,JUMBO BAG RED RETROSPOT,10,2011-07-05 12:50:00,2.08,17049,United Kingdom,20.8
559018,22170,PICTURE FRAME WOOD TRIPLE PORTRAIT,8,2011-07-05 13:07:00,6.75,18203,United Kingdom,54.0
559021,22173,METAL 4 HOOK HANGER FRENCH CHATEAU,32,2011-07-05 13:16:00,2.55,16525,United Kingdom,81.6
559024,15036,ASSORTED COLOURS SILK FAN,12,2011-07-05 13:38:00,0.83,16616,United Kingdom,9.96
559028,21232,STRAWBERRY CERAMIC TRINKET BOX,12,2011-07-05 14:27:00,1.25,12839,United Kingdom,15.0
559032,22665,RECIPE BOX BLUE SKETCHBOOK DESIGN,6,2011-07-05 14:53:00,2.95,17511,United Kingdom,17.700000000000003
559035,22893,MINI CAKE STAND T-LIGHT HOLDER,24,2011-07-05 15:12:00,0.42,13695,United Kingdom,10.08
559057,82483,WOOD 2 DRAWER CABINET WHITE FINISH,6,2011-07-06 09:46:00,6.95,13089,United Kingdom,41.7
559062,22402,MAGNETS PACK OF 4 VINTAGE COLLAGE,12,2011-07-06 10:09:00,0.39,13253,United Kingdom,4.68
559063,22436,12 COLOURED PARTY BALLOONS,10,2011-07-06 10:10:00,0.65,17220,United Kingdom,6.5
559064,22197,POPCORN HOLDER,12,2011-07-06 10:15:00,0.85,15673,United Kingdom,10.2
559068,22178,VICTORIAN GLASS HANGING T-LIGHT,2,2011-07-06 10:41:00,1.25,17841,United Kingdom,2.5
559092,37495,FAIRY CAKE BIRTHDAY CANDLE SET,4,2011-07-06 10:48:00,3.75,16829,United Kingdom,15.0
559109,22167, OVAL WALL MIRROR DIAMANTE ,1,2011-07-06 11:52:00,9.95,15021,United Kingdom,9.95
559109,22580,ADVENT CALENDAR GINGHAM SACK,1,2011-07-06 11:52:00,5.95,15021,United Kingdom,5.95
559121,21794,CLASSIC FRENCH STYLE BASKET NATURAL,8,2011-07-06 12:18:00,3.95,13599,United Kingdom,31.6
559121,23200,JUMBO BAG PEARS,10,2011-07-06 12:18:00,2.08,13599,United Kingdom,20.8
559122,81952V,ROUND PURPLE CLOCK WITH SUCKER,20,2011-07-06 12:22:00,0.19,15159,United Kingdom,3.8
559123,22558,CLOTHES PEGS RETROSPOT PACK 24 ,1,2011-07-06 12:26:00,1.65,17341,United Kingdom,1.65
559124,84804B,BLUE DELPHINIUM ARTIFICIAL FLOWER,12,2011-07-06 12:31:00,2.95,14621,United Kingdom,35.400000000000006
559125,23292,SPACEBOY CHILDRENS CUP,8,2011-07-06 12:32:00,1.25,13985,United Kingdom,10.0
559125,23207,LUNCH BAG ALPHABET DESIGN,10,2011-07-06 12:32:00,1.65,13985,United Kingdom,16.5
559133,47599A,PINK PARTY BAGS,3,2011-07-06 13:13:00,2.1,17861,United Kingdom,6.300000000000001
559133,23238,SET OF 4 KNICK KNACK TINS LONDON ,2,2011-07-06 13:13:00,4.15,17861,United Kingdom,8.3
559133,23077,DOUGHNUT LIP GLOSS ,20,2011-07-06 13:13:00,1.25,17861,United Kingdom,25.0
559133,23120,PACK OF 6 SMALL FRUIT STRAWS,6,2011-07-06 13:13:00,0.42,17861,United Kingdom,2.52
559133,22606,WOODEN SKITTLES GARDEN SET,1,2011-07-06 13:13:00,15.95,17861,United Kingdom,15.95
559134,22748,POPPY'S PLAYHOUSE KITCHEN,6,2011-07-06 13:14:00,2.1,12700,France,12.6
559134,23291,DOLLY GIRL CHILDRENS CUP,8,2011-07-06 13:14:00,1.25,12700,France,10.0
559139,16156S,WRAP PINK FAIRY CAKES ,150,2011-07-06 13:41:00,0.42,15061,United Kingdom,63.0
559142,22424,ENAMEL BREAD BIN CREAM,1,2011-07-06 14:01:00,12.75,17719,United Kingdom,12.75
559145,23236,DOILEY STORAGE TIN,6,2011-07-06 14:17:00,2.89,17404,Sweden,17.34
559153,23169,CLASSIC GLASS SWEET JAR,4,2011-07-06 15:10:00,4.15,13804,United Kingdom,16.6
559156,23236,DOILEY STORAGE TIN,6,2011-07-06 15:50:00,2.89,13418,United Kingdom,17.34
559165,37489B,BLUE/YELLOW FLOWER DESIGN BIG MUG,3,2011-07-06 16:40:00,0.39,12977,United Kingdom,1.17
559168,21165,BEWARE OF THE CAT METAL SIGN ,3,2011-07-06 17:05:00,1.69,13263,United Kingdom,5.07
559169,22045,SPACEBOY GIFT WRAP,50,2011-07-06 17:25:00,0.42,16722,United Kingdom,21.0
559169,23230,WRAP ALPHABET DESIGN,50,2011-07-06 17:25:00,0.42,16722,United Kingdom,21.0
559170,20728,LUNCH BAG CARS BLUE,2,2011-07-06 17:31:00,1.65,16942,United Kingdom,3.3
559170,23321,SMALL WHITE HEART OF WICKER,4,2011-07-06 17:31:00,1.65,16942,United Kingdom,6.6
559173,16161P,WRAP ENGLISH ROSE ,25,2011-07-07 10:03:00,0.42,12540,Spain,10.5
559174,85183B,CHARLIE & LOLA WASTEPAPER BIN FLORA,12,2011-07-07 10:04:00,1.25,18263,United Kingdom,15.0
559202,22197,POPCORN HOLDER,12,2011-07-07 10:40:00,0.85,13583,United Kingdom,10.2
559237,84347,ROTATING SILVER ANGELS T-LIGHT HLDR,120,2011-07-07 11:36:00,2.1,15267,United Kingdom,252.0
559289,23199,JUMBO BAG APPLES,6,2011-07-07 12:22:00,2.08,15719,United Kingdom,12.48
559289,21328,BALLOONS  WRITING SET ,1,2011-07-07 12:22:00,1.65,15719,United Kingdom,1.65
559293,22735,RIBBON REEL SOCKS AND MITTENS,1,2011-07-07 12:29:00,1.65,16743,United Kingdom,1.65
559295,22554,PLASTERS IN TIN WOODLAND ANIMALS,12,2011-07-07 12:32:00,1.65,12362,Belgium,19.8
559295,22557,PLASTERS IN TIN VINTAGE PAISLEY ,12,2011-07-07 12:32:00,1.65,12362,Belgium,19.8
559301,22983,CARD BILLBOARD FONT,12,2011-07-07 12:41:00,0.42,13842,United Kingdom,5.04
559301,84946,ANTIQUE SILVER T-LIGHT GLASS,12,2011-07-07 12:41:00,1.25,13842,United Kingdom,15.0
559302,23288,GREEN VINTAGE SPOT BEAKER,2,2011-07-07 12:47:00,0.85,14527,United Kingdom,1.7
559302,20677,PINK POLKADOT BOWL,2,2011-07-07 12:47:00,1.25,14527,United Kingdom,2.5
559306,22842,BISCUIT TIN VINTAGE RED,2,2011-07-07 13:02:00,6.75,18236,United Kingdom,13.5
559308,22383,LUNCH BAG SUKI DESIGN ,10,2011-07-07 13:05:00,1.65,13158,United Kingdom,16.5
559311,22494,EMERGENCY FIRST AID TIN ,96,2011-07-07 13:35:00,1.06,14459,United Kingdom,101.76
559311,23012,GLASS APOTHECARY BOTTLE PERFUME,12,2011-07-07 13:35:00,3.45,14459,United Kingdom,41.400000000000006
559318,22439,6 ROCKET BALLOONS ,10,2011-07-07 14:08:00,0.65,18013,United Kingdom,6.5
559318,21915,RED  HARMONICA IN BOX ,3,2011-07-07 14:08:00,1.25,18013,United Kingdom,3.75
559321,22423,REGENCY CAKESTAND 3 TIER,5,2011-07-07 14:30:00,12.75,17069,United Kingdom,63.75
559326,72807C,SET/3 VANILLA SCENTED CANDLE IN BOX,4,2011-07-07 15:16:00,4.25,13835,United Kingdom,17.0
559330,23173,REGENCY TEAPOT ROSES ,2,2011-07-07 15:44:00,9.95,17696,United Kingdom,19.9
559330,90214E,"LETTER ""E"" BLING KEY RING",6,2011-07-07 15:44:00,1.25,17696,United Kingdom,7.5
559331,85099F,JUMBO BAG STRAWBERRY,10,2011-07-07 15:45:00,2.08,16156,United Kingdom,20.8
559331,23308,SET OF 60 VINTAGE LEAF CAKE CASES ,24,2011-07-07 15:45:00,0.55,16156,United Kingdom,13.2
559331,22720,SET OF 3 CAKE TINS PANTRY DESIGN ,6,2011-07-07 15:45:00,4.95,16156,United Kingdom,29.700000000000003
559350,22139,RETROSPOT TEA SET CERAMIC 11 PC ,6,2011-07-07 17:35:00,4.95,16842,United Kingdom,29.700000000000003
559357,23322,LARGE WHITE HEART OF WICKER,3,2011-07-07 18:56:00,2.95,17107,United Kingdom,8.850000000000001
559357,22750,FELTCRAFT PRINCESS LOLA DOLL,1,2011-07-07 18:56:00,3.75,17107,United Kingdom,3.75
559359,21078,SET/20 STRAWBERRY PAPER NAPKINS ,1,2011-07-07 19:18:00,0.85,14702,United Kingdom,0.85
559364,85099F,JUMBO BAG STRAWBERRY,10,2011-07-08 08:48:00,2.08,17735,United Kingdom,20.8
559364,23199,JUMBO BAG APPLES,10,2011-07-08 08:48:00,2.08,17735,United Kingdom,20.8
559369,23121,PACK OF 6 COCKTAIL PARASOL STRAWS,24,2011-07-08 10:00:00,0.42,14388,United Kingdom,10.08
559370,22815,CARD PSYCHEDELIC APPLES,12,2011-07-08 10:01:00,0.42,17042,United Kingdom,5.04
559370,22440,BALLOON WATER BOMB PACK OF 35,20,2011-07-08 10:01:00,0.42,17042,United Kingdom,8.4
559372,48187,DOORMAT NEW ENGLAND,6,2011-07-08 10:23:00,7.95,12461,Switzerland,47.7
559372,22494,EMERGENCY FIRST AID TIN ,12,2011-07-08 10:23:00,1.25,12461,Switzerland,15.0
559418,22314,OFFICE MUG WARMER CHOC+BLUE,6,2011-07-08 11:36:00,2.95,12681,France,17.700000000000003
559418,22973,CHILDREN'S CIRCUS PARADE MUG,12,2011-07-08 11:36:00,1.65,12681,France,19.8
559418,21238,RED RETROSPOT CUP,8,2011-07-08 11:36:00,0.85,12681,France,6.8
559420,22847,BREAD BIN DINER STYLE IVORY,1,2011-07-08 11:52:00,16.95,17663,United Kingdom,16.95
559422,22419,LIPSTICK PEN RED,12,2011-07-08 12:00:00,0.42,12553,France,5.04
559460,22382,LUNCH BAG SPACEBOY DESIGN ,10,2011-07-08 13:00:00,1.65,13862,United Kingdom,16.5
559460,23169,CLASSIC GLASS COOKIE JAR,6,2011-07-08 13:00:00,4.15,13862,United Kingdom,24.9
559462,23202,JUMBO BAG VINTAGE LEAF,30,2011-07-08 13:12:00,2.08,16523,United Kingdom,62.400000000000006
559464,22099,CARAVAN SQUARE TISSUE BOX,36,2011-07-08 13:26:00,0.39,15157,United Kingdom,14.04
559465,84997A,CHILDRENS CUTLERY POLKADOT GREEN ,72,2011-07-08 13:26:00,3.75,14680,United Kingdom,270.0
559464,84929,ASSTD FRUIT+FLOWERS FRIDGE MAGNETS,24,2011-07-08 13:26:00,0.19,15157,United Kingdom,4.5600000000000005
559469,22112,CHOCOLATE HOT WATER BOTTLE,3,2011-07-08 13:37:00,4.95,15182,United Kingdom,14.85
559477,22782,SET 3 WICKER STORAGE BASKETS ,2,2011-07-08 13:44:00,24.95,14315,United Kingdom,49.9
559504,22666,RECIPE BOX PANTRY YELLOW DESIGN,1,2011-07-08 15:16:00,2.95,15920,United Kingdom,2.95
559505,22469,HEART OF WICKER SMALL,12,2011-07-08 15:16:00,1.65,16398,United Kingdom,19.8
559510,22356,CHARLOTTE BAG PINK POLKADOT,10,2011-07-08 15:29:00,0.85,14961,United Kingdom,8.5
559513,85014B,RED RETROSPOT UMBRELLA,1,2011-07-08 15:56:00,5.95,14534,United Kingdom,5.95
559525,21164,HOME SWEET HOME METAL SIGN ,6,2011-07-10 10:30:00,2.95,16923,United Kingdom,17.700000000000003
559525,21403,BLUE EGG  SPOON,2,2011-07-10 10:30:00,0.12,16923,United Kingdom,0.24
559525,21154,RED RETROSPOT OVEN GLOVE ,5,2011-07-10 10:30:00,1.25,16923,United Kingdom,6.25
559526,84951A,SET OF 4 PISTACHIO LOVEBIRD COASTER,1,2011-07-10 11:19:00,0.79,15756,United Kingdom,0.79
559526,23281,FOLDING BUTTERFLY MIRROR RED  ,1,2011-07-10 11:19:00,0.83,15756,United Kingdom,0.83
559527,21908,CHOCOLATE THIS WAY METAL SIGN,6,2011-07-10 11:24:00,2.1,17787,United Kingdom,12.6
559529,20719,WOODLAND CHARLOTTE BAG,4,2011-07-10 12:03:00,0.85,14808,United Kingdom,3.4
559529,22432,WATERING CAN PINK BUNNY,1,2011-07-10 12:03:00,1.95,14808,United Kingdom,1.95
559529,22550,HOLIDAY FUN LUDO,3,2011-07-10 12:03:00,3.75,14808,United Kingdom,11.25
559529,21731,RED TOADSTOOL LED NIGHT LIGHT,1,2011-07-10 12:03:00,1.65,14808,United Kingdom,1.65
559536,22374,AIRLINE BAG VINTAGE JET SET RED,1,2011-07-10 12:17:00,4.25,16283,United Kingdom,4.25
559539,21850,BLUE  DIAMANTE PEN IN GIFT BOX,36,2011-07-10 12:28:00,4.25,18024,United Kingdom,153.0
559542,21889,WOODEN BOX OF DOMINOES,4,2011-07-10 13:32:00,1.25,17126,United Kingdom,5.0
559542,22621,TRADITIONAL KNITTING NANCY,3,2011-07-10 13:32:00,1.65,17126,United Kingdom,4.949999999999999
559542,84792,ENCHANTED BIRD COATHANGER 5 HOOK,1,2011-07-10 13:32:00,4.65,17126,United Kingdom,4.65
559542,47574A,ENGLISH ROSE SCENTED HANGING FLOWER,12,2011-07-10 13:32:00,0.75,17126,United Kingdom,9.0
559542,21914,BLUE HARMONICA IN BOX ,2,2011-07-10 13:32:00,1.25,17126,United Kingdom,2.5
559549,23308,SET OF 60 VINTAGE LEAF CAKE CASES ,2,2011-07-10 15:25:00,0.55,13230,United Kingdom,1.1
559551,82494L,WOODEN FRAME ANTIQUE WHITE ,2,2011-07-10 16:18:00,2.95,16877,United Kingdom,5.9
559552,85024C,PINK SMALL JEWELLED PHOTOFRAME,1,2011-07-10 16:29:00,1.65,16014,United Kingdom,1.65
559555,22610,PENS ASSORTED FUNNY FACE,72,2011-07-11 10:14:00,0.19,13678,United Kingdom,13.68
559557,22400,MAGNETS PACK OF 4 HOME SWEET HOME,12,2011-07-11 10:33:00,0.39,17444,Canada,4.68
559557,22423,REGENCY CAKESTAND 3 TIER,1,2011-07-11 10:33:00,12.75,17444,Canada,12.75
559606,22996,TRAVEL CARD WALLET VINTAGE TICKET,2,2011-07-11 11:38:00,0.42,14606,United Kingdom,0.84
559607,84997A,CHILDRENS CUTLERY POLKADOT GREEN ,4,2011-07-11 11:39:00,4.15,12681,France,16.6
559640,23298,SPOTTY BUNTING,50,2011-07-11 12:30:00,4.15,15812,United Kingdom,207.50000000000003
559653,21136,PAINTED METAL PEARS ASSORTED,4,2011-07-11 12:49:00,1.69,14552,United Kingdom,6.76
559653,22666,RECIPE BOX PANTRY YELLOW DESIGN,1,2011-07-11 12:49:00,2.95,14552,United Kingdom,2.95
559654,23283,DOORMAT VINTAGE LEAF,20,2011-07-11 12:54:00,6.75,13098,United Kingdom,135.0
559660,22045,SPACEBOY GIFT WRAP,50,2011-07-11 13:19:00,0.42,16701,United Kingdom,21.0
559669,22200,FRYING PAN PINK POLKADOT,4,2011-07-11 13:47:00,4.25,16332,United Kingdom,17.0
559671,79321,CHILLI LIGHTS,2,2011-07-11 13:55:00,5.75,17811,United Kingdom,11.5
559672,22631,CIRCUS PARADE LUNCH BOX ,2,2011-07-11 14:04:00,1.95,14796,United Kingdom,3.9
559672,84992,72 SWEETHEART FAIRY CAKE CASES,4,2011-07-11 14:04:00,0.55,14796,United Kingdom,2.2
559673,22384,LUNCH BAG PINK POLKADOT,10,2011-07-11 14:10:00,1.65,13224,United Kingdom,16.5
559674,82582,AREA PATROLLED METAL SIGN,6,2011-07-11 14:16:00,2.1,15856,United Kingdom,12.6
559674,47559B,TEA TIME OVEN GLOVE,1,2011-07-11 14:16:00,1.25,15856,United Kingdom,1.25
559676,22781,GUMBALL MAGAZINE RACK,6,2011-07-11 14:40:00,7.65,17340,United Kingdom,45.900000000000006
559678,22384,LUNCH BAG PINK POLKADOT,2,2011-07-11 14:43:00,1.65,16033,United Kingdom,3.3
559678,22670,FRENCH WC SIGN BLUE METAL,2,2011-07-11 14:43:00,1.25,16033,United Kingdom,2.5
559678,48111,DOORMAT 3 SMILEY CATS,1,2011-07-11 14:43:00,7.95,16033,United Kingdom,7.95
559678,22508,DOORSTOP RETROSPOT HEART,2,2011-07-11 14:43:00,3.75,16033,United Kingdom,7.5
559684,20712,JUMBO BAG WOODLAND ANIMALS,10,2011-07-11 15:05:00,2.08,14367,United Kingdom,20.8
559684,47566,PARTY BUNTING,8,2011-07-11 15:05:00,4.95,14367,United Kingdom,39.6
559686,20757,RED DAISY POCKET BOOK ,6,2011-07-11 15:26:00,0.85,17966,United Kingdom,5.1
559687,85184C,SET 4 VALENTINE DECOUPAGE HEART BOX,1,2011-07-11 15:28:00,2.95,17966,United Kingdom,2.95
559699,22361,GLASS JAR DAISY FRESH COTTON WOOL,6,2011-07-12 08:52:00,2.95,12682,France,17.700000000000003
559704,22329,ROUND CONTAINER SET OF 5 RETROSPOT,12,2011-07-12 09:54:00,1.65,12669,France,19.8
559708,22427,ENAMEL FLOWER JUG CREAM,3,2011-07-12 10:05:00,5.95,13549,United Kingdom,17.85
559711,20713,JUMBO BAG OWLS,10,2011-07-12 10:46:00,2.08,13590,United Kingdom,20.8
559746,22555,PLASTERS IN TIN STRONGMAN,18,2011-07-12 11:16:00,1.65,16515,United Kingdom,29.7
559746,23245,SET OF 3 REGENCY CAKE TINS,5,2011-07-12 11:16:00,4.95,16515,United Kingdom,24.75
559774,22561,WOODEN SCHOOL COLOURING SET,2,2011-07-12 11:37:00,1.65,18122,United Kingdom,3.3
559774,20983,12 PENCILS TALL TUBE RED RETROSPOT,4,2011-07-12 11:37:00,0.85,18122,United Kingdom,3.4
559782,22721,SET OF 3 CAKE TINS SKETCHBOOK,3,2011-07-12 11:55:00,4.95,12722,France,14.85
559794,85099C,JUMBO  BAG BAROQUE BLACK WHITE,10,2011-07-12 13:16:00,2.08,16700,United Kingdom,20.8
559794,23158,SET OF 5 LUCKY CAT MAGNETS ,12,2011-07-12 13:16:00,2.08,16700,United Kingdom,24.96
559804,22763,KEY CABINET MA CAMPAGNE,2,2011-07-12 14:17:00,9.95,17405,United Kingdom,19.9
559804,22814,CARD PARTY GAMES ,12,2011-07-12 14:17:00,0.42,17405,United Kingdom,5.04
559804,22781,GUMBALL MAGAZINE RACK,2,2011-07-12 14:17:00,7.65,17405,United Kingdom,15.3
559806,21167,WHITE SAGE INCENSE,25,2011-07-12 14:26:00,0.21,13311,United Kingdom,5.25
559807,22384,LUNCH BAG PINK POLKADOT,1,2011-07-12 14:48:00,1.65,17841,United Kingdom,1.65
559809,20765,CHRYSANTHEMUM SKETCHBOOK ,1,2011-07-12 14:57:00,3.75,16409,United Kingdom,3.75
559811,22961,JAM MAKING SET PRINTED,12,2011-07-12 15:22:00,1.45,13269,United Kingdom,17.4
559811,22667,RECIPE BOX RETROSPOT ,6,2011-07-12 15:22:00,2.95,13269,United Kingdom,17.700000000000003
559812,23323,WHITE WICKER STAR ,5,2011-07-12 15:29:00,2.1,15051,United Kingdom,10.5
559813,23307,SET OF 60 PANTRY DESIGN CAKE CASES ,24,2011-07-12 15:42:00,0.55,18272,United Kingdom,13.2
559813,84378,SET OF 3 HEART COOKIE CUTTERS,12,2011-07-12 15:42:00,1.25,18272,United Kingdom,15.0
559814,21242,RED RETROSPOT PLATE ,8,2011-07-12 15:49:00,1.69,15544,United Kingdom,13.52
559818,84755,COLOUR GLASS T-LIGHT HOLDER HANGING,144,2011-07-12 16:37:00,0.55,13408,United Kingdom,79.2
559824,22666,RECIPE BOX PANTRY YELLOW DESIGN,1,2011-07-12 17:23:00,2.95,17576,United Kingdom,2.95
559824,22654,DELUXE SEWING KIT ,1,2011-07-12 17:23:00,5.95,17576,United Kingdom,5.95
559831,22385,JUMBO BAG SPACEBOY DESIGN,10,2011-07-13 09:58:00,2.08,14709,United Kingdom,20.8
559863,85099B,JUMBO BAG RED RETROSPOT,10,2011-07-13 10:33:00,2.08,15039,United Kingdom,20.8
559884,20726,LUNCH BAG WOODLAND,10,2011-07-13 11:34:00,1.65,16843,United Kingdom,16.5
559884,22551,PLASTERS IN TIN SPACEBOY,12,2011-07-13 11:34:00,1.65,16843,United Kingdom,19.8
559887,20726,LUNCH BAG WOODLAND,2,2011-07-13 11:44:00,1.65,13263,United Kingdom,3.3
559887,21876,POTTERING MUG,1,2011-07-13 11:44:00,1.25,13263,United Kingdom,1.25
559889,POST,POSTAGE,1,2011-07-13 11:48:00,145.0,12678,France,145.0
559894,21530,DAIRY MAID TOASTRACK,2,2011-07-13 12:06:00,0.79,14159,United Kingdom,1.58
559894,23288,GREEN VINTAGE SPOT BEAKER,3,2011-07-13 12:06:00,0.85,14159,United Kingdom,2.55
559893,21588,RETROSPOT GIANT TUBE MATCHES,3,2011-07-13 12:06:00,2.55,14498,United Kingdom,7.649999999999999
559899,22646,CERAMIC STRAWBERRY CAKE MONEY BANK,12,2011-07-13 12:24:00,1.45,12528,Germany,17.4
559902,84970S,HANGING HEART ZINC T-LIGHT HOLDER,2,2011-07-13 13:14:00,0.85,14502,United Kingdom,1.7
559902,84879,ASSORTED COLOUR BIRD ORNAMENT,10,2011-07-13 13:14:00,1.69,14502,United Kingdom,16.9
559904,71053,WHITE METAL LANTERN,8,2011-07-13 13:20:00,3.75,13149,United Kingdom,30.0
559907,22649,STRAWBERRY FAIRY CAKE TEAPOT,8,2011-07-13 13:37:00,4.95,12766,Portugal,39.6
559909,22024,RAINY LADIES BIRTHDAY CARD,12,2011-07-13 14:28:00,0.42,18245,United Kingdom,5.04
559919,23187,FRENCH STYLE STORAGE JAR BONBONS,48,2011-07-13 15:30:00,0.29,12415,Australia,13.919999999999998
559922,22680,FRENCH BLUE METAL DOOR SIGN 5,10,2011-07-13 15:50:00,1.25,14400,United Kingdom,12.5
559933,22704,WRAP RED APPLES ,25,2011-07-14 09:54:00,0.42,16719,United Kingdom,10.5
559933,22371,AIRLINE BAG VINTAGE TOKYO 78,1,2011-07-14 09:54:00,4.25,16719,United Kingdom,4.25
559937,23199,JUMBO BAG APPLES,10,2011-07-14 10:11:00,2.08,13577,United Kingdom,20.8
559940,23171,REGENCY TEA PLATE GREEN ,36,2011-07-14 10:20:00,1.45,17396,United Kingdom,52.2
559948,23210,WHITE ROCKING HORSE HAND PAINTED,24,2011-07-14 10:41:00,1.25,12653,Israel,30.0
559948,22914,BLUE COAT RACK PARIS FASHION,12,2011-07-14 10:41:00,4.95,12653,Israel,59.400000000000006
559985,22960,JAM MAKING SET WITH JARS,6,2011-07-14 11:46:00,4.25,16488,United Kingdom,25.5
559987,23293,SET OF 12 FAIRY CAKE BAKING CASES,128,2011-07-14 12:12:00,0.72,12619,Germany,92.16
559993,21650,ASSORTED TUTTI FRUTTI BRACELET,14,2011-07-14 12:42:00,0.19,14716,United Kingdom,2.66
560018,22961,JAM MAKING SET PRINTED,1,2011-07-14 12:52:00,1.45,15987,United Kingdom,1.45
560025,22417,PACK OF 60 SPACEBOY CAKE CASES,2,2011-07-14 13:00:00,0.55,18283,United Kingdom,1.1
560033,22580,ADVENT CALENDAR GINGHAM SACK,6,2011-07-14 13:28:00,5.95,12388,Australia,35.7
560033,23249,VINTAGE RED ENAMEL TRIM PLATE,12,2011-07-14 13:28:00,1.65,12388,Australia,19.8
560035,21080,SET/20 RED RETROSPOT PAPER NAPKINS ,12,2011-07-14 13:41:00,0.85,17706,United Kingdom,10.2
560036,85194S,HANGING SPRING FLOWER EGG SMALL,48,2011-07-14 13:51:00,0.19,14911,EIRE,9.12
560041,22569,FELTCRAFT CUSHION BUTTERFLY,4,2011-07-14 14:46:00,3.75,14156,EIRE,15.0
560079,23208,LUNCH BAG VINTAGE LEAF DESIGN,10,2011-07-14 16:12:00,1.65,15521,United Kingdom,16.5
560078,20725,LUNCH BAG RED RETROSPOT,10,2011-07-14 16:12:00,1.65,16040,United Kingdom,16.5
560078,22139,RETROSPOT TEA SET CERAMIC 11 PC ,6,2011-07-14 16:12:00,4.95,16040,United Kingdom,29.700000000000003
560080,82581,TOILET METAL SIGN,144,2011-07-14 16:23:00,0.73,17450,United Kingdom,105.12
560086,22629,SPACEBOY LUNCH BOX ,12,2011-07-14 16:35:00,1.95,15839,United Kingdom,23.4
560086,22393,PAPERWEIGHT VINTAGE COLLAGE,6,2011-07-14 16:35:00,2.55,15839,United Kingdom,15.3
560089,21935,SUKI  SHOULDER BAG,1,2011-07-14 16:45:00,1.65,12748,United Kingdom,1.65
560103,21750,LARGE SKULL WINDMILL,3,2011-07-14 18:44:00,2.1,17837,United Kingdom,6.300000000000001
560104,22178,VICTORIAN GLASS HANGING T-LIGHT,18,2011-07-14 18:56:00,1.25,17921,United Kingdom,22.5
560104,82483,WOOD 2 DRAWER CABINET WHITE FINISH,2,2011-07-14 18:56:00,6.95,17921,United Kingdom,13.9
560105,22230,JIGSAW TREE WITH WATERING CAN,5,2011-07-14 19:23:00,0.29,16794,United Kingdom,1.45
560105,21232,STRAWBERRY CERAMIC TRINKET BOX,5,2011-07-14 19:23:00,1.25,16794,United Kingdom,6.25
560106,22726,ALARM CLOCK BAKELIKE GREEN,3,2011-07-14 20:01:00,3.75,17554,United Kingdom,11.25
560115,22090,PAPER BUNTING RETROSPOT,6,2011-07-15 10:05:00,2.95,17841,United Kingdom,17.700000000000003
560115,23148,MINIATURE ANTIQUE ROSE HOOK IVORY,1,2011-07-15 10:05:00,0.83,17841,United Kingdom,0.83
560115,23162,REGENCY TEA STRAINER,12,2011-07-15 10:05:00,3.75,17841,United Kingdom,45.0
560145,21790,VINTAGE SNAP CARDS,12,2011-07-15 11:04:00,0.85,13381,United Kingdom,10.2
560188,22191,IVORY DINER WALL CLOCK,2,2011-07-15 12:10:00,8.5,18229,United Kingdom,17.0
560191,22729,ALARM CLOCK BAKELIKE ORANGE,4,2011-07-15 12:45:00,3.75,16203,United Kingdom,15.0
560207,23256,CHILDRENS CUTLERY SPACEBOY ,4,2011-07-15 13:57:00,4.15,15301,United Kingdom,16.6
560209,23294,SET OF 6 SNACK LOAF BAKING CASES,2,2011-07-15 14:05:00,0.83,15004,United Kingdom,1.66
560209,21902,"KEY FOB , FRONT  DOOR ",1,2011-07-15 14:05:00,0.65,15004,United Kingdom,0.65
560209,85032B,BLOSSOM IMAGES GIFT WRAP SET,4,2011-07-15 14:05:00,0.65,15004,United Kingdom,2.6
560210,21936,RED RETROSPOT PICNIC BAG,2,2011-07-15 14:20:00,2.95,14958,United Kingdom,5.9
560211,23200,JUMBO BAG PEARS,10,2011-07-15 14:34:00,2.08,12621,Germany,20.8
560212,21889,WOODEN BOX OF DOMINOES,2,2011-07-15 14:58:00,1.25,14722,United Kingdom,2.5
560223,23206,LUNCH BAG APPLE DESIGN,2,2011-07-15 15:32:00,1.65,16904,United Kingdom,3.3
560228,17012A,ORIGAMI VANILLA INCENSE/CANDLE SET ,10,2011-07-15 17:29:00,0.85,17750,United Kingdom,8.5
560231,21429,RED GINGHAM ROSE JEWELLERY BOX,8,2011-07-17 10:55:00,1.95,13305,United Kingdom,15.6
560232,22384,LUNCH BAG PINK POLKADOT,8,2011-07-17 11:08:00,1.65,14810,United Kingdom,13.2
560234,23209,LUNCH BAG DOILEY PATTERN ,40,2011-07-17 11:21:00,1.65,16180,United Kingdom,66.0
560234,22917,HERB MARKER ROSEMARY,12,2011-07-17 11:21:00,0.65,16180,United Kingdom,7.800000000000001
560239,21500,PINK POLKADOT WRAP ,25,2011-07-17 11:50:00,0.42,13507,United Kingdom,10.5
560239,21888,BINGO SET,4,2011-07-17 11:50:00,3.75,13507,United Kingdom,15.0
560239,84006,MAGIC TREE -PAPER FLOWERS,12,2011-07-17 11:50:00,0.85,13507,United Kingdom,10.2
560240,22516,CHILDS GARDEN RAKE BLUE,1,2011-07-17 11:59:00,2.1,15716,United Kingdom,2.1
560240,21469,POLKA DOT RAFFIA FOOD COVER,6,2011-07-17 11:59:00,3.75,15716,United Kingdom,22.5
560244,21832,CHOCOLATE CALCULATOR,3,2011-07-17 12:14:00,1.65,16931,United Kingdom,4.949999999999999
560244,22297,HEART IVORY TRELLIS SMALL,6,2011-07-17 12:14:00,1.25,16931,United Kingdom,7.5
560244,23298,SPOTTY BUNTING,1,2011-07-17 12:14:00,4.95,16931,United Kingdom,4.95
560248,23153,ZINC SWEETHEART WIRE LETTER RACK,2,2011-07-17 12:24:00,3.75,16255,United Kingdom,7.5
560248,23130,MISTLETOE HEART WREATH GREEN,4,2011-07-17 12:24:00,4.15,16255,United Kingdom,16.6
560251,22961,JAM MAKING SET PRINTED,1,2011-07-17 12:32:00,1.45,17774,United Kingdom,1.45
560251,22989,SET 2 PANTRY DESIGN TEA TOWELS,1,2011-07-17 12:32:00,3.25,17774,United Kingdom,3.25
560253,21155,RED RETROSPOT PEG BAG,12,2011-07-17 12:52:00,2.55,13993,United Kingdom,30.6
560254,21981,PACK OF 12 WOODLAND TISSUES ,24,2011-07-17 13:07:00,0.29,16678,United Kingdom,6.959999999999999
560259,85099B,JUMBO BAG RED RETROSPOT,10,2011-07-17 13:29:00,2.08,13654,United Kingdom,20.8
560259,51014L,"FEATHER PEN,LIGHT PINK",24,2011-07-17 13:29:00,0.39,13654,United Kingdom,9.36
560260,23153,ZINC SWEETHEART WIRE LETTER RACK,1,2011-07-17 13:32:00,3.75,14044,United Kingdom,3.75
560261,23306,SET OF 36 DOILIES PANTRY DESIGN,2,2011-07-17 13:35:00,1.45,12841,United Kingdom,2.9
560264,22171,3 HOOK PHOTO SHELF ANTIQUE WHITE,2,2011-07-17 13:46:00,8.5,12833,United Kingdom,17.0
560264,84792,ENCHANTED BIRD COATHANGER 5 HOOK,4,2011-07-17 13:46:00,4.65,12833,United Kingdom,18.6
560264,22766,PHOTO FRAME CORNICE,8,2011-07-17 13:46:00,2.95,12833,United Kingdom,23.6
560265,21124,SET/10 BLUE POLKADOT PARTY CANDLES,24,2011-07-17 13:48:00,1.25,17863,United Kingdom,30.0
560266,22795,SWEETHEART RECIPE BOOK STAND,12,2011-07-17 13:54:00,6.75,17389,United Kingdom,81.0
560267,71459,HANGING JAM JAR T-LIGHT HOLDER,12,2011-07-17 14:05:00,0.85,13880,United Kingdom,10.2
560270,22675,FRENCH KITCHEN SIGN BLUE METAL,6,2011-07-17 14:42:00,1.25,16744,United Kingdom,7.5
560271,22928,YELLOW GIANT GARDEN THERMOMETER,2,2011-07-17 14:51:00,5.95,16474,United Kingdom,11.9
560276,21704,BAG 250g SWIRLY MARBLES,1,2011-07-17 15:11:00,0.85,14606,United Kingdom,0.85
560278,23342,MINT DINER WALL CLOCK,1,2011-07-17 15:45:00,8.5,13610,United Kingdom,8.5
560278,23150,IVORY SWEETHEART SOAP DISH,1,2011-07-17 15:45:00,2.49,13610,United Kingdom,2.49
560281,22620,4 TRADITIONAL SPINNING TOPS,3,2011-07-17 15:59:00,1.45,17984,United Kingdom,4.35
560281,21544,SKULLS  WATER TRANSFER TATTOOS ,2,2011-07-17 15:59:00,0.85,17984,United Kingdom,1.7
560284,22773,GREEN DRAWER KNOB ACRYLIC EDWARDIAN,12,2011-07-18 09:15:00,1.25,13705,United Kingdom,15.0
560284,22772,PINK DRAWER KNOB ACRYLIC EDWARDIAN,12,2011-07-18 09:15:00,1.25,13705,United Kingdom,15.0
560287,23202,JUMBO BAG VINTAGE LEAF,3,2011-07-18 09:49:00,2.08,13821,United Kingdom,6.24
560288,84978,HANGING HEART JAR T-LIGHT HOLDER,24,2011-07-18 10:05:00,1.25,15845,United Kingdom,30.0
560299,22047,EMPIRE GIFT WRAP,25,2011-07-18 10:28:00,0.42,17593,United Kingdom,10.5
560300,22437,SET OF 9 BLACK SKULL BALLOONS,20,2011-07-18 10:29:00,0.85,14911,EIRE,17.0
560300,21642,ASSORTED TUTTI FRUTTI PEN,24,2011-07-18 10:29:00,0.29,14911,EIRE,6.959999999999999
560305,21465,PINK FLOWER CROCHET FOOD COVER,2,2011-07-18 10:49:00,3.75,16511,United Kingdom,7.5
560305,20982,12 PENCILS TALL TUBE SKULLS,3,2011-07-18 10:49:00,0.85,16511,United Kingdom,2.55
560359,21212,PACK OF 72 RETROSPOT CAKE CASES,2,2011-07-18 11:47:00,0.55,14159,United Kingdom,1.1
560359,22327,ROUND SNACK BOXES SET OF 4 SKULLS,1,2011-07-18 11:47:00,2.95,14159,United Kingdom,2.95
560360,23028,DRAWER KNOB CRACKLE GLAZE BLUE,18,2011-07-18 11:55:00,1.65,12744,Singapore,29.7
560360,85048,15CM CHRISTMAS GLASS BALL 20 LIGHTS,12,2011-07-18 11:55:00,6.95,12744,Singapore,83.4
560364,84997D,CHILDRENS CUTLERY POLKADOT PINK,8,2011-07-18 12:15:00,4.15,16705,United Kingdom,33.2
560368,23160,REGENCY TEA SPOON,1,2011-07-18 12:25:00,1.25,17841,United Kingdom,1.25
560368,23165,LARGE CERAMIC TOP STORAGE JAR,1,2011-07-18 12:25:00,1.65,17841,United Kingdom,1.65
560368,21927,BLUE/CREAM STRIPE CUSHION COVER ,2,2011-07-18 12:25:00,1.25,17841,United Kingdom,2.5
560368,21558,SKULL LUNCH BOX WITH CUTLERY ,5,2011-07-18 12:25:00,2.55,17841,United Kingdom,12.75
560368,21756,BATH BUILDING BLOCK WORD,1,2011-07-18 12:25:00,5.95,17841,United Kingdom,5.95
560383,23165,LARGE CERAMIC TOP STORAGE JAR,12,2011-07-18 12:52:00,1.65,16762,United Kingdom,19.8
560385,22511,RETROSPOT BABUSHKA DOORSTOP,1,2011-07-18 12:53:00,3.75,14583,United Kingdom,3.75
560385,72803A,ROSE SCENT CANDLE JEWELLED DRAWER,2,2011-07-18 12:53:00,4.25,14583,United Kingdom,8.5
560392,21982,PACK OF 12 SUKI TISSUES ,24,2011-07-18 13:30:00,0.29,13911,United Kingdom,6.959999999999999
560393,22663,JUMBO BAG DOLLY GIRL DESIGN,1,2011-07-18 13:33:00,2.08,14808,United Kingdom,2.08
560393,22491,PACK OF 12 COLOURED PENCILS,12,2011-07-18 13:33:00,0.85,14808,United Kingdom,10.2
560394,23109,PACK OF SIX LED TEA LIGHTS,2,2011-07-18 13:35:00,2.89,14390,United Kingdom,5.78
560394,21930,JUMBO STORAGE BAG SKULLS,5,2011-07-18 13:35:00,2.08,14390,United Kingdom,10.4
560397,21155,RED RETROSPOT PEG BAG,6,2011-07-18 14:04:00,2.55,17652,United Kingdom,15.3
560397,23293,SET OF 12 FAIRY CAKE BAKING CASES,8,2011-07-18 14:04:00,0.83,17652,United Kingdom,6.64
560415,22720,SET OF 3 CAKE TINS PANTRY DESIGN ,3,2011-07-18 14:36:00,4.95,15152,United Kingdom,14.85
560417,22772,PINK DRAWER KNOB ACRYLIC EDWARDIAN,12,2011-07-18 14:56:00,1.25,16011,United Kingdom,15.0
560444,22090,PAPER BUNTING RETROSPOT,4,2011-07-18 17:15:00,2.95,13764,United Kingdom,11.8
560448,22156,HEART DECORATION WITH PEARLS ,12,2011-07-19 09:29:00,0.85,12840,United Kingdom,10.2
560451,22625,RED KITCHEN SCALES,2,2011-07-19 09:50:00,8.5,14911,EIRE,17.0
560453,21394,RED POLKADOT BEAKER ,48,2011-07-19 09:52:00,0.39,13209,United Kingdom,18.72
560473,48129,DOORMAT TOPIARY,4,2011-07-19 10:42:00,7.95,12431,Australia,31.8
560491,22720,SET OF 3 CAKE TINS PANTRY DESIGN ,1,2011-07-19 10:51:00,4.95,12415,Australia,4.95
560499,21497,FANCY FONTS BIRTHDAY WRAP,25,2011-07-19 11:03:00,0.42,16713,United Kingdom,10.5
560504,23171,REGENCY TEA PLATE GREEN ,12,2011-07-19 11:47:00,1.65,13081,United Kingdom,19.8
560504,21544,SKULLS  WATER TRANSFER TATTOOS ,12,2011-07-19 11:47:00,0.85,13081,United Kingdom,10.2
560504,22029,SPACEBOY BIRTHDAY CARD,12,2011-07-19 11:47:00,0.42,13081,United Kingdom,5.04
560504,47566B,TEA TIME PARTY BUNTING,24,2011-07-19 11:47:00,4.95,13081,United Kingdom,118.8
560504,20719,WOODLAND CHARLOTTE BAG,20,2011-07-19 11:47:00,0.85,13081,United Kingdom,17.0
560504,22433,WATERING CAN GREEN DINOSAUR,48,2011-07-19 11:47:00,1.65,13081,United Kingdom,79.19999999999999
560527,22892,SET OF SALT AND PEPPER TOADSTOOLS,6,2011-07-19 11:57:00,1.25,15727,United Kingdom,7.5
560527,23243,SET OF TEA COFFEE SUGAR TINS PANTRY,2,2011-07-19 11:57:00,4.95,15727,United Kingdom,9.9
560527,23298,SPOTTY BUNTING,8,2011-07-19 11:57:00,4.95,15727,United Kingdom,39.6
560534,23282,FOLDING BUTTERFLY MIRROR IVORY ,12,2011-07-19 12:10:00,0.83,14911,EIRE,9.96
560534,21912,VINTAGE SNAKES & LADDERS,4,2011-07-19 12:10:00,3.75,14911,EIRE,15.0
560535,82483,WOOD 2 DRAWER CABINET WHITE FINISH,2,2011-07-19 12:13:00,6.95,13167,United Kingdom,13.9
560536,23028,DRAWER KNOB CRACKLE GLAZE BLUE,12,2011-07-19 12:15:00,1.65,16626,United Kingdom,19.8
560537,22595,GINGHAM HEART DECORATION,15,2011-07-19 12:19:00,0.85,17779,United Kingdom,12.75
560537,23206,LUNCH BAG APPLE DESIGN,5,2011-07-19 12:19:00,1.65,17779,United Kingdom,8.25
560551,21866,UNION JACK FLAG LUGGAGE TAG,1,2011-07-19 12:47:00,1.25,18041,United Kingdom,1.25
560551,22766,PHOTO FRAME CORNICE,1,2011-07-19 12:47:00,2.95,18041,United Kingdom,2.95
560555,21916,SET 12 RETRO WHITE CHALK STICKS,2,2011-07-19 13:01:00,0.42,14178,United Kingdom,0.84
560557,84711B,PINK OVAL SHAPE TRINKET BOX,3,2011-07-19 13:05:00,9.95,18101,United Kingdom,29.85
560568,21936,RED RETROSPOT PICNIC BAG,5,2011-07-19 14:03:00,2.95,13895,United Kingdom,14.75
560569,23286,BLUE VINTAGE SPOT BEAKER,8,2011-07-19 14:04:00,0.85,12480,Germany,6.8
560571,22383,LUNCH BAG SUKI DESIGN ,20,2011-07-19 14:29:00,1.65,17735,United Kingdom,33.0
560571,22662,LUNCH BAG DOLLY GIRL DESIGN,20,2011-07-19 14:29:00,1.65,17735,United Kingdom,33.0
560571,23209,LUNCH BAG DOILEY PATTERN ,30,2011-07-19 14:29:00,1.65,17735,United Kingdom,49.5
560571,20726,LUNCH BAG WOODLAND,20,2011-07-19 14:29:00,1.65,17735,United Kingdom,33.0
560580,22468,BABUSHKA LIGHTS STRING OF 10,10,2011-07-19 15:23:00,5.95,14088,United Kingdom,59.5
560580,48194,DOORMAT HEARTS,14,2011-07-19 15:23:00,6.75,14088,United Kingdom,94.5
560590,23290,SPACEBOY CHILDRENS BOWL,16,2011-07-19 15:55:00,1.25,12560,Germany,20.0
560595,21704,BAG 250g SWIRLY MARBLES,72,2011-07-19 16:45:00,0.72,16656,United Kingdom,51.84
560598,22668,PINK BABY BUNTING,5,2011-07-19 17:02:00,2.95,17096,United Kingdom,14.75
560602,21756,BATH BUILDING BLOCK WORD,3,2011-07-20 08:48:00,5.95,13629,United Kingdom,17.85
560635,23033,DRAWER KNOB CERAMIC RED,6,2011-07-20 10:51:00,1.45,12521,Germany,8.7
560634,22429,ENAMEL MEASURING JUG CREAM,4,2011-07-20 10:51:00,4.25,16133,United Kingdom,17.0
560644,47420,ASSORTED COLOUR SUCTION CUP HOOK,48,2011-07-20 11:22:00,0.19,16271,United Kingdom,9.12
560644,22677,FRENCH BLUE METAL DOOR SIGN 2,1,2011-07-20 11:22:00,1.25,16271,United Kingdom,1.25
560648,22189,CREAM HEART CARD HOLDER,25,2011-07-20 11:33:00,2.31,18102,United Kingdom,57.75
560650,21507,"ELEPHANT, BIRTHDAY CARD, ",12,2011-07-20 11:38:00,0.42,15529,United Kingdom,5.04
560650,22372,AIRLINE BAG VINTAGE WORLD CHAMPION ,1,2011-07-20 11:38:00,4.25,15529,United Kingdom,4.25
560688,21936,RED RETROSPOT PICNIC BAG,2,2011-07-20 11:54:00,2.95,16393,United Kingdom,5.9
560692,21164,HOME SWEET HOME METAL SIGN ,1,2011-07-20 12:01:00,2.95,14704,United Kingdom,2.95
560700,23187,FRENCH STYLE STORAGE JAR BONBONS,12,2011-07-20 12:38:00,0.29,17229,United Kingdom,3.4799999999999995
560700,23308,SET OF 60 VINTAGE LEAF CAKE CASES ,2,2011-07-20 12:38:00,0.55,17229,United Kingdom,1.1
560710,22758,LARGE PURPLE BABUSHKA NOTEBOOK  ,1,2011-07-20 12:51:00,1.25,14646,Netherlands,1.25
560711,23148,MINIATURE ANTIQUE ROSE HOOK IVORY,1,2011-07-20 12:58:00,0.83,17841,United Kingdom,0.83
560711,22704,WRAP RED APPLES ,25,2011-07-20 12:58:00,0.42,17841,United Kingdom,10.5
560712,22386,JUMBO BAG PINK POLKADOT,2,2011-07-20 13:06:00,2.08,14456,United Kingdom,4.16
560718,22426,ENAMEL WASH BOWL CREAM,4,2011-07-20 13:30:00,3.75,17677,United Kingdom,15.0
560723,22118,JOY WOODEN BLOCK LETTERS,1,2011-07-20 13:53:00,4.95,16464,United Kingdom,4.95
560723,21933,PINK VINTAGE PAISLEY PICNIC BAG,2,2011-07-20 13:53:00,1.65,16464,United Kingdom,3.3
560723,23210,WHITE ROCKING HORSE HAND PAINTED,3,2011-07-20 13:53:00,1.25,16464,United Kingdom,3.75
560724,22030,SWALLOWS GREETING CARD,12,2011-07-20 13:55:00,0.42,16186,United Kingdom,5.04
560724,23209,LUNCH BAG DOILEY PATTERN ,10,2011-07-20 13:55:00,1.65,16186,United Kingdom,16.5
560726,22131,FOOD CONTAINER SET 3 LOVE HEART ,1,2011-07-20 14:16:00,1.95,17962,United Kingdom,1.95
560727,85123A,WHITE HANGING HEART T-LIGHT HOLDER,2,2011-07-20 14:33:00,2.95,13571,United Kingdom,5.9
560727,23296,SET OF 6 TEA TIME BAKING CASES,8,2011-07-20 14:33:00,1.25,13571,United Kingdom,10.0
560729,23550,WRAP ALPHABET POSTER  ,25,2011-07-20 14:39:00,0.42,17511,United Kingdom,10.5
560776,22027,TEA PARTY BIRTHDAY CARD,12,2011-07-21 08:44:00,0.42,13995,United Kingdom,5.04
560805,22077,6 RIBBONS RUSTIC CHARM,24,2011-07-21 10:44:00,1.65,14259,United Kingdom,39.6
560824,20657,TROPICAL LUGGAGE TAG,5,2011-07-21 11:23:00,1.25,17935,United Kingdom,6.25
560833,20969,RED FLORAL FELTCRAFT SHOULDER BAG,1,2011-07-21 12:14:00,3.75,16891,United Kingdom,3.75
560833,22993,SET OF 4 PANTRY JELLY MOULDS,2,2011-07-21 12:14:00,1.25,16891,United Kingdom,2.5
560834,21928,JUMBO BAG SCANDINAVIAN BLUE PAISLEY,20,2011-07-21 12:15:00,2.08,16523,United Kingdom,41.6
560844,23237,SET OF 4 KNICK KNACK TINS LEAVES ,12,2011-07-21 12:28:00,3.75,14298,United Kingdom,45.0
560845,10133,COLOURING PENCILS BROWN TUBE,20,2011-07-21 12:29:00,0.42,15570,United Kingdom,8.4
560854,22740,POLKADOT PEN,48,2011-07-21 12:46:00,0.85,13098,United Kingdom,40.8
560856,22759,SET OF 3 NOTEBOOKS IN PARCEL,12,2011-07-21 13:06:00,1.65,16607,United Kingdom,19.8
560859,23158,SET OF 5 LUCKY CAT MAGNETS ,5,2011-07-21 13:28:00,2.08,13668,United Kingdom,10.4
560861,22531,MAGIC DRAWING SLATE CIRCUS PARADE  ,1,2011-07-21 13:37:00,0.42,17660,United Kingdom,0.42
560862,22178,VICTORIAN GLASS HANGING T-LIGHT,12,2011-07-21 13:48:00,1.25,14085,United Kingdom,15.0
560862,21034,REX CASH+CARRY JUMBO SHOPPER,1,2011-07-21 13:48:00,0.95,14085,United Kingdom,0.95
560875,22297,HEART IVORY TRELLIS SMALL,24,2011-07-21 15:12:00,1.25,13562,United Kingdom,30.0
560875,48173C,DOORMAT BLACK FLOCK ,2,2011-07-21 15:12:00,7.95,13562,United Kingdom,15.9
560876,21509,COWBOYS AND INDIANS BIRTHDAY CARD ,12,2011-07-21 15:14:00,0.42,12626,Germany,5.04
560878,23205,CHARLOTTE BAG VINTAGE ALPHABET ,2,2011-07-21 15:16:00,0.85,14410,United Kingdom,1.7
560881,23053,RECYCLED ACAPULCO MAT PINK,1,2011-07-21 15:45:00,8.25,17965,United Kingdom,8.25
560883,21179,NO JUNK MAIL METAL SIGN,144,2011-07-21 16:10:00,0.39,13694,United Kingdom,56.16
560888,84660C,PINK STITCHED WALL CLOCK,20,2011-07-21 16:33:00,0.79,15380,United Kingdom,15.8
560888,22728,ALARM CLOCK BAKELIKE PINK,4,2011-07-21 16:33:00,3.75,15380,United Kingdom,15.0
560891,22662,LUNCH BAG DOLLY GIRL DESIGN,10,2011-07-21 17:02:00,1.65,15106,United Kingdom,16.5
560891,22116,METAL SIGN HIS DINNER IS SERVED,12,2011-07-21 17:02:00,0.79,15106,United Kingdom,9.48
560892,22784,LANTERN CREAM GAZEBO ,12,2011-07-21 17:08:00,4.25,13089,United Kingdom,51.0
560893,22138,BAKING SET 9 PIECE RETROSPOT ,3,2011-07-21 17:08:00,4.95,13804,United Kingdom,14.85
560895,23014,GLASS APOTHECARY BOTTLE ELIXIR,12,2011-07-21 17:12:00,3.45,13089,United Kingdom,41.400000000000006
560895,23230,WRAP ALPHABET DESIGN,25,2011-07-21 17:12:00,0.42,13089,United Kingdom,10.5
560896,22489,PACK OF 12 TRADITIONAL CRAYONS,24,2011-07-21 17:26:00,0.42,15623,United Kingdom,10.08
560915,22302,COFFEE MUG PEARS  DESIGN,6,2011-07-21 18:19:00,2.55,13313,United Kingdom,15.3
560918,23128,FELTCRAFT BOY JEAN-PAUL KIT,4,2011-07-21 18:27:00,4.95,14849,United Kingdom,19.8
560918,23051,RECYCLED ACAPULCO MAT BLUE,2,2011-07-21 18:27:00,8.25,14849,United Kingdom,16.5
560920,21564,PINK  HEART SHAPE LOVE BUCKET ,6,2011-07-21 18:36:00,2.95,15370,United Kingdom,17.700000000000003
560921,22457,NATURAL SLATE HEART CHALKBOARD ,6,2011-07-21 19:17:00,2.95,16224,United Kingdom,17.700000000000003
560921,22819,"BIRTHDAY CARD, RETRO SPOT",12,2011-07-21 19:17:00,0.42,16224,United Kingdom,5.04
560927,48173C,DOORMAT BLACK FLOCK ,10,2011-07-22 09:55:00,6.75,13078,United Kingdom,67.5
560928,21936,RED RETROSPOT PICNIC BAG,5,2011-07-22 10:00:00,2.95,14852,United Kingdom,14.75
560930,16219,HOUSE SHAPE PENCIL SHARPENER,48,2011-07-22 10:23:00,0.06,15829,United Kingdom,2.88
560937,22992,REVOLVER WOODEN RULER ,2,2011-07-22 10:52:00,1.95,17920,United Kingdom,3.9
560937,22547,MINI JIGSAW DINOSAUR ,1,2011-07-22 10:52:00,0.42,17920,United Kingdom,0.42
560942,22649,STRAWBERRY FAIRY CAKE TEAPOT,1,2011-07-22 11:31:00,4.95,15005,United Kingdom,4.95
560974,84945,MULTI COLOUR SILVER T-LIGHT HOLDER,12,2011-07-22 11:55:00,0.85,14426,United Kingdom,10.2
560977,21974,SET OF 36 PAISLEY FLOWER DOILIES,12,2011-07-22 12:09:00,1.45,16839,United Kingdom,17.4
560978,22717,CARD DOG AND BALL ,24,2011-07-22 12:20:00,0.42,15815,United Kingdom,10.08
560989,47566B,TEA TIME PARTY BUNTING,8,2011-07-22 13:20:00,4.95,15704,United Kingdom,39.6
560991,23254,CHILDRENS CUTLERY DOLLY GIRL ,4,2011-07-22 13:29:00,4.15,12438,Norway,16.6
560992,84879,ASSORTED COLOUR BIRD ORNAMENT,16,2011-07-22 13:31:00,1.69,18161,United Kingdom,27.04
560996,72807A,SET/3 ROSE CANDLE IN JEWELLED BOX,2,2011-07-22 13:53:00,4.25,17625,United Kingdom,8.5
560996,21217,RED RETROSPOT ROUND CAKE TINS,1,2011-07-22 13:53:00,9.95,17625,United Kingdom,9.95
560996,21156,RETROSPOT CHILDRENS APRON,2,2011-07-22 13:53:00,1.95,17625,United Kingdom,3.9
561004,23163,REGENCY SUGAR TONGS,8,2011-07-22 14:47:00,2.49,15189,United Kingdom,19.92
561006,23202,JUMBO BAG VINTAGE LEAF,10,2011-07-22 15:02:00,2.08,16161,United Kingdom,20.8
561007,23290,SPACEBOY CHILDRENS BOWL,8,2011-07-22 15:21:00,1.25,15640,United Kingdom,10.0
561020,21158,MOODY GIRL DOOR HANGER ,4,2011-07-22 17:21:00,0.39,13563,United Kingdom,1.56
561024,22927,GREEN GIANT GARDEN THERMOMETER,2,2011-07-24 10:35:00,5.95,12916,United Kingdom,11.9
561026,21533,RETROSPOT LARGE MILK JUG,2,2011-07-24 10:49:00,4.95,17265,United Kingdom,9.9
561026,84660C,PINK STITCHED WALL CLOCK,1,2011-07-24 10:49:00,0.79,17265,United Kingdom,0.79
561033,22029,SPACEBOY BIRTHDAY CARD,12,2011-07-24 11:40:00,0.42,14443,United Kingdom,5.04
561034,21908,CHOCOLATE THIS WAY METAL SIGN,3,2011-07-24 11:45:00,2.1,15506,United Kingdom,6.300000000000001
561034,85152,HAND OVER THE CHOCOLATE   SIGN ,1,2011-07-24 11:45:00,2.1,15506,United Kingdom,2.1
561036,21172,PARTY METAL SIGN ,1,2011-07-24 11:54:00,1.45,13137,United Kingdom,1.45
561036,21668,RED STRIPE CERAMIC DRAWER KNOB,1,2011-07-24 11:54:00,1.25,13137,United Kingdom,1.25
561036,22665,RECIPE BOX BLUE SKETCHBOOK DESIGN,1,2011-07-24 11:54:00,2.95,13137,United Kingdom,2.95
561036,21905,MORE BUTTER METAL SIGN ,2,2011-07-24 11:54:00,0.79,13137,United Kingdom,1.58
561037,23548,WRAP MAGIC FOREST ,25,2011-07-24 11:55:00,0.42,12472,Germany,10.5
561039,82482,WOODEN PICTURE FRAME WHITE FINISH,36,2011-07-24 12:02:00,2.1,16525,United Kingdom,75.60000000000001
561043,22170,PICTURE FRAME WOOD TRIPLE PORTRAIT,4,2011-07-24 12:20:00,6.75,15708,United Kingdom,27.0
561045,51014C,"FEATHER PEN,COAL BLACK",48,2011-07-24 12:29:00,0.39,17522,United Kingdom,18.72
561045,21124,SET/10 BLUE POLKADOT PARTY CANDLES,1,2011-07-24 12:29:00,1.25,17522,United Kingdom,1.25
561050,22610,PENS ASSORTED FUNNY FACE,36,2011-07-24 13:06:00,0.19,16558,United Kingdom,6.84
561050,21391,FRENCH LAVENDER SCENT HEART,12,2011-07-24 13:06:00,0.75,16558,United Kingdom,9.0
561051,15056BL,EDWARDIAN PARASOL BLACK,120,2011-07-24 13:11:00,4.95,16684,United Kingdom,594.0
561051,21844,RED RETROSPOT MUG,144,2011-07-24 13:11:00,2.55,16684,United Kingdom,367.2
561053,23005,TRAVEL CARD WALLET I LOVE LONDON,480,2011-07-24 13:13:00,0.36,16684,United Kingdom,172.79999999999998
561060,21791,VINTAGE HEADS AND TAILS CARD GAME ,12,2011-07-24 13:30:00,1.25,17703,United Kingdom,15.0
561066,22908,PACK OF 20 NAPKINS RED APPLES,2,2011-07-24 14:21:00,0.85,16710,United Kingdom,1.7
561068,22776,SWEETHEART CAKESTAND 3 TIER,2,2011-07-24 14:33:00,9.95,13116,United Kingdom,19.9
561073,22189,CREAM HEART CARD HOLDER,12,2011-07-24 15:46:00,3.95,13408,United Kingdom,47.400000000000006
561079,22694,WICKER STAR ,6,2011-07-24 16:12:00,2.1,13956,United Kingdom,12.6
561079,82484,WOOD BLACK BOARD ANT WHITE FINISH,2,2011-07-24 16:12:00,7.95,13956,United Kingdom,15.9
561079,84754,S/15 SILVER GLASS BAUBLES IN BAG,5,2011-07-24 16:12:00,1.25,13956,United Kingdom,6.25
561081,84596G,SMALL CHOCOLATES PINK BOWL,2,2011-07-24 16:15:00,0.42,13230,United Kingdom,0.84
561081,71053,WHITE METAL LANTERN,2,2011-07-24 16:15:00,3.75,13230,United Kingdom,7.5
561084,22468,BABUSHKA LIGHTS STRING OF 10,2,2011-07-25 08:50:00,6.75,14948,United Kingdom,13.5
561085,23202,JUMBO BAG VINTAGE LEAF,10,2011-07-25 09:26:00,2.08,14367,United Kingdom,20.8
561085,20719,WOODLAND CHARLOTTE BAG,10,2011-07-25 09:26:00,0.85,14367,United Kingdom,8.5
561093,21914,BLUE HARMONICA IN BOX ,12,2011-07-25 10:01:00,1.25,12540,Spain,15.0
561095,22698,PINK REGENCY TEACUP AND SAUCER,6,2011-07-25 10:19:00,2.95,17040,United Kingdom,17.700000000000003
561098,23298,SPOTTY BUNTING,4,2011-07-25 10:56:00,4.95,14194,United Kingdom,19.8
561099,21034,REX CASH+CARRY JUMBO SHOPPER,2,2011-07-25 11:01:00,0.95,14100,United Kingdom,1.9
561106,22150,3 STRIPEY MICE FELTCRAFT,6,2011-07-25 11:37:00,1.95,14246,United Kingdom,11.7
561106,23078,ICE CREAM PEN LIP GLOSS ,24,2011-07-25 11:37:00,1.25,14246,United Kingdom,30.0
561106,22296,HEART IVORY TRELLIS LARGE,12,2011-07-25 11:37:00,1.65,14246,United Kingdom,19.8
561113,23192,BUNDLE OF 3 ALPHABET EXERCISE BOOKS,3,2011-07-25 12:09:00,1.65,17841,United Kingdom,4.949999999999999
561113,20717,STRAWBERRY SHOPPER BAG,5,2011-07-25 12:09:00,1.25,17841,United Kingdom,6.25
561113,23263,SET OF 3 WOODEN HEART DECORATIONS,3,2011-07-25 12:09:00,1.25,17841,United Kingdom,3.75
561113,20972,PINK CREAM FELT CRAFT TRINKET BOX ,10,2011-07-25 12:09:00,1.25,17841,United Kingdom,12.5
561113,21982,PACK OF 12 SUKI TISSUES ,12,2011-07-25 12:09:00,0.29,17841,United Kingdom,3.4799999999999995
561120,23344,JUMBO BAG 50'S CHRISTMAS ,10,2011-07-25 12:50:00,2.08,15835,United Kingdom,20.8
561125,23078,ICE CREAM PEN LIP GLOSS ,24,2011-07-25 12:58:00,1.25,17364,United Kingdom,30.0
561192,21212,PACK OF 72 RETROSPOT CAKE CASES,2,2011-07-25 13:45:00,0.55,16033,United Kingdom,1.1
561192,22457,NATURAL SLATE HEART CHALKBOARD ,2,2011-07-25 13:45:00,2.95,16033,United Kingdom,5.9
561192,23301,GARDENERS KNEELING PAD KEEP CALM ,1,2011-07-25 13:45:00,1.65,16033,United Kingdom,1.65
561192,22139,RETROSPOT TEA SET CERAMIC 11 PC ,2,2011-07-25 13:45:00,4.95,16033,United Kingdom,9.9
561193,22752,SET 7 BABUSHKA NESTING BOXES,4,2011-07-25 13:46:00,8.5,13296,United Kingdom,34.0
561194,23197,SKETCHBOOK MAGNETIC SHOPPING LIST,12,2011-07-25 13:54:00,1.45,13814,Germany,17.4
561194,22728,ALARM CLOCK BAKELIKE PINK,4,2011-07-25 13:54:00,3.75,13814,Germany,15.0
561195,23122,PARTY CHARMS 50 PIECES,4,2011-07-25 13:57:00,0.83,14796,United Kingdom,3.32
561195,16258A,SWIRLY CIRCULAR RUBBERS IN BAG,1,2011-07-25 13:57:00,0.42,14796,United Kingdom,0.42
561195,85212,MINI PAINTED GARDEN DECORATION ,12,2011-07-25 13:57:00,0.29,14796,United Kingdom,3.4799999999999995
561197,22852,DOG BOWL VINTAGE CREAM,1,2011-07-25 14:35:00,4.25,16364,United Kingdom,4.25
561203,85152,HAND OVER THE CHOCOLATE   SIGN ,12,2011-07-25 15:17:00,2.1,14232,United Kingdom,25.200000000000003
561208,22996,TRAVEL CARD WALLET VINTAGE TICKET,72,2011-07-25 16:39:00,0.42,15372,United Kingdom,30.24
561219,22983,CARD BILLBOARD FONT,12,2011-07-26 08:51:00,0.42,18180,United Kingdom,5.04
561221,21429,RED GINGHAM ROSE JEWELLERY BOX,8,2011-07-26 09:23:00,1.95,15281,United Kingdom,15.6
561223,22082,RIBBON REEL STRIPES DESIGN ,10,2011-07-26 09:51:00,1.65,15358,United Kingdom,16.5
561226,22158,3 HEARTS HANGING DECORATION RUSTIC,8,2011-07-26 10:13:00,2.95,15618,United Kingdom,23.6
561226,PADS,PADS TO MATCH ALL CUSHIONS,1,2011-07-26 10:13:00,0.001,15618,United Kingdom,0.001
561236,37342,POLKADOT COFFEE CUP & SAUCER PINK,24,2011-07-26 10:27:00,0.79,15159,United Kingdom,18.96
561236,22380,TOY TIDY SPACEBOY  ,5,2011-07-26 10:27:00,2.1,15159,United Kingdom,10.5
561241,21124,SET/10 BLUE POLKADOT PARTY CANDLES,24,2011-07-26 11:00:00,1.25,13930,United Kingdom,30.0
561258,22297,HEART IVORY TRELLIS SMALL,48,2011-07-26 12:03:00,1.25,15513,United Kingdom,60.0
561259,22720,SET OF 3 CAKE TINS PANTRY DESIGN ,9,2011-07-26 12:04:00,4.95,12584,Italy,44.55
561280,84347,ROTATING SILVER ANGELS T-LIGHT HLDR,6,2011-07-26 12:24:00,2.55,18211,United Kingdom,15.3
561325,22585,PACK OF 6 BIRDY GIFT TAGS,1,2011-07-26 13:46:00,1.25,17596,United Kingdom,1.25
561325,23078,ICE CREAM PEN LIP GLOSS ,48,2011-07-26 13:46:00,1.25,17596,United Kingdom,60.0
561329,22149,FELTCRAFT 6 FLOWER FRIENDS,3,2011-07-26 13:57:00,2.1,15044,United Kingdom,6.300000000000001
561329,71459,HANGING JAM JAR T-LIGHT HOLDER,12,2011-07-26 13:57:00,0.85,15044,United Kingdom,10.2
561332,20685,DOORMAT RED RETROSPOT,4,2011-07-26 14:25:00,7.95,13492,Switzerland,31.8
561332,22312,OFFICE MUG WARMER POLKADOT,12,2011-07-26 14:25:00,2.95,13492,Switzerland,35.400000000000006
561334,22754,SMALL RED BABUSHKA NOTEBOOK ,4,2011-07-26 14:27:00,0.85,15440,United Kingdom,3.4
561359,84077,WORLD WAR 2 GLIDERS ASSTD DESIGNS,48,2011-07-26 15:29:00,0.29,17160,United Kingdom,13.919999999999998
561359,23546,WRAP PAISLEY PARK ,25,2011-07-26 15:29:00,0.42,17160,United Kingdom,10.5
561366,22771,CLEAR DRAWER KNOB ACRYLIC EDWARDIAN,12,2011-07-26 15:45:00,1.25,15152,United Kingdom,15.0
561382,85152,HAND OVER THE CHOCOLATE   SIGN ,1,2011-07-26 17:27:00,2.1,16750,United Kingdom,2.1
561385,84946,ANTIQUE SILVER T-LIGHT GLASS,12,2011-07-27 09:13:00,1.25,15660,United Kingdom,15.0
561388,23198,PANTRY MAGNETIC  SHOPPING LIST,96,2011-07-27 09:32:00,1.25,12753,Japan,120.0
561390,23203,JUMBO BAG DOILEY PATTERNS,10,2011-07-27 09:52:00,2.08,17068,United Kingdom,20.8
561395,22673,FRENCH GARDEN SIGN BLUE METAL,12,2011-07-27 10:29:00,1.25,13999,United Kingdom,15.0
561395,23252,VINTAGE RED ENAMEL TRIM JUG ,4,2011-07-27 10:29:00,3.75,13999,United Kingdom,15.0
561396,85130D,BEADED CRYSTAL HEART PINK LARGE,24,2011-07-27 10:40:00,0.79,13458,United Kingdom,18.96
561398,21787,RAIN PONCHO RETROSPOT,24,2011-07-27 10:52:00,0.85,16767,United Kingdom,20.4
561430,20727,LUNCH BAG  BLACK SKULL.,10,2011-07-27 11:29:00,1.65,15172,United Kingdom,16.5
561453,22670,FRENCH WC SIGN BLUE METAL,12,2011-07-27 11:47:00,1.25,13183,United Kingdom,15.0
561465,22872,NUMBER TILE COTTAGE GARDEN 4,1,2011-07-27 12:45:00,1.95,16447,United Kingdom,1.95
561466,84836,ZINC METAL HEART DECORATION,12,2011-07-27 12:50:00,1.25,17243,United Kingdom,15.0
561471,72741,GRAND CHOCOLATECANDLE,18,2011-07-27 13:14:00,1.45,14911,EIRE,26.1
561474,20726,LUNCH BAG WOODLAND,100,2011-07-27 13:18:00,1.45,14680,United Kingdom,145.0
561485,23159,SET OF 5 PANCAKE DAY MAGNETS,1,2011-07-27 13:42:00,2.08,17841,United Kingdom,2.08
561485,23204,CHARLOTTE BAG APPLES DESIGN,1,2011-07-27 13:42:00,0.85,17841,United Kingdom,0.85
561502,22601,CHRISTMAS RETROSPOT ANGEL WOOD,12,2011-07-27 14:14:00,0.85,14305,United Kingdom,10.2
561502,23206,LUNCH BAG APPLE DESIGN,10,2011-07-27 14:14:00,1.65,14305,United Kingdom,16.5
561507,22544,MINI JIGSAW SPACEBOY,24,2011-07-27 14:21:00,0.42,12397,Belgium,10.08
561518,22961,JAM MAKING SET PRINTED,12,2011-07-27 15:20:00,1.45,15261,United Kingdom,17.4
561518,84828,JUNGLE POPSICLES ICE LOLLY MOULDS,12,2011-07-27 15:20:00,1.25,15261,United Kingdom,15.0
561519,23266,SET OF 3 WOODEN STOCKING DECORATION,3,2011-07-27 17:01:00,1.25,17870,United Kingdom,3.75
561528,22028,PENNY FARTHING BIRTHDAY CARD,12,2011-07-28 08:55:00,0.42,13098,United Kingdom,5.04
561528,23174,REGENCY SUGAR BOWL GREEN,12,2011-07-28 08:55:00,4.15,13098,United Kingdom,49.8
561605,22950,36 DOILIES VINTAGE CHRISTMAS,12,2011-07-28 12:09:00,1.45,13925,United Kingdom,17.4
561610,21705,BAG 500g SWIRLY MARBLES,12,2011-07-28 12:28:00,1.65,16076,United Kingdom,19.8
561615,84879,ASSORTED COLOUR BIRD ORNAMENT,16,2011-07-28 12:57:00,1.69,13319,United Kingdom,27.04
561617,21671,RED SPOT CERAMIC DRAWER KNOB,12,2011-07-28 13:05:00,1.25,18237,United Kingdom,15.0
561617,22487,WHITE WOOD GARDEN PLANT LADDER,1,2011-07-28 13:05:00,9.95,18237,United Kingdom,9.95
561626,20984,12 PENCILS TALL TUBE POSY,10,2011-07-28 14:03:00,0.29,14898,United Kingdom,2.9
561625,22400,MAGNETS PACK OF 4 HOME SWEET HOME,48,2011-07-28 14:03:00,0.39,16843,United Kingdom,18.72
561627,23251,VINTAGE RED ENAMEL TRIM MUG ,12,2011-07-28 14:08:00,1.25,12453,Austria,15.0
561627,22453,MEASURING TAPE BABUSHKA BLUE,6,2011-07-28 14:08:00,2.95,12453,Austria,17.700000000000003
561632,22048,BIRTHDAY BANQUET GIFT WRAP,25,2011-07-28 14:30:00,0.42,15639,United Kingdom,10.5
561632,22715,CARD WEDDING DAY,12,2011-07-28 14:30:00,0.42,15639,United Kingdom,5.04
561650,22030,SWALLOWS GREETING CARD,12,2011-07-28 15:31:00,0.42,15329,United Kingdom,5.04
561650,23129,HEART SHAPED HOLLY WREATH,4,2011-07-28 15:31:00,4.15,15329,United Kingdom,16.6
561655,22189,CREAM HEART CARD HOLDER,324,2011-07-28 16:00:00,2.31,18102,United Kingdom,748.44
561656,48187,DOORMAT NEW ENGLAND,2,2011-07-28 16:03:00,7.95,17071,United Kingdom,15.9
561656,23196,VINTAGE LEAF MAGNETIC NOTEPAD,12,2011-07-28 16:03:00,1.45,17071,United Kingdom,17.4
561658,23202,JUMBO BAG VINTAGE LEAF,1,2011-07-28 16:06:00,2.08,12743,Unspecified,2.08
561658,16012,FOOD/DRINK SPONGE STICKERS,24,2011-07-28 16:06:00,0.21,12743,Unspecified,5.04
561661,84821,DANISH ROSE DELUXE COASTER,1,2011-07-28 16:21:00,0.85,12743,Unspecified,0.85
561661,22437,SET OF 9 BLACK SKULL BALLOONS,10,2011-07-28 16:21:00,0.85,12743,Unspecified,8.5
561661,21931,JUMBO STORAGE BAG SUKI,1,2011-07-28 16:21:00,2.08,12743,Unspecified,2.08
561688,21790,VINTAGE SNAP CARDS,12,2011-07-29 08:48:00,0.85,14407,United Kingdom,10.2
561690,85130D,BEADED CRYSTAL HEART PINK LARGE,24,2011-07-29 09:11:00,0.79,13875,United Kingdom,18.96
561693,16161P,WRAP ENGLISH ROSE ,25,2011-07-29 09:48:00,0.42,15120,United Kingdom,10.5
561694,21915,RED  HARMONICA IN BOX ,12,2011-07-29 09:57:00,1.25,16147,United Kingdom,15.0
561704,21464,DISCO BALL ROTATOR BATTERY OPERATED,2,2011-07-29 11:07:00,4.25,14606,United Kingdom,8.5
561704,21544,SKULLS  WATER TRANSFER TATTOOS ,1,2011-07-29 11:07:00,0.85,14606,United Kingdom,0.85
561708,23266,SET OF 3 WOODEN STOCKING DECORATION,12,2011-07-29 11:28:00,1.25,13575,United Kingdom,15.0
561710,21730,GLASS STAR FROSTED T-LIGHT HOLDER,1,2011-07-29 11:45:00,4.95,13827,United Kingdom,4.95
561710,22116,METAL SIGN HIS DINNER IS SERVED,1,2011-07-29 11:45:00,0.79,13827,United Kingdom,0.79
561711,23213,STAR WREATH DECORATION WITH BELL,24,2011-07-29 11:45:00,1.25,13414,United Kingdom,30.0
561714,22697,GREEN REGENCY TEACUP AND SAUCER,6,2011-07-29 11:56:00,2.95,18081,United Kingdom,17.700000000000003
561713,22966,GINGERBREAD MAN COOKIE CUTTER,78,2011-07-29 11:56:00,1.25,12901,United Kingdom,97.5
561719,21094,SET/6 RED SPOTTY PAPER PLATES,60,2011-07-29 12:09:00,0.85,17519,United Kingdom,51.0
561750,22780,LIGHT GARLAND BUTTERFILES PINK,4,2011-07-29 12:18:00,4.25,16945,United Kingdom,17.0
561773,23204,CHARLOTTE BAG APPLES DESIGN,1,2011-07-29 12:41:00,0.85,17841,United Kingdom,0.85
561773,21629,SQUARE FLOOR CUSHION VINTAGE RED,1,2011-07-29 12:41:00,7.95,17841,United Kingdom,7.95
561774,23206,LUNCH BAG APPLE DESIGN,8,2011-07-29 12:41:00,1.65,16729,United Kingdom,13.2
561773,20728,LUNCH BAG CARS BLUE,1,2011-07-29 12:41:00,1.65,17841,United Kingdom,1.65
561796,22568,FELTCRAFT CUSHION OWL,4,2011-07-29 13:34:00,3.75,13138,United Kingdom,15.0
561798,21977,PACK OF 60 PINK PAISLEY CAKE CASES,24,2011-07-29 13:39:00,0.55,14911,EIRE,13.2
561798,21259,VICTORIAN SEWING BOX SMALL ,6,2011-07-29 13:39:00,5.95,14911,EIRE,35.7
561802,23078,ICE CREAM PEN LIP GLOSS ,48,2011-07-29 14:29:00,1.25,12748,United Kingdom,60.0
561803,22436,12 COLOURED PARTY BALLOONS,20,2011-07-29 14:39:00,0.65,17926,United Kingdom,13.0
561804,22386,JUMBO BAG PINK POLKADOT,10,2011-07-29 14:40:00,2.08,14191,United Kingdom,20.8
561806,22355,CHARLOTTE BAG SUKI DESIGN,30,2011-07-29 14:55:00,0.85,12839,United Kingdom,25.5
561817,23202,JUMBO BAG VINTAGE LEAF,30,2011-07-29 15:51:00,2.08,12921,United Kingdom,62.400000000000006
561817,21931,JUMBO STORAGE BAG SUKI,10,2011-07-29 15:51:00,2.08,12921,United Kingdom,20.8
561859,22997,TRAVEL CARD WALLET UNION JACK,72,2011-07-29 17:19:00,0.42,17750,United Kingdom,30.24
561859,84927A,WAKE UP COCKEREL TILE HOOK,6,2011-07-29 17:19:00,0.39,17750,United Kingdom,2.34
561868,22313,OFFICE MUG WARMER PINK,2,2011-07-31 11:26:00,2.95,16813,United Kingdom,5.9
561868,85183A,CHARLIE & LOLA WASTEPAPER BIN BLUE,2,2011-07-31 11:26:00,1.25,16813,United Kingdom,2.5
561869,85071A,BLUE CHARLIE+LOLA PERSONAL DOORSIGN,2,2011-07-31 11:38:00,0.39,16764,United Kingdom,0.78
561869,85071D,CHARLIE+LOLA MY ROOM DOOR SIGN,2,2011-07-31 11:38:00,0.39,16764,United Kingdom,0.78
561870,22305,COFFEE MUG PINK PAISLEY DESIGN,6,2011-07-31 11:45:00,2.55,14911,EIRE,15.3
561871,21915,RED  HARMONICA IN BOX ,12,2011-07-31 11:46:00,1.25,13018,United Kingdom,15.0
561875,22575,METAL MERRY CHRISTMAS WREATH,32,2011-07-31 12:05:00,1.95,14885,United Kingdom,62.4
561875,21212,PACK OF 72 RETROSPOT CAKE CASES,120,2011-07-31 12:05:00,0.42,14885,United Kingdom,50.4
561878,22971,QUEENS GUARD COFFEE MUG,6,2011-07-31 12:34:00,2.55,17388,United Kingdom,15.3
561881,22273,FELTCRAFT DOLL MOLLY,6,2011-07-31 12:47:00,2.95,16477,United Kingdom,17.700000000000003
561885,17012F,ORIGAMI SANDLEWOOD INCENSE/CAND SET,1,2011-07-31 13:13:00,0.85,15532,United Kingdom,0.85
561885,85130C,BEADED CRYSTAL HEART BLUE  LARGE,1,2011-07-31 13:13:00,0.79,15532,United Kingdom,0.79
561885,17012D,ORIGAMI ROSE INCENSE/CANDLE SET ,2,2011-07-31 13:13:00,0.85,15532,United Kingdom,1.7
561891,21992,VINTAGE PAISLEY STATIONERY SET,4,2011-07-31 14:19:00,1.25,15438,United Kingdom,5.0
561891,84818,DANISH ROSE PHOTO FRAME,2,2011-07-31 14:19:00,0.79,15438,United Kingdom,1.58
561893,21430,SET/3 RED GINGHAM ROSE STORAGE BOX,2,2011-07-31 14:39:00,3.75,12942,United Kingdom,7.5
561894,23146,TRIPLE HOOK ANTIQUE IVORY ROSE,1,2011-07-31 15:00:00,3.29,14456,United Kingdom,3.29
561894,21981,PACK OF 12 WOODLAND TISSUES ,1,2011-07-31 15:00:00,0.29,14456,United Kingdom,0.29
561894,22602,RETROSPOT WOODEN HEART DECORATION,1,2011-07-31 15:00:00,0.85,14456,United Kingdom,0.85
561894,22773,GREEN DRAWER KNOB ACRYLIC EDWARDIAN,1,2011-07-31 15:00:00,1.25,14456,United Kingdom,1.25
561894,21986,PACK OF 12 PINK POLKADOT TISSUES,1,2011-07-31 15:00:00,0.29,14456,United Kingdom,0.29
561895,21124,SET/10 BLUE POLKADOT PARTY CANDLES,1,2011-07-31 15:04:00,1.25,12748,United Kingdom,1.25
561897,82580,BATHROOM METAL SIGN,1,2011-07-31 15:24:00,0.55,17841,United Kingdom,0.55
561900,22667,RECIPE BOX RETROSPOT ,1,2011-07-31 15:31:00,2.95,16655,United Kingdom,2.95
561901,23186,FRENCH STYLE STORAGE JAR CAFE ,288,2011-07-31 15:42:00,1.04,14156,EIRE,299.52
561902,23245,SET OF 3 REGENCY CAKE TINS,96,2011-07-31 15:50:00,4.95,17404,Sweden,475.2000000000001
561902,23295,SET OF 12 MINI LOAF BAKING CASES,128,2011-07-31 15:50:00,0.83,17404,Sweden,106.24
561903,48188,DOORMAT WELCOME PUPPIES,2,2011-07-31 16:04:00,7.95,17162,United Kingdom,15.9
561905,84978,HANGING HEART JAR T-LIGHT HOLDER,12,2011-08-01 09:31:00,1.25,14947,United Kingdom,15.0
561910,22795,SWEETHEART RECIPE BOOK STAND,6,2011-08-01 10:23:00,5.95,17053,United Kingdom,35.7
561911,20977,36 PENCILS TUBE WOODLAND,16,2011-08-01 10:26:00,1.25,12534,Germany,20.0
561912,22157,ANGEL DECORATION WITH LACE PADDED,24,2011-08-01 11:08:00,0.85,13184,United Kingdom,20.4
561915,21034,REX CASH+CARRY JUMBO SHOPPER,2,2011-08-01 11:23:00,0.95,14408,United Kingdom,1.9
561917,21793,CLASSIC FRENCH STYLE BASKET BROWN,1,2011-08-01 11:57:00,3.95,16904,United Kingdom,3.95
561917,22386,JUMBO BAG PINK POLKADOT,3,2011-08-01 11:57:00,2.08,16904,United Kingdom,6.24
561917,85099F,JUMBO BAG STRAWBERRY,1,2011-08-01 11:57:00,2.08,16904,United Kingdom,2.08
561922,22544,MINI JIGSAW SPACEBOY,1,2011-08-01 12:12:00,0.42,13167,United Kingdom,0.42
561925,37449,CERAMIC CAKE STAND + HANGING CAKES,6,2011-08-01 12:28:00,9.95,16551,United Kingdom,59.7
561926,84380,SET OF 3 BUTTERFLY COOKIE CUTTERS,12,2011-08-01 12:48:00,1.25,12749,United Kingdom,15.0
561926,22969,HOMEMADE JAM SCENTED CANDLES,12,2011-08-01 12:48:00,1.45,12749,United Kingdom,17.4
561926,23145,ZINC T-LIGHT HOLDER STAR LARGE,12,2011-08-01 12:48:00,0.95,12749,United Kingdom,11.4
561955,21210,SET OF 72 RETROSPOT PAPER  DOILIES,12,2011-08-01 13:03:00,1.45,12949,United Kingdom,17.4
561968,23337,EGG FRYING PAN MINT ,2,2011-08-01 13:29:00,2.08,16332,United Kingdom,4.16
561968,15058C,ICE CREAM DESIGN GARDEN PARASOL,2,2011-08-01 13:29:00,7.95,16332,United Kingdom,15.9
562014,21394,RED POLKADOT BEAKER ,48,2011-08-01 14:05:00,0.39,14341,United Kingdom,18.72
562015,22185,SLATE TILE NATURAL HANGING,12,2011-08-01 14:06:00,1.65,17615,United Kingdom,19.8
562017,21843,RED RETROSPOT CAKE STAND,12,2011-08-01 14:16:00,9.95,14937,Channel Islands,119.4
562021,22149,FELTCRAFT 6 FLOWER FRIENDS,6,2011-08-01 15:37:00,2.1,16172,United Kingdom,12.6
562023,21669,BLUE STRIPE CERAMIC DRAWER KNOB,12,2011-08-01 15:57:00,1.25,16814,United Kingdom,15.0
562025,37449,CERAMIC CAKE STAND + HANGING CAKES,4,2011-08-01 16:16:00,9.95,12828,United Kingdom,39.8
562031,90123B,TURQUOISE HEART OF GLASS BRACELET,3,2011-08-01 17:37:00,5.95,16984,United Kingdom,17.85
562031,82494L,WOODEN FRAME ANTIQUE WHITE ,2,2011-08-01 17:37:00,2.95,16984,United Kingdom,5.9
562031,22683,FRENCH BLUE METAL DOOR SIGN 8,5,2011-08-01 17:37:00,1.25,16984,United Kingdom,6.25
562031,84792,ENCHANTED BIRD COATHANGER 5 HOOK,4,2011-08-01 17:37:00,4.65,16984,United Kingdom,18.6
562031,22675,FRENCH KITCHEN SIGN BLUE METAL,1,2011-08-01 17:37:00,1.25,16984,United Kingdom,1.25
562031,22681,FRENCH BLUE METAL DOOR SIGN 6,6,2011-08-01 17:37:00,1.25,16984,United Kingdom,7.5
562031,48187,DOORMAT NEW ENGLAND,2,2011-08-01 17:37:00,7.95,16984,United Kingdom,15.9
562032,21791,VINTAGE HEADS AND TAILS CARD GAME ,24,2011-08-02 08:48:00,1.25,12347,Iceland,30.0
562035,20724,RED RETROSPOT CHARLOTTE BAG,10,2011-08-02 09:29:00,0.85,12627,Germany,8.5
562042,21974,SET OF 36 PAISLEY FLOWER DOILIES,12,2011-08-02 10:19:00,1.45,13075,United Kingdom,17.4
562043,22969,HOMEMADE JAM SCENTED CANDLES,12,2011-08-02 10:19:00,1.45,15342,United Kingdom,17.4
562042,23202,JUMBO BAG VINTAGE LEAF,40,2011-08-02 10:19:00,2.08,13075,United Kingdom,83.2
562044,16161G,WRAP BAD HAIR DAY,50,2011-08-02 10:24:00,0.1,16607,United Kingdom,5.0
562045,23308,SET OF 60 VINTAGE LEAF CAKE CASES ,24,2011-08-02 10:33:00,0.55,12644,Germany,13.2
562046,21558,SKULL LUNCH BOX WITH CUTLERY ,6,2011-08-02 10:34:00,2.55,12378,Switzerland,15.3
562046,23550,WRAP ALPHABET POSTER  ,25,2011-08-02 10:34:00,0.42,12378,Switzerland,10.5
562046,22981,PANTRY APPLE CORER,12,2011-08-02 10:34:00,1.45,12378,Switzerland,17.4
562085,23296,SET OF 6 TEA TIME BAKING CASES,12,2011-08-02 12:27:00,1.25,15228,United Kingdom,15.0
562087,21985,PACK OF 12 HEARTS DESIGN TISSUES ,4,2011-08-02 12:31:00,0.29,14606,United Kingdom,1.16
562099,79321,CHILLI LIGHTS,4,2011-08-02 13:46:00,5.75,14688,United Kingdom,23.0
562101,22411,JUMBO SHOPPER VINTAGE RED PAISLEY,10,2011-08-02 14:04:00,2.08,13850,United Kingdom,20.8
562101,21929,JUMBO BAG PINK VINTAGE PAISLEY,10,2011-08-02 14:04:00,2.08,13850,United Kingdom,20.8
562101,22961,JAM MAKING SET PRINTED,12,2011-08-02 14:04:00,1.45,13850,United Kingdom,17.4
562101,22111,SCOTTIE DOG HOT WATER BOTTLE,3,2011-08-02 14:04:00,4.95,13850,United Kingdom,14.85
562102,22384,LUNCH BAG PINK POLKADOT,20,2011-08-02 14:21:00,1.65,13089,United Kingdom,33.0
562106,21787,RAIN PONCHO RETROSPOT,3,2011-08-02 15:19:00,0.85,14076,United Kingdom,2.55
562129,48116,DOORMAT MULTICOLOUR STRIPE,2,2011-08-03 09:09:00,7.95,13186,United Kingdom,15.9
562129,21484,CHICK GREY HOT WATER BOTTLE,4,2011-08-03 09:09:00,3.45,13186,United Kingdom,13.8
562131,23289,DOLLY GIRL CHILDRENS BOWL,8,2011-08-03 09:30:00,1.25,18178,United Kingdom,10.0
562131,21033,JUMBO BAG CHARLIE AND LOLA TOYS,10,2011-08-03 09:30:00,2.08,18178,United Kingdom,20.8
562137,22386,JUMBO BAG PINK POLKADOT,10,2011-08-03 10:04:00,2.08,12720,Germany,20.8
562145,22595,GINGHAM HEART DECORATION,12,2011-08-03 10:45:00,0.85,17656,United Kingdom,10.2
562148,23444,Next Day Carriage,1,2011-08-03 10:49:00,15.0,13695,United Kingdom,15.0
562158,22437,SET OF 9 BLACK SKULL BALLOONS,10,2011-08-03 11:45:00,0.85,15039,United Kingdom,8.5
562161,22245,"HOOK, 1 HANGER ,MAGIC GARDEN",1,2011-08-03 11:58:00,0.85,17841,United Kingdom,0.85
562161,22380,TOY TIDY SPACEBOY  ,2,2011-08-03 11:58:00,2.1,17841,United Kingdom,4.2
562163,22558,CLOTHES PEGS RETROSPOT PACK 24 ,12,2011-08-03 12:06:00,1.65,15628,United Kingdom,19.8
562166,23206,LUNCH BAG APPLE DESIGN,10,2011-08-03 12:10:00,1.65,13209,United Kingdom,16.5
562173,22372,AIRLINE BAG VINTAGE WORLD CHAMPION ,1,2011-08-03 12:12:00,4.25,14530,United Kingdom,4.25
562173,22469,HEART OF WICKER SMALL,3,2011-08-03 12:12:00,1.65,14530,United Kingdom,4.949999999999999
562173,22178,VICTORIAN GLASS HANGING T-LIGHT,12,2011-08-03 12:12:00,1.25,14530,United Kingdom,15.0
562199,23438, RED SPOT GIFT BAG LARGE,20,2011-08-03 12:20:00,1.25,12748,United Kingdom,25.0
562199,23202,JUMBO BAG VINTAGE LEAF,5,2011-08-03 12:20:00,2.08,12748,United Kingdom,10.4
562201,23321,SMALL WHITE HEART OF WICKER,1,2011-08-03 12:31:00,1.65,14527,United Kingdom,1.65
562203,84378,SET OF 3 HEART COOKIE CUTTERS,12,2011-08-03 12:50:00,1.25,16102,United Kingdom,15.0
562204,23202,JUMBO BAG VINTAGE LEAF,1,2011-08-03 12:54:00,2.08,16324,United Kingdom,2.08
562204,51014L,"FEATHER PEN,LIGHT PINK",24,2011-08-03 12:54:00,0.39,16324,United Kingdom,9.36
562214,21992,VINTAGE PAISLEY STATIONERY SET,12,2011-08-03 13:39:00,1.25,17731,United Kingdom,15.0
562213,84536A,ENGLISH ROSE NOTEBOOK A7 SIZE,6,2011-08-03 13:39:00,0.42,13975,United Kingdom,2.52
562213,85099F,JUMBO BAG STRAWBERRY,3,2011-08-03 13:39:00,2.08,13975,United Kingdom,6.24
562214,85032A,ROMANTIC IMAGES GIFT WRAP SET,12,2011-08-03 13:39:00,0.65,17731,United Kingdom,7.800000000000001
562216,85099F,JUMBO BAG STRAWBERRY,10,2011-08-03 13:50:00,2.08,16835,United Kingdom,20.8
562219,22982,PANTRY PASTRY BRUSH,12,2011-08-03 14:14:00,1.25,15089,United Kingdom,15.0
562222,23054,RECYCLED ACAPULCO MAT LAVENDER,2,2011-08-03 14:33:00,8.25,18073,United Kingdom,16.5
562263,22851,SET 20 NAPKINS FAIRY CAKES DESIGN ,3,2011-08-03 15:45:00,0.85,17514,United Kingdom,2.55
562263,23067,HANGING ENGRAVED METAL HEART,4,2011-08-03 15:45:00,4.15,17514,United Kingdom,16.6
562269,20726,LUNCH BAG WOODLAND,2,2011-08-03 16:35:00,1.65,14056,United Kingdom,3.3
562274,21557,SET OF 6 FUNKY BEAKERS,6,2011-08-04 10:00:00,2.95,12704,Finland,17.700000000000003
562276,20725,LUNCH BAG RED RETROSPOT,10,2011-08-04 10:23:00,1.65,17735,United Kingdom,16.5
562283,20914,SET/5 RED RETROSPOT LID GLASS BOWLS,6,2011-08-04 10:43:00,2.95,15249,United Kingdom,17.700000000000003
562286,22530,MAGIC DRAWING SLATE DOLLY GIRL ,30,2011-08-04 10:45:00,0.36,15061,United Kingdom,10.8
562286,22558,CLOTHES PEGS RETROSPOT PACK 24 ,30,2011-08-04 10:45:00,1.45,15061,United Kingdom,43.5
562287,21242,RED RETROSPOT PLATE ,8,2011-08-04 11:07:00,1.69,12455,Spain,13.52
562313,23138,SINGLE WIRE HOOK IVORY HEART,12,2011-08-04 11:38:00,1.45,14640,United Kingdom,17.4
562341,22996,TRAVEL CARD WALLET VINTAGE TICKET,10,2011-08-04 12:13:00,0.42,15005,United Kingdom,4.2
562343,22616,PACK OF 12 LONDON TISSUES ,1008,2011-08-04 12:13:00,0.29,17381,United Kingdom,292.32
562347,22720,SET OF 3 CAKE TINS PANTRY DESIGN ,1,2011-08-04 12:22:00,4.95,13263,United Kingdom,4.95
562347,22995,TRAVEL CARD WALLET SUKI,1,2011-08-04 12:22:00,0.42,13263,United Kingdom,0.42
562347,21179,NO JUNK MAIL METAL SIGN,2,2011-08-04 12:22:00,0.39,13263,United Kingdom,0.78
562348,21621,VINTAGE UNION JACK BUNTING,100,2011-08-04 12:36:00,7.45,17511,United Kingdom,745.0
562351,85099B,JUMBO BAG RED RETROSPOT,10,2011-08-04 13:10:00,2.08,16626,United Kingdom,20.8
562354,21179,NO JUNK MAIL METAL SIGN,24,2011-08-04 13:15:00,0.39,17470,United Kingdom,9.36
562355,22138,BAKING SET 9 PIECE RETROSPOT ,6,2011-08-04 13:25:00,4.95,14768,United Kingdom,29.700000000000003
562369,23270,SET OF 2 CERAMIC PAINTED HEARTS ,10,2011-08-04 14:12:00,1.45,17584,United Kingdom,14.5
562371,20750,RED RETROSPOT MINI CASES,2,2011-08-04 14:30:00,7.95,13709,United Kingdom,15.9
562374,23169,CLASSIC GLASS COOKIE JAR,6,2011-08-04 14:40:00,4.15,14911,EIRE,24.9
562377,22963,JAM JAR WITH GREEN LID,6,2011-08-04 15:04:00,0.85,14535,United Kingdom,5.1
562377,85066,CREAM SWEETHEART MINI CHEST,1,2011-08-04 15:04:00,12.75,14535,United Kingdom,12.75
562377,23026,DRAWER KNOB VINTAGE GLASS STAR,6,2011-08-04 15:04:00,2.08,14535,United Kingdom,12.48
562378,23322,LARGE WHITE HEART OF WICKER,4,2011-08-04 15:07:00,2.95,15046,United Kingdom,11.8
562379,22619,SET OF 6 SOLDIER SKITTLES,4,2011-08-04 15:17:00,3.75,15134,United Kingdom,15.0
562379,84976,RECTANGULAR SHAPED MIRROR,12,2011-08-04 15:17:00,0.79,15134,United Kingdom,9.48
562381,20724,RED RETROSPOT CHARLOTTE BAG,20,2011-08-04 15:33:00,0.85,16873,United Kingdom,17.0
562381,21789,KIDS RAIN MAC PINK,24,2011-08-04 15:33:00,0.85,16873,United Kingdom,20.4
562387,23321,SMALL WHITE HEART OF WICKER,12,2011-08-04 15:51:00,1.65,13402,United Kingdom,19.8
562388,22109,FULL ENGLISH BREAKFAST PLATE,1,2011-08-04 15:52:00,3.75,18099,United Kingdom,3.75
562422,21981,PACK OF 12 WOODLAND TISSUES ,24,2011-08-04 16:59:00,0.29,13218,United Kingdom,6.959999999999999
562427,22728,ALARM CLOCK BAKELIKE PINK,1,2011-08-04 17:19:00,3.75,17267,United Kingdom,3.75
562427,22998,TRAVEL CARD WALLET KEEP CALM,1,2011-08-04 17:19:00,0.42,17267,United Kingdom,0.42
562427,22751,FELTCRAFT PRINCESS OLIVIA DOLL,1,2011-08-04 17:19:00,3.75,17267,United Kingdom,3.75
562431,20674,GREEN POLKADOT BOWL,5,2011-08-04 17:37:00,1.25,13069,United Kingdom,6.25
562433,22193,RED DINER WALL CLOCK,2,2011-08-04 17:40:00,8.5,17677,United Kingdom,17.0
562437,23545,WRAP RED DOILEY,25,2011-08-04 17:58:00,0.42,13047,United Kingdom,10.5
562444,21917,SET 12 KIDS  WHITE CHALK STICKS,12,2011-08-04 18:44:00,0.42,14713,United Kingdom,5.04
562444,20726,LUNCH BAG WOODLAND,3,2011-08-04 18:44:00,1.65,14713,United Kingdom,4.949999999999999
562456,20972,PINK CREAM FELT CRAFT TRINKET BOX ,12,2011-08-05 10:39:00,1.25,15194,United Kingdom,15.0
562457,22040,BOTANICAL ROSE GIFT WRAP,50,2011-08-05 11:00:00,0.42,18079,United Kingdom,21.0
562460,22411,JUMBO SHOPPER VINTAGE RED PAISLEY,1,2011-08-05 11:19:00,2.08,17841,United Kingdom,2.08
562517,85099F,JUMBO BAG STRAWBERRY,5,2011-08-05 12:27:00,2.08,15719,United Kingdom,10.4
562517,23201,JUMBO BAG ALPHABET,2,2011-08-05 12:27:00,2.08,15719,United Kingdom,4.16
562521,21609,SET 12 LAVENDER  BOTANICAL T-LIGHTS,48,2011-08-05 12:48:00,2.55,17457,United Kingdom,122.4
562523,47566,PARTY BUNTING,8,2011-08-05 13:26:00,4.95,16174,United Kingdom,39.6
562524,47590B,PINK HAPPY BIRTHDAY BUNTING,6,2011-08-05 13:28:00,5.45,15201,United Kingdom,32.7
562525,23295,SET OF 12 MINI LOAF BAKING CASES,8,2011-08-05 13:35:00,0.83,18282,United Kingdom,6.64
562527,22077,6 RIBBONS RUSTIC CHARM,12,2011-08-05 13:49:00,1.65,12647,Germany,19.8
562528,22617,BAKING SET SPACEBOY DESIGN,3,2011-08-05 13:52:00,4.95,12610,Italy,14.85
562534,22699,ROSES REGENCY TEACUP AND SAUCER ,2,2011-08-05 14:49:00,2.95,14031,United Kingdom,5.9
562539,22966,GINGERBREAD MAN COOKIE CUTTER,3,2011-08-05 15:30:00,1.25,17220,United Kingdom,3.75
562539,22488,NATURAL SLATE RECTANGLE CHALKBOARD,3,2011-08-05 15:30:00,1.65,17220,United Kingdom,4.949999999999999
562540,22636,CHILDS BREAKFAST SET CIRCUS PARADE,2,2011-08-05 15:38:00,8.5,17400,United Kingdom,17.0
562542,21519,GIN & TONIC DIET GREETING CARD ,12,2011-08-05 15:40:00,0.42,17377,United Kingdom,5.04
562543,22386,JUMBO BAG PINK POLKADOT,20,2011-08-05 15:45:00,2.08,13552,United Kingdom,41.6
562549,23254,CHILDRENS CUTLERY DOLLY GIRL ,8,2011-08-05 16:10:00,4.15,17092,United Kingdom,33.2
562549,20829,GLITTER HANGING BUTTERFLY STRING,1,2011-08-05 16:10:00,2.1,17092,United Kingdom,2.1
562549,22467,GUMBALL COAT RACK,12,2011-08-05 16:10:00,2.55,17092,United Kingdom,30.6
562549,20979,36 PENCILS TUBE RED RETROSPOT,8,2011-08-05 16:10:00,1.25,17092,United Kingdom,10.0
562551,90209A,PURPLE ENAMEL+GLASS HAIR COMB,2,2011-08-05 16:19:00,2.1,17231,United Kingdom,4.2
562551,22585,PACK OF 6 BIRDY GIFT TAGS,2,2011-08-05 16:19:00,1.25,17231,United Kingdom,2.5
562558,23321,SMALL WHITE HEART OF WICKER,3,2011-08-05 16:43:00,1.65,13451,United Kingdom,4.949999999999999
562558,23342,MINT DINER WALL CLOCK,1,2011-08-05 16:43:00,8.5,13451,United Kingdom,8.5
562558,37475,SET/4 COLOURFUL MIXING BOWLS,1,2011-08-05 16:43:00,9.95,13451,United Kingdom,9.95
562558,22507,MEMO BOARD RETROSPOT  DESIGN,2,2011-08-05 16:43:00,4.95,13451,United Kingdom,9.9
562560,21402,RED  EGG  SPOON,24,2011-08-05 17:12:00,0.12,14156,EIRE,2.88
562560,23308,SET OF 60 VINTAGE LEAF CAKE CASES ,24,2011-08-05 17:12:00,0.55,14156,EIRE,13.2
562570,23169,CLASSIC GLASS COOKIE JAR,1,2011-08-07 12:10:00,4.15,14079,United Kingdom,4.15
562570,22988,SOLDIERS EGG CUP ,12,2011-08-07 12:10:00,1.25,14079,United Kingdom,15.0
562575,22508,DOORSTOP RETROSPOT HEART,4,2011-08-07 12:54:00,3.75,15411,United Kingdom,15.0
562587,21983,PACK OF 12 BLUE PAISLEY TISSUES ,12,2011-08-07 14:34:00,0.29,15640,United Kingdom,3.4799999999999995
562593,23145,ZINC T-LIGHT HOLDER STAR LARGE,6,2011-08-07 15:43:00,0.95,16549,United Kingdom,5.699999999999999
562593,20659,ECONOMY LUGGAGE TAG,2,2011-08-07 15:43:00,1.25,16549,United Kingdom,2.5
562598,23308,SET OF 60 VINTAGE LEAF CAKE CASES ,24,2011-08-08 10:00:00,0.55,15152,United Kingdom,13.2
562599,22362,GLASS JAR PEACOCK BATH SALTS,6,2011-08-08 10:01:00,2.95,13013,United Kingdom,17.700000000000003
562602,22413,METAL SIGN TAKE IT OR LEAVE IT ,6,2011-08-08 10:11:00,2.95,12865,Austria,17.700000000000003
562602,23032,DRAWER KNOB CRACKLE GLAZE IVORY,12,2011-08-08 10:11:00,1.65,12865,Austria,19.8
562605,20725,LUNCH BAG RED RETROSPOT,10,2011-08-08 10:59:00,1.65,12530,Germany,16.5
562607,84987,SET OF 36 TEATIME PAPER DOILIES,12,2011-08-08 11:45:00,1.45,12885,United Kingdom,17.4
562608,23164,REGENCY CAKE SLICE,4,2011-08-08 11:45:00,4.95,15502,United Kingdom,19.8
562608,22630,DOLLY GIRL LUNCH BOX,24,2011-08-08 11:45:00,1.95,15502,United Kingdom,46.8
562607,20972,PINK CREAM FELT CRAFT TRINKET BOX ,12,2011-08-08 11:45:00,1.25,12885,United Kingdom,15.0
562611,22297,HEART IVORY TRELLIS SMALL,24,2011-08-08 11:58:00,1.25,17716,United Kingdom,30.0
562611,22694,WICKER STAR ,6,2011-08-08 11:58:00,2.1,17716,United Kingdom,12.6
562619,21791,VINTAGE HEADS AND TAILS CARD GAME ,1,2011-08-08 12:34:00,1.25,15311,United Kingdom,1.25
562670,20998,ROSE DU SUD OVEN GLOVE,6,2011-08-08 13:42:00,2.95,14911,EIRE,17.700000000000003
562680,22819,"BIRTHDAY CARD, RETRO SPOT",12,2011-08-08 13:46:00,0.42,17954,United Kingdom,5.04
562680,20718,RED RETROSPOT SHOPPER BAG,2,2011-08-08 13:46:00,1.25,17954,United Kingdom,2.5
562680,22553,PLASTERS IN TIN SKULLS,1,2011-08-08 13:46:00,1.65,17954,United Kingdom,1.65
562688,22171,3 HOOK PHOTO SHELF ANTIQUE WHITE,2,2011-08-08 13:53:00,8.5,13869,United Kingdom,17.0
562688,85034A,3 GARDENIA MORRIS BOXED CANDLES,4,2011-08-08 13:53:00,4.25,13869,United Kingdom,17.0
562688,21833,CAMOUFLAGE LED TORCH,6,2011-08-08 13:53:00,1.69,13869,United Kingdom,10.14
562688,22805,BLUE DRAWER KNOB ACRYLIC EDWARDIAN,4,2011-08-08 13:53:00,1.25,13869,United Kingdom,5.0
562708,21733,RED HANGING HEART T-LIGHT HOLDER,4,2011-08-08 14:15:00,2.95,17085,United Kingdom,11.8
562710,20719,WOODLAND CHARLOTTE BAG,30,2011-08-08 14:37:00,0.72,14298,United Kingdom,21.6
562711,22624,IVORY KITCHEN SCALES,1,2011-08-08 14:53:00,8.5,16788,United Kingdom,8.5
562711,21158,MOODY GIRL DOOR HANGER ,1,2011-08-08 14:53:00,0.39,16788,United Kingdom,0.39
562712,84375,SET OF 20 KIDS COOKIE CUTTERS,12,2011-08-08 15:00:00,2.1,13016,United Kingdom,25.200000000000003
562716,23206,LUNCH BAG APPLE DESIGN,20,2011-08-08 15:35:00,1.65,14257,United Kingdom,33.0
562721,22702,BLACK AND WHITE CAT BOWL,12,2011-08-08 16:31:00,2.1,15985,United Kingdom,25.200000000000003
562732,21314,SMALL GLASS HEART TRINKET POT,8,2011-08-09 10:19:00,2.1,18248,United Kingdom,16.8
562733,22670,FRENCH WC SIGN BLUE METAL,12,2011-08-09 10:20:00,1.25,14626,United Kingdom,15.0
562733,21669,BLUE STRIPE CERAMIC DRAWER KNOB,12,2011-08-09 10:20:00,1.25,14626,United Kingdom,15.0
562733,21929,JUMBO BAG PINK VINTAGE PAISLEY,10,2011-08-09 10:20:00,2.08,14626,United Kingdom,20.8
562768,22386,JUMBO BAG PINK POLKADOT,10,2011-08-09 10:49:00,2.08,14127,United Kingdom,20.8
562770,22847,BREAD BIN DINER STYLE IVORY,2,2011-08-09 11:56:00,16.95,17139,United Kingdom,33.9
562772,82567,"AIRLINE LOUNGE,METAL SIGN",4,2011-08-09 12:07:00,2.1,13097,United Kingdom,8.4
562772,22558,CLOTHES PEGS RETROSPOT PACK 24 ,8,2011-08-09 12:07:00,1.65,13097,United Kingdom,13.2
562772,23340,VINTAGE CHRISTMAS CAKE FRILL,6,2011-08-09 12:07:00,1.65,13097,United Kingdom,9.9
562774,84375,SET OF 20 KIDS COOKIE CUTTERS,12,2011-08-09 12:20:00,2.1,13500,United Kingdom,25.200000000000003
562775,22382,LUNCH BAG SPACEBOY DESIGN ,10,2011-08-09 12:21:00,1.65,15078,United Kingdom,16.5
562776,22180,RETROSPOT LAMP,1,2011-08-09 12:23:00,9.95,14180,United Kingdom,9.95
562782,20726,LUNCH BAG WOODLAND,10,2011-08-09 13:14:00,1.65,13280,United Kingdom,16.5
562784,23132,SMALL IVORY HEART WALL ORGANISER,2,2011-08-09 13:22:00,5.75,16791,United Kingdom,11.5
562789,22720,SET OF 3 CAKE TINS PANTRY DESIGN ,32,2011-08-09 13:50:00,4.25,14646,Netherlands,136.0
562789,20752,BLUE POLKADOT WASHING UP GLOVES,12,2011-08-09 13:50:00,2.1,14646,Netherlands,25.200000000000003
562792,82484,WOOD BLACK BOARD ANT WHITE FINISH,2,2011-08-09 14:18:00,7.95,17634,United Kingdom,15.9
562804,23206,LUNCH BAG APPLE DESIGN,10,2011-08-09 14:48:00,1.65,13355,United Kingdom,16.5
562807,84991,60 TEATIME FAIRY CAKE CASES,120,2011-08-09 14:57:00,0.42,16053,United Kingdom,50.4
562809,21034,REX CASH+CARRY JUMBO SHOPPER,1,2011-08-09 15:12:00,0.95,16775,United Kingdom,0.95
562838,20996,JAZZ HEARTS ADDRESS BOOK,24,2011-08-09 15:59:00,0.19,13162,United Kingdom,4.5600000000000005
562838,85130B,BEADED CRYSTAL HEART GREEN LARGE,24,2011-08-09 15:59:00,0.79,13162,United Kingdom,18.96
562850,20719,WOODLAND CHARLOTTE BAG,30,2011-08-10 10:08:00,0.85,14680,United Kingdom,25.5
562851,23145,ZINC T-LIGHT HOLDER STAR LARGE,12,2011-08-10 10:09:00,0.95,13117,United Kingdom,11.4
562852,22151,PLACE SETTING WHITE HEART,24,2011-08-10 10:12:00,0.42,13050,United Kingdom,10.08
562852,23209,LUNCH BAG VINTAGE DOILY ,10,2011-08-10 10:12:00,1.65,13050,United Kingdom,16.5
562852,82482,WOODEN PICTURE FRAME WHITE FINISH,6,2011-08-10 10:12:00,2.55,13050,United Kingdom,15.3
562854,84929,ASSTD FRUIT+FLOWERS FRIDGE MAGNETS,24,2011-08-10 10:15:00,0.19,16133,United Kingdom,4.5600000000000005
562880,84997D,CHILDRENS CUTLERY POLKADOT PINK,24,2011-08-10 10:53:00,4.15,15838,United Kingdom,99.6
562881,22569,FELTCRAFT CUSHION BUTTERFLY,4,2011-08-10 10:57:00,3.75,15632,United Kingdom,15.0
562885,21787,RAIN PONCHO RETROSPOT,24,2011-08-10 11:30:00,0.85,14024,United Kingdom,20.4
562890,22461,SAVOY ART DECO CLOCK,12,2011-08-10 12:11:00,3.95,14191,United Kingdom,47.400000000000006
562893,21787,RAIN PONCHO RETROSPOT,24,2011-08-10 12:25:00,0.85,17442,United Kingdom,20.4
562894,21086,SET/6 RED SPOTTY PAPER CUPS,12,2011-08-10 12:35:00,0.65,12571,France,7.800000000000001
562922,21306,SET/4 DAISY MIRROR MAGNETS,72,2011-08-10 14:26:00,0.29,12594,Italy,20.88
562928,20750,RED RETROSPOT MINI CASES,2,2011-08-10 15:29:00,7.95,15494,United Kingdom,15.9
562932,21222,SET/4 BADGES BEETLES,2,2011-08-10 16:39:00,1.25,16904,United Kingdom,2.5
562932,23206,LUNCH BAG APPLE DESIGN,2,2011-08-10 16:39:00,1.65,16904,United Kingdom,3.3
562944,23256,CHILDRENS CUTLERY SPACEBOY ,4,2011-08-11 09:34:00,4.15,13985,United Kingdom,16.6
562949,47503A,ASS FLORAL PRINT MULTI SCREWDRIVER,24,2011-08-11 09:47:00,0.42,14346,United Kingdom,10.08
562951,84352,SILVER CHRISTMAS TREE BAUBLE STAND ,1,2011-08-11 09:57:00,16.95,14462,United Kingdom,16.95
562965,15060B,FAIRY CAKE DESIGN UMBRELLA,4,2011-08-11 10:45:00,3.75,18226,United Kingdom,15.0
562980,23315,IVORY REFECTORY CLOCK,2,2011-08-11 11:44:00,9.95,17686,United Kingdom,19.9
563012,84992,72 SWEETHEART FAIRY CAKE CASES,3,2011-08-11 12:00:00,0.55,17284,United Kingdom,1.65
563012,22440,BALLOON WATER BOMB PACK OF 35,3,2011-08-11 12:00:00,0.42,17284,United Kingdom,1.26
563016,22939,ADULT APRON APPLE DELIGHT,4,2011-08-11 12:44:00,4.95,15358,United Kingdom,19.8
563016,22961,JAM MAKING SET PRINTED,12,2011-08-11 12:44:00,1.45,15358,United Kingdom,17.4
563017,22466,FAIRY TALE COTTAGE NIGHTLIGHT,12,2011-08-11 12:48:00,1.95,13198,United Kingdom,23.4
563019,47566,PARTY BUNTING,8,2011-08-11 12:58:00,4.95,17340,United Kingdom,39.6
563023,22847,BREAD BIN DINER STYLE IVORY,1,2011-08-11 13:39:00,16.95,14639,United Kingdom,16.95
563023,48187,DOORMAT NEW ENGLAND,2,2011-08-11 13:39:00,7.95,14639,United Kingdom,15.9
563024,23080,RED METAL BOX TOP SECRET,2,2011-08-11 13:41:00,8.25,14639,United Kingdom,16.5
563024,23169,CLASSIC GLASS SWEET JAR,3,2011-08-11 13:41:00,4.15,14639,United Kingdom,12.45
563029,23211,RED ROCKING HORSE HAND PAINTED,24,2011-08-11 14:34:00,1.25,18093,United Kingdom,30.0
563032,21380,WOODEN HAPPY BIRTHDAY GARLAND,6,2011-08-11 14:39:00,2.95,16076,United Kingdom,17.700000000000003
563034,20725,LUNCH BAG RED RETROSPOT,10,2011-08-11 14:53:00,1.65,17644,United Kingdom,16.5
563062,22384,LUNCH BAG PINK POLKADOT,2,2011-08-11 15:25:00,1.65,17811,United Kingdom,3.3
563070,21770,OPEN CLOSED METAL SIGN,1,2011-08-11 15:34:00,4.95,14099,United Kingdom,4.95
563073,22838,3 TIER CAKE TIN RED AND CREAM,1,2011-08-11 15:56:00,14.95,18235,United Kingdom,14.95
563074,22992,REVOLVER WOODEN RULER ,432,2011-08-11 15:58:00,1.65,12931,United Kingdom,712.8
563076,48184,DOORMAT ENGLISH ROSE ,30,2011-08-11 16:12:00,6.75,14646,Netherlands,202.5
563076,22698,PINK REGENCY TEACUP AND SAUCER,24,2011-08-11 16:12:00,2.55,14646,Netherlands,61.2
563076,22326,ROUND SNACK BOXES SET OF4 WOODLAND ,240,2011-08-11 16:12:00,2.55,14646,Netherlands,612.0
563091,22429,ENAMEL MEASURING JUG CREAM,4,2011-08-11 17:02:00,4.25,12994,United Kingdom,17.0
563094,22156,HEART DECORATION WITH PEARLS ,24,2011-08-11 17:35:00,0.85,14525,United Kingdom,20.4
563094,22427,ENAMEL FLOWER JUG CREAM,1,2011-08-11 17:35:00,5.95,14525,United Kingdom,5.95
563096,21239,PINK  POLKADOT CUP,8,2011-08-12 09:10:00,0.85,15544,United Kingdom,6.8
563096,22662,LUNCH BAG DOLLY GIRL DESIGN,10,2011-08-12 09:10:00,1.65,15544,United Kingdom,16.5
563097,23252,VINTAGE RED ENAMEL TRIM JUG ,4,2011-08-12 09:11:00,3.75,17642,United Kingdom,15.0
563100,21340,CLASSIC METAL BIRDCAGE PLANT HOLDER,1,2011-08-12 09:57:00,12.75,12381,Norway,12.75
563100,84356,POMPOM CURTAIN,2,2011-08-12 09:57:00,6.95,12381,Norway,13.9
563100,22596,CHRISTMAS STAR WISH LIST CHALKBOARD,12,2011-08-12 09:57:00,1.25,12381,Norway,15.0
563110,23050,RECYCLED ACAPULCO MAT GREEN,2,2011-08-12 11:07:00,8.25,14849,United Kingdom,16.5
563110,21121,SET/10 RED POLKADOT PARTY CANDLES,24,2011-08-12 11:07:00,1.25,14849,United Kingdom,30.0
563110,21916,SET 12 RETRO WHITE CHALK STICKS,24,2011-08-12 11:07:00,0.42,14849,United Kingdom,10.08
563150,47599B,BLUE PARTY BAGS ,6,2011-08-12 11:41:00,2.1,15192,United Kingdom,12.6
563155,21245,GREEN POLKADOT PLATE ,5,2011-08-12 11:48:00,1.69,13069,United Kingdom,8.45
563155,21172,PARTY METAL SIGN ,20,2011-08-12 11:48:00,1.45,13069,United Kingdom,29.0
563167,21080,SET/20 RED RETROSPOT PAPER NAPKINS ,12,2011-08-12 12:37:00,0.85,14696,United Kingdom,10.2
563169,22698,PINK REGENCY TEACUP AND SAUCER,6,2011-08-12 12:42:00,2.95,14911,EIRE,17.700000000000003
563169,84509B,SET OF 4 FAIRY CAKE PLACEMATS,4,2011-08-12 12:42:00,3.75,14911,EIRE,15.0
563169,22380,TOY TIDY SPACEBOY  ,5,2011-08-12 12:42:00,2.1,14911,EIRE,10.5
563171,23121,PACK OF 6 COCKTAIL PARASOL STRAWS,24,2011-08-12 12:46:00,0.42,16317,United Kingdom,10.08
563174,23108,SET OF 10 LED DOLLY LIGHTS,2,2011-08-12 13:40:00,6.25,16746,United Kingdom,12.5
563174,22780,LIGHT GARLAND BUTTERFILES PINK,4,2011-08-12 13:40:00,4.25,16746,United Kingdom,17.0
563175,23051,RECYCLED ACAPULCO MAT BLUE,6,2011-08-12 14:02:00,8.25,14855,United Kingdom,49.5
563179,23344,JUMBO BAG 50'S CHRISTMAS ,10,2011-08-12 14:19:00,2.08,12431,Australia,20.8
563184,20727,LUNCH BAG  BLACK SKULL.,2,2011-08-12 14:50:00,1.65,17516,United Kingdom,3.3
563189,23293,SET OF 12 FAIRY CAKE BAKING CASES,8,2011-08-12 15:22:00,0.83,12682,France,6.64
563200,21754,HOME BUILDING BLOCK WORD,1,2011-08-14 10:49:00,5.95,13838,United Kingdom,5.95
563201,85049F,BABY BOOM RIBBONS ,1,2011-08-14 10:52:00,1.25,13838,United Kingdom,1.25
563201,48129,DOORMAT TOPIARY,1,2011-08-14 10:52:00,7.95,13838,United Kingdom,7.95
563203,82482,WOODEN PICTURE FRAME WHITE FINISH,36,2011-08-14 11:31:00,2.1,16525,United Kingdom,75.60000000000001
563205,23300,GARDENERS KNEELING PAD CUP OF TEA ,4,2011-08-14 12:03:00,1.65,14040,United Kingdom,6.6
563205,23238,SET OF 4 KNICK KNACK TINS LONDON ,2,2011-08-14 12:03:00,4.15,14040,United Kingdom,8.3
563209,23228,FILIGREE HEART BIRD WHITE ,6,2011-08-14 12:23:00,1.25,13527,United Kingdom,7.5
563213,23293,SET OF 12 FAIRY CAKE BAKING CASES,1,2011-08-14 12:55:00,0.83,16115,United Kingdom,0.83
563213,22386,JUMBO BAG PINK POLKADOT,2,2011-08-14 12:55:00,2.08,16115,United Kingdom,4.16
563214,22759,SET OF 3 NOTEBOOKS IN PARCEL,6,2011-08-14 12:56:00,1.65,16370,United Kingdom,9.9
563214,84380,SET OF 3 BUTTERFLY COOKIE CUTTERS,5,2011-08-14 12:56:00,1.25,16370,United Kingdom,6.25
563230,82600,NO SINGING METAL SIGN,2,2011-08-14 15:39:00,2.1,15376,United Kingdom,4.2
563241,21992,VINTAGE PAISLEY STATIONERY SET,12,2011-08-15 10:22:00,1.25,12758,Portugal,15.0
563241,22704,WRAP RED APPLES ,25,2011-08-15 10:22:00,0.42,12758,Portugal,10.5
563242,22795,SWEETHEART RECIPE BOOK STAND,6,2011-08-15 10:28:00,5.95,17173,United Kingdom,35.7
563245,20717,STRAWBERRY SHOPPER BAG,20,2011-08-15 10:53:00,1.25,16272,United Kingdom,25.0
563245,22411,JUMBO SHOPPER VINTAGE RED PAISLEY,10,2011-08-15 10:53:00,2.08,16272,United Kingdom,20.8
563246,21916,SET 12 RETRO WHITE CHALK STICKS,24,2011-08-15 10:57:00,0.42,13089,United Kingdom,10.08
563248,22908,PACK OF 20 NAPKINS RED APPLES,2,2011-08-15 11:30:00,0.85,14702,United Kingdom,1.7
563254,75049L,LARGE CIRCULAR MIRROR MOBILE,96,2011-08-15 12:06:00,0.85,15218,United Kingdom,81.6
563255,20675,BLUE POLKADOT BOWL,4,2011-08-15 12:07:00,1.25,14527,United Kingdom,5.0
563264,22630,DOLLY GIRL LUNCH BOX,12,2011-08-15 12:46:00,1.95,13720,United Kingdom,23.4
563264,22629,SPACEBOY LUNCH BOX ,12,2011-08-15 12:46:00,1.95,13720,United Kingdom,23.4
563268,20764,ABSTRACT CIRCLES SKETCHBOOK ,4,2011-08-15 12:47:00,3.75,13940,United Kingdom,15.0
563288,23290,SPACEBOY CHILDRENS BOWL,16,2011-08-15 12:53:00,1.25,12656,France,20.0
563328,21326,AGED GLASS SILVER T-LIGHT HOLDER,12,2011-08-15 13:07:00,0.65,14606,United Kingdom,7.800000000000001
563346,23199,JUMBO BAG APPLES,10,2011-08-15 13:37:00,2.08,14282,United Kingdom,20.8
563349,23203,JUMBO BAG VINTAGE DOILY ,5,2011-08-15 13:51:00,2.08,14623,United Kingdom,10.4
563351,23017,APOTHECARY MEASURING JAR,2,2011-08-15 14:17:00,12.5,16902,United Kingdom,25.0
563351,22680,FRENCH BLUE METAL DOOR SIGN 5,20,2011-08-15 14:17:00,1.25,16902,United Kingdom,25.0
563353,20998,ROSE DU SUD OVEN GLOVE,6,2011-08-15 14:32:00,2.95,15480,Malta,17.700000000000003
563353,22689,DOORMAT MERRY CHRISTMAS RED ,2,2011-08-15 14:32:00,7.95,15480,Malta,15.9
563354,23300,GARDENERS KNEELING PAD CUP OF TEA ,1,2011-08-15 14:35:00,1.65,15271,United Kingdom,1.65
563354,22093,MOTORING TISSUE BOX,2,2011-08-15 14:35:00,0.39,15271,United Kingdom,0.78
563354,37448,CERAMIC CAKE DESIGN SPOTTED MUG,1,2011-08-15 14:35:00,1.49,15271,United Kingdom,1.49
563354,22093,MOTORING TISSUE BOX,1,2011-08-15 14:35:00,0.39,15271,United Kingdom,0.39
563356,22423,REGENCY CAKESTAND 3 TIER,4,2011-08-15 14:44:00,12.75,16210,United Kingdom,51.0
563361,85061W,WHITE JEWELLED HEART DECORATION,24,2011-08-15 15:17:00,0.85,15315,United Kingdom,20.4
563365,22192,BLUE DINER WALL CLOCK,2,2011-08-16 08:50:00,8.5,15373,United Kingdom,17.0
563376,22553,PLASTERS IN TIN SKULLS,2,2011-08-16 10:36:00,1.65,15752,United Kingdom,3.3
563377,22470,HEART OF WICKER LARGE,4,2011-08-16 10:44:00,2.95,15002,United Kingdom,11.8
563377,23322,LARGE WHITE HEART OF WICKER,6,2011-08-16 10:44:00,2.95,15002,United Kingdom,17.700000000000003
563377,23295,SET OF 12 MINI LOAF BAKING CASES,16,2011-08-16 10:44:00,0.83,15002,United Kingdom,13.28
563381,23240,SET OF 4 KNICK KNACK TINS DOILY ,6,2011-08-16 10:48:00,4.15,15768,United Kingdom,24.9
563382,21918,SET 12 KIDS COLOUR  CHALK STICKS,24,2011-08-16 10:50:00,0.42,18221,United Kingdom,10.08
563404,22568,FELTCRAFT CUSHION OWL,4,2011-08-16 11:04:00,3.75,16303,United Kingdom,15.0
563404,23289,DOLLY GIRL CHILDRENS BOWL,48,2011-08-16 11:04:00,1.25,16303,United Kingdom,60.0
563404,21481,FAWN BLUE HOT WATER BOTTLE,12,2011-08-16 11:04:00,2.95,16303,United Kingdom,35.400000000000006
563427,23345, DOLLY GIRL BEAKER,4,2011-08-16 11:40:00,1.25,16470,United Kingdom,5.0
563428,20749,ASSORTED COLOUR MINI CASES,2,2011-08-16 11:44:00,7.95,13159,United Kingdom,15.9
563432,85231B,CINAMMON SET OF 9 T-LIGHTS,3,2011-08-16 12:12:00,0.85,16713,United Kingdom,2.55
563437,22318,FIVE HEART HANGING DECORATION,6,2011-08-16 12:52:00,2.95,14232,United Kingdom,17.700000000000003
563442,84818,DANISH ROSE PHOTO FRAME,24,2011-08-16 13:25:00,0.79,17637,United Kingdom,18.96
563443,22377,BOTTLE BAG RETROSPOT ,5,2011-08-16 13:26:00,2.1,12641,Sweden,10.5
563443,22932,BAKING MOULD TOFFEE CUP CHOCOLATE,6,2011-08-16 13:26:00,2.55,12641,Sweden,15.3
563444,21411,GINGHAM HEART  DOORSTOP RED,2,2011-08-16 13:50:00,4.25,16033,United Kingdom,8.5
563477,23173,REGENCY TEAPOT ROSES ,1,2011-08-16 15:39:00,9.95,17097,Spain,9.95
563477,22630,DOLLY GIRL LUNCH BOX,2,2011-08-16 15:39:00,1.95,17097,Spain,3.9
563482,23256,CHILDRENS CUTLERY SPACEBOY ,1,2011-08-16 15:54:00,4.15,17097,Spain,4.15
563498,23287,RED VINTAGE SPOT BEAKER,8,2011-08-16 16:17:00,0.85,17719,United Kingdom,6.8
563504,22384,LUNCH BAG PINK POLKADOT,20,2011-08-17 09:16:00,1.65,16218,United Kingdom,33.0
563509,22966,GINGERBREAD MAN COOKIE CUTTER,12,2011-08-17 10:46:00,1.25,16092,United Kingdom,15.0
563518,84991,60 TEATIME FAIRY CAKE CASES,24,2011-08-17 10:56:00,0.55,12421,Spain,13.2
563522,22551,PLASTERS IN TIN SPACEBOY,2,2011-08-17 10:59:00,1.65,17975,United Kingdom,3.3
563532,23295,SET OF 12 MINI LOAF BAKING CASES,128,2011-08-17 11:04:00,0.72,17511,United Kingdom,92.16
563533,84951A,SET OF 4 PISTACHIO LOVEBIRD COASTER,1,2011-08-17 11:14:00,0.79,16241,United Kingdom,0.79
563533,84927F,PSYCHEDELIC TILE HOOK,2,2011-08-17 11:14:00,0.39,16241,United Kingdom,0.78
563538,21122,SET/10 PINK POLKADOT PARTY CANDLES,2,2011-08-17 11:48:00,1.25,17841,United Kingdom,2.5
563538,22616,PACK OF 12 LONDON TISSUES ,16,2011-08-17 11:48:00,0.29,17841,United Kingdom,4.64
563538,79321,CHILLI LIGHTS,3,2011-08-17 11:48:00,5.75,17841,United Kingdom,17.25
563540,21991,BOHEMIAN COLLAGE STATIONERY SET,12,2011-08-17 12:04:00,1.25,12473,Germany,15.0
563540,20726,LUNCH BAG WOODLAND,10,2011-08-17 12:04:00,1.65,12473,Germany,16.5
563540,85014A,BLACK/BLUE POLKADOT UMBRELLA,3,2011-08-17 12:04:00,5.95,12473,Germany,17.85
563540,23287,RED VINTAGE SPOT BEAKER,8,2011-08-17 12:04:00,0.85,12473,Germany,6.8
563543,22197,POPCORN HOLDER,15,2011-08-17 12:06:00,0.85,15039,United Kingdom,12.75
563543,21931,JUMBO STORAGE BAG SUKI,10,2011-08-17 12:06:00,2.08,15039,United Kingdom,20.8
563551,22631,CIRCUS PARADE LUNCH BOX ,1,2011-08-17 13:04:00,1.95,17757,United Kingdom,1.95
563555,85123A,WHITE HANGING HEART T-LIGHT HOLDER,10,2011-08-17 13:21:00,2.95,16755,United Kingdom,29.5
563555,22348,TEA BAG PLATE RED RETROSPOT,3,2011-08-17 13:21:00,0.85,16755,United Kingdom,2.55
563555,22669,RED BABY BUNTING ,5,2011-08-17 13:21:00,2.95,16755,United Kingdom,14.75
563556,20718,RED RETROSPOT SHOPPER BAG,10,2011-08-17 13:31:00,1.25,17706,United Kingdom,12.5
563557,22919,HERB MARKER MINT,12,2011-08-17 13:33:00,0.65,15786,United Kingdom,7.800000000000001
563558,48129,DOORMAT TOPIARY,10,2011-08-17 13:40:00,6.75,14156,EIRE,67.5
563558,21936,RED RETROSPOT PICNIC BAG,5,2011-08-17 13:40:00,2.95,14156,EIRE,14.75
563562,20713,JUMBO BAG OWLS,100,2011-08-17 14:02:00,1.74,16029,United Kingdom,174.0
563565,21058,PARTY INVITES WOODLAND,3,2011-08-17 14:22:00,0.85,17338,United Kingdom,2.55
563565,22467,GUMBALL COAT RACK,2,2011-08-17 14:22:00,2.55,17338,United Kingdom,5.1
563566,22727,ALARM CLOCK BAKELIKE RED ,4,2011-08-17 14:25:00,3.75,13655,United Kingdom,15.0
563566,23239,SET OF 4 KNICK KNACK TINS POPPIES,6,2011-08-17 14:25:00,4.15,13655,United Kingdom,24.9
563566,22433,WATERING CAN GREEN DINOSAUR,12,2011-08-17 14:25:00,1.95,13655,United Kingdom,23.4
563566,22608,PENS ASSORTED FUNKY JEWELED ,36,2011-08-17 14:25:00,0.19,13655,United Kingdom,6.84
563567,23035,DRAWER KNOB CERAMIC IVORY,6,2011-08-17 14:44:00,1.45,13004,United Kingdom,8.7
563569,23199,JUMBO BAG APPLES,10,2011-08-17 14:47:00,2.08,18257,United Kingdom,20.8
563571,23002,TRAVEL CARD WALLET SKULLS,2,2011-08-17 14:58:00,0.42,15541,United Kingdom,0.84
563572,23127,FELTCRAFT GIRL NICOLE KIT,2,2011-08-17 15:00:00,4.95,16734,United Kingdom,9.9
563580,21742,LARGE ROUND WICKER PLATTER ,1,2011-08-17 15:53:00,5.95,16706,United Kingdom,5.95
563580,22922,FRIDGE MAGNETS US DINER ASSORTED,12,2011-08-17 15:53:00,0.85,16706,United Kingdom,10.2
563580,85099C,JUMBO  BAG BAROQUE BLACK WHITE,5,2011-08-17 15:53:00,2.08,16706,United Kingdom,10.4
563580,22544,MINI JIGSAW SPACEBOY,1,2011-08-17 15:53:00,0.42,16706,United Kingdom,0.42
563580,22487,WHITE WOOD GARDEN PLANT LADDER,1,2011-08-17 15:53:00,9.95,16706,United Kingdom,9.95
563590,22989,SET 2 PANTRY DESIGN TEA TOWELS,360,2011-08-17 20:02:00,3.28,17450,United Kingdom,1180.8
563590,22969,HOMEMADE JAM SCENTED CANDLES,696,2011-08-17 20:02:00,1.7,17450,United Kingdom,1183.2
563613,22608,PENS ASSORTED FUNKY JEWELED ,36,2011-08-18 08:49:00,0.19,12688,Israel,6.84
563613,21080,SET/20 RED RETROSPOT PAPER NAPKINS ,12,2011-08-18 08:49:00,0.85,12688,Israel,10.2
563613,22986,WRAP GINGHAM ROSE ,25,2011-08-18 08:49:00,0.42,12688,Israel,10.5
563613,22083,PAPER CHAIN KIT RETROSPOT,36,2011-08-18 08:49:00,2.95,12688,Israel,106.2
563614,22807,SET OF 6 T-LIGHTS TOADSTOOLS,36,2011-08-18 08:51:00,2.55,12415,Australia,91.8
563614,20979,36 PENCILS TUBE RED RETROSPOT,128,2011-08-18 08:51:00,1.06,12415,Australia,135.68
563614,22735,RIBBON REEL SOCKS AND MITTENS,120,2011-08-18 08:51:00,1.45,12415,Australia,174.0
563614,22147,FELTCRAFT BUTTERFLY HEARTS,80,2011-08-18 08:51:00,1.25,12415,Australia,100.0
563617,21706,FOLDING UMBRELLA RED/WHITE POLKADOT,8,2011-08-18 09:45:00,4.95,15301,United Kingdom,39.6
563620,22214,CANDLE PLATE LACE WHITE,6,2011-08-18 10:06:00,2.55,13014,United Kingdom,15.3
563622,21756,BATH BUILDING BLOCK WORD,3,2011-08-18 10:21:00,5.95,15189,United Kingdom,17.85
563638,21867,PINK UNION JACK  LUGGAGE TAG,4,2011-08-18 10:36:00,1.25,15311,United Kingdom,5.0
563638,21439,BASKET OF TOADSTOOLS,4,2011-08-18 10:36:00,1.25,15311,United Kingdom,5.0
563638,84978,HANGING HEART JAR T-LIGHT HOLDER,36,2011-08-18 10:36:00,1.06,15311,United Kingdom,38.16
563659,21931,JUMBO STORAGE BAG SUKI,100,2011-08-18 11:00:00,1.75,13694,United Kingdom,175.0
563661,21930,JUMBO STORAGE BAG SKULLS,10,2011-08-18 11:23:00,2.08,13048,United Kingdom,20.8
563674,20762,GREEN FERN SKETCHBOOK ,8,2011-08-18 11:59:00,3.75,14132,United Kingdom,30.0
563691,23263,SET OF 3 WOODEN HEART DECORATIONS,3,2011-08-18 12:53:00,1.25,13668,United Kingdom,3.75
563690,22558,CLOTHES PEGS RETROSPOT PACK 24 ,12,2011-08-18 12:53:00,1.65,15152,United Kingdom,19.8
563695,21314,SMALL GLASS HEART TRINKET POT,8,2011-08-18 13:17:00,2.1,13617,United Kingdom,16.8
563696,84279P,CHERRY BLOSSOM  DECORATIVE FLASK,4,2011-08-18 13:38:00,3.75,12962,United Kingdom,15.0
563697,85132C,CHARLIE AND LOLA FIGURES TINS,4,2011-08-18 13:44:00,1.95,16813,United Kingdom,7.8
563706,21790,VINTAGE SNAP CARDS,12,2011-08-18 14:48:00,0.85,14189,United Kingdom,10.2
563709,47593B,SCOTTIE DOGS BABY BIB,2,2011-08-18 15:17:00,0.39,15472,United Kingdom,0.78
563714,37327,ASSTD MULTICOLOUR CIRCLES MUG,48,2011-08-18 15:51:00,0.39,14565,United Kingdom,18.72
563718,48111,DOORMAT 3 SMILEY CATS,10,2011-08-18 16:18:00,6.75,15144,United Kingdom,67.5
563721,22356,CHARLOTTE BAG PINK POLKADOT,30,2011-08-18 16:27:00,0.85,15232,United Kingdom,25.5
563730,22212,FOUR HOOK  WHITE LOVEBIRDS,6,2011-08-18 17:43:00,2.1,14221,United Kingdom,12.6
563730,71477,COLOUR GLASS. STAR T-LIGHT HOLDER,4,2011-08-18 17:43:00,3.25,14221,United Kingdom,13.0
563730,47591D,PINK FAIRY CAKE CHILDRENS APRON,8,2011-08-18 17:43:00,1.95,14221,United Kingdom,15.6
563730,23139,SINGLE WIRE HOOK PINK HEART,12,2011-08-18 17:43:00,1.45,14221,United Kingdom,17.4
563732,23199,JUMBO BAG APPLES,100,2011-08-18 17:50:00,1.79,15125,United Kingdom,179.0
563733,79066K,RETRO MOD TRAY,10,2011-08-18 17:57:00,0.85,18225,United Kingdom,8.5
563734,23309,SET OF 60 I LOVE LONDON CAKE CASES ,12,2011-08-18 18:11:00,0.55,14064,United Kingdom,6.6000000000000005
563735,22616,PACK OF 12 LONDON TISSUES ,12,2011-08-18 18:15:00,0.29,16743,United Kingdom,3.4799999999999995
563736,22423,REGENCY CAKESTAND 3 TIER,16,2011-08-18 18:21:00,10.95,13784,United Kingdom,175.2
563739,22996,TRAVEL CARD WALLET VINTAGE TICKET,48,2011-08-18 20:05:00,0.42,17750,United Kingdom,20.16
563739,21932,SCANDINAVIAN PAISLEY PICNIC BAG,10,2011-08-18 20:05:00,1.65,17750,United Kingdom,16.5
563741,21535,RED RETROSPOT SMALL MILK JUG,6,2011-08-19 08:57:00,2.55,14759,United Kingdom,15.3
563743,46000S,POLYESTER FILLER PAD 40x40cm,2,2011-08-19 09:23:00,1.45,12828,United Kingdom,2.9
563745,48187,DOORMAT NEW ENGLAND,10,2011-08-19 09:38:00,6.75,15159,United Kingdom,67.5
563745,21394,RED POLKADOT BEAKER ,48,2011-08-19 09:38:00,0.39,15159,United Kingdom,18.72
563745,84947,ANTIQUE SILVER TEA GLASS ENGRAVED,12,2011-08-19 09:38:00,1.25,15159,United Kingdom,15.0
563750,23126,FELTCRAFT GIRL AMELIE KIT,4,2011-08-19 10:18:00,4.95,16122,United Kingdom,19.8
563753,20727,LUNCH BAG  BLACK SKULL.,10,2011-08-19 10:51:00,1.65,12513,France,16.5
563755,22082,RIBBON REEL STRIPES DESIGN ,10,2011-08-19 10:58:00,1.65,17612,United Kingdom,16.5
563756,22539,MINI JIGSAW DOLLY GIRL,24,2011-08-19 11:08:00,0.42,12418,Switzerland,10.08
563771,48185,DOORMAT FAIRY CAKE,1,2011-08-19 11:17:00,7.95,17841,United Kingdom,7.95
563776,22374,AIRLINE BAG VINTAGE JET SET RED,4,2011-08-19 11:23:00,4.25,12600,Germany,17.0
563833,47591D,PINK FAIRY CAKE CHILDRENS APRON,8,2011-08-19 12:49:00,1.95,14755,United Kingdom,15.6
563842,22192,BLUE DINER WALL CLOCK,2,2011-08-19 13:54:00,8.5,13871,United Kingdom,17.0
563842,22798,ANTIQUE GLASS DRESSING TABLE POT,8,2011-08-19 13:54:00,2.95,13871,United Kingdom,23.6
563843,22498,WOODEN REGATTA BUNTING,1,2011-08-19 14:02:00,5.95,17811,United Kingdom,5.95
563844,20838,FRENCH LATTICE CUSHION COVER ,12,2011-08-19 14:04:00,0.85,17725,United Kingdom,10.2
563848,23285,PINK VINTAGE SPOT BEAKER,8,2011-08-19 14:57:00,0.85,14911,EIRE,6.8
563848,23298,SPOTTY BUNTING,3,2011-08-19 14:57:00,4.95,14911,EIRE,14.85
563852,22457,NATURAL SLATE HEART CHALKBOARD ,6,2011-08-19 15:18:00,2.95,12395,Belgium,17.700000000000003
563892,22897,OVEN MITT APPLES DESIGN,2,2011-08-19 17:08:00,1.45,16330,United Kingdom,2.9
563909,23273,HEART T-LIGHT HOLDER WILLIE WINKIE,12,2011-08-21 12:36:00,1.65,15701,United Kingdom,19.8
563909,22697,GREEN REGENCY TEACUP AND SAUCER,3,2011-08-21 12:36:00,2.95,15701,United Kingdom,8.850000000000001
563909,22804,CANDLEHOLDER PINK HANGING HEART,2,2011-08-21 12:36:00,2.95,15701,United Kingdom,5.9
563911,22960,JAM MAKING SET WITH JARS,6,2011-08-21 12:39:00,4.25,16265,United Kingdom,25.5
563913,22841,ROUND CAKE TIN VINTAGE GREEN,4,2011-08-21 13:11:00,7.95,14911,EIRE,31.8
563913,22843,BISCUIT TIN VINTAGE GREEN,4,2011-08-21 13:11:00,6.75,14911,EIRE,27.0
563914,22417,PACK OF 60 SPACEBOY CAKE CASES,24,2011-08-21 13:18:00,0.55,12518,Germany,13.2
563917,22131,FOOD CONTAINER SET 3 LOVE HEART ,2,2011-08-21 13:46:00,1.95,14572,United Kingdom,3.9
563917,21122,SET/10 PINK POLKADOT PARTY CANDLES,2,2011-08-21 13:46:00,1.25,14572,United Kingdom,2.5
563920,22680,FRENCH BLUE METAL DOOR SIGN 5,3,2011-08-21 14:00:00,1.25,16407,United Kingdom,3.75
563920,22679,FRENCH BLUE METAL DOOR SIGN 4,3,2011-08-21 14:00:00,1.25,16407,United Kingdom,3.75
563924,23236,STORAGE TIN VINTAGE DOILY ,2,2011-08-21 14:32:00,2.89,15984,United Kingdom,5.78
563925,23032,DRAWER KNOB CRACKLE GLAZE IVORY,6,2011-08-21 14:42:00,1.65,13610,United Kingdom,9.9
563927,21395,BLUE POLKADOT BEAKER ,48,2011-08-21 15:01:00,0.39,14013,United Kingdom,18.72
563928,84992,72 SWEETHEART FAIRY CAKE CASES,1,2011-08-21 15:17:00,0.55,17059,United Kingdom,0.55
563928,48194,DOORMAT HEARTS,1,2011-08-21 15:17:00,7.95,17059,United Kingdom,7.95
563928,90030C,BROWN KUKUI COCONUT SEED NECKLACE,3,2011-08-21 15:17:00,1.0,17059,United Kingdom,3.0
563928,90124C,GREEN MURANO TWIST NECKLACE,3,2011-08-21 15:17:00,9.95,17059,United Kingdom,29.85
563933,22696,WICKER WREATH LARGE,2,2011-08-21 15:54:00,1.95,16536,United Kingdom,3.9
563935,21159,MOODY BOY  DOOR HANGER ,7,2011-08-21 16:24:00,0.39,15547,United Kingdom,2.73
563937,23302,KNEELING MAT HOUSEWORK  DESIGN,12,2011-08-22 09:10:00,1.65,18204,United Kingdom,19.8
563937,20978,36 PENCILS TUBE SKULLS,16,2011-08-22 09:10:00,1.25,18204,United Kingdom,20.0
563938,23245,SET OF 3 REGENCY CAKE TINS,16,2011-08-22 09:21:00,4.15,18144,United Kingdom,66.4
563940,22382,LUNCH BAG SPACEBOY DESIGN ,10,2011-08-22 09:30:00,1.65,17416,United Kingdom,16.5
563944,20724,RED RETROSPOT CHARLOTTE BAG,10,2011-08-22 10:08:00,0.85,17581,United Kingdom,8.5
563944,23201,JUMBO BAG ALPHABET,20,2011-08-22 10:08:00,2.08,17581,United Kingdom,41.6
563947,21210,SET OF 72 RETROSPOT PAPER  DOILIES,12,2011-08-22 10:18:00,1.45,12363,Unspecified,17.4
563951,21929,JUMBO BAG PINK VINTAGE PAISLEY,10,2011-08-22 10:42:00,2.08,16839,United Kingdom,20.8
563952,22988,SOLDIERS EGG CUP ,8,2011-08-22 10:44:00,1.25,15572,United Kingdom,10.0
563953,20727,LUNCH BAG  BLACK SKULL.,10,2011-08-22 10:47:00,1.65,16201,United Kingdom,16.5
563954,22622,BOX OF VINTAGE ALPHABET BLOCKS,6,2011-08-22 10:59:00,11.95,16652,United Kingdom,71.69999999999999
563954,22623,BOX OF VINTAGE JIGSAW BLOCKS ,12,2011-08-22 10:59:00,5.95,16652,United Kingdom,71.4
563956,22610,PENS ASSORTED FUNNY FACE,36,2011-08-22 11:03:00,0.19,14282,United Kingdom,6.84
564020,23198,PANTRY MAGNETIC  SHOPPING LIST,12,2011-08-22 11:57:00,1.45,13971,United Kingdom,17.4
564037,23207,LUNCH BAG ALPHABET DESIGN,10,2011-08-22 12:26:00,1.65,14800,United Kingdom,16.5
564039,23239,SET OF 4 KNICK KNACK TINS POPPIES,6,2011-08-22 12:40:00,4.15,12645,Germany,24.9
564039,POST,POSTAGE,2,2011-08-22 12:40:00,18.0,12645,Germany,36.0
564051,23080,RED METAL BOX TOP SECRET,2,2011-08-22 13:32:00,8.25,14265,Unspecified,16.5
564051,23301,GARDENERS KNEELING PAD KEEP CALM ,12,2011-08-22 13:32:00,1.65,14265,Unspecified,19.8
564050,22662,LUNCH BAG DOLLY GIRL DESIGN,10,2011-08-22 13:32:00,1.65,17160,United Kingdom,16.5
564050,21936,RED RETROSPOT PICNIC BAG,5,2011-08-22 13:32:00,2.95,17160,United Kingdom,14.75
564052,21174,POTTERING IN THE SHED METAL SIGN,1,2011-08-22 13:40:00,2.08,15033,United Kingdom,2.08
564055,22114,HOT WATER BOTTLE TEA AND SYMPATHY,12,2011-08-22 14:03:00,4.25,13933,United Kingdom,51.0
564057,82482,WOODEN PICTURE FRAME WHITE FINISH,6,2011-08-22 14:20:00,2.55,15296,United Kingdom,15.3
564057,84029G,KNITTED UNION FLAG HOT WATER BOTTLE,4,2011-08-22 14:20:00,3.75,15296,United Kingdom,15.0
564059,21164,HOME SWEET HOME METAL SIGN ,6,2011-08-22 14:35:00,2.95,15796,United Kingdom,17.700000000000003
564061,84971S,SMALL HEART FLOWERS HOOK ,5,2011-08-22 14:38:00,0.85,14505,United Kingdom,4.25
564061,21012,ANTIQUE ALL GLASS CANDLESTICK,6,2011-08-22 14:38:00,2.1,14505,United Kingdom,12.6
564062,22103,MIRROR MOSAIC T-LIGHT HOLDER ROUND,12,2011-08-22 14:41:00,1.65,17706,United Kingdom,19.8
564062,21035,SET/2 RED RETROSPOT TEA TOWELS ,6,2011-08-22 14:41:00,3.25,17706,United Kingdom,19.5
564066,22961,JAM MAKING SET PRINTED,12,2011-08-22 15:05:00,1.45,17703,United Kingdom,17.4
564075,21623,VINTAGE UNION JACK MEMOBOARD,2,2011-08-22 15:22:00,9.95,17659,United Kingdom,19.9
564077,84792,ENCHANTED BIRD COATHANGER 5 HOOK,2,2011-08-22 15:42:00,4.65,14711,United Kingdom,9.3
564078,20685,DOORMAT RED RETROSPOT,2,2011-08-22 15:43:00,7.95,17083,United Kingdom,15.9
564078,21239,PINK  POLKADOT CUP,12,2011-08-22 15:43:00,0.85,17083,United Kingdom,10.2
564083,22427,ENAMEL FLOWER JUG CREAM,3,2011-08-23 08:54:00,5.95,17469,United Kingdom,17.85
564088,20725,LUNCH BAG RED RETROSPOT,10,2011-08-23 09:38:00,1.65,17702,United Kingdom,16.5
564088,23344,JUMBO BAG 50'S CHRISTMAS ,100,2011-08-23 09:38:00,1.79,17702,United Kingdom,179.0
564088,46000S,POLYESTER FILLER PAD 40x40cm,5,2011-08-23 09:38:00,1.45,17702,United Kingdom,7.25
564090,23209,LUNCH BAG VINTAGE DOILY ,10,2011-08-23 09:53:00,1.65,17041,United Kingdom,16.5
564090,85123A,WHITE HANGING HEART T-LIGHT HOLDER,6,2011-08-23 09:53:00,2.95,17041,United Kingdom,17.700000000000003
564091,90003E,GREEN PAIR HEART HAIR SLIDES,4,2011-08-23 09:57:00,3.75,15804,United Kingdom,15.0
564091,21633,SUNFLOWER DECORATIVE PARASOL,1,2011-08-23 09:57:00,12.75,15804,United Kingdom,12.75
564093,23208,LUNCH BAG VINTAGE LEAF DESIGN,10,2011-08-23 10:29:00,1.65,14930,Channel Islands,16.5
564132,22988,SOLDIERS EGG CUP ,360,2011-08-23 10:56:00,1.06,12901,United Kingdom,381.6
564136,22169,FAMILY ALBUM WHITE PICTURE FRAME,2,2011-08-23 11:16:00,8.5,14404,United Kingdom,17.0
564139,21269,ANTIQUE CREAM CUTLERY SHELF ,1,2011-08-23 11:41:00,8.5,16904,United Kingdom,8.5
564141,22445,PENCIL CASE LIFE IS BEAUTIFUL,1,2011-08-23 11:47:00,2.95,17841,United Kingdom,2.95
564141,22467,GUMBALL COAT RACK,1,2011-08-23 11:47:00,2.55,17841,United Kingdom,2.55
564141,22896,PEG BAG APPLES DESIGN,1,2011-08-23 11:47:00,2.55,17841,United Kingdom,2.55
564141,21967,PACK OF 12 SKULL TISSUES,16,2011-08-23 11:47:00,0.29,17841,United Kingdom,4.64
564144,85078,SCANDINAVIAN 3 HEARTS NAPKIN RING,24,2011-08-23 11:53:00,0.19,13939,United Kingdom,4.5600000000000005
564144,22814,CARD PARTY GAMES ,12,2011-08-23 11:53:00,0.42,13939,United Kingdom,5.04
564144,17084N,FAIRY DREAMS INCENSE ,25,2011-08-23 11:53:00,0.21,13939,United Kingdom,5.25
564146,22632,HAND WARMER RED RETROSPOT,48,2011-08-23 12:18:00,2.1,15838,United Kingdom,100.8
564147,21668,RED STRIPE CERAMIC DRAWER KNOB,12,2011-08-23 12:21:00,1.25,14004,United Kingdom,15.0
564150,20828,GLITTER BUTTERFLY CLIPS,12,2011-08-23 12:30:00,2.55,14936,Channel Islands,30.6
564150,21955,DOORMAT UNION JACK GUNS AND ROSES,4,2011-08-23 12:30:00,7.95,14936,Channel Islands,31.8
564158,22382,LUNCH BAG SPACEBOY DESIGN ,10,2011-08-23 12:37:00,1.65,16712,United Kingdom,16.5
564158,20726,LUNCH BAG WOODLAND,20,2011-08-23 12:37:00,1.65,16712,United Kingdom,33.0
564168,20992,JAZZ HEARTS PURSE NOTEBOOK,3,2011-08-23 13:51:00,0.39,16794,United Kingdom,1.17
564172,22630,DOLLY GIRL LUNCH BOX,2,2011-08-23 14:19:00,1.95,16033,United Kingdom,3.9
564172,22396,MAGNETS PACK OF 4 RETRO PHOTO,4,2011-08-23 14:19:00,0.39,16033,United Kingdom,1.56
564173,21375,LARGE CAMPHOR WOOD FIELD MUSHROOM ,2,2011-08-23 14:23:00,5.45,12567,France,10.9
564173,22659,LUNCH BOX I LOVE LONDON,12,2011-08-23 14:23:00,1.95,12567,France,23.4
564173,20718,RED RETROSPOT SHOPPER BAG,10,2011-08-23 14:23:00,1.25,12567,France,12.5
564186,21485,RETROSPOT HEART HOT WATER BOTTLE,6,2011-08-23 15:20:00,4.95,15755,United Kingdom,29.700000000000003
564186,23210,WHITE ROCKING HORSE HAND PAINTED,24,2011-08-23 15:20:00,1.25,15755,United Kingdom,30.0
564186,23211,RED ROCKING HORSE HAND PAINTED,24,2011-08-23 15:20:00,1.25,15755,United Kingdom,30.0
564187,85123A,WHITE HANGING HEART T-LIGHT HOLDER,4,2011-08-23 15:24:00,2.95,15005,United Kingdom,11.8
564187,20712,JUMBO BAG WOODLAND ANIMALS,2,2011-08-23 15:24:00,2.08,15005,United Kingdom,4.16
564189,22037,ROBOT BIRTHDAY CARD,12,2011-08-23 15:34:00,0.42,14769,United Kingdom,5.04
564190,23287,RED VINTAGE SPOT BEAKER,8,2011-08-23 16:01:00,0.85,16143,United Kingdom,6.8
564191,85032B,BLOSSOM IMAGES GIFT WRAP SET,1,2011-08-23 16:16:00,0.65,17315,United Kingdom,0.65
564196,POST,POSTAGE,1,2011-08-23 16:56:00,15.0,17315,United Kingdom,15.0
564198,22099,CARAVAN SQUARE TISSUE BOX,10,2011-08-23 17:18:00,0.39,14418,United Kingdom,3.9
564199,21733,RED HANGING HEART T-LIGHT HOLDER,1,2011-08-23 17:31:00,2.95,13263,United Kingdom,2.95
564200,22603,CHRISTMAS RETROSPOT TREE WOOD,1,2011-08-23 17:37:00,0.85,18018,United Kingdom,0.85
564224,22945,CHRISTMAS METAL TAGS ASSORTED ,12,2011-08-24 09:56:00,0.85,15249,United Kingdom,10.2
564227,22728,ALARM CLOCK BAKELIKE PINK,4,2011-08-24 10:19:00,3.75,15249,United Kingdom,15.0
564227,23245,SET OF 3 REGENCY CAKE TINS,4,2011-08-24 10:19:00,4.95,15249,United Kingdom,19.8
564246,85099C,JUMBO  BAG BAROQUE BLACK WHITE,20,2011-08-24 10:36:00,2.08,13534,United Kingdom,41.6
564256,23295,SET OF 12 MINI LOAF BAKING CASES,4,2011-08-24 10:45:00,0.83,14796,United Kingdom,3.32
564256,22630,DOLLY GIRL LUNCH BOX,4,2011-08-24 10:45:00,1.95,14796,United Kingdom,7.8
564256,23307,SET OF 60 PANTRY DESIGN CAKE CASES ,9,2011-08-24 10:45:00,0.55,14796,United Kingdom,4.95
564300,21577,SAVE THE PLANET COTTON TOTE BAG,3,2011-08-24 11:31:00,2.25,16723,United Kingdom,6.75
564300,23192,BUNDLE OF 3 ALPHABET EXERCISE BOOKS,12,2011-08-24 11:31:00,1.65,16723,United Kingdom,19.8
564301,23244,ROUND STORAGE TIN VINTAGE LEAF,6,2011-08-24 11:54:00,1.95,14299,United Kingdom,11.7
564304,85099C,JUMBO  BAG BAROQUE BLACK WHITE,10,2011-08-24 12:11:00,2.08,14527,United Kingdom,20.8
564305,22966,GINGERBREAD MAN COOKIE CUTTER,12,2011-08-24 12:20:00,1.25,14875,United Kingdom,15.0
564311,23199,JUMBO BAG APPLES,200,2011-08-24 12:52:00,1.79,15769,United Kingdom,358.0
564314,21411,GINGHAM HEART  DOORSTOP RED,3,2011-08-24 12:58:00,4.25,12695,France,12.75
564316,20727,LUNCH BAG  BLACK SKULL.,10,2011-08-24 13:11:00,1.65,13985,United Kingdom,16.5
564316,22385,JUMBO BAG SPACEBOY DESIGN,10,2011-08-24 13:11:00,2.08,13985,United Kingdom,20.8
564316,22663,JUMBO BAG DOLLY GIRL DESIGN,10,2011-08-24 13:11:00,2.08,13985,United Kingdom,20.8
564317,22568,FELTCRAFT CUSHION OWL,4,2011-08-24 13:12:00,3.75,13890,United Kingdom,15.0
564319,22359,GLASS JAR KINGS CHOICE,1,2011-08-24 13:18:00,2.95,15059,United Kingdom,2.95
564322,20724,RED RETROSPOT CHARLOTTE BAG,100,2011-08-24 13:23:00,0.72,13694,United Kingdom,72.0
564324,47504K,ENGLISH ROSE GARDEN SECATEURS,144,2011-08-24 13:26:00,0.79,13694,United Kingdom,113.76
564324,47504H,ENGLISH ROSE SPIRIT LEVEL ,144,2011-08-24 13:26:00,0.79,13694,United Kingdom,113.76
564327,85099B,JUMBO BAG RED RETROSPOT,100,2011-08-24 13:33:00,1.74,16029,United Kingdom,174.0
564330,85123A,WHITE HANGING HEART T-LIGHT HOLDER,6,2011-08-24 13:57:00,2.95,13411,United Kingdom,17.700000000000003
564336,21158,MOODY GIRL DOOR HANGER ,1,2011-08-24 14:28:00,0.39,12748,United Kingdom,0.39
564336,47590B,PINK HAPPY BIRTHDAY BUNTING,2,2011-08-24 14:28:00,5.45,12748,United Kingdom,10.9
564337,16238,PARTY TIME PENCIL ERASERS,28,2011-08-24 14:40:00,0.21,12649,Germany,5.88
564337,10125,MINI FUNKY DESIGN TAPES,20,2011-08-24 14:40:00,0.85,12649,Germany,17.0
564342,84991,60 TEATIME FAIRY CAKE CASES,2,2011-08-24 14:53:00,0.55,16340,United Kingdom,1.1
564342,22918,HERB MARKER PARSLEY,2,2011-08-24 14:53:00,0.65,16340,United Kingdom,1.3
564342,21975,PACK OF 60 DINOSAUR CAKE CASES,2,2011-08-24 14:53:00,0.55,16340,United Kingdom,1.1
564346,23374,RED SPOT PAPER GIFT BAG,40,2011-08-24 14:54:00,0.82,15727,United Kingdom,32.8
564346,20751,FUNKY WASHING UP GLOVES ASSORTED,4,2011-08-24 14:54:00,2.1,15727,United Kingdom,8.4
564346,21311,SET/4 BIRD MIRROR MAGNETS ,24,2011-08-24 14:54:00,0.29,15727,United Kingdom,6.959999999999999
564355,47591D,PINK FAIRY CAKE CHILDRENS APRON,8,2011-08-24 15:12:00,1.95,13507,United Kingdom,15.6
564355,21380,WOODEN HAPPY BIRTHDAY GARLAND,6,2011-08-24 15:12:00,2.95,13507,United Kingdom,17.700000000000003
564356,21673,WHITE SPOT BLUE CERAMIC DRAWER KNOB,2,2011-08-24 15:47:00,1.25,13969,United Kingdom,2.5
564356,22094,RED RETROSPOT TISSUE BOX,2,2011-08-24 15:47:00,0.39,13969,United Kingdom,0.78
564360,22813,PACK 3 BOXES BIRD PANNETONE ,12,2011-08-24 16:13:00,1.95,12471,Germany,23.4
564367,22139,RETROSPOT TEA SET CERAMIC 11 PC ,3,2011-08-25 09:18:00,4.95,12712,Germany,14.85
564372,21933,PINK VINTAGE PAISLEY PICNIC BAG,10,2011-08-25 09:55:00,1.65,12714,France,16.5
564375,22677,FRENCH BLUE METAL DOOR SIGN 2,10,2011-08-25 10:16:00,1.25,13078,United Kingdom,12.5
564378,90120B,BLUE MURANO TWIST BRACELET,4,2011-08-25 10:26:00,4.25,12417,Belgium,17.0
564378,23285,PINK VINTAGE SPOT BEAKER,8,2011-08-25 10:26:00,0.85,12417,Belgium,6.8
564379,23300,GARDENERS KNEELING PAD CUP OF TEA ,12,2011-08-25 10:32:00,1.65,16779,United Kingdom,19.8
564379,21731,RED TOADSTOOL LED NIGHT LIGHT,12,2011-08-25 10:32:00,1.65,16779,United Kingdom,19.8
564430,23203,JUMBO BAG VINTAGE DOILY ,100,2011-08-25 11:36:00,1.79,15955,United Kingdom,179.0
564430,79321,CHILLI LIGHTS,4,2011-08-25 11:36:00,5.75,15955,United Kingdom,23.0
564432,20754,RETROSPOT RED WASHING UP GLOVES,6,2011-08-25 11:40:00,2.1,13517,United Kingdom,12.6
564436,22174,PHOTO CUBE,2,2011-08-25 12:06:00,1.65,17841,United Kingdom,3.3
564437,23207,LUNCH BAG ALPHABET DESIGN,10,2011-08-25 12:10:00,1.65,13320,United Kingdom,16.5
564437,22326,ROUND SNACK BOXES SET OF4 WOODLAND ,6,2011-08-25 12:10:00,2.95,13320,United Kingdom,17.700000000000003
564437,22352,LUNCH BOX WITH CUTLERY RETROSPOT ,6,2011-08-25 12:10:00,2.55,13320,United Kingdom,15.3
564440,35970,ZINC FOLKART SLEIGH BELLS,12,2011-08-25 12:13:00,1.69,13928,United Kingdom,20.28
564440,84970S,HANGING HEART ZINC T-LIGHT HOLDER,12,2011-08-25 12:13:00,0.85,13928,United Kingdom,10.2
564483,22123,PING MICROWAVE APRON,12,2011-08-25 13:46:00,1.95,14050,United Kingdom,23.4
564484,84879,ASSORTED COLOUR BIRD ORNAMENT,8,2011-08-25 13:46:00,1.69,13634,United Kingdom,13.52
564495,22730,ALARM CLOCK BAKELIKE IVORY,4,2011-08-25 14:21:00,3.75,17719,United Kingdom,15.0
564503,22189,CREAM HEART CARD HOLDER,4,2011-08-25 14:23:00,3.95,13971,United Kingdom,15.8
564510,21985,PACK OF 12 HEARTS DESIGN TISSUES ,24,2011-08-25 14:42:00,0.29,14194,United Kingdom,6.959999999999999
564531,21430,SET/3 RED GINGHAM ROSE STORAGE BOX,4,2011-08-25 15:04:00,3.75,12624,France,15.0
564539,21731,RED TOADSTOOL LED NIGHT LIGHT,12,2011-08-25 15:22:00,1.65,12715,Sweden,19.8
564541,23070,EDWARDIAN HEART PHOTO FRAME,4,2011-08-25 15:35:00,4.15,16309,United Kingdom,16.6
564541,23318,BOX OF 6 MINI VINTAGE CRACKERS,6,2011-08-25 15:35:00,2.49,16309,United Kingdom,14.94
564553,22430,ENAMEL WATERING CAN CREAM,2,2011-08-25 18:45:00,4.95,18200,United Kingdom,9.9
564563,22791,T-LIGHT GLASS FLUTED ANTIQUE,72,2011-08-26 10:32:00,1.06,13630,United Kingdom,76.32000000000001
564565,23110,PARISIENNE KEY CABINET ,2,2011-08-26 10:50:00,5.75,14911,EIRE,11.5
564630,23096,PETIT TRAY CHIC,12,2011-08-26 11:53:00,1.65,13644,United Kingdom,19.8
564632,22692,DOORMAT WELCOME TO OUR HOME,2,2011-08-26 11:58:00,7.95,16556,United Kingdom,15.9
564632,48194,DOORMAT HEARTS,2,2011-08-26 11:58:00,7.95,16556,United Kingdom,15.9
564635,20723,STRAWBERRY CHARLOTTE BAG,10,2011-08-26 12:41:00,0.85,15615,United Kingdom,8.5
564636,22826,LOVE SEAT ANTIQUE WHITE METAL,2,2011-08-26 12:44:00,85.0,17146,United Kingdom,170.0
564638,22739,RIBBON REEL CHRISTMAS SOCK BAUBLE,10,2011-08-26 12:54:00,1.65,13812,Germany,16.5
564639,23208,LUNCH BAG VINTAGE LEAF DESIGN,3,2011-08-26 12:55:00,1.65,18036,United Kingdom,4.949999999999999
564640,21015,DARK BIRD HOUSE TREE DECORATION,12,2011-08-26 13:00:00,0.85,14837,United Kingdom,10.2
564643,22663,JUMBO BAG DOLLY GIRL DESIGN,5,2011-08-26 13:25:00,2.08,15356,United Kingdom,10.4
564648,20724,RED RETROSPOT CHARLOTTE BAG,10,2011-08-26 14:04:00,0.85,15641,United Kingdom,8.5
564650,21975,PACK OF 60 DINOSAUR CAKE CASES,120,2011-08-26 14:17:00,0.42,14646,Netherlands,50.4
564654,22572,ROCKING HORSE GREEN CHRISTMAS ,12,2011-08-26 14:29:00,0.85,14911,EIRE,10.2
564654,22947,WOODEN ADVENT CALENDAR RED,2,2011-08-26 14:29:00,16.95,14911,EIRE,33.9
564656,21907,I'M ON HOLIDAY METAL SIGN,12,2011-08-26 14:40:00,2.1,14141,United Kingdom,25.200000000000003
564656,23243,SET OF TEA COFFEE SUGAR TINS PANTRY,4,2011-08-26 14:40:00,4.95,14141,United Kingdom,19.8
564661,23547,WRAP FLOWER SHOP  ,25,2011-08-26 14:45:00,0.42,12948,United Kingdom,10.5
564713,22632,HAND WARMER RED RETROSPOT,2,2011-08-28 10:43:00,2.1,16768,United Kingdom,4.2
564715,22227,HANGING HEART MIRROR DECORATION ,4,2011-08-28 11:01:00,0.65,14472,United Kingdom,2.6
564716,23321,SMALL WHITE HEART OF WICKER,4,2011-08-28 11:02:00,1.65,14810,United Kingdom,6.6
564724,22383,LUNCH BAG SUKI DESIGN ,3,2011-08-28 12:16:00,1.65,15555,United Kingdom,4.949999999999999
564724,22999,TRAVEL CARD WALLET VINTAGE LEAF,10,2011-08-28 12:16:00,0.42,15555,United Kingdom,4.2
564724,22493,PAINT YOUR OWN CANVAS SET,3,2011-08-28 12:16:00,1.65,15555,United Kingdom,4.949999999999999
564725,23048,SET OF 10 LANTERNS FAIRY LIGHT STAR,1,2011-08-28 12:28:00,4.15,18041,United Kingdom,4.15
564725,79191C,RETRO PLASTIC ELEPHANT TRAY,1,2011-08-28 12:28:00,0.85,18041,United Kingdom,0.85
564727,21314,SMALL GLASS HEART TRINKET POT,3,2011-08-28 12:31:00,2.1,16686,United Kingdom,6.300000000000001
564727,22654,DELUXE SEWING KIT ,2,2011-08-28 12:31:00,5.95,16686,United Kingdom,11.9
564729,21535,RED RETROSPOT SMALL MILK JUG,2,2011-08-28 12:44:00,2.55,13137,United Kingdom,5.1
564732,22082,RIBBON REEL STRIPES DESIGN ,5,2011-08-28 13:08:00,1.65,16466,United Kingdom,8.25
564733,22661,CHARLOTTE BAG DOLLY GIRL DESIGN,1,2011-08-28 13:18:00,0.85,17841,United Kingdom,0.85
564734,20727,LUNCH BAG  BLACK SKULL.,4,2011-08-28 13:32:00,1.65,12484,Spain,6.6
564734,22932,BAKING MOULD TOFFEE CUP CHOCOLATE,3,2011-08-28 13:32:00,2.55,12484,Spain,7.649999999999999
564734,21500,PINK POLKADOT WRAP ,25,2011-08-28 13:32:00,0.42,12484,Spain,10.5
564735,22027,TEA PARTY BIRTHDAY CARD,12,2011-08-28 13:35:00,0.42,15856,United Kingdom,5.04
564735,22412,METAL SIGN NEIGHBOURHOOD WITCH ,12,2011-08-28 13:35:00,2.1,15856,United Kingdom,25.200000000000003
564736,20751,FUNKY WASHING UP GLOVES ASSORTED,12,2011-08-28 13:42:00,2.1,16353,United Kingdom,25.200000000000003
564739,22725,ALARM CLOCK BAKELIKE CHOCOLATE,2,2011-08-28 14:28:00,3.75,16931,United Kingdom,7.5
564745,22629,SPACEBOY LUNCH BOX ,1,2011-08-28 15:27:00,1.95,16806,United Kingdom,1.95
564745,23196,VINTAGE LEAF MAGNETIC NOTEPAD,3,2011-08-28 15:27:00,1.45,16806,United Kingdom,4.35
564745,22879,NUMBER TILE VINTAGE FONT 0,2,2011-08-28 15:27:00,1.95,16806,United Kingdom,3.9
564747,23147,SINGLE ANTIQUE ROSE HOOK IVORY,6,2011-08-28 16:09:00,1.45,14869,United Kingdom,8.7
564749,85053,FRENCH ENAMEL CANDLEHOLDER,6,2011-08-30 08:15:00,2.1,12708,Germany,12.6
564752,22570,FELTCRAFT CUSHION RABBIT,16,2011-08-30 10:07:00,3.75,16126,United Kingdom,60.0
564816,23356,LOVE HOT WATER BOTTLE,8,2011-08-30 12:00:00,5.95,14901,United Kingdom,47.6
564819,POST,POSTAGE,1,2011-08-30 12:11:00,40.0,12814,Poland,40.0
564846,23356,LOVE HOT WATER BOTTLE,4,2011-08-30 15:16:00,5.95,14507,United Kingdom,23.8
564846,22411,JUMBO SHOPPER VINTAGE RED PAISLEY,2,2011-08-30 15:16:00,2.08,14507,United Kingdom,4.16
564846,22112,CHOCOLATE HOT WATER BOTTLE,2,2011-08-30 15:16:00,4.95,14507,United Kingdom,9.9
564850,23334,IVORY WICKER HEART SMALL,34,2011-08-30 16:43:00,0.63,17298,United Kingdom,21.42
564855,21948,SET OF 6 CAKE CHOPSTICKS,12,2011-08-31 09:10:00,1.25,16746,United Kingdom,15.0
564856,84968A,SET OF 16 VINTAGE ROSE CUTLERY,24,2011-08-31 09:11:00,10.95,12477,Germany,262.79999999999995
564863,21908,CHOCOLATE THIS WAY METAL SIGN,24,2011-08-31 10:30:00,2.1,15491,United Kingdom,50.400000000000006
564897,23293,SET OF 12 FAIRY CAKE BAKING CASES,72,2011-08-31 11:22:00,0.83,12678,France,59.76
564906,POST,POSTAGE,2,2011-08-31 12:18:00,18.0,12682,France,36.0
564912,20685,DOORMAT RED RETROSPOT,2,2011-08-31 12:33:00,7.95,12490,France,15.9
564943,21755,LOVE BUILDING BLOCK WORD,6,2011-08-31 13:23:00,5.95,17706,United Kingdom,35.7
564958,22892,SET OF SALT AND PEPPER TOADSTOOLS,12,2011-08-31 13:56:00,1.25,13089,United Kingdom,15.0
564962,22154,ANGEL DECORATION 3 BUTTONS ,3,2011-08-31 14:35:00,0.42,17777,United Kingdom,1.26
564962,85184C,SET 4 VALENTINE DECOUPAGE HEART BOX,1,2011-08-31 14:35:00,2.95,17777,United Kingdom,2.95
564976,22457,NATURAL SLATE HEART CHALKBOARD ,5,2011-08-31 15:49:00,2.95,17315,United Kingdom,14.75
564976,22456,NATURAL SLATE CHALKBOARD LARGE ,6,2011-08-31 15:49:00,4.95,17315,United Kingdom,29.700000000000003
564976,84375,SET OF 20 KIDS COOKIE CUTTERS,4,2011-08-31 15:49:00,2.1,17315,United Kingdom,8.4
565014,85099F,JUMBO BAG STRAWBERRY,100,2011-08-31 16:28:00,1.79,16180,United Kingdom,179.0
565067,84559B,3D SHEET OF CAT STICKERS,3,2011-08-31 17:16:00,0.85,15856,United Kingdom,2.55
565082,22423,REGENCY CAKESTAND 3 TIER,2,2011-09-01 09:15:00,12.75,13305,United Kingdom,25.5
565087,85048,15CM CHRISTMAS GLASS BALL 20 LIGHTS,2,2011-09-01 10:03:00,7.95,13276,United Kingdom,15.9
565088,23293,SET OF 12 FAIRY CAKE BAKING CASES,8,2011-09-01 10:11:00,0.83,16145,United Kingdom,6.64
565088,22095,LADS ONLY TISSUE BOX,36,2011-09-01 10:11:00,0.39,16145,United Kingdom,14.04
565091,22676,FRENCH BLUE METAL DOOR SIGN 1,10,2011-09-01 10:28:00,1.25,16011,United Kingdom,12.5
565091,22685,FRENCH BLUE METAL DOOR SIGN 0,10,2011-09-01 10:28:00,1.25,16011,United Kingdom,12.5
565114,22210,WOOD STAMP SET BEST WISHES,12,2011-09-01 11:15:00,0.83,13588,United Kingdom,9.96
565115,48129,DOORMAT TOPIARY,1,2011-09-01 11:22:00,8.25,16880,United Kingdom,8.25
565115,21027,NINJA RABBIT PINK,9,2011-09-01 11:22:00,1.25,16880,United Kingdom,11.25
565115,21028,NINJA RABBIT BLACK,4,2011-09-01 11:22:00,1.25,16880,United Kingdom,5.0
565116,23439,HAND WARMER RED LOVE HEART,96,2011-09-01 11:30:00,1.85,13089,United Kingdom,177.60000000000002
565116,22865,HAND WARMER OWL DESIGN,96,2011-09-01 11:30:00,1.85,13089,United Kingdom,177.60000000000002
565116,22866,HAND WARMER SCOTTY DOG DESIGN,96,2011-09-01 11:30:00,1.85,13089,United Kingdom,177.60000000000002
565116,23320,GIANT 50'S CHRISTMAS CRACKER,12,2011-09-01 11:30:00,2.89,13089,United Kingdom,34.68
565118,22386,JUMBO BAG PINK POLKADOT,10,2011-09-01 11:33:00,2.08,15039,United Kingdom,20.8
565117,85099B,JUMBO BAG RED RETROSPOT,12,2011-09-01 11:33:00,2.08,13089,United Kingdom,24.96
565117,22151,PLACE SETTING WHITE HEART,24,2011-09-01 11:33:00,0.42,13089,United Kingdom,10.08
565118,47599A,PINK PARTY BAGS,1,2011-09-01 11:33:00,2.1,15039,United Kingdom,2.1
565117,23206,LUNCH BAG APPLE DESIGN,12,2011-09-01 11:33:00,1.65,13089,United Kingdom,19.8
565118,22414,DOORMAT NEIGHBOURHOOD WITCH ,1,2011-09-01 11:33:00,8.25,15039,United Kingdom,8.25
565120,22697,GREEN REGENCY TEACUP AND SAUCER,24,2011-09-01 11:41:00,2.55,15206,United Kingdom,61.2
565121,20685,DOORMAT RED RETROSPOT,2,2011-09-01 11:43:00,7.95,14239,United Kingdom,15.9
565123,M,Manual,96,2011-09-01 11:56:00,5.0,17949,United Kingdom,480.0
565128,22328,ROUND SNACK BOXES SET OF 4 FRUITS ,6,2011-09-01 12:34:00,2.95,15189,United Kingdom,17.700000000000003
565129,82582,AREA PATROLLED METAL SIGN,1,2011-09-01 12:41:00,2.1,15719,United Kingdom,2.1
565129,22508,DOORSTOP RETROSPOT HEART,1,2011-09-01 12:41:00,3.75,15719,United Kingdom,3.75
565139,22083,PAPER CHAIN KIT RETROSPOT,40,2011-09-01 12:50:00,2.55,16422,United Kingdom,102.0
565141,21381,MINI WOODEN HAPPY BIRTHDAY GARLAND,2,2011-09-01 13:40:00,1.69,17841,United Kingdom,3.38
565141,23170,REGENCY TEA PLATE ROSES ,2,2011-09-01 13:40:00,1.65,17841,United Kingdom,3.3
565141,23191,BUNDLE OF 3 RETRO NOTE BOOKS,1,2011-09-01 13:40:00,1.65,17841,United Kingdom,1.65
565150,21931,JUMBO STORAGE BAG SUKI,40,2011-09-01 14:26:00,1.79,14298,United Kingdom,71.6
565150,84992,72 SWEETHEART FAIRY CAKE CASES,48,2011-09-01 14:26:00,0.42,14298,United Kingdom,20.16
565150,22962,JAM JAR WITH PINK LID,12,2011-09-01 14:26:00,0.72,14298,United Kingdom,8.64
565150,22698,PINK REGENCY TEACUP AND SAUCER,24,2011-09-01 14:26:00,2.55,14298,United Kingdom,61.2
565150,85099C,JUMBO  BAG BAROQUE BLACK WHITE,20,2011-09-01 14:26:00,1.79,14298,United Kingdom,35.8
565150,23160,REGENCY TEA SPOON,24,2011-09-01 14:26:00,1.04,14298,United Kingdom,24.96
565151,22078,RIBBON REEL LACE DESIGN ,7,2011-09-01 14:29:00,2.1,16923,United Kingdom,14.7
565155,22629,SPACEBOY LUNCH BOX ,24,2011-09-01 14:58:00,1.95,16672,United Kingdom,46.8
565156,22993,SET OF 4 PANTRY JELLY MOULDS,12,2011-09-01 15:04:00,1.25,13045,United Kingdom,15.0
565181,21703,BAG 125g SWIRLY MARBLES,480,2011-09-01 15:52:00,0.42,17381,United Kingdom,201.6
565198,22726,ALARM CLOCK BAKELIKE GREEN,8,2011-09-01 16:18:00,3.75,16729,United Kingdom,30.0
565198,20725,LUNCH BAG RED RETROSPOT,10,2011-09-01 16:18:00,1.65,16729,United Kingdom,16.5
565200,22771,CLEAR DRAWER KNOB ACRYLIC EDWARDIAN,30,2011-09-01 16:30:00,1.25,17576,United Kingdom,37.5
565201,21977,PACK OF 60 PINK PAISLEY CAKE CASES,24,2011-09-01 16:41:00,0.55,14907,United Kingdom,13.2
565207,23330,DECORATIVE WICKER HEART MEDIUM,2,2011-09-01 16:46:00,1.25,16764,United Kingdom,2.5
565209,22766,PHOTO FRAME CORNICE,3,2011-09-01 16:59:00,2.95,15910,United Kingdom,8.850000000000001
565218,22045,SPACEBOY GIFT WRAP,25,2011-09-01 17:45:00,0.42,12739,United Arab Emirates,10.5
565219,23285,PINK VINTAGE SPOT BEAKER,8,2011-09-01 18:07:00,0.85,14420,United Kingdom,6.8
565224,23199,JUMBO BAG APPLES,2,2011-09-01 19:11:00,2.08,14713,United Kingdom,4.16
565226,85099B,JUMBO BAG RED RETROSPOT,10,2011-09-02 08:50:00,2.08,16992,United Kingdom,20.8
565230,23192,BUNDLE OF 3 ALPHABET EXERCISE BOOKS,12,2011-09-02 09:24:00,1.65,16705,United Kingdom,19.8
565235,22709,WRAP WEDDING DAY,25,2011-09-02 09:43:00,0.42,13418,United Kingdom,10.5
565238,20728,LUNCH BAG CARS BLUE,10,2011-09-02 09:48:00,1.65,16945,United Kingdom,16.5
565238,23355,HOT WATER BOTTLE KEEP CALM,4,2011-09-02 09:48:00,4.95,16945,United Kingdom,19.8
565238,85099C,JUMBO  BAG BAROQUE BLACK WHITE,10,2011-09-02 09:48:00,2.08,16945,United Kingdom,20.8
565243,22711,WRAP CIRCUS PARADE,25,2011-09-02 10:20:00,0.42,16735,United Kingdom,10.5
565246,22666,RECIPE BOX PANTRY YELLOW DESIGN,6,2011-09-02 10:27:00,2.95,12408,Belgium,17.700000000000003
565248,23192,BUNDLE OF 3 ALPHABET EXERCISE BOOKS,1,2011-09-02 10:34:00,1.65,15860,United Kingdom,1.65
565248,23344,JUMBO BAG 50'S CHRISTMAS ,1,2011-09-02 10:34:00,2.08,15860,United Kingdom,2.08
565249,22555,PLASTERS IN TIN STRONGMAN,1,2011-09-02 10:38:00,1.65,18027,United Kingdom,1.65
565289,21670,BLUE SPOT CERAMIC DRAWER KNOB,12,2011-09-02 11:43:00,1.25,14911,EIRE,15.0
565289,22699,ROSES REGENCY TEACUP AND SAUCER ,6,2011-09-02 11:43:00,2.95,14911,EIRE,17.700000000000003
565292,84029G,KNITTED UNION FLAG HOT WATER BOTTLE,12,2011-09-02 11:54:00,3.75,16102,United Kingdom,45.0
565312,22795,SWEETHEART RECIPE BOOK STAND,1,2011-09-02 12:37:00,6.75,14527,United Kingdom,6.75
565321,21080,SET/20 RED RETROSPOT PAPER NAPKINS ,24,2011-09-02 13:14:00,0.85,12437,France,20.4
565324,22689,DOORMAT MERRY CHRISTMAS RED ,1,2011-09-02 13:18:00,8.25,13232,United Kingdom,8.25
565326,15056N,EDWARDIAN PARASOL NATURAL,1,2011-09-02 13:41:00,5.95,16706,United Kingdom,5.95
565327,21889,WOODEN BOX OF DOMINOES,12,2011-09-02 13:48:00,1.25,12832,United Kingdom,15.0
565328,23341,PINK DINER WALL CLOCK,4,2011-09-02 13:50:00,8.5,14004,United Kingdom,34.0
565331,23343,JUMBO BAG VINTAGE CHRISTMAS ,2,2011-09-02 13:59:00,2.08,16674,United Kingdom,4.16
565331,22409,MONEY BOX BISCUITS DESIGN,1,2011-09-02 13:59:00,1.25,16674,United Kingdom,1.25
565332,21136,PAINTED METAL PEARS ASSORTED,16,2011-09-02 14:09:00,1.69,13695,United Kingdom,27.04
565366,85099B,JUMBO BAG RED RETROSPOT,10,2011-09-02 14:56:00,2.08,17091,United Kingdom,20.8
565381,23077,DOUGHNUT LIP GLOSS ,20,2011-09-02 15:23:00,1.25,16173,United Kingdom,25.0
565388,85053,FRENCH ENAMEL CANDLEHOLDER,1,2011-09-02 15:56:00,2.1,14415,United Kingdom,2.1
565397,23101,SILVER STARS TABLE DECORATION,3,2011-09-02 16:43:00,0.83,14171,United Kingdom,2.49
565401,22763,KEY CABINET MA CAMPAGNE,1,2011-09-02 17:38:00,9.95,16686,United Kingdom,9.95
565401,22900,SET 2 TEA TOWELS I LOVE LONDON ,1,2011-09-02 17:38:00,3.25,16686,United Kingdom,3.25
565407,22551,PLASTERS IN TIN SPACEBOY,5,2011-09-04 11:00:00,1.65,16983,United Kingdom,8.25
565410,23199,JUMBO BAG APPLES,10,2011-09-04 11:17:00,2.08,14691,United Kingdom,20.8
565410,21756,BATH BUILDING BLOCK WORD,3,2011-09-04 11:17:00,5.95,14691,United Kingdom,17.85
565410,22189,CREAM HEART CARD HOLDER,36,2011-09-04 11:17:00,3.39,14691,United Kingdom,122.04
565411,23091,ZINC HERB GARDEN CONTAINER,2,2011-09-04 11:22:00,6.25,13772,United Kingdom,12.5
565411,23307,SET OF 60 PANTRY DESIGN CAKE CASES ,4,2011-09-04 11:22:00,0.55,13772,United Kingdom,2.2
565416,23292,SPACEBOY CHILDRENS CUP,8,2011-09-04 12:00:00,1.25,12710,Germany,10.0
565421,23332,IVORY WICKER HEART LARGE,2,2011-09-04 12:10:00,1.65,16744,United Kingdom,3.3
565421,22720,SET OF 3 CAKE TINS PANTRY DESIGN ,1,2011-09-04 12:10:00,4.95,16744,United Kingdom,4.95
565426,21034,REX CASH+CARRY JUMBO SHOPPER,1,2011-09-04 12:41:00,0.95,12851,United Kingdom,0.95
565430,22704,WRAP RED APPLES ,25,2011-09-04 13:07:00,0.42,14335,Germany,10.5
565430,15039,SANDALWOOD FAN,1,2011-09-04 13:07:00,0.85,14335,Germany,0.85
565431,72807B,SET/3 OCEAN SCENT CANDLE JEWEL BOX,2,2011-09-04 13:15:00,4.25,14965,United Kingdom,8.5
565431,21694,SMALL REGAL  SILVER CANDLEPOT ,1,2011-09-04 13:15:00,2.95,14965,United Kingdom,2.95
565431,22914,BLUE COAT RACK PARIS FASHION,2,2011-09-04 13:15:00,4.95,14965,United Kingdom,9.9
565431,22666,RECIPE BOX PANTRY YELLOW DESIGN,1,2011-09-04 13:15:00,2.95,14965,United Kingdom,2.95
565432,21484,CHICK GREY HOT WATER BOTTLE,1,2011-09-04 13:16:00,4.25,16241,United Kingdom,4.25
565434,22383,LUNCH BAG SUKI DESIGN ,3,2011-09-04 13:35:00,1.65,12867,United Kingdom,4.949999999999999
565434,79190D,RETRO PLASTIC DAISY TRAY,5,2011-09-04 13:35:00,0.42,12867,United Kingdom,2.1
565434,20719,WOODLAND CHARLOTTE BAG,3,2011-09-04 13:35:00,0.85,12867,United Kingdom,2.55
565437,22736,RIBBON REEL MAKING SNOWMEN ,10,2011-09-04 13:48:00,1.65,17050,United Kingdom,16.5
565439,23209,LUNCH BAG VINTAGE DOILY ,10,2011-09-04 13:56:00,1.65,14852,United Kingdom,16.5
565439,21754,HOME BUILDING BLOCK WORD,3,2011-09-04 13:56:00,6.25,14852,United Kingdom,18.75
565438,22384,LUNCH BAG PINK POLKADOT,2,2011-09-04 13:56:00,1.65,17229,United Kingdom,3.3
565441,23188,VINTAGE  2 METER FOLDING RULER,1,2011-09-04 14:08:00,1.65,13240,United Kingdom,1.65
565442,21558,SKULL LUNCH BOX WITH CUTLERY ,6,2011-09-04 14:09:00,2.55,12627,Germany,15.3
565443,22326,ROUND SNACK BOXES SET OF4 WOODLAND ,6,2011-09-04 14:22:00,2.95,12567,France,17.700000000000003
565445,90200A,PURPLE SWEETHEART BRACELET,1,2011-09-04 14:50:00,4.25,13548,United Kingdom,4.25
565445,21588,RETROSPOT GIANT TUBE MATCHES,1,2011-09-04 14:50:00,2.55,13548,United Kingdom,2.55
565446,22086,PAPER CHAIN KIT 50'S CHRISTMAS ,12,2011-09-04 15:19:00,2.95,16057,United Kingdom,35.400000000000006
565451,23120,PACK OF 6 SMALL FRUIT STRAWS,24,2011-09-04 15:37:00,0.42,15365,United Kingdom,10.08
565453,22149,FELTCRAFT 6 FLOWER FRIENDS,6,2011-09-04 16:05:00,2.1,15136,United Kingdom,12.6
565453,23306,SET OF 36 DOILIES PANTRY DESIGN,12,2011-09-04 16:05:00,1.45,15136,United Kingdom,17.4
565454,47566,PARTY BUNTING,4,2011-09-04 16:08:00,4.95,17410,United Kingdom,19.8
565456,21984,PACK OF 12 PINK PAISLEY TISSUES ,12,2011-09-04 16:12:00,0.39,16629,United Kingdom,4.68
565456,23310,BUBBLEGUM RING ASSORTED,36,2011-09-04 16:12:00,0.42,16629,United Kingdom,15.12
565458,23203,JUMBO BAG VINTAGE DOILY ,30,2011-09-05 09:16:00,2.08,16523,United Kingdom,62.400000000000006
565458,22377,BOTTLE BAG RETROSPOT ,10,2011-09-05 09:16:00,2.1,16523,United Kingdom,21.0
565459,22726,ALARM CLOCK BAKELIKE GREEN,24,2011-09-05 09:20:00,3.75,16656,United Kingdom,90.0
565460,22096,PINK PAISLEY SQUARE TISSUE BOX ,36,2011-09-05 09:24:00,0.39,16843,United Kingdom,14.04
565460,23206,LUNCH BAG APPLE DESIGN,40,2011-09-05 09:24:00,1.65,16843,United Kingdom,66.0
565461,22569,FELTCRAFT CUSHION BUTTERFLY,4,2011-09-05 09:34:00,3.75,18261,United Kingdom,15.0
565466,23206,LUNCH BAG APPLE DESIGN,10,2011-09-05 09:48:00,1.65,12422,Australia,16.5
565472,23406,HOME SWEET HOME KEY HOLDER,1,2011-09-05 10:15:00,6.25,16255,United Kingdom,6.25
565472,23404,HOME SWEET HOME BLACKBOARD,2,2011-09-05 10:15:00,4.95,16255,United Kingdom,9.9
565478,23405,HOME SWEET HOME 2 DRAWER CABINET,1,2011-09-05 11:18:00,4.95,15005,United Kingdom,4.95
565479,85099B,JUMBO BAG RED RETROSPOT,10,2011-09-05 11:19:00,2.08,13999,United Kingdom,20.8
565481,22907,PACK OF 20 NAPKINS PANTRY DESIGN,2,2011-09-05 11:31:00,0.85,16891,United Kingdom,1.7
565491,23344,JUMBO BAG 50'S CHRISTMAS ,20,2011-09-05 11:41:00,2.08,13881,United Kingdom,41.6
565515,23231,WRAP  VINTAGE DOILY ,25,2011-09-05 11:51:00,0.42,17491,United Kingdom,10.5
565519,22195,LARGE HEART MEASURING SPOONS,12,2011-09-05 11:52:00,1.65,12502,Spain,19.8
565541,21990,MODERN FLORAL STATIONERY SET,2,2011-09-05 12:00:00,1.25,14159,United Kingdom,2.5
565541,47574A,ENGLISH ROSE SCENTED HANGING FLOWER,5,2011-09-05 12:00:00,0.75,14159,United Kingdom,3.75
565541,23202,JUMBO BAG VINTAGE LEAF,4,2011-09-05 12:00:00,2.08,14159,United Kingdom,8.32
565541,22356,CHARLOTTE BAG PINK POLKADOT,2,2011-09-05 12:00:00,0.85,14159,United Kingdom,1.7
565541,23380,PACK OF 12 VINTAGE DOILY TISSUES,12,2011-09-05 12:00:00,0.39,14159,United Kingdom,4.68
565542,23078,ICE CREAM PEN LIP GLOSS ,24,2011-09-05 12:06:00,1.25,16820,United Kingdom,30.0
565563,21012,ANTIQUE ALL GLASS CANDLESTICK,2,2011-09-05 12:18:00,2.1,14177,United Kingdom,4.2
565579,23199,JUMBO BAG APPLES,3,2011-09-05 12:35:00,2.08,18283,United Kingdom,6.24
565583,23054,RECYCLED ACAPULCO MAT LAVENDER,2,2011-09-05 12:41:00,8.25,12816,Poland,16.5
565588,21733,RED HANGING HEART T-LIGHT HOLDER,2,2011-09-05 13:50:00,2.95,16918,United Kingdom,5.9
565592,85150,LADIES & GENTLEMEN METAL SIGN,144,2011-09-05 13:54:00,2.1,16029,United Kingdom,302.40000000000003
565594,16161U,WRAP SUKI AND FRIENDS,25,2011-09-05 14:11:00,0.42,13510,United Kingdom,10.5
565595,22718,CARD CAT AND TREE ,12,2011-09-05 14:13:00,0.42,13192,United Kingdom,5.04
565610,23351,ROLL WRAP 50'S CHRISTMAS,12,2011-09-05 14:56:00,1.25,14849,United Kingdom,15.0
565614,22694,WICKER STAR ,6,2011-09-05 15:20:00,2.1,17309,United Kingdom,12.6
565648,85124C,GREEN JUICY FRUIT PHOTO FRAME,1,2011-09-05 16:22:00,2.55,18196,United Kingdom,2.55
565649,22382,LUNCH BAG SPACEBOY DESIGN ,3,2011-09-05 16:27:00,1.65,16712,United Kingdom,4.949999999999999
565649,23091,ZINC HERB GARDEN CONTAINER,6,2011-09-05 16:27:00,6.25,16712,United Kingdom,37.5
565664,21495,SKULLS AND CROSSBONES WRAP,25,2011-09-05 17:36:00,0.42,13211,United Kingdom,10.5
565664,84692,BOX OF 24 COCKTAIL PARASOLS,25,2011-09-05 17:36:00,0.42,13211,United Kingdom,10.5
565672,23055,IVORY CHANDELIER T-LIGHT HOLDER,3,2011-09-06 09:34:00,6.25,17700,United Kingdom,18.75
565675,23168,CLASSIC CAFE SUGAR DISPENSER,12,2011-09-06 09:51:00,1.25,15513,United Kingdom,15.0
565682,82583,HOT BATHS METAL SIGN,48,2011-09-06 10:42:00,2.1,14796,United Kingdom,100.8
565682,22995,TRAVEL CARD WALLET SUKI,1,2011-09-06 10:42:00,0.42,14796,United Kingdom,0.42
565682,21907,I'M ON HOLIDAY METAL SIGN,24,2011-09-06 10:42:00,2.1,14796,United Kingdom,50.400000000000006
565725,22593,CHRISTMAS GINGHAM STAR,12,2011-09-06 11:55:00,0.85,13949,United Kingdom,10.2
565726,22411,JUMBO SHOPPER VINTAGE RED PAISLEY,10,2011-09-06 11:58:00,2.08,14360,United Kingdom,20.8
565726,22959,WRAP CHRISTMAS VILLAGE,25,2011-09-06 11:58:00,0.42,14360,United Kingdom,10.5
565730,21917,SET 12 KIDS  WHITE CHALK STICKS,6,2011-09-06 12:02:00,0.42,14715,United Kingdom,2.52
565732,20718,RED RETROSPOT SHOPPER BAG,10,2011-09-06 12:10:00,1.25,17068,United Kingdom,12.5
565732,22379,RECYCLING BAG RETROSPOT ,10,2011-09-06 12:10:00,2.1,17068,United Kingdom,21.0
565737,22269,EGG CUP NATURAL CHICKEN,16,2011-09-06 12:27:00,0.39,16400,United Kingdom,6.24
565748,23172,REGENCY TEA PLATE PINK,48,2011-09-06 12:38:00,1.45,14156,EIRE,69.6
565758,21670,BLUE SPOT CERAMIC DRAWER KNOB,6,2011-09-06 13:29:00,1.45,16928,United Kingdom,8.7
565763,23267,SET OF 4 SANTA PLACE SETTINGS,96,2011-09-06 14:09:00,1.04,14739,United Kingdom,99.84
565765,21891,TRADITIONAL WOODEN SKIPPING ROPE,12,2011-09-06 14:19:00,1.45,12526,Germany,17.4
565766,23239,SET OF 4 KNICK KNACK TINS POPPIES,3,2011-09-06 14:23:00,4.15,17841,United Kingdom,12.45
565779,22398,MAGNETS PACK OF 4 SWALLOWS,12,2011-09-06 15:14:00,0.39,15804,United Kingdom,4.68
565781,84692,BOX OF 24 COCKTAIL PARASOLS,25,2011-09-06 15:34:00,0.42,13098,United Kingdom,10.5
565783,22066,LOVE HEART TRINKET POT,48,2011-09-06 15:53:00,0.39,13122,United Kingdom,18.72
565788,22460,EMBOSSED GLASS TEALIGHT HOLDER,12,2011-09-07 08:18:00,1.25,13210,United Kingdom,15.0
565790,22086,PAPER CHAIN KIT 50'S CHRISTMAS ,12,2011-09-07 09:15:00,2.95,16767,United Kingdom,35.400000000000006
565800,21889,WOODEN BOX OF DOMINOES,12,2011-09-07 10:23:00,1.25,14911,EIRE,15.0
565800,22627,MINT KITCHEN SCALES,2,2011-09-07 10:23:00,8.5,14911,EIRE,17.0
565800,22796,PHOTO FRAME 3 CLASSIC HANGING,4,2011-09-07 10:23:00,9.95,14911,EIRE,39.8
565803,20713,JUMBO BAG OWLS,10,2011-09-07 10:38:00,2.08,17735,United Kingdom,20.8
565803,21559,STRAWBERRY LUNCH BOX WITH CUTLERY,6,2011-09-07 10:38:00,2.55,17735,United Kingdom,15.3
565803,22895,SET OF 2 TEA TOWELS APPLE AND PEARS,6,2011-09-07 10:38:00,3.25,17735,United Kingdom,19.5
565806,21136,PAINTED METAL PEARS ASSORTED,8,2011-09-07 10:51:00,1.69,15594,United Kingdom,13.52
565836,23551,PACK OF 12 PAISLEY PARK TISSUES ,24,2011-09-07 11:41:00,0.39,17511,United Kingdom,9.36
565838,23092,LARGE ANTIQUE WHITE PHOTO FRAME,12,2011-09-07 11:43:00,6.65,15071,United Kingdom,79.80000000000001
565846,20665,RED RETROSPOT PURSE ,1,2011-09-07 12:41:00,2.95,14606,United Kingdom,2.95
565850,82494L,WOODEN FRAME ANTIQUE WHITE ,6,2011-09-07 12:55:00,2.95,14530,United Kingdom,17.700000000000003
565850,22296,HEART IVORY TRELLIS LARGE,12,2011-09-07 12:55:00,1.65,14530,United Kingdom,19.8
565850,22470,HEART OF WICKER LARGE,2,2011-09-07 12:55:00,2.95,14530,United Kingdom,5.9
565851,22333,RETROSPOT PARTY BAG + STICKER SET,8,2011-09-07 13:06:00,1.65,14911,EIRE,13.2
565851,85199S,SMALL HANGING IVORY/RED WOOD BIRD,24,2011-09-07 13:06:00,0.42,14911,EIRE,10.08
565851,22035,VINTAGE CARAVAN GREETING CARD ,12,2011-09-07 13:06:00,0.42,14911,EIRE,5.04
565854,22367,CHILDRENS APRON SPACEBOY DESIGN,8,2011-09-07 13:22:00,1.95,12490,France,15.6
565857,21872,GLAMOROUS  MUG,12,2011-09-07 14:13:00,1.25,14911,EIRE,15.0
565857,15036,ASSORTED COLOURS SILK FAN,12,2011-09-07 14:13:00,0.83,14911,EIRE,9.96
565857,22993,SET OF 4 PANTRY JELLY MOULDS,12,2011-09-07 14:13:00,1.25,14911,EIRE,15.0
565859,21888,BINGO SET,4,2011-09-07 14:40:00,3.75,16818,United Kingdom,15.0
565865,23173,REGENCY TEAPOT ROSES ,2,2011-09-07 15:07:00,9.95,12637,France,19.9
565916,22698,PINK REGENCY TEACUP AND SAUCER,6,2011-09-07 16:00:00,2.95,14156,EIRE,17.700000000000003
565916,23393,HOME SWEET HOME CUSHION COVER ,4,2011-09-07 16:00:00,3.75,14156,EIRE,15.0
565921,21484,CHICK GREY HOT WATER BOTTLE,8,2011-09-08 09:13:00,4.25,13889,United Kingdom,34.0
565923,23029,DRAWER KNOB CRACKLE GLAZE GREEN,96,2011-09-08 10:00:00,1.45,17567,United Kingdom,139.2
565923,21539,RED RETROSPOT BUTTER DISH,4,2011-09-08 10:00:00,4.95,17567,United Kingdom,19.8
565932,22360,GLASS JAR ENGLISH CONFECTIONERY,1,2011-09-08 10:35:00,2.95,16418,United Kingdom,2.95
565967,22667,RECIPE BOX RETROSPOT ,24,2011-09-08 11:27:00,2.55,14646,Netherlands,61.2
565967,20677,PINK POLKADOT BOWL,24,2011-09-08 11:27:00,1.25,14646,Netherlands,30.0
566008,20652,BLUE POLKADOT LUGGAGE TAG ,2,2011-09-08 12:04:00,1.25,16426,United Kingdom,2.5
566008,23202,JUMBO BAG VINTAGE LEAF,2,2011-09-08 12:04:00,2.08,16426,United Kingdom,4.16
566008,20615,BLUE POLKADOT PASSPORT COVER,2,2011-09-08 12:04:00,0.75,16426,United Kingdom,1.5
566010,22112,CHOCOLATE HOT WATER BOTTLE,2,2011-09-08 12:05:00,4.95,13700,United Kingdom,9.9
566010,22030,SWALLOWS GREETING CARD,12,2011-09-08 12:05:00,0.42,13700,United Kingdom,5.04
566014,21901,"KEY FOB , BACK DOOR ",18,2011-09-08 12:16:00,0.65,14688,United Kingdom,11.7
566018,21993,FLORAL FOLK STATIONERY SET,4,2011-09-08 12:42:00,1.25,13137,United Kingdom,5.0
566018,85014B,RED RETROSPOT UMBRELLA,2,2011-09-08 12:42:00,5.95,13137,United Kingdom,11.9
566018,22966,GINGERBREAD MAN COOKIE CUTTER,4,2011-09-08 12:42:00,1.25,13137,United Kingdom,5.0
566018,85185B,PINK HORSE SOCK PUPPET,1,2011-09-08 12:42:00,2.95,13137,United Kingdom,2.95
566025,22498,WOODEN REGATTA BUNTING,1,2011-09-08 12:55:00,5.95,17634,United Kingdom,5.95
566028,16014,SMALL CHINESE STYLE SCISSOR,1000,2011-09-08 12:58:00,0.32,13848,United Kingdom,320.0
566040,22727,ALARM CLOCK BAKELIKE RED ,4,2011-09-08 13:38:00,3.75,12540,Spain,15.0
566043,85123A,WHITE HANGING HEART T-LIGHT HOLDER,6,2011-09-08 13:54:00,2.95,13769,United Kingdom,17.700000000000003
566051,21136,PAINTED METAL PEARS ASSORTED,8,2011-09-08 14:42:00,1.69,15198,United Kingdom,13.52
566053,23397,FOOT STOOL HOME SWEET HOME ,1,2011-09-08 14:57:00,9.95,14410,United Kingdom,9.95
566053,21212,PACK OF 72 RETROSPOT CAKE CASES,2,2011-09-08 14:57:00,0.55,14410,United Kingdom,1.1
566076,22376,AIRLINE BAG VINTAGE JET SET WHITE,4,2011-09-09 09:13:00,4.25,12449,Belgium,17.0
566076,23241,TREASURE TIN GYMKHANA DESIGN,6,2011-09-09 09:13:00,2.08,12449,Belgium,12.48
566079,85049E,SCANDINAVIAN REDS RIBBONS,12,2011-09-09 09:52:00,1.25,17593,United Kingdom,15.0
566082,23119,PACK OF 6 LARGE FRUIT STRAWS ,12,2011-09-09 10:09:00,0.62,16293,United Kingdom,7.439999999999999
566085,22309,TEA COSY RED  STRIPE,1,2011-09-09 10:12:00,2.55,17841,United Kingdom,2.55
566087,23201,JUMBO BAG ALPHABET,10,2011-09-09 10:24:00,2.08,13319,United Kingdom,20.8
566091,35004B,SET OF 3 BLACK FLYING DUCKS,1,2011-09-09 10:37:00,5.45,17870,United Kingdom,5.45
566123,23006,TRAVEL CARD WALLET FLOWER MEADOW,2,2011-09-09 11:15:00,0.42,15039,United Kingdom,0.84
566123,22423,REGENCY CAKESTAND 3 TIER,2,2011-09-09 11:15:00,12.75,15039,United Kingdom,25.5
566123,22424,ENAMEL BREAD BIN CREAM,1,2011-09-09 11:15:00,12.75,15039,United Kingdom,12.75
566163,21094,SET/6 RED SPOTTY PAPER PLATES,12,2011-09-09 11:48:00,0.85,12637,France,10.2
566163,22631,CIRCUS PARADE LUNCH BOX ,12,2011-09-09 11:48:00,1.95,12637,France,23.4
566171,22865,HAND WARMER OWL DESIGN,1,2011-09-09 12:22:00,2.1,18118,United Kingdom,2.1
566171,23355,HOT WATER BOTTLE KEEP CALM,1,2011-09-09 12:22:00,4.95,18118,United Kingdom,4.95
566188,23322,LARGE WHITE HEART OF WICKER,12,2011-09-09 13:14:00,2.95,14312,United Kingdom,35.400000000000006
566190,22398,MAGNETS PACK OF 4 SWALLOWS,6,2011-09-09 13:20:00,0.39,12748,United Kingdom,2.34
566190,23381,PACK OF 12 VINTAGE LEAF TISSUES ,12,2011-09-09 13:20:00,0.39,12748,United Kingdom,4.68
566193,21232,STRAWBERRY CERAMIC TRINKET BOX,12,2011-09-09 13:37:00,1.25,14961,United Kingdom,15.0
566193,21080,SET/20 RED RETROSPOT PAPER NAPKINS ,12,2011-09-09 13:37:00,0.85,14961,United Kingdom,10.2
566194,20725,LUNCH BAG RED RETROSPOT,1,2011-09-09 13:42:00,1.65,14711,United Kingdom,1.65
566195,21872,GLAMOROUS  MUG,12,2011-09-09 13:44:00,1.25,12433,Norway,15.0
566199,22470,HEART OF WICKER LARGE,6,2011-09-09 14:12:00,2.95,14824,United Kingdom,17.700000000000003
566200,22094,RED RETROSPOT TISSUE BOX,2,2011-09-09 14:14:00,0.39,16910,United Kingdom,0.78
566203,23394,POSTE FRANCE CUSHION COVER,6,2011-09-09 14:47:00,3.75,16362,United Kingdom,22.5
566207,21703,BAG 125g SWIRLY MARBLES,864,2011-09-09 15:02:00,0.27,12830,United Kingdom,233.28000000000003
566213,22572,ROCKING HORSE GREEN CHRISTMAS ,12,2011-09-09 15:09:00,0.85,14895,United Kingdom,10.2
566213,22630,DOLLY GIRL LUNCH BOX,12,2011-09-09 15:09:00,1.95,14895,United Kingdom,23.4
566213,22990,COTTON APRON PANTRY DESIGN,4,2011-09-09 15:09:00,4.95,14895,United Kingdom,19.8
566217,23275,SET OF 3 HANGING OWLS OLLIE BEAK,1,2011-09-09 15:17:00,2.46,14096,United Kingdom,2.46
566227,48194,DOORMAT HEARTS,10,2011-09-11 10:42:00,7.08,14258,United Kingdom,70.8
566227,21429,RED GINGHAM ROSE JEWELLERY BOX,48,2011-09-11 10:42:00,1.65,14258,United Kingdom,79.19999999999999
566230,23317,BLUE REFECTORY CLOCK ,2,2011-09-11 10:57:00,9.95,15159,United Kingdom,19.9
566231,23241,TREASURE TIN GYMKHANA DESIGN,6,2011-09-11 10:58:00,2.08,14837,United Kingdom,12.48
566234,22224,WHITE LOVEBIRD LANTERN,4,2011-09-11 11:08:00,2.95,15035,United Kingdom,11.8
566234,71053,WHITE METAL LANTERN,1,2011-09-11 11:08:00,3.75,15035,United Kingdom,3.75
566236,22423,REGENCY CAKESTAND 3 TIER,2,2011-09-11 11:19:00,12.75,16384,United Kingdom,25.5
566240,23337,EGG FRYING PAN MINT ,1,2011-09-11 11:29:00,2.08,14508,United Kingdom,2.08
566242,22845,VINTAGE CREAM CAT FOOD CONTAINER,2,2011-09-11 11:56:00,6.35,15502,United Kingdom,12.7
566244,22633,HAND WARMER UNION JACK,12,2011-09-11 11:58:00,2.1,15502,United Kingdom,25.200000000000003
566246,23082,SET 6 PAPER TABLE LANTERN HEARTS ,48,2011-09-11 12:00:00,3.29,13941,United Kingdom,157.92000000000002
566247,22720,SET OF 3 CAKE TINS PANTRY DESIGN ,32,2011-09-11 12:03:00,4.25,16107,United Kingdom,136.0
566249,23131,MISTLETOE HEART WREATH CREAM,6,2011-09-11 12:09:00,4.15,13527,United Kingdom,24.9
566249,22265,EASTER DECORATION NATURAL CHICK,3,2011-09-11 12:09:00,0.65,13527,United Kingdom,1.95
566255,23295,SET OF 12 MINI LOAF BAKING CASES,128,2011-09-11 12:23:00,0.72,13324,United Kingdom,92.16
566255,84991,60 TEATIME FAIRY CAKE CASES,120,2011-09-11 12:23:00,0.42,13324,United Kingdom,50.4
566259,23313,VINTAGE CHRISTMAS BUNTING,150,2011-09-11 12:45:00,4.15,17317,United Kingdom,622.5
566258,22940,FELTCRAFT CHRISTMAS FAIRY,6,2011-09-11 12:45:00,4.25,13124,United Kingdom,25.5
566261,C2,CARRIAGE,1,2011-09-11 12:46:00,50.0,13372,United Kingdom,50.0
566262,22491,PACK OF 12 COLOURED PENCILS,12,2011-09-11 12:56:00,0.85,15527,United Kingdom,10.2
566264,22357,KINGS CHOICE BISCUIT TIN,1,2011-09-11 13:07:00,4.25,14606,United Kingdom,4.25
566266,23191,BUNDLE OF 3 RETRO NOTE BOOKS,2,2011-09-11 13:22:00,1.65,17299,United Kingdom,3.3
566268,22189,CREAM HEART CARD HOLDER,4,2011-09-11 13:38:00,3.95,13813,Germany,15.8
566271,22568,FELTCRAFT CUSHION OWL,4,2011-09-11 13:44:00,3.75,14250,United Kingdom,15.0
566275,23234,BISCUIT TIN VINTAGE CHRISTMAS,1,2011-09-11 13:58:00,2.89,16549,United Kingdom,2.89
566277,23313,VINTAGE CHRISTMAS BUNTING,10,2011-09-11 14:01:00,4.95,16796,United Kingdom,49.5
566279,17012D,ORIGAMI ROSE INCENSE/CANDLE SET ,6,2011-09-11 14:09:00,0.85,14432,United Kingdom,5.1
566281,22027,TEA PARTY BIRTHDAY CARD,24,2011-09-11 14:15:00,0.42,12748,United Kingdom,10.08
566281,22835,HOT WATER BOTTLE I AM SO POORLY,3,2011-09-11 14:15:00,4.95,12748,United Kingdom,14.85
566281,22571,ROCKING HORSE RED CHRISTMAS ,10,2011-09-11 14:15:00,0.85,12748,United Kingdom,8.5
566285,21899,GARAGE KEY FOB,6,2011-09-11 14:51:00,0.65,13611,United Kingdom,3.9
566288,23247,BISCUIT TIN 50'S CHRISTMAS,6,2011-09-11 15:18:00,2.89,12883,United Kingdom,17.34
566288,22720,SET OF 3 CAKE TINS PANTRY DESIGN ,3,2011-09-11 15:18:00,4.95,12883,United Kingdom,14.85
566289,22754,SMALL RED BABUSHKA NOTEBOOK ,24,2011-09-11 15:20:00,0.85,15601,United Kingdom,20.4
566290,21499,BLUE POLKADOT WRAP,25,2011-09-11 15:24:00,0.42,14456,United Kingdom,10.5
566290,21114,LAVENDER SCENTED FABRIC HEART,5,2011-09-11 15:24:00,1.25,14456,United Kingdom,6.25
566290,22560,TRADITIONAL MODELLING CLAY,1,2011-09-11 15:24:00,1.25,14456,United Kingdom,1.25
566291,82494L,WOODEN FRAME ANTIQUE WHITE ,2,2011-09-11 15:31:00,2.95,12965,United Kingdom,5.9
566291,48187,DOORMAT NEW ENGLAND,1,2011-09-11 15:31:00,8.25,12965,United Kingdom,8.25
566294,47566,PARTY BUNTING,2,2011-09-11 15:41:00,4.95,15533,United Kingdom,9.9
566294,82552,WASHROOM METAL SIGN,1,2011-09-11 15:41:00,1.45,15533,United Kingdom,1.45
566299,22909,SET OF 20 VINTAGE CHRISTMAS NAPKINS,12,2011-09-11 15:59:00,0.85,16871,United Kingdom,10.2
566299,22158,3 HEARTS HANGING DECORATION RUSTIC,8,2011-09-11 15:59:00,2.95,16871,United Kingdom,23.6
566300,22158,3 HEARTS HANGING DECORATION RUSTIC,8,2011-09-11 16:05:00,2.95,18215,United Kingdom,23.6
566301,22564,ALPHABET STENCIL CRAFT,1,2011-09-11 16:06:00,1.25,16474,United Kingdom,1.25
566304,22579,WOODEN TREE CHRISTMAS SCANDINAVIAN,12,2011-09-12 09:03:00,0.85,18158,United Kingdom,10.2
566305,22835,HOT WATER BOTTLE I AM SO POORLY,4,2011-09-12 09:26:00,4.95,14110,United Kingdom,19.8
566307,23109,LED TEA LIGHTS,12,2011-09-12 09:37:00,2.89,14307,United Kingdom,34.68
566307,22952,60 CAKE CASES VINTAGE CHRISTMAS,24,2011-09-12 09:37:00,0.55,14307,United Kingdom,13.2
566312,85061W,WHITE JEWELLED HEART DECORATION,24,2011-09-12 09:43:00,0.85,16150,United Kingdom,20.4
566314,84692,BOX OF 24 COCKTAIL PARASOLS,25,2011-09-12 09:57:00,0.42,15358,United Kingdom,10.5
566315,20838,FRENCH LATTICE CUSHION COVER ,12,2011-09-12 10:01:00,0.85,15392,United Kingdom,10.2
566317,21981,PACK OF 12 WOODLAND TISSUES ,24,2011-09-12 10:19:00,0.29,13375,United Kingdom,6.959999999999999
566317,21136,PAINTED METAL PEARS ASSORTED,8,2011-09-12 10:19:00,1.69,13375,United Kingdom,13.52
566364,22562,MONSTERS STENCIL CRAFT,12,2011-09-12 12:32:00,1.25,15253,United Kingdom,15.0
566361,85123A,WHITE HANGING HEART T-LIGHT HOLDER,12,2011-09-12 12:32:00,2.95,15253,United Kingdom,35.400000000000006
566395,23170,REGENCY TEA PLATE ROSES ,12,2011-09-12 12:48:00,1.65,14952,United Kingdom,19.8
566397,21975,PACK OF 60 DINOSAUR CAKE CASES,1,2011-09-12 12:54:00,0.55,17811,United Kingdom,0.55
566397,21787,RAIN PONCHO RETROSPOT,15,2011-09-12 12:54:00,0.85,17811,United Kingdom,12.75
566399,22560,TRADITIONAL MODELLING CLAY,24,2011-09-12 13:11:00,1.25,16141,United Kingdom,30.0
566399,22690,DOORMAT HOME SWEET HOME BLUE ,2,2011-09-12 13:11:00,8.25,16141,United Kingdom,16.5
566400,22698,PINK REGENCY TEACUP AND SAUCER,6,2011-09-12 13:16:00,2.95,17139,United Kingdom,17.700000000000003
566400,23265,SET OF 3 WOODEN TREE DECORATIONS,12,2011-09-12 13:16:00,1.25,17139,United Kingdom,15.0
566400,22734,SET OF 6 RIBBONS VINTAGE CHRISTMAS,6,2011-09-12 13:16:00,2.89,17139,United Kingdom,17.34
566408,23267,SET OF 4 SANTA PLACE SETTINGS,3,2011-09-12 13:43:00,1.25,16984,United Kingdom,3.75
566408,23239,SET OF 4 KNICK KNACK TINS POPPIES,1,2011-09-12 13:43:00,4.15,16984,United Kingdom,4.15
566408,21918,SET 12 KIDS COLOUR  CHALK STICKS,2,2011-09-12 13:43:00,0.42,16984,United Kingdom,0.84
566408,22543,MINI JIGSAW BAKE A CAKE ,1,2011-09-12 13:43:00,0.42,16984,United Kingdom,0.42
566420,22746,POPPY'S PLAYHOUSE LIVINGROOM ,2,2011-09-12 13:50:00,2.1,16360,United Kingdom,4.2
566420,22993,SET OF 4 PANTRY JELLY MOULDS,3,2011-09-12 13:50:00,1.25,16360,United Kingdom,3.75
566422,20828,GLITTER BUTTERFLY CLIPS,9,2011-09-12 13:56:00,2.55,13064,United Kingdom,22.95
566433,23022,SMALL BONNE JAM JAR  T-LIGHT HOLDER,48,2011-09-12 14:54:00,1.79,16839,United Kingdom,85.92
566438,23395,BELLE JARDINIERE CUSHION COVER,2,2011-09-12 15:14:00,3.75,15996,United Kingdom,7.5
566443,22356,CHARLOTTE BAG PINK POLKADOT,10,2011-09-12 15:31:00,0.85,17071,United Kingdom,8.5
566444,23212,HEART WREATH DECORATION WITH BELL,12,2011-09-12 15:32:00,1.25,14020,United Kingdom,15.0
566450,21915,RED  HARMONICA IN BOX ,24,2011-09-12 16:12:00,1.25,15673,United Kingdom,30.0
566451,85048,15CM CHRISTMAS GLASS BALL 20 LIGHTS,2,2011-09-12 16:14:00,7.95,18069,United Kingdom,15.9
566451,22619,SET OF 6 SOLDIER SKITTLES,1,2011-09-12 16:14:00,3.75,18069,United Kingdom,3.75
566451,23197,SKETCHBOOK MAGNETIC SHOPPING LIST,1,2011-09-12 16:14:00,1.45,18069,United Kingdom,1.45
566451,23048,SET OF 10 LANTERNS FAIRY LIGHT STAR,3,2011-09-12 16:14:00,4.15,18069,United Kingdom,12.45
566482,23344,JUMBO BAG 50'S CHRISTMAS ,10,2011-09-13 09:43:00,2.08,16609,United Kingdom,20.8
566482,22114,HOT WATER BOTTLE TEA AND SYMPATHY,4,2011-09-13 09:43:00,4.25,16609,United Kingdom,17.0
566485,22600,CHRISTMAS RETROSPOT STAR WOOD,24,2011-09-13 09:49:00,0.85,13880,United Kingdom,20.4
566495,21035,SET/2 RED RETROSPOT TEA TOWELS ,1,2011-09-13 11:14:00,3.25,15529,United Kingdom,3.25
566495,21063,PARTY INVITES JAZZ HEARTS,5,2011-09-13 11:14:00,0.85,15529,United Kingdom,4.25
566495,20755,BLUE PAISLEY POCKET BOOK,4,2011-09-13 11:14:00,0.85,15529,United Kingdom,3.4
566495,22997,TRAVEL CARD WALLET UNION JACK,3,2011-09-13 11:14:00,0.42,15529,United Kingdom,1.26
566495,22614,PACK OF 12 SPACEBOY TISSUES,3,2011-09-13 11:14:00,0.39,15529,United Kingdom,1.17
566520,22630,DOLLY GIRL LUNCH BOX,1,2011-09-13 11:26:00,1.95,17757,United Kingdom,1.95
566539,22865,HAND WARMER OWL DESIGN,10,2011-09-13 11:34:00,2.1,17228,United Kingdom,21.0
566539,23388,WOODLAND MINI BACKPACK,2,2011-09-13 11:34:00,4.15,17228,United Kingdom,8.3
566558,22758,LARGE PURPLE BABUSHKA NOTEBOOK  ,2,2011-09-13 11:51:00,1.25,15311,United Kingdom,2.5
566560,23350,ROLL WRAP VINTAGE SPOT ,12,2011-09-13 12:09:00,1.25,17092,United Kingdom,15.0
566561,22382,LUNCH BAG SPACEBOY DESIGN ,10,2011-09-13 12:13:00,1.65,18145,United Kingdom,16.5
566561,22548,HEADS AND TAILS SPORTING FUN,12,2011-09-13 12:13:00,1.25,18145,United Kingdom,15.0
566561,22662,LUNCH BAG DOLLY GIRL DESIGN,10,2011-09-13 12:13:00,1.65,18145,United Kingdom,16.5
566561,22951,60 CAKE CASES DOLLY GIRL DESIGN,24,2011-09-13 12:13:00,0.55,18145,United Kingdom,13.2
566561,22030,SWALLOWS GREETING CARD,12,2011-09-13 12:13:00,0.42,18145,United Kingdom,5.04
566562,22603,CHRISTMAS RETROSPOT TREE WOOD,12,2011-09-13 12:18:00,0.85,17365,United Kingdom,10.2
566566,22593,CHRISTMAS GINGHAM STAR,1,2011-09-13 12:32:00,1.63,14096,United Kingdom,1.63
566566,22354,RETROSPOT PADDED SEAT CUSHION,1,2011-09-13 12:32:00,7.46,14096,United Kingdom,7.46
566571,22852,DOG BOWL VINTAGE CREAM,4,2011-09-13 12:49:00,4.25,17037,United Kingdom,17.0
566575,84755,COLOUR GLASS T-LIGHT HOLDER HANGING,360,2011-09-13 13:15:00,0.55,17133,United Kingdom,198.00000000000003
566576,84692,BOX OF 24 COCKTAIL PARASOLS,50,2011-09-13 13:21:00,0.42,13098,United Kingdom,21.0
566580,23205,CHARLOTTE BAG VINTAGE ALPHABET ,10,2011-09-13 13:46:00,0.85,12822,United Kingdom,8.5
566581,21175,GIN + TONIC DIET METAL SIGN,5,2011-09-13 13:47:00,2.55,16081,United Kingdom,12.75
566581,72800E,4 IVORY DINNER CANDLES SILVER FLOCK,3,2011-09-13 13:47:00,2.55,16081,United Kingdom,7.649999999999999
566581,22189,CREAM HEART CARD HOLDER,4,2011-09-13 13:47:00,3.95,16081,United Kingdom,15.8
566582,23201,JUMBO BAG ALPHABET,30,2011-09-13 13:49:00,2.08,13384,United Kingdom,62.400000000000006
566590,22636,CHILDS BREAKFAST SET CIRCUS PARADE,2,2011-09-13 14:51:00,8.5,14032,United Kingdom,17.0
566590,22970,LONDON BUS COFFEE MUG,6,2011-09-13 14:51:00,2.55,14032,United Kingdom,15.3
566591,22983,CARD BILLBOARD FONT,12,2011-09-13 14:53:00,0.42,16036,United Kingdom,5.04
566591,22663,JUMBO BAG DOLLY GIRL DESIGN,10,2011-09-13 14:53:00,2.08,16036,United Kingdom,20.8
566592,23265,SET OF 3 WOODEN TREE DECORATIONS,12,2011-09-13 14:53:00,1.25,15201,United Kingdom,15.0
566595,22096,PINK PAISLEY SQUARE TISSUE BOX ,432,2011-09-13 15:03:00,0.39,18251,United Kingdom,168.48000000000002
566599,22834,HAND WARMER BABUSHKA DESIGN,2,2011-09-13 15:37:00,2.1,15998,United Kingdom,4.2
566600,84535B,FAIRY CAKES NOTEBOOK A6 SIZE,16,2011-09-13 15:41:00,0.65,13704,United Kingdom,10.4
566600,22699,ROSES REGENCY TEACUP AND SAUCER ,6,2011-09-13 15:41:00,2.95,13704,United Kingdom,17.700000000000003
566604,22439,6 ROCKET BALLOONS ,9,2011-09-13 16:26:00,0.65,16279,United Kingdom,5.8500000000000005
566604,22086,PAPER CHAIN KIT 50'S CHRISTMAS ,3,2011-09-13 16:26:00,2.95,16279,United Kingdom,8.850000000000001
566607,22113,GREY HEART HOT WATER BOTTLE,2,2011-09-13 16:40:00,4.25,13032,United Kingdom,8.5
566607,48138,DOORMAT UNION FLAG,2,2011-09-13 16:40:00,8.25,13032,United Kingdom,16.5
566607,23206,LUNCH BAG APPLE DESIGN,3,2011-09-13 16:40:00,1.65,13032,United Kingdom,4.949999999999999
566612,20727,LUNCH BAG  BLACK SKULL.,10,2011-09-13 17:16:00,1.65,16229,United Kingdom,16.5
566616,23111,PARISIENNE SEWING BOX,2,2011-09-14 08:35:00,12.5,12895,United Kingdom,25.0
566617,23171,REGENCY TEA PLATE GREEN ,12,2011-09-14 09:11:00,1.65,18092,United Kingdom,19.8
566619,21928,JUMBO BAG SCANDINAVIAN BLUE PAISLEY,100,2011-09-14 09:16:00,1.79,13798,United Kingdom,179.0
566628,40016,CHINESE DRAGON PAPER LANTERNS,600,2011-09-14 10:32:00,0.25,12971,United Kingdom,150.0
566629,23318,BOX OF 6 MINI VINTAGE CRACKERS,12,2011-09-14 10:32:00,2.49,15622,United Kingdom,29.880000000000003
566630,22578,WOODEN STAR CHRISTMAS SCANDINAVIAN,24,2011-09-14 10:33:00,0.85,12971,United Kingdom,20.4
566647,20752,BLUE POLKADOT WASHING UP GLOVES,1,2011-09-14 11:21:00,2.1,18001,United Kingdom,2.1
566647,22086,PAPER CHAIN KIT 50'S CHRISTMAS ,1,2011-09-14 11:21:00,2.95,18001,United Kingdom,2.95
566647,22605,WOODEN CROQUET GARDEN SET,1,2011-09-14 11:21:00,14.95,18001,United Kingdom,14.95
566669,22866,HAND WARMER SCOTTY DOG DESIGN,12,2011-09-14 11:36:00,2.1,18065,United Kingdom,25.200000000000003
566674,23310,BUBBLEGUM RING ASSORTED,36,2011-09-14 11:41:00,0.42,15105,United Kingdom,15.12
566705,23110,PARISIENNE KEY CABINET ,4,2011-09-14 11:53:00,5.75,13552,United Kingdom,23.0
566708,23161,REGENCY CAKE FORK,12,2011-09-14 11:55:00,1.25,13078,United Kingdom,15.0
566709,23321,SMALL WHITE HEART OF WICKER,40,2011-09-14 11:58:00,1.45,16745,United Kingdom,58.0
566709,20723,STRAWBERRY CHARLOTTE BAG,90,2011-09-14 11:58:00,0.85,16745,United Kingdom,76.5
566717,21218,RED SPOTTY BISCUIT TIN,2,2011-09-14 12:14:00,3.75,17841,United Kingdom,7.5
566720,23174,REGENCY SUGAR BOWL GREEN,4,2011-09-14 12:42:00,4.15,13634,United Kingdom,16.6
566720,23132,SMALL IVORY HEART WALL ORGANISER,6,2011-09-14 12:42:00,5.75,13634,United Kingdom,34.5
566720,84692,BOX OF 24 COCKTAIL PARASOLS,1,2011-09-14 12:42:00,0.42,13634,United Kingdom,0.42
566720,22626,BLACK KITCHEN SCALES,1,2011-09-14 12:42:00,8.5,13634,United Kingdom,8.5
566720,22028,PENNY FARTHING BIRTHDAY CARD,12,2011-09-14 12:42:00,0.42,13634,United Kingdom,5.04
566721,23126,FELTCRAFT GIRL AMELIE KIT,4,2011-09-14 12:50:00,4.95,12921,United Kingdom,19.8
566723,23425,STORAGE TIN HOME SWEET HOME,6,2011-09-14 13:02:00,2.49,15804,United Kingdom,14.94
566726,23211,RED ROCKING HORSE HAND PAINTED,2,2011-09-14 13:12:00,1.25,15021,United Kingdom,2.5
566726,22632,HAND WARMER RED RETROSPOT,1,2011-09-14 13:12:00,2.1,15021,United Kingdom,2.1
566727,84947,ANTIQUE SILVER TEA GLASS ENGRAVED,216,2011-09-14 13:12:00,1.06,17347,United Kingdom,228.96
566728,23187,FRENCH STYLE STORAGE JAR BONBONS,48,2011-09-14 13:15:00,0.29,15841,United Kingdom,13.919999999999998
566728,71101E,STANDING FAIRY POLE SUPPORT ,48,2011-09-14 13:15:00,0.72,15841,United Kingdom,34.56
566730,21931,JUMBO STORAGE BAG SUKI,1,2011-09-14 13:31:00,2.08,14606,United Kingdom,2.08
566731,22699,ROSES REGENCY TEACUP AND SAUCER ,3,2011-09-14 13:37:00,2.95,17883,United Kingdom,8.850000000000001
566734,20982,12 PENCILS TALL TUBE SKULLS,1,2011-09-14 14:09:00,0.85,16910,United Kingdom,0.85
566734,21975,PACK OF 60 DINOSAUR CAKE CASES,2,2011-09-14 14:09:00,0.55,16910,United Kingdom,1.1
566734,23389,SPACEBOY MINI BACKPACK,1,2011-09-14 14:09:00,4.15,16910,United Kingdom,4.15
566735,22098,BOUDOIR SQUARE TISSUE BOX,4,2011-09-14 14:19:00,0.39,15707,United Kingdom,1.56
566738,22090,PAPER BUNTING RETROSPOT,6,2011-09-14 14:28:00,2.95,14110,United Kingdom,17.700000000000003
566760,37489C,GREEN/BLUE FLOWER DESIGN BIG MUG,6,2011-09-14 16:36:00,0.39,15272,United Kingdom,2.34
566769,23424,GINGHAM RECIPE BOOK BOX,4,2011-09-15 08:27:00,4.95,18211,United Kingdom,19.8
566771,23252,VINTAGE RED ENAMEL TRIM JUG ,8,2011-09-15 09:34:00,3.75,15322,United Kingdom,30.0
566771,84879,ASSORTED COLOUR BIRD ORNAMENT,24,2011-09-15 09:34:00,1.69,15322,United Kingdom,40.56
566771,22925,BLUE GIANT GARDEN THERMOMETER,2,2011-09-15 09:34:00,5.95,15322,United Kingdom,11.9
566781,23356,LOVE HOT WATER BOTTLE,6,2011-09-15 10:11:00,5.95,17333,United Kingdom,35.7
566786,22411,JUMBO SHOPPER VINTAGE RED PAISLEY,10,2011-09-15 10:29:00,2.08,13518,United Kingdom,20.8
566788,22959,WRAP CHRISTMAS VILLAGE,25,2011-09-15 10:31:00,0.42,14306,United Kingdom,10.5
566788,22709,WRAP WEDDING DAY,200,2011-09-15 10:31:00,0.36,14306,United Kingdom,72.0
566789,72803A,ROSE SCENT CANDLE JEWELLED DRAWER,4,2011-09-15 10:35:00,4.25,13134,United Kingdom,17.0
566816,23224,CHERUB HEART DECORATION GOLD,144,2011-09-15 10:53:00,0.72,12731,France,103.68
566816,21914,BLUE HARMONICA IN BOX ,48,2011-09-15 10:53:00,1.25,12731,France,60.0
566816,21524,DOORMAT SPOTTY HOME SWEET HOME,10,2011-09-15 10:53:00,7.08,12731,France,70.8
566821,23199,JUMBO BAG APPLES,20,2011-09-15 11:33:00,2.08,14227,United Kingdom,41.6
566846,21166,COOK WITH WINE METAL SIGN ,12,2011-09-15 11:54:00,2.08,14911,EIRE,24.96
566847,23313,VINTAGE CHRISTMAS BUNTING,2,2011-09-15 11:57:00,4.95,15005,United Kingdom,9.9
566849,23076,ICE CREAM SUNDAE LIP GLOSS,48,2011-09-15 12:03:00,1.25,16341,United Kingdom,60.0
566851,22620,4 TRADITIONAL SPINNING TOPS,13,2011-09-15 12:16:00,1.45,15573,United Kingdom,18.85
566851,21704,BAG 250g SWIRLY MARBLES,15,2011-09-15 12:16:00,0.85,15573,United Kingdom,12.75
566860,21922,UNION STRIPE WITH FRINGE  HAMMOCK,1,2011-09-15 12:40:00,7.95,17002,United Kingdom,7.95
566860,22622,BOX OF VINTAGE ALPHABET BLOCKS,4,2011-09-15 12:40:00,11.95,17002,United Kingdom,47.8
566864,47503H,ASS FLORAL PRINT SPIRIT LEVEL ,3,2011-09-15 12:51:00,0.79,17786,United Kingdom,2.37
566867,79321,CHILLI LIGHTS,96,2011-09-15 12:56:00,4.95,13694,United Kingdom,475.2000000000001
566872,21172,PARTY METAL SIGN ,2,2011-09-15 13:28:00,1.45,16729,United Kingdom,2.9
566872,85071D,CHARLIE+LOLA MY ROOM DOOR SIGN,3,2011-09-15 13:28:00,0.39,16729,United Kingdom,1.17
566901,22960,JAM MAKING SET WITH JARS,12,2011-09-15 13:54:00,3.75,17434,United Kingdom,45.0
566912,23203,JUMBO BAG VINTAGE DOILY ,10,2011-09-15 14:05:00,2.08,14367,United Kingdom,20.8
566912,23426,METAL SIGN DROP YOUR PANTS,6,2011-09-15 14:05:00,2.89,14367,United Kingdom,17.34
566913,85040A,S/4 PINK FLOWER CANDLES IN BOWL,4,2011-09-15 14:07:00,1.65,17602,United Kingdom,6.6
566913,22952,60 CAKE CASES VINTAGE CHRISTMAS,7,2011-09-15 14:07:00,0.55,17602,United Kingdom,3.850000000000001
566913,84509A,SET OF 4 ENGLISH ROSE PLACEMATS,3,2011-09-15 14:07:00,3.75,17602,United Kingdom,11.25
566913,21976,PACK OF 60 MUSHROOM CAKE CASES,2,2011-09-15 14:07:00,0.55,17602,United Kingdom,1.1
566913,22111,SCOTTIE DOG HOT WATER BOTTLE,2,2011-09-15 14:07:00,4.95,17602,United Kingdom,9.9
566914,23014,GLASS APOTHECARY BOTTLE ELIXIR,2,2011-09-15 14:08:00,3.95,15466,United Kingdom,7.9
566914,23091,ZINC HERB GARDEN CONTAINER,3,2011-09-15 14:08:00,6.25,15466,United Kingdom,18.75
566922,22910,PAPER CHAIN KIT VINTAGE CHRISTMAS,12,2011-09-15 14:58:00,2.95,16156,United Kingdom,35.400000000000006
566923,22773,GREEN DRAWER KNOB ACRYLIC EDWARDIAN,6,2011-09-15 15:05:00,1.25,15511,United Kingdom,7.5
566929,22813,PACK 3 BOXES BIRD PANNETONE ,12,2011-09-15 15:21:00,1.95,17428,United Kingdom,23.4
566929,22572,ROCKING HORSE GREEN CHRISTMAS ,12,2011-09-15 15:21:00,0.85,17428,United Kingdom,10.2
566930,20728,LUNCH BAG CARS BLUE,10,2011-09-15 15:26:00,1.65,15417,United Kingdom,16.5
566932,23348,CHILDRENS TOY COOKING UTENSIL SET,1,2011-09-15 15:29:00,2.08,17576,United Kingdom,2.08
566933,48116,DOORMAT MULTICOLOUR STRIPE,20,2011-09-15 15:30:00,4.58,18102,United Kingdom,91.6
566938,22960,JAM MAKING SET WITH JARS,12,2011-09-15 15:48:00,3.75,14557,United Kingdom,45.0
566950,22383,LUNCH BAG SUKI DESIGN ,10,2011-09-15 16:34:00,1.65,17594,United Kingdom,16.5
566950,21930,JUMBO STORAGE BAG SKULLS,10,2011-09-15 16:34:00,2.08,17594,United Kingdom,20.8
566950,22382,LUNCH BAG SPACEBOY DESIGN ,10,2011-09-15 16:34:00,1.65,17594,United Kingdom,16.5
566959,22141,CHRISTMAS CRAFT TREE TOP ANGEL,4,2011-09-15 17:00:00,2.1,17530,United Kingdom,8.4
566967,23108,SET OF 10 LED DOLLY LIGHTS,12,2011-09-15 18:05:00,5.39,16746,United Kingdom,64.67999999999999
566969,21845,DAIRY MAID STRIPE MUG,36,2011-09-15 19:36:00,0.79,15205,United Kingdom,28.44
566971,23245,SET OF 3 REGENCY CAKE TINS,4,2011-09-16 09:03:00,4.95,12963,United Kingdom,19.8
566976,23158,SET OF 5 LUCKY CAT MAGNETS ,12,2011-09-16 09:27:00,2.08,15382,United Kingdom,24.96
566976,23290,SPACEBOY CHILDRENS BOWL,8,2011-09-16 09:27:00,1.25,15382,United Kingdom,10.0
566976,23311,VINTAGE CHRISTMAS STOCKING ,12,2011-09-16 09:27:00,2.55,15382,United Kingdom,30.6
566979,23000,TRAVEL CARD WALLET TRANSPORT,24,2011-09-16 09:54:00,0.42,13141,United Kingdom,10.08
566979,23209,LUNCH BAG VINTAGE DOILY ,10,2011-09-16 09:54:00,1.65,13141,United Kingdom,16.5
566988,22112,CHOCOLATE HOT WATER BOTTLE,6,2011-09-16 10:56:00,4.95,16709,United Kingdom,29.700000000000003
567043,84341B,SMALL PINK MAGIC CHRISTMAS TREE,1,2011-09-16 11:27:00,0.38,13268,United Kingdom,0.38
567043,23168,CLASSIC CAFE SUGAR DISPENSER,3,2011-09-16 11:27:00,1.25,13268,United Kingdom,3.75
567062,23120,PACK OF 6 SMALL FRUIT STRAWS,24,2011-09-16 11:48:00,0.42,16108,United Kingdom,10.08
567076,47504H,ENGLISH ROSE SPIRIT LEVEL ,12,2011-09-16 12:27:00,0.79,15505,United Kingdom,9.48
567085,23236,STORAGE TIN VINTAGE DOILY ,6,2011-09-16 12:38:00,2.89,12434,Australia,17.34
567094,21364,PEACE SMALL WOOD LETTERS,1,2011-09-16 12:54:00,6.75,16924,United Kingdom,6.75
567095,23344,JUMBO BAG 50'S CHRISTMAS ,10,2011-09-16 13:03:00,2.08,17049,United Kingdom,20.8
567095,23391, I LOVE LONDON MINI BACKPACK,4,2011-09-16 13:03:00,4.15,17049,United Kingdom,16.6
567096,35637C,PINK STRING CURTAIN WITH POLE,9,2011-09-16 13:13:00,1.95,15099,United Kingdom,17.55
567099,22133,PINK LOVE HEART SHAPE CUP,2,2011-09-16 13:31:00,0.85,15311,United Kingdom,1.7
567099,22173,METAL 4 HOOK HANGER FRENCH CHATEAU,1,2011-09-16 13:31:00,3.29,15311,United Kingdom,3.29
567099,22500,SET OF 2 TINS JARDIN DE PROVENCE,2,2011-09-16 13:31:00,4.95,15311,United Kingdom,9.9
567104,23296,SET OF 6 TEA TIME BAKING CASES,8,2011-09-16 13:33:00,1.25,15975,United Kingdom,10.0
567126,21240,BLUE POLKADOT CUP,5,2011-09-16 13:53:00,0.85,17238,United Kingdom,4.25
567128,22767,TRIPLE PHOTO FRAME CORNICE ,2,2011-09-16 14:04:00,9.95,18055,United Kingdom,19.9
567128,21181,PLEASE ONE PERSON METAL SIGN,24,2011-09-16 14:04:00,2.1,18055,United Kingdom,50.400000000000006
567128,22635,CHILDS BREAKFAST SET DOLLY GIRL ,2,2011-09-16 14:04:00,9.95,18055,United Kingdom,19.9
567138,85099B,JUMBO BAG RED RETROSPOT,20,2011-09-16 14:39:00,2.08,17652,United Kingdom,41.6
567148,23293,SET OF 12 FAIRY CAKE BAKING CASES,24,2011-09-16 15:23:00,0.83,18225,United Kingdom,19.92
567153,22977,DOLLY GIRL CHILDRENS EGG CUP,2,2011-09-16 16:25:00,1.25,14056,United Kingdom,2.5
567154,47566B,TEA TIME PARTY BUNTING,2,2011-09-16 16:29:00,4.95,15523,United Kingdom,9.9
567156,21876,POTTERING MUG,2,2011-09-16 17:05:00,1.65,14462,United Kingdom,3.3
567160,22840,ROUND CAKE TIN VINTAGE RED,1,2011-09-18 10:35:00,7.95,14562,United Kingdom,7.95
567164,46000S,POLYESTER FILLER PAD 40x40cm,4,2011-09-18 11:51:00,1.45,14487,United Kingdom,5.8
567164,23397,FOOT STOOL HOME SWEET HOME ,1,2011-09-18 11:51:00,9.95,14487,United Kingdom,9.95
567164,22295,HEART FILIGREE DOVE LARGE,12,2011-09-18 11:51:00,1.65,14487,United Kingdom,19.8
567164,23187,FRENCH STYLE STORAGE JAR BONBONS,6,2011-09-18 11:51:00,0.29,14487,United Kingdom,1.7399999999999998
567165,21670,BLUE SPOT CERAMIC DRAWER KNOB,4,2011-09-18 11:58:00,1.45,17841,United Kingdom,5.8
567167,22728,ALARM CLOCK BAKELIKE PINK,1,2011-09-18 12:21:00,3.75,15547,United Kingdom,3.75
567170,72818,CHRISTMAS DECOUPAGE CANDLE,5,2011-09-18 12:40:00,0.85,13566,United Kingdom,4.25
567170,23264,SET OF 3 WOODEN SLEIGH DECORATIONS,1,2011-09-18 12:40:00,1.25,13566,United Kingdom,1.25
567170,23198,PANTRY MAGNETIC  SHOPPING LIST,2,2011-09-18 12:40:00,1.45,13566,United Kingdom,2.9
567178,23111,PARISIENNE SEWING BOX,1,2011-09-18 14:08:00,12.5,17858,United Kingdom,12.5
567180,22633,HAND WARMER UNION JACK,1,2011-09-18 14:56:00,2.1,17802,United Kingdom,2.1
567180,23439,HAND WARMER RED LOVE HEART,3,2011-09-18 14:56:00,2.1,17802,United Kingdom,6.300000000000001
567182,22383,LUNCH BAG SUKI DESIGN ,10,2011-09-18 15:21:00,1.65,13334,United Kingdom,16.5
567182,22696,WICKER WREATH LARGE,3,2011-09-18 15:21:00,1.95,13334,United Kingdom,5.85
567182,22427,ENAMEL FLOWER JUG CREAM,1,2011-09-18 15:21:00,5.95,13334,United Kingdom,5.95
567182,23302,KNEELING MAT HOUSEWORK  DESIGN,3,2011-09-18 15:21:00,1.65,13334,United Kingdom,4.949999999999999
567183,23241,TREASURE TIN GYMKHANA DESIGN,2,2011-09-18 15:32:00,2.08,14769,United Kingdom,4.16
567183,22364,GLASS JAR DIGESTIVE BISCUITS,2,2011-09-18 15:32:00,2.95,14769,United Kingdom,5.9
567183,23082,SET 6 PAPER TABLE LANTERN HEARTS ,12,2011-09-18 15:32:00,3.75,14769,United Kingdom,45.0
567183,21383,PACK OF 12 STICKY BUNNIES,4,2011-09-18 15:32:00,0.65,14769,United Kingdom,2.6
567183,23342,MINT DINER WALL CLOCK,1,2011-09-18 15:32:00,8.5,14769,United Kingdom,8.5
567183,23407,SET OF 2 TRAYS HOME SWEET HOME,2,2011-09-18 15:32:00,9.95,14769,United Kingdom,19.9
567183,23546,WRAP PAISLEY PARK ,25,2011-09-18 15:32:00,0.42,14769,United Kingdom,10.5
567183,22398,MAGNETS PACK OF 4 SWALLOWS,12,2011-09-18 15:32:00,0.39,14769,United Kingdom,4.68
567183,85014A,BLACK/BLUE POLKADOT UMBRELLA,1,2011-09-18 15:32:00,5.95,14769,United Kingdom,5.95
567183,84580,MOUSE TOY WITH PINK T-SHIRT,2,2011-09-18 15:32:00,3.75,14769,United Kingdom,7.5
567183,23288,GREEN VINTAGE SPOT BEAKER,4,2011-09-18 15:33:00,0.85,14769,United Kingdom,3.4
567184,23298,SPOTTY BUNTING,2,2011-09-18 15:41:00,4.95,16033,United Kingdom,9.9
567184,22567,20 DOLLY PEGS RETROSPOT,4,2011-09-18 15:41:00,1.45,16033,United Kingdom,5.8
567186,21987,PACK OF 6 SKULL PAPER CUPS,3,2011-09-18 16:04:00,0.65,17073,United Kingdom,1.95
567189,23247,BISCUIT TIN 50'S CHRISTMAS,12,2011-09-19 09:10:00,2.89,17069,United Kingdom,34.68
567197,21166,COOK WITH WINE METAL SIGN ,12,2011-09-19 10:10:00,2.08,14934,Channel Islands,24.96
567197,22738,RIBBON REEL SNOWY VILLAGE,10,2011-09-19 10:10:00,1.65,14934,Channel Islands,16.5
567206,21928,JUMBO BAG SCANDINAVIAN BLUE PAISLEY,10,2011-09-19 10:51:00,2.08,13562,United Kingdom,20.8
567211,21992,VINTAGE PAISLEY STATIONERY SET,1,2011-09-19 11:02:00,1.25,14159,United Kingdom,1.25
567211,21990,MODERN FLORAL STATIONERY SET,1,2011-09-19 11:02:00,1.25,14159,United Kingdom,1.25
567211,21232,STRAWBERRY CERAMIC TRINKET BOX,4,2011-09-19 11:02:00,1.25,14159,United Kingdom,5.0
567211,22327,ROUND SNACK BOXES SET OF 4 SKULLS,1,2011-09-19 11:02:00,2.95,14159,United Kingdom,2.95
567239,22725,ALARM CLOCK BAKELIKE CHOCOLATE,12,2011-09-19 11:33:00,3.75,14735,United Kingdom,45.0
567280,23163,REGENCY SUGAR TONGS,48,2011-09-19 11:46:00,2.08,14646,Netherlands,99.84
567280,23082,SET 6 PAPER TABLE LANTERN HEARTS ,96,2011-09-19 11:46:00,3.29,14646,Netherlands,315.84000000000003
567280,23290,SPACEBOY CHILDRENS BOWL,144,2011-09-19 11:46:00,1.05,14646,Netherlands,151.20000000000002
567280,22326,ROUND SNACK BOXES SET OF4 WOODLAND ,96,2011-09-19 11:46:00,2.55,14646,Netherlands,244.8
567280,22294,HEART FILIGREE DOVE  SMALL,288,2011-09-19 11:46:00,1.06,14646,Netherlands,305.28000000000003
567296,22027,TEA PARTY BIRTHDAY CARD,12,2011-09-19 12:19:00,0.42,12682,France,5.04
567298,21915,RED  HARMONICA IN BOX ,96,2011-09-19 12:29:00,1.25,12497,Germany,120.0
567300,23392,SPACEBOY ROCKET LOLLY MAKERS,6,2011-09-19 12:36:00,2.08,12724,France,12.48
567302,22141,CHRISTMAS CRAFT TREE TOP ANGEL,12,2011-09-19 13:02:00,2.1,15058,United Kingdom,25.200000000000003
567302,22735,RIBBON REEL SOCKS AND MITTENS,5,2011-09-19 13:02:00,1.65,15058,United Kingdom,8.25
567304,23426,METAL SIGN DROP YOUR PANTS,1,2011-09-19 13:27:00,2.89,14704,United Kingdom,2.89
567305,POST,POSTAGE,2,2011-09-19 13:28:00,18.0,12621,Germany,36.0
567308,20677,PINK POLKADOT BOWL,72,2011-09-19 13:35:00,1.06,16422,United Kingdom,76.32000000000001
567307,22379,RECYCLING BAG RETROSPOT ,10,2011-09-19 13:35:00,2.1,15078,United Kingdom,21.0
567307,23209,LUNCH BAG VINTAGE DOILY ,10,2011-09-19 13:35:00,1.65,15078,United Kingdom,16.5
567313,23082,SET 6 PAPER TABLE LANTERN HEARTS ,6,2011-09-19 13:48:00,3.75,15675,United Kingdom,22.5
567326,84609,TALL ROCOCO CANDLE HOLDER,4,2011-09-19 14:38:00,8.5,14290,United Kingdom,34.0
567328,23055,IVORY CHANDELIER T-LIGHT HOLDER,3,2011-09-19 14:43:00,6.25,14356,United Kingdom,18.75
567339,22561,WOODEN SCHOOL COLOURING SET,12,2011-09-19 15:01:00,1.65,14146,United Kingdom,19.8
567340,22984,CARD GINGHAM ROSE ,12,2011-09-19 15:02:00,0.42,12540,Spain,5.04
567341,23165,LARGE CERAMIC TOP STORAGE JAR,12,2011-09-19 15:04:00,1.65,14961,United Kingdom,19.8
567344,21084,SET/6 COLLAGE PAPER CUPS,24,2011-09-19 15:49:00,0.19,13704,United Kingdom,4.5600000000000005
567368,22799,SWEETHEART WIRE FRUIT BOWL,2,2011-09-20 08:23:00,8.5,17147,United Kingdom,17.0
567373,23158,SET OF 5 LUCKY CAT MAGNETS ,12,2011-09-20 09:31:00,2.08,16700,United Kingdom,24.96
567373,20728,LUNCH BAG CARS BLUE,10,2011-09-20 09:31:00,1.65,16700,United Kingdom,16.5
567374,23344,JUMBO BAG 50'S CHRISTMAS ,100,2011-09-20 09:40:00,1.79,15341,United Kingdom,179.0
567380,20728,LUNCH BAG CARS BLUE,10,2011-09-20 10:06:00,1.65,12620,France,16.5
567381,23108,SET OF 10 LED DOLLY LIGHTS,416,2011-09-20 10:12:00,6.5,17450,United Kingdom,2704.0
567381,22508,DOORSTOP RETROSPOT HEART,744,2011-09-20 10:12:00,4.08,17450,United Kingdom,3035.52
567424,21804,WHITE CHRISTMAS GARLAND STARS TREES,2,2011-09-20 11:16:00,3.75,16369,United Kingdom,7.5
567424,22625,RED KITCHEN SCALES,2,2011-09-20 11:16:00,8.5,16369,United Kingdom,17.0
567454,21328,BALLOONS  WRITING SET ,12,2011-09-20 12:12:00,1.65,15839,United Kingdom,19.8
567458,82600,NO SINGING METAL SIGN,384,2011-09-20 12:21:00,2.41,17450,United Kingdom,925.44
567459,21499,BLUE POLKADOT WRAP,25,2011-09-20 12:21:00,0.42,14221,United Kingdom,10.5
567460,M,Manual,3,2011-09-20 12:30:00,0.19,15888,United Kingdom,0.5700000000000001
567462,20956,PORCELAIN T-LIGHT HOLDERS ASSORTED,12,2011-09-20 12:35:00,1.25,14446,United Kingdom,15.0
567473,22424,ENAMEL BREAD BIN CREAM,1,2011-09-20 12:50:00,12.75,17841,United Kingdom,12.75
567473,23395,BELLE JARDINIERE CUSHION COVER,2,2011-09-20 12:50:00,3.75,17841,United Kingdom,7.5
567473,82578,KITCHEN METAL SIGN,1,2011-09-20 12:50:00,0.55,17841,United Kingdom,0.55
567473,23032,DRAWER KNOB CRACKLE GLAZE IVORY,2,2011-09-20 12:50:00,1.65,17841,United Kingdom,3.3
567474,23426,METAL SIGN DROP YOUR PANTS,4,2011-09-20 12:53:00,2.89,13448,United Kingdom,11.56
567474,23406,HOME SWEET HOME KEY HOLDER,2,2011-09-20 12:53:00,6.25,13448,United Kingdom,12.5
567474,85014B,RED RETROSPOT UMBRELLA,2,2011-09-20 12:53:00,5.95,13448,United Kingdom,11.9
567475,23351,ROLL WRAP 50'S CHRISTMAS,4,2011-09-20 13:11:00,1.25,16360,United Kingdom,5.0
567477,84879,ASSORTED COLOUR BIRD ORNAMENT,16,2011-09-20 13:20:00,1.69,16327,United Kingdom,27.04
567482,22114,HOT WATER BOTTLE TEA AND SYMPATHY,2,2011-09-20 13:42:00,4.25,16464,United Kingdom,8.5
567482,22083,PAPER CHAIN KIT RETROSPOT,2,2011-09-20 13:42:00,2.95,16464,United Kingdom,5.9
567484,22178,VICTORIAN GLASS HANGING T-LIGHT,12,2011-09-20 13:52:00,1.95,17340,United Kingdom,23.4
567485,22536,MAGIC DRAWING SLATE PURDEY,4,2011-09-20 13:52:00,0.42,15026,United Kingdom,1.68
567504,23209,LUNCH BAG DOILEY PATTERN ,10,2011-09-20 14:33:00,1.65,13356,United Kingdom,16.5
567506,22799,SWEETHEART WIRE FRUIT BOWL,2,2011-09-20 14:37:00,8.5,13038,United Kingdom,17.0
567508,23029,DRAWER KNOB CRACKLE GLAZE GREEN,12,2011-09-20 14:50:00,1.65,17724,United Kingdom,19.8
567512,23391, I LOVE LONDON MINI BACKPACK,4,2011-09-20 15:03:00,4.15,12720,Germany,16.6
567512,20676,RED RETROSPOT BOWL,16,2011-09-20 15:03:00,1.25,12720,Germany,20.0
567514,22774,RED DRAWER KNOB ACRYLIC EDWARDIAN,24,2011-09-20 15:10:00,1.25,16928,United Kingdom,30.0
567516,23126,FELTCRAFT GIRL AMELIE KIT,4,2011-09-20 15:31:00,4.95,13138,United Kingdom,19.8
567516,22570,FELTCRAFT CUSHION RABBIT,4,2011-09-20 15:31:00,3.75,13138,United Kingdom,15.0
567524,23298,SPOTTY BUNTING,3,2011-09-21 08:55:00,4.95,15696,United Kingdom,14.85
567526,22727,ALARM CLOCK BAKELIKE RED ,50,2011-09-21 09:06:00,3.39,12435,Denmark,169.5
567533,22329,ROUND CONTAINER SET OF 5 RETROSPOT,12,2011-09-21 09:45:00,1.65,17651,United Kingdom,19.8
567533,21430,SET/3 RED GINGHAM ROSE STORAGE BOX,4,2011-09-21 09:45:00,3.75,17651,United Kingdom,15.0
567542,23028,DRAWER KNOB CRACKLE GLAZE BLUE,6,2011-09-21 10:16:00,1.65,16626,United Kingdom,9.9
567578,21993,FLORAL FOLK STATIONERY SET,12,2011-09-21 10:47:00,1.25,12701,Germany,15.0
567578,23353,6 GIFT TAGS VINTAGE CHRISTMAS ,12,2011-09-21 10:47:00,0.83,12701,Germany,9.96
567610,23411, TRELLIS COAT RACK,48,2011-09-21 11:30:00,4.15,17511,United Kingdom,199.2
567612,21519,GIN & TONIC DIET GREETING CARD ,12,2011-09-21 11:48:00,0.42,17164,United Kingdom,5.04
567621,23332,IVORY WICKER HEART LARGE,10,2011-09-21 12:46:00,1.65,16016,United Kingdom,16.5
567631,23171,REGENCY TEA PLATE GREEN ,12,2011-09-21 13:33:00,1.65,13350,United Kingdom,19.8
567633,20675,BLUE POLKADOT BOWL,72,2011-09-21 13:34:00,1.06,12939,United Kingdom,76.32000000000001
567654,22193,RED DINER WALL CLOCK,2,2011-09-21 14:38:00,8.5,16627,United Kingdom,17.0
567654,22776,SWEETHEART 3 TIER CAKE STAND ,1,2011-09-21 14:38:00,9.95,16627,United Kingdom,9.95
567656,11001,ASSTD DESIGN RACING CAR PEN,2,2011-09-21 14:40:00,3.29,14096,United Kingdom,6.58
567656,23344,JUMBO BAG 50'S CHRISTMAS ,1,2011-09-21 14:40:00,4.13,14096,United Kingdom,4.13
567656,22814,CARD PARTY GAMES ,3,2011-09-21 14:40:00,0.42,14096,United Kingdom,1.26
567656,85227,SET OF 6 3D KIT CARDS FOR KIDS,1,2011-09-21 14:40:00,1.63,14096,United Kingdom,1.63
567656,23299,FOOD COVER WITH BEADS SET 2 ,1,2011-09-21 14:40:00,7.46,14096,United Kingdom,7.46
567656,23265,SET OF 3 WOODEN TREE DECORATIONS,7,2011-09-21 14:40:00,2.46,14096,United Kingdom,17.22
567656,84832,ZINC WILLIE WINKIE  CANDLE STICK,1,2011-09-21 14:40:00,1.63,14096,United Kingdom,1.63
567656,22748,POPPY'S PLAYHOUSE KITCHEN,1,2011-09-21 14:40:00,4.13,14096,United Kingdom,4.13
567656,22988,SOLDIERS EGG CUP ,1,2011-09-21 14:40:00,2.46,14096,United Kingdom,2.46
567656,84596B,SMALL DOLLY MIX DESIGN ORANGE BOWL,5,2011-09-21 14:40:00,0.83,14096,United Kingdom,4.15
567659,23035,DRAWER KNOB CERAMIC IVORY,18,2011-09-21 14:55:00,1.45,17475,United Kingdom,26.1
567661,21901,"KEY FOB , BACK DOOR ",1,2011-09-21 15:06:00,0.65,13959,United Kingdom,0.65
567662,22746,POPPY'S PLAYHOUSE LIVINGROOM ,6,2011-09-21 15:12:00,2.1,17758,United Kingdom,12.6
567666,21242,RED RETROSPOT PLATE ,16,2011-09-21 15:23:00,1.69,12520,Germany,27.04
567672,22620,4 TRADITIONAL SPINNING TOPS,2,2011-09-21 15:39:00,1.45,16085,United Kingdom,2.9
567678,21259,VICTORIAN SEWING BOX SMALL ,2,2011-09-21 15:57:00,5.95,15399,United Kingdom,11.9
567709,22169,FAMILY ALBUM WHITE PICTURE FRAME,2,2011-09-22 09:53:00,8.5,15239,United Kingdom,17.0
567711,23186,FRENCH STYLE STORAGE JAR CAFE ,48,2011-09-22 10:04:00,0.29,15603,United Kingdom,13.919999999999998
567720,72802C,VANILLA SCENT CANDLE JEWELLED BOX,6,2011-09-22 10:37:00,4.25,14911,EIRE,25.5
567720,22189,CREAM HEART CARD HOLDER,4,2011-09-22 10:37:00,3.95,14911,EIRE,15.8
567721,21394,RED POLKADOT BEAKER ,48,2011-09-22 10:38:00,0.39,12409,Switzerland,18.72
567785,85099B,JUMBO BAG RED RETROSPOT,100,2011-09-22 11:28:00,1.79,18102,United Kingdom,179.0
567792,23318,BOX OF 6 MINI VINTAGE CRACKERS,12,2011-09-22 11:40:00,2.08,17581,United Kingdom,24.96
567794,22380,TOY TIDY SPACEBOY  ,5,2011-09-22 11:41:00,2.1,17581,United Kingdom,10.5
567795,22631,CIRCUS PARADE LUNCH BOX ,12,2011-09-22 11:44:00,1.95,14646,Netherlands,23.4
567795,21239,PINK  POLKADOT CUP,24,2011-09-22 11:44:00,0.85,14646,Netherlands,20.4
567796,23549,WRAP BIRD GARDEN ,25,2011-09-22 11:46:00,0.42,16395,United Kingdom,10.5
567797,22382,LUNCH BAG SPACEBOY DESIGN ,10,2011-09-22 11:49:00,1.65,16735,United Kingdom,16.5
567797,20973,12 PENCIL SMALL TUBE WOODLAND,24,2011-09-22 11:49:00,0.65,16735,United Kingdom,15.6
567798,15056N,EDWARDIAN PARASOL NATURAL,6,2011-09-22 12:00:00,5.95,13089,United Kingdom,35.7
567798,82552,WASHROOM METAL SIGN,12,2011-09-22 12:00:00,1.45,13089,United Kingdom,17.4
567802,23110,PARISIENNE KEY CABINET ,2,2011-09-22 12:06:00,5.75,14299,United Kingdom,11.5
567805,23329,DECORATIVE WICKER HEART LARGE,2,2011-09-22 12:15:00,1.65,12854,United Kingdom,3.3
567806,23093,SMALL PARISIENNE HEART PHOTO FRAME ,16,2011-09-22 12:22:00,1.64,18102,United Kingdom,26.24
567809,23293,SET OF 12 FAIRY CAKE BAKING CASES,8,2011-09-22 12:29:00,0.83,13804,United Kingdom,6.64
567809,23504,PLAYING CARDS JUBILEE UNION JACK,12,2011-09-22 12:29:00,1.25,13804,United Kingdom,15.0
567817,23199,JUMBO BAG APPLES,2,2011-09-22 12:41:00,2.08,15005,United Kingdom,4.16
567818,23329,DECORATIVE WICKER HEART LARGE,6,2011-09-22 12:41:00,1.65,14395,United Kingdom,9.9
567818,21908,CHOCOLATE THIS WAY METAL SIGN,4,2011-09-22 12:41:00,2.1,14395,United Kingdom,8.4
567818,21899,GARAGE KEY FOB,12,2011-09-22 12:41:00,0.65,14395,United Kingdom,7.800000000000001
567850,23247,BISCUIT TIN 50'S CHRISTMAS,6,2011-09-22 13:18:00,2.89,15067,United Kingdom,17.34
567853,23230,WRAP ALPHABET DESIGN,25,2011-09-22 13:31:00,0.42,15484,United Kingdom,10.5
567853,23436,VINTAGE CHRISTMAS GIFT BAG LARGE ,40,2011-09-22 13:31:00,1.25,15484,United Kingdom,50.0
567853,22360,GLASS JAR ENGLISH CONFECTIONERY,4,2011-09-22 13:31:00,2.95,15484,United Kingdom,11.8
567853,22971,QUEENS GUARD COFFEE MUG,6,2011-09-22 13:31:00,2.55,15484,United Kingdom,15.3
567853,84077,WORLD WAR 2 GLIDERS ASSTD DESIGNS,192,2011-09-22 13:31:00,0.29,15484,United Kingdom,55.67999999999999
567853,22437,SET OF 9 BLACK SKULL BALLOONS,5,2011-09-22 13:31:00,0.85,15484,United Kingdom,4.25
567853,23373,VINTAGE CHRISTMAS PAPER GIFT BAG,40,2011-09-22 13:31:00,0.82,15484,United Kingdom,32.8
567853,22493,PAINT YOUR OWN CANVAS SET,4,2011-09-22 13:31:00,1.65,15484,United Kingdom,6.6
567853,22991,GIRAFFE WOODEN RULER,12,2011-09-22 13:31:00,1.95,15484,United Kingdom,23.4
567854,22551,PLASTERS IN TIN SPACEBOY,12,2011-09-22 13:37:00,1.65,14038,United Kingdom,19.8
567859,22749,FELTCRAFT PRINCESS CHARLOTTE DOLL,4,2011-09-22 13:51:00,3.75,12936,United Kingdom,15.0
567864,22907,PACK OF 20 NAPKINS PANTRY DESIGN,12,2011-09-22 14:10:00,0.85,16236,United Kingdom,10.2
567866,22417,PACK OF 60 SPACEBOY CAKE CASES,4,2011-09-22 14:13:00,0.55,16669,United Kingdom,2.2
567866,22966,GINGERBREAD MAN COOKIE CUTTER,2,2011-09-22 14:13:00,1.25,16669,United Kingdom,2.5
567866,22077,6 RIBBONS RUSTIC CHARM,5,2011-09-22 14:13:00,1.95,16669,United Kingdom,9.75
567868,23395,BELLE JARDINIERE CUSHION COVER,4,2011-09-22 14:18:00,3.75,17603,United Kingdom,15.0
567873,22752,SET 7 BABUSHKA NESTING BOXES,2,2011-09-22 14:25:00,8.5,13055,United Kingdom,17.0
567875,21647,ASSORTED TUTTI FRUTTI LARGE PURSE,12,2011-09-22 14:29:00,2.1,16348,United Kingdom,25.200000000000003
567875,20996,JAZZ HEARTS ADDRESS BOOK,24,2011-09-22 14:29:00,0.19,16348,United Kingdom,4.5600000000000005
567875,22632,HAND WARMER RED RETROSPOT,2,2011-09-22 14:29:00,2.1,16348,United Kingdom,4.2
567878,20996,JAZZ HEARTS ADDRESS BOOK,4,2011-09-22 14:42:00,0.19,16910,United Kingdom,0.76
567878,23197,SKETCHBOOK MAGNETIC SHOPPING LIST,2,2011-09-22 14:42:00,1.45,16910,United Kingdom,2.9
567878,23403,LETTER HOLDER HOME SWEET HOME,1,2011-09-22 14:42:00,3.75,16910,United Kingdom,3.75
567878,21976,PACK OF 60 MUSHROOM CAKE CASES,2,2011-09-22 14:42:00,0.55,16910,United Kingdom,1.1
567878,23198,PANTRY MAGNETIC  SHOPPING LIST,2,2011-09-22 14:42:00,1.45,16910,United Kingdom,2.9
567878,23371,SET 36 COLOUR PENCILS SPACEBOY ,3,2011-09-22 14:42:00,1.25,16910,United Kingdom,3.75
567879,22295,HEART FILIGREE DOVE LARGE,12,2011-09-22 14:53:00,1.65,16161,United Kingdom,19.8
567880,23366,SET 12 COLOURING PENCILS DOILY,16,2011-09-22 14:56:00,0.65,15398,United Kingdom,10.4
567883,84879,ASSORTED COLOUR BIRD ORNAMENT,8,2011-09-22 15:03:00,1.69,12906,United Kingdom,13.52
567889,22423,REGENCY CAKESTAND 3 TIER,1,2011-09-22 15:39:00,12.75,16633,United Kingdom,12.75
567890,21703,BAG 125g SWIRLY MARBLES,12,2011-09-22 15:40:00,0.42,14125,United Kingdom,5.04
567892,23201,JUMBO BAG ALPHABET,10,2011-09-22 15:51:00,2.08,15394,United Kingdom,20.8
567899,22110,BIRD HOUSE HOT WATER BOTTLE,6,2011-09-22 16:26:00,2.55,14911,EIRE,15.3
567904,21754,HOME BUILDING BLOCK WORD,3,2011-09-22 16:34:00,6.25,12609,Germany,18.75
567905,23503,PLAYING CARDS KEEP CALM & CARRY ON,12,2011-09-22 16:37:00,1.25,12952,United Kingdom,15.0
567905,22624,IVORY KITCHEN SCALES,2,2011-09-22 16:37:00,8.5,12952,United Kingdom,17.0
567905,23327,HANGING CLEAR MINI BOTTLE,48,2011-09-22 16:37:00,0.63,12952,United Kingdom,30.24
567907,23338,EGG FRYING PAN RED ,6,2011-09-22 16:48:00,2.08,18172,United Kingdom,12.48
567909,23298,SPOTTY BUNTING,6,2011-09-22 16:53:00,4.95,13012,United Kingdom,29.700000000000003
567912,23226,FILIGREE HEART DAISY WHITE,3,2011-09-22 17:07:00,1.25,15555,United Kingdom,3.75
567912,22297,HEART IVORY TRELLIS SMALL,4,2011-09-22 17:07:00,1.25,15555,United Kingdom,5.0
567912,23388,WOODLAND MINI BACKPACK,2,2011-09-22 17:07:00,4.15,15555,United Kingdom,8.3
567924,22813,PACK 3 BOXES BIRD PANNETONE ,36,2011-09-22 17:25:00,1.95,12471,Germany,70.2
567928,23156,SET OF 5 MINI GROCERY MAGNETS,12,2011-09-22 17:31:00,2.08,12380,Belgium,24.96
567935,23207,LUNCH BAG ALPHABET DESIGN,10,2011-09-22 18:07:00,1.65,13320,United Kingdom,16.5
567935,22086,PAPER CHAIN KIT 50'S CHRISTMAS ,6,2011-09-22 18:07:00,2.95,13320,United Kingdom,17.700000000000003
567939,21824,PAINTED METAL STAR WITH HOLLY BELLS,24,2011-09-22 18:15:00,0.39,16715,United Kingdom,9.36
567943,23515,EMBROIDERED RIBBON REEL DAISY ,5,2011-09-22 19:33:00,2.08,14702,United Kingdom,10.4
567944,22112,CHOCOLATE HOT WATER BOTTLE,6,2011-09-22 19:54:00,4.95,14562,United Kingdom,29.700000000000003
567954,23202,JUMBO BAG VINTAGE LEAF,10,2011-09-23 08:30:00,2.08,13004,United Kingdom,20.8
567972,22358,KINGS CHOICE TEA CADDY ,6,2011-09-23 10:14:00,2.95,13949,United Kingdom,17.700000000000003
567973,23418,LAVENDER TOILETTE BOTTLE,12,2011-09-23 10:17:00,2.08,13994,United Kingdom,24.96
567975,21673,WHITE SPOT BLUE CERAMIC DRAWER KNOB,24,2011-09-23 10:25:00,1.45,17416,United Kingdom,34.8
567976,23320,GIANT 50'S CHRISTMAS CRACKER,12,2011-09-23 10:26:00,2.89,13127,United Kingdom,34.68
567976,23298,SPOTTY BUNTING,3,2011-09-23 10:26:00,4.95,13127,United Kingdom,14.85
567979,21673,WHITE SPOT BLUE CERAMIC DRAWER KNOB,12,2011-09-23 10:44:00,1.45,14215,United Kingdom,17.4
567980,22691,DOORMAT WELCOME SUNRISE,1,2011-09-23 11:22:00,8.25,15311,United Kingdom,8.25
567980,21166,COOK WITH WINE METAL SIGN ,2,2011-09-23 11:22:00,2.08,15311,United Kingdom,4.16
568040,21706,FOLDING UMBRELLA RED/WHITE POLKADOT,8,2011-09-23 12:09:00,4.95,12681,France,39.6
568044,22283,6 EGG HOUSE PAINTED WOOD,2,2011-09-23 12:10:00,7.95,15763,United Kingdom,15.9
568044,22282,12 EGG HOUSE PAINTED WOOD,2,2011-09-23 12:10:00,12.75,15763,United Kingdom,25.5
568046,85152,HAND OVER THE CHOCOLATE   SIGN ,2,2011-09-23 12:16:00,2.1,18118,United Kingdom,4.2
568046,23368,SET 12 COLOUR PENCILS DOLLY GIRL ,1,2011-09-23 12:16:00,0.65,18118,United Kingdom,0.65
568046,23263,SET OF 3 WOODEN HEART DECORATIONS,1,2011-09-23 12:16:00,1.25,18118,United Kingdom,1.25
568047,23129,HEART SHAPED HOLLY WREATH,12,2011-09-23 12:27:00,4.15,15075,United Kingdom,49.8
568048,22571,ROCKING HORSE RED CHRISTMAS ,12,2011-09-23 12:36:00,0.85,14911,EIRE,10.2
568048,23403,LETTER HOLDER HOME SWEET HOME,4,2011-09-23 12:36:00,3.75,14911,EIRE,15.0
568048,23172,REGENCY TEA PLATE PINK,12,2011-09-23 12:36:00,1.65,14911,EIRE,19.8
568048,22824,3 TIER SWEETHEART GARDEN SHELF,1,2011-09-23 12:36:00,35.95,14911,EIRE,35.95
568050,22352,LUNCH BOX WITH CUTLERY RETROSPOT ,1,2011-09-23 12:38:00,2.55,15901,United Kingdom,2.55
568050,22332,SKULLS PARTY BAG + STICKER SET,1,2011-09-23 12:38:00,1.65,15901,United Kingdom,1.65
568049,23266,SET OF 3 WOODEN STOCKING DECORATION,2,2011-09-23 12:38:00,1.25,17841,United Kingdom,2.5
568054,22799,SWEETHEART WIRE FRUIT BOWL,1,2011-09-23 12:50:00,8.5,16978,United Kingdom,8.5
568056,21559,STRAWBERRY LUNCH BOX WITH CUTLERY,12,2011-09-23 12:55:00,2.55,12705,Germany,30.6
568059,23176,ABC TREASURE BOOK BOX ,1,2011-09-23 12:58:00,2.25,13097,United Kingdom,2.25
568060,20675,BLUE POLKADOT BOWL,1,2011-09-23 13:11:00,1.25,14546,United Kingdom,1.25
568060,23172,REGENCY TEA PLATE PINK,2,2011-09-23 13:11:00,1.65,14546,United Kingdom,3.3
568060,22766,PHOTO FRAME CORNICE,2,2011-09-23 13:11:00,2.95,14546,United Kingdom,5.9
568061,20713,JUMBO BAG OWLS,1,2011-09-23 13:12:00,2.08,16910,United Kingdom,2.08
568061,22385,JUMBO BAG SPACEBOY DESIGN,1,2011-09-23 13:12:00,2.08,16910,United Kingdom,2.08
568061,82486,3 DRAWER ANTIQUE WHITE WOOD CABINET,1,2011-09-23 13:12:00,8.95,16910,United Kingdom,8.95
568063,22732,3D VINTAGE CHRISTMAS STICKERS ,18,2011-09-23 13:24:00,1.25,15981,United Kingdom,22.5
568064,23311,VINTAGE CHRISTMAS STOCKING ,6,2011-09-23 13:42:00,2.55,14880,United Kingdom,15.3
568064,22633,HAND WARMER UNION JACK,12,2011-09-23 13:42:00,2.1,14880,United Kingdom,25.200000000000003
568066,21670,BLUE SPOT CERAMIC DRAWER KNOB,2,2011-09-23 13:48:00,1.45,14529,United Kingdom,2.9
568069,22582,PACK OF 6 SWEETIE GIFT BOXES,6,2011-09-23 14:05:00,2.55,13336,United Kingdom,15.3
568070,23359,SET OF 12 T-LIGHTS VINTAGE DOILEY,12,2011-09-23 14:17:00,1.95,16128,United Kingdom,23.4
568075,22956,36 FOIL HEART CAKE CASES,1,2011-09-23 14:21:00,2.1,14652,United Kingdom,2.1
568075,22750,FELTCRAFT PRINCESS LOLA DOLL,1,2011-09-23 14:21:00,3.75,14652,United Kingdom,3.75
568083,23505,PLAYING CARDS I LOVE LONDON ,24,2011-09-23 14:38:00,1.25,15903,United Kingdom,30.0
568083,22026,BANQUET BIRTHDAY  CARD  ,24,2011-09-23 14:38:00,0.42,15903,United Kingdom,10.08
568082,23021,GLASS BONNE JAM JAR,4,2011-09-23 14:38:00,4.15,14944,United Kingdom,16.6
568095,22038,BOTANICAL LAVENDER GIFT WRAP ,25,2011-09-23 14:49:00,0.42,14911,EIRE,10.5
568095,82483,WOOD 2 DRAWER CABINET WHITE FINISH,2,2011-09-23 14:49:00,6.95,14911,EIRE,13.9
568101,23320,GIANT 50'S CHRISTMAS CRACKER,12,2011-09-23 15:21:00,2.89,15978,United Kingdom,34.68
568101,22489,PACK OF 12 TRADITIONAL CRAYONS,24,2011-09-23 15:21:00,0.42,15978,United Kingdom,10.08
568101,23354,6 GIFT TAGS 50'S CHRISTMAS ,36,2011-09-23 15:21:00,0.83,15978,United Kingdom,29.88
568101,21976,PACK OF 60 MUSHROOM CAKE CASES,24,2011-09-23 15:21:00,0.55,15978,United Kingdom,13.2
568103,22302,COFFEE MUG PEARS  DESIGN,6,2011-09-23 15:45:00,2.55,12518,Germany,15.3
568104,21340,CLASSIC METAL BIRDCAGE PLANT HOLDER,2,2011-09-23 15:50:00,12.75,16485,United Kingdom,25.5
568137,22779,WOODEN OWLS LIGHT GARLAND ,8,2011-09-25 10:34:00,4.25,12488,France,34.0
568140,23050,RECYCLED ACAPULCO MAT GREEN,2,2011-09-25 10:48:00,8.25,17411,United Kingdom,16.5
568146,22383,LUNCH BAG SUKI DESIGN ,10,2011-09-25 11:33:00,1.65,16169,United Kingdom,16.5
568152,23241,TREASURE TIN GYMKHANA DESIGN,1,2011-09-25 11:40:00,2.08,16480,United Kingdom,2.08
568153,22086,PAPER CHAIN KIT 50'S CHRISTMAS ,40,2011-09-25 12:02:00,2.55,17716,United Kingdom,102.0
568156,85014A,BLACK/BLUE POLKADOT UMBRELLA,2,2011-09-25 12:16:00,5.95,14367,United Kingdom,11.9
568159,22727,ALARM CLOCK BAKELIKE RED ,8,2011-09-25 12:22:00,3.75,17719,United Kingdom,30.0
568163,82578,KITCHEN METAL SIGN,1,2011-09-25 12:34:00,0.55,14540,United Kingdom,0.55
568163,22429,ENAMEL MEASURING JUG CREAM,2,2011-09-25 12:34:00,4.25,14540,United Kingdom,8.5
568165,20754,RETROSPOT RED WASHING UP GLOVES,2,2011-09-25 12:42:00,2.1,17131,United Kingdom,4.2
568166,21562,HAWAIIAN GRASS SKIRT ,4,2011-09-25 12:45:00,1.25,14800,United Kingdom,5.0
568168,17136A,BLUE STONES ON WIRE FOR CANDLE,14,2011-09-25 12:46:00,0.08,15799,United Kingdom,1.12
568168,21288,STRIPEY CHOCOLATE NESTING BOXES,3,2011-09-25 12:46:00,2.95,15799,United Kingdom,8.850000000000001
568174,22866,HAND WARMER SCOTTY DOG DESIGN,4,2011-09-25 13:23:00,2.1,16261,United Kingdom,8.4
568176,23209,LUNCH BAG VINTAGE DOILY ,10,2011-09-25 13:25:00,1.65,12685,France,16.5
568181,23275,SET OF 3 HANGING OWLS OLLIE BEAK,12,2011-09-25 13:42:00,1.25,17154,United Kingdom,15.0
568185,23439,HAND WARMER RED LOVE HEART,3,2011-09-25 14:08:00,2.1,16594,United Kingdom,6.300000000000001
568188,72802C,VANILLA SCENT CANDLE JEWELLED BOX,1,2011-09-25 14:33:00,4.25,16049,United Kingdom,4.25
568188,23411, TRELLIS COAT RACK,1,2011-09-25 14:33:00,4.95,16049,United Kingdom,4.95
568188,23308,SET OF 60 VINTAGE LEAF CAKE CASES ,2,2011-09-25 14:33:00,0.55,16049,United Kingdom,1.1
568188,23198,PANTRY MAGNETIC  SHOPPING LIST,2,2011-09-25 14:33:00,1.45,16049,United Kingdom,2.9
568193,48185,DOORMAT FAIRY CAKE,10,2011-09-25 14:37:00,7.08,17107,United Kingdom,70.8
568193,22141,CHRISTMAS CRAFT TREE TOP ANGEL,4,2011-09-25 14:37:00,2.1,17107,United Kingdom,8.4
568191,84992,72 SWEETHEART FAIRY CAKE CASES,14,2011-09-25 14:37:00,0.55,16655,United Kingdom,7.700000000000001
568192,21539,RED RETROSPOT BUTTER DISH,6,2011-09-25 14:37:00,4.95,14235,United Kingdom,29.700000000000003
568196,46000M,POLYESTER FILLER PAD 45x45cm,14,2011-09-25 14:44:00,1.55,16705,United Kingdom,21.7
568197,23408,PHOTO FRAME LINEN AND LACE SMALL,6,2011-09-25 14:52:00,2.08,16746,United Kingdom,12.48
568197,22386,JUMBO BAG PINK POLKADOT,10,2011-09-25 14:52:00,2.08,16746,United Kingdom,20.8
568204,22530,MAGIC DRAWING SLATE DOLLY GIRL ,24,2011-09-25 15:25:00,0.42,13670,United Kingdom,10.08
568204,22751,FELTCRAFT PRINCESS OLIVIA DOLL,4,2011-09-25 15:25:00,3.75,13670,United Kingdom,15.0
568209,22364,GLASS JAR DIGESTIVE BISCUITS,12,2011-09-25 15:43:00,2.95,13089,United Kingdom,35.400000000000006
568210,22819,"BIRTHDAY CARD, RETRO SPOT",12,2011-09-25 15:56:00,0.42,17159,United Kingdom,5.04
568212,23307,SET OF 60 PANTRY DESIGN CAKE CASES ,1,2011-09-25 16:05:00,0.55,15154,United Kingdom,0.55
568212,23101,SILVER STARS TABLE DECORATION,1,2011-09-25 16:05:00,0.83,15154,United Kingdom,0.83
568212,21990,MODERN FLORAL STATIONERY SET,1,2011-09-25 16:05:00,1.25,15154,United Kingdom,1.25
568212,22131,FOOD CONTAINER SET 3 LOVE HEART ,1,2011-09-25 16:05:00,1.95,15154,United Kingdom,1.95
568212,22396,MAGNETS PACK OF 4 RETRO PHOTO,2,2011-09-25 16:05:00,0.39,15154,United Kingdom,0.78
568212,22473,TV DINNER TRAY VINTAGE PAISLEY,2,2011-09-25 16:05:00,4.95,15154,United Kingdom,9.9
568215,21790,VINTAGE SNAP CARDS,24,2011-09-26 08:38:00,0.85,13390,United Kingdom,20.4
568218,23210,WHITE ROCKING HORSE HAND PAINTED,24,2011-09-26 09:52:00,1.25,13389,United Kingdom,30.0
568219,21232,STRAWBERRY CERAMIC TRINKET BOX,12,2011-09-26 09:59:00,1.25,13468,United Kingdom,15.0
568220,22077,6 RIBBONS RUSTIC CHARM,12,2011-09-26 10:03:00,1.95,15626,United Kingdom,23.4
568220,23434,3 RAFFIA RIBBONS 50'S CHRISTMAS ,10,2011-09-26 10:03:00,0.79,15626,United Kingdom,7.9
568224,23355,HOT WATER BOTTLE KEEP CALM,2,2011-09-26 10:22:00,4.95,17377,United Kingdom,9.9
568227,23390,DOLLY GIRL MINI BACKPACK,1,2011-09-26 10:57:00,4.15,17841,United Kingdom,4.15
568227,21926,RED/CREAM STRIPE CUSHION COVER ,2,2011-09-26 10:57:00,1.25,17841,United Kingdom,2.5
568228,21916,SET 12 RETRO WHITE CHALK STICKS,24,2011-09-26 11:02:00,0.42,15358,United Kingdom,10.08
568231,22815,CARD PSYCHEDELIC APPLES,48,2011-09-26 11:19:00,0.42,14808,United Kingdom,20.16
568242,23267,SET OF 4 SANTA PLACE SETTINGS,12,2011-09-26 12:11:00,1.25,14931,Channel Islands,15.0
568245,23399,HOME SWEET HOME HANGING HEART,12,2011-09-26 12:23:00,0.85,13867,United Kingdom,10.2
568245,22469,HEART OF WICKER SMALL,12,2011-09-26 12:23:00,1.65,13867,United Kingdom,19.8
568301,22079,RIBBON REEL HEARTS DESIGN ,5,2011-09-26 12:45:00,1.65,16383,United Kingdom,8.25
568301,21470,FLOWER VINE RAFFIA FOOD COVER,1,2011-09-26 12:45:00,3.75,16383,United Kingdom,3.75
568301,85049C,ROMANTIC PINKS RIBBONS ,4,2011-09-26 12:45:00,1.25,16383,United Kingdom,5.0
568311,22984,CARD GINGHAM ROSE ,12,2011-09-26 12:53:00,0.42,17287,United Kingdom,5.04
568314,23298,SPOTTY BUNTING,2,2011-09-26 12:58:00,4.95,14387,United Kingdom,9.9
568316,84978,HANGING HEART JAR T-LIGHT HOLDER,6,2011-09-26 13:21:00,1.25,16407,United Kingdom,7.5
568317,23356,LOVE HOT WATER BOTTLE,3,2011-09-26 13:25:00,5.95,17491,United Kingdom,17.85
568318,21084,SET/6 COLLAGE PAPER CUPS,24,2011-09-26 13:25:00,0.19,13233,United Kingdom,4.5600000000000005
568320,22562,MONSTERS STENCIL CRAFT,12,2011-09-26 13:35:00,1.25,17674,United Kingdom,15.0
568321,84987,SET OF 36 TEATIME PAPER DOILIES,12,2011-09-26 13:36:00,1.45,13639,United Kingdom,17.4
568321,21914,BLUE HARMONICA IN BOX ,12,2011-09-26 13:36:00,1.25,13639,United Kingdom,15.0
568323,82600,NO SINGING METAL SIGN,6,2011-09-26 13:45:00,2.1,15078,United Kingdom,12.6
568323,20713,JUMBO BAG OWLS,20,2011-09-26 13:45:00,2.08,15078,United Kingdom,41.6
568326,22726,ALARM CLOCK BAKELIKE GREEN,4,2011-09-26 14:00:00,3.75,13200,United Kingdom,15.0
568326,21891,TRADITIONAL WOODEN SKIPPING ROPE,12,2011-09-26 14:00:00,1.45,13200,United Kingdom,17.4
568327,23350,ROLL WRAP VINTAGE SPOT ,12,2011-09-26 14:02:00,1.25,15492,United Kingdom,15.0
568327,23438, RED SPOT GIFT BAG LARGE,12,2011-09-26 14:02:00,1.25,15492,United Kingdom,15.0
568328,22900,SET 2 TEA TOWELS I LOVE LONDON ,5,2011-09-26 14:06:00,3.25,18016,United Kingdom,16.25
568330,23427,STOOL HOME SWEET HOME ,1,2011-09-26 14:13:00,12.5,16468,United Kingdom,12.5
568333,22698,PINK REGENCY TEACUP AND SAUCER,6,2011-09-26 14:48:00,2.95,15344,United Kingdom,17.700000000000003
568342,85048,15CM CHRISTMAS GLASS BALL 20 LIGHTS,2,2011-09-26 15:10:00,7.95,14473,United Kingdom,15.9
568346,22588,CARD HOLDER GINGHAM HEART,1,2011-09-26 15:28:00,5.79,14096,United Kingdom,5.79
568346,21932,SCANDINAVIAN PAISLEY PICNIC BAG,1,2011-09-26 15:28:00,2.46,14096,United Kingdom,2.46
568346,21889,WOODEN BOX OF DOMINOES,4,2011-09-26 15:28:00,2.46,14096,United Kingdom,9.84
568346,22260,FELT EGG COSY BLUE RABBIT ,1,2011-09-26 15:28:00,1.63,14096,United Kingdom,1.63
568367,22421,LIPSTICK PEN FUSCHIA,12,2011-09-26 15:51:00,0.42,15755,United Kingdom,5.04
568369,21430,SET/3 RED GINGHAM ROSE STORAGE BOX,1,2011-09-26 16:15:00,3.75,16710,United Kingdom,3.75
568381,21352,EUCALYPTUS & PINECONE  WREATH,12,2011-09-27 09:24:00,2.95,14321,United Kingdom,35.400000000000006
568390,20727,LUNCH BAG  BLACK SKULL.,2,2011-09-27 10:08:00,1.65,17811,United Kingdom,3.3
568392,21794,CLASSIC FRENCH STYLE BASKET NATURAL,8,2011-09-27 10:08:00,3.95,14272,United Kingdom,31.6
568392,21993,FLORAL FOLK STATIONERY SET,12,2011-09-27 10:08:00,1.25,14272,United Kingdom,15.0
568394,22180,RETROSPOT LAMP,2,2011-09-27 10:20:00,9.95,13314,United Kingdom,19.9
568394,84818,DANISH ROSE PHOTO FRAME,17,2011-09-27 10:20:00,0.79,13314,United Kingdom,13.43
568400,22178,VICTORIAN GLASS HANGING T-LIGHT,6,2011-09-27 10:27:00,1.95,13644,United Kingdom,11.7
568428,21329,DINOSAURS  WRITING SET ,2,2011-09-27 11:27:00,1.65,14419,United Kingdom,3.3
568471,21137,BLACK RECORD COVER FRAME,2,2011-09-27 11:49:00,3.75,17805,United Kingdom,7.5
568480,22942,CHRISTMAS LIGHTS 10 SANTAS ,2,2011-09-27 11:52:00,8.5,17490,United Kingdom,17.0
568491,85230B,CINNAMON SCENTED VOTIVE CANDLE,24,2011-09-27 11:58:00,0.29,15443,United Kingdom,6.959999999999999
568511,20975,12 PENCILS SMALL TUBE RED RETROSPOT,168,2011-09-27 12:26:00,0.65,16422,United Kingdom,109.2
568509,47599A,PINK PARTY BAGS,144,2011-09-27 12:26:00,1.69,16422,United Kingdom,243.36
568512,22109,FULL ENGLISH BREAKFAST PLATE,40,2011-09-27 12:28:00,3.39,14101,United Kingdom,135.6
568517,22422,TOOTHPASTE TUBE PEN,2,2011-09-27 12:52:00,0.65,14456,United Kingdom,1.3
568517,23125,6PC WOOD PLATE SET DISPOSABLE,2,2011-09-27 12:52:00,1.25,14456,United Kingdom,2.5
568517,22276,WASH BAG VINTAGE ROSE PAISLEY,1,2011-09-27 12:52:00,2.55,14456,United Kingdom,2.55
568517,23366,SET 12 COLOURING PENCILS DOILY,2,2011-09-27 12:52:00,0.65,14456,United Kingdom,1.3
568517,11001,ASSTD DESIGN RACING CAR PEN,16,2011-09-27 12:52:00,1.69,14456,United Kingdom,27.04
568517,84625A,PINK NEW BAROQUECANDLESTICK CANDLE,1,2011-09-27 12:52:00,0.85,14456,United Kingdom,0.85
568517,23096,PETIT TRAY CHIC,1,2011-09-27 12:52:00,1.65,14456,United Kingdom,1.65
568527,23202,JUMBO BAG VINTAGE LEAF,10,2011-09-27 13:21:00,2.08,13178,United Kingdom,20.8
568528,23311,VINTAGE CHRISTMAS STOCKING ,6,2011-09-27 13:32:00,2.55,13979,United Kingdom,15.3
568537,22659,LUNCH BOX I LOVE LONDON,64,2011-09-27 14:04:00,1.65,15061,United Kingdom,105.6
568542,22728,ALARM CLOCK BAKELIKE PINK,2,2011-09-27 14:31:00,3.75,16750,United Kingdom,7.5
568551,35471D,SET OF 3 BIRD LIGHT PINK FEATHER ,24,2011-09-27 14:58:00,0.39,14883,United Kingdom,9.36
568553,23173,REGENCY TEAPOT ROSES ,2,2011-09-27 15:17:00,9.95,15674,United Kingdom,19.9
568553,22907,PACK OF 20 NAPKINS PANTRY DESIGN,24,2011-09-27 15:17:00,0.85,15674,United Kingdom,20.4
568553,23295,SET OF 12 MINI LOAF BAKING CASES,8,2011-09-27 15:17:00,0.83,15674,United Kingdom,6.64
568554,21212,PACK OF 72 RETROSPOT CAKE CASES,24,2011-09-27 15:31:00,0.55,12455,Spain,13.2
568554,21060,PARTY INVITES BALLOON GIRL,12,2011-09-27 15:31:00,0.85,12455,Spain,10.2
568556,85048,15CM CHRISTMAS GLASS BALL 20 LIGHTS,2,2011-09-27 15:35:00,7.95,15827,United Kingdom,15.9
568566,22219,LOVEBIRD HANGING DECORATION WHITE ,12,2011-09-27 17:47:00,0.85,17609,United Kingdom,10.2
568566,23046,PAPER LANTERN 9 POINT DELUXE STAR,1,2011-09-27 17:47:00,6.65,17609,United Kingdom,6.65
568574,22367,CHILDRENS APRON SPACEBOY DESIGN,8,2011-09-28 09:15:00,1.95,13862,United Kingdom,15.6
568576,21915,RED  HARMONICA IN BOX ,24,2011-09-28 09:40:00,1.25,17017,United Kingdom,30.0
568577,22662,LUNCH BAG DOLLY GIRL DESIGN,10,2011-09-28 09:41:00,1.65,15301,United Kingdom,16.5
568577,22635,CHILDS BREAKFAST SET DOLLY GIRL ,2,2011-09-28 09:41:00,9.95,15301,United Kingdom,19.9
568578,22321,BIRD DECORATION RED RETROSPOT,24,2011-09-28 09:43:00,0.85,15301,United Kingdom,20.4
568585,22553,PLASTERS IN TIN SKULLS,12,2011-09-28 10:14:00,1.65,17370,United Kingdom,19.8
568592,22728,ALARM CLOCK BAKELIKE PINK,8,2011-09-28 10:42:00,3.75,17469,United Kingdom,30.0
568593,22340,NOEL GARLAND PAINTED ZINC ,24,2011-09-28 10:54:00,0.39,13988,United Kingdom,9.36
568593,23353,6 GIFT TAGS VINTAGE CHRISTMAS ,24,2011-09-28 10:54:00,0.83,13988,United Kingdom,19.92
568614,22945,CHRISTMAS METAL TAGS ASSORTED ,12,2011-09-28 11:26:00,0.85,13515,United Kingdom,10.2
568614,85123A,WHITE HANGING HEART T-LIGHT HOLDER,6,2011-09-28 11:26:00,2.95,13515,United Kingdom,17.700000000000003
568645,22554,PLASTERS IN TIN WOODLAND ANIMALS,12,2011-09-28 11:38:00,1.65,12656,France,19.8
568645,POST,POSTAGE,3,2011-09-28 11:38:00,18.0,12656,France,54.0
568648,22467,GUMBALL COAT RACK,60,2011-09-28 11:49:00,2.55,16672,United Kingdom,153.0
568650,20981,12 PENCILS TALL TUBE WOODLAND,24,2011-09-28 11:56:00,0.85,13505,Switzerland,20.4
568650,22979,PANTRY WASHING UP BRUSH,12,2011-09-28 11:56:00,1.45,13505,Switzerland,17.4
568650,22445,PENCIL CASE LIFE IS BEAUTIFUL,6,2011-09-28 11:56:00,2.95,13505,Switzerland,17.700000000000003
568650,22182,CAKE STAND VICTORIAN FILIGREE SMALL,4,2011-09-28 11:56:00,4.95,13505,Switzerland,19.8
568652,21810,CHRISTMAS HANGING STAR WITH BELL,48,2011-09-28 12:15:00,0.39,15841,United Kingdom,18.72
568654,23163,REGENCY SUGAR TONGS,8,2011-09-28 12:20:00,2.49,14911,EIRE,19.92
568654,72818,CHRISTMAS DECOUPAGE CANDLE,12,2011-09-28 12:20:00,0.85,14911,EIRE,10.2
568656,23551,PACK OF 12 PAISLEY PARK TISSUES ,48,2011-09-28 12:21:00,0.39,14911,EIRE,18.72
568657,20974,12 PENCILS SMALL TUBE SKULL,3,2011-09-28 12:22:00,0.65,16460,United Kingdom,1.95
568659,23166,MEDIUM CERAMIC TOP STORAGE JAR,12,2011-09-28 12:28:00,1.25,13516,United Kingdom,15.0
568660,21745,GAOLERS KEYS DECORATIVE GARDEN ,4,2011-09-28 12:33:00,3.75,15134,United Kingdom,15.0
568661,22171,3 HOOK PHOTO SHELF ANTIQUE WHITE,1,2011-09-28 12:34:00,8.5,18109,United Kingdom,8.5
568662,22666,RECIPE BOX PANTRY YELLOW DESIGN,1,2011-09-28 12:36:00,2.95,16764,United Kingdom,2.95
568668,23546,WRAP PAISLEY PARK ,25,2011-09-28 13:00:00,0.42,15750,United Kingdom,10.5
568667,20985,HEART CALCULATOR,1,2011-09-28 13:00:00,1.25,14606,United Kingdom,1.25
568668,22751,FELTCRAFT PRINCESS OLIVIA DOLL,1,2011-09-28 13:00:00,3.75,15750,United Kingdom,3.75
568667,21555,CERAMIC STRAWBERRY TRINKET TRAY,1,2011-09-28 13:00:00,2.55,14606,United Kingdom,2.55
568667,22545,MINI JIGSAW BUNNIES,1,2011-09-28 13:00:00,0.42,14606,United Kingdom,0.42
568667,21463,MIRRORED DISCO BALL ,1,2011-09-28 13:00:00,5.95,14606,United Kingdom,5.95
568670,85152,HAND OVER THE CHOCOLATE   SIGN ,2,2011-09-28 13:07:00,2.1,14978,United Kingdom,4.2
568671,22561,WOODEN SCHOOL COLOURING SET,12,2011-09-28 13:13:00,1.65,13139,United Kingdom,19.8
568675,22661,CHARLOTTE BAG DOLLY GIRL DESIGN,30,2011-09-28 13:32:00,0.72,14298,United Kingdom,21.6
568685,85061W,WHITE JEWELLED HEART DECORATION,24,2011-09-28 14:21:00,0.85,16394,United Kingdom,20.4
568686,82583,HOT BATHS METAL SIGN,2,2011-09-28 14:26:00,2.1,16115,United Kingdom,4.2
568686,22993,SET OF 4 PANTRY JELLY MOULDS,4,2011-09-28 14:26:00,1.25,16115,United Kingdom,5.0
568692,22421,LIPSTICK PEN FUSCHIA,12,2011-09-28 14:48:00,0.42,13901,United Kingdom,5.04
568696,22469,HEART OF WICKER SMALL,12,2011-09-28 14:56:00,1.65,13842,United Kingdom,19.8
568697,20969,RED FLORAL FELTCRAFT SHOULDER BAG,36,2011-09-28 14:57:00,3.39,16281,United Kingdom,122.04
568699,22550,HOLIDAY FUN LUDO,4,2011-09-28 14:58:00,3.75,12352,Norway,15.0
568701,23014,GLASS APOTHECARY BOTTLE ELIXIR,4,2011-09-28 15:07:00,3.95,13924,United Kingdom,15.8
568701,22797,CHEST OF DRAWERS GINGHAM HEART ,1,2011-09-28 15:07:00,16.95,13924,United Kingdom,16.95
568703,85183A,CHARLIE & LOLA WASTEPAPER BIN BLUE,2,2011-09-28 15:21:00,1.25,12748,United Kingdom,2.5
568703,85099B,JUMBO BAG RED RETROSPOT,5,2011-09-28 15:21:00,2.08,12748,United Kingdom,10.4
568703,22383,LUNCH BAG SUKI DESIGN ,4,2011-09-28 15:21:00,1.65,12748,United Kingdom,6.6
568703,23296,SET OF 6 TEA TIME BAKING CASES,4,2011-09-28 15:21:00,1.25,12748,United Kingdom,5.0
568703,22384,LUNCH BAG PINK POLKADOT,4,2011-09-28 15:21:00,1.65,12748,United Kingdom,6.6
568703,16169E,WRAP 50'S  CHRISTMAS,25,2011-09-28 15:21:00,0.42,12748,United Kingdom,10.5
568703,22918,HERB MARKER PARSLEY,6,2011-09-28 15:21:00,0.65,12748,United Kingdom,3.9
568710,21135,VICTORIAN  METAL POSTCARD SPRING,2,2011-09-28 15:42:00,1.69,14649,United Kingdom,3.38
568712,22424,ENAMEL BREAD BIN CREAM,1,2011-09-28 15:50:00,12.75,17841,United Kingdom,12.75
568712,23403,LETTER HOLDER HOME SWEET HOME,1,2011-09-28 15:50:00,3.75,17841,United Kingdom,3.75
568712,23135,SMALL ZINC HEART WALL ORGANISER,1,2011-09-28 15:50:00,5.75,17841,United Kingdom,5.75
568712,21231,SWEETHEART CERAMIC TRINKET BOX,2,2011-09-28 15:50:00,1.25,17841,United Kingdom,2.5
568715,22949,36 DOILIES DOLLY GIRL,1,2011-09-28 16:07:00,1.45,17783,United Kingdom,1.45
568726,82483,WOOD 2 DRAWER CABINET WHITE FINISH,2,2011-09-28 16:35:00,6.95,16775,United Kingdom,13.9
568727,23175,REGENCY MILK JUG PINK ,6,2011-09-28 16:38:00,3.25,15796,United Kingdom,19.5
568780,22983,CARD BILLBOARD FONT,24,2011-09-29 08:27:00,0.42,18235,United Kingdom,10.08
568780,23221,REINDEER HEART DECORATION SILVER,12,2011-09-29 08:27:00,0.83,18235,United Kingdom,9.96
568788,23307,SET OF 60 PANTRY DESIGN CAKE CASES ,2,2011-09-29 09:23:00,0.55,17894,United Kingdom,1.1
568791,22741,FUNKY DIVA PEN,48,2011-09-29 09:51:00,0.85,16650,United Kingdom,40.8
568792,23174,REGENCY SUGAR BOWL GREEN,4,2011-09-29 09:53:00,4.15,18192,United Kingdom,16.6
568792,23161,REGENCY CAKE FORK,12,2011-09-29 09:53:00,1.25,18192,United Kingdom,15.0
568792,85099F,JUMBO BAG STRAWBERRY,10,2011-09-29 09:53:00,2.08,18192,United Kingdom,20.8
568792,22835,HOT WATER BOTTLE I AM SO POORLY,4,2011-09-29 09:53:00,4.95,18192,United Kingdom,19.8
568793,23031,DRAWER KNOB CRACKLE GLAZE PINK,6,2011-09-29 09:55:00,1.65,16011,United Kingdom,9.9
568794,22581,WOOD STOCKING CHRISTMAS SCANDISPOT,12,2011-09-29 10:10:00,0.85,17447,United Kingdom,10.2
568795,47590A,BLUE HAPPY BIRTHDAY BUNTING,2,2011-09-29 10:19:00,5.45,17870,United Kingdom,10.9
568798,22111,SCOTTIE DOG HOT WATER BOTTLE,3,2011-09-29 10:23:00,4.95,12615,France,14.85
568800,23493,VINTAGE DOILY TRAVEL SEWING KIT,10,2011-09-29 10:45:00,1.95,14868,United Kingdom,19.5
568800,22144,CHRISTMAS CRAFT LITTLE FRIENDS,12,2011-09-29 10:45:00,2.1,14868,United Kingdom,25.200000000000003
568801,23344,JUMBO BAG 50'S CHRISTMAS ,10,2011-09-29 10:46:00,2.08,14475,United Kingdom,20.8
568802,23393,HOME SWEET HOME CUSHION COVER ,4,2011-09-29 10:49:00,3.75,14834,United Kingdom,15.0
568828,16216,LETTER SHAPE PENCIL SHARPENER,80,2011-09-29 11:31:00,0.06,15175,United Kingdom,4.8
568829,23311,VINTAGE CHRISTMAS STOCKING ,6,2011-09-29 11:33:00,2.55,17633,United Kingdom,15.3
568833,23318,BOX OF 6 MINI VINTAGE CRACKERS,5,2011-09-29 11:39:00,2.49,17348,United Kingdom,12.45
568868,23416,CHAMBRE HOOK,12,2011-09-29 12:00:00,1.65,12957,United Kingdom,19.8
568868,20977,36 PENCILS TUBE WOODLAND,16,2011-09-29 12:00:00,1.25,12957,United Kingdom,20.0
568868,23077,DOUGHNUT LIP GLOSS ,20,2011-09-29 12:00:00,1.25,12957,United Kingdom,25.0
568872,POST,POSTAGE,2,2011-09-29 12:12:00,15.0,12372,Denmark,30.0
568873,22386,JUMBO BAG PINK POLKADOT,10,2011-09-29 12:15:00,2.08,14188,United Kingdom,20.8
568874,23102,SILVER HEARTS TABLE DECORATION,1,2011-09-29 12:16:00,0.83,14524,United Kingdom,0.83
568875,23283,DOORMAT VINTAGE LEAF,1,2011-09-29 12:23:00,8.25,14527,United Kingdom,8.25
568894,21115,ROSE CARAVAN DOORSTOP,2,2011-09-29 13:04:00,6.75,17528,United Kingdom,13.5
568894,22829,SWEETHEART WIRE WALL TIDY,1,2011-09-29 13:04:00,9.95,17528,United Kingdom,9.95
568894,22050,PINK PAISLEY ROSE GIFT WRAP,25,2011-09-29 13:04:00,0.42,17528,United Kingdom,10.5
568895,82552,WASHROOM METAL SIGN,2,2011-09-29 13:11:00,1.45,15356,United Kingdom,2.9
568895,22998,TRAVEL CARD WALLET KEEP CALM,2,2011-09-29 13:11:00,0.42,15356,United Kingdom,0.84
568895,21901,"KEY FOB , BACK DOOR ",5,2011-09-29 13:11:00,0.65,15356,United Kingdom,3.25
568896,21068,VINTAGE BILLBOARD LOVE/HATE MUG,6,2011-09-29 13:13:00,1.25,16361,United Kingdom,7.5
568896,21498,RED RETROSPOT WRAP ,25,2011-09-29 13:13:00,0.42,16361,United Kingdom,10.5
568898,23271,CHRISTMAS TABLE SILVER CANDLE SPIKE,16,2011-09-29 13:17:00,0.83,13354,United Kingdom,13.28
568898,22619,SET OF 6 SOLDIER SKITTLES,4,2011-09-29 13:17:00,3.75,13354,United Kingdom,15.0
568900,82482,WOODEN PICTURE FRAME WHITE FINISH,6,2011-09-29 13:21:00,2.95,13647,United Kingdom,17.700000000000003
568901,21034,REX CASH+CARRY JUMBO SHOPPER,1,2011-09-29 13:22:00,0.95,15050,United Kingdom,0.95
568901,21326,AGED GLASS SILVER T-LIGHT HOLDER,12,2011-09-29 13:22:00,0.65,15050,United Kingdom,7.800000000000001
568902,22622,BOX OF VINTAGE ALPHABET BLOCKS,2,2011-09-29 13:23:00,11.95,13503,United Kingdom,23.9
568907,84086C,PINK/PURPLE RETRO RADIO,6,2011-09-29 13:35:00,2.95,15370,United Kingdom,17.700000000000003
568908,23079,TOADSTOOL BEDSIDE LIGHT ,2,2011-09-29 13:38:00,8.95,16653,United Kingdom,17.9
568908,47566,PARTY BUNTING,4,2011-09-29 13:38:00,4.95,16653,United Kingdom,19.8
568908,22077,6 RIBBONS RUSTIC CHARM,12,2011-09-29 13:38:00,1.95,16653,United Kingdom,23.4
568910,22865,HAND WARMER OWL DESIGN,12,2011-09-29 13:39:00,2.1,16574,United Kingdom,25.200000000000003
568910,23221,REINDEER HEART DECORATION SILVER,12,2011-09-29 13:39:00,0.83,16574,United Kingdom,9.96
568916,22561,WOODEN SCHOOL COLOURING SET,12,2011-09-29 14:08:00,1.65,15452,United Kingdom,19.8
568917,84992,72 SWEETHEART FAIRY CAKE CASES,24,2011-09-29 14:11:00,0.55,15955,United Kingdom,13.2
568921,23101,SILVER STARS TABLE DECORATION,24,2011-09-29 14:40:00,0.83,17373,United Kingdom,19.92
568938,22721,SET OF 3 CAKE TINS SKETCHBOOK,1,2011-09-29 14:46:00,4.95,17220,United Kingdom,4.95
568938,21121,SET/10 RED POLKADOT PARTY CANDLES,4,2011-09-29 14:46:00,1.25,17220,United Kingdom,5.0
568952,21137,BLACK RECORD COVER FRAME,12,2011-09-29 15:29:00,3.75,14305,United Kingdom,45.0
568952,22749,FELTCRAFT PRINCESS CHARLOTTE DOLL,4,2011-09-29 15:29:00,3.75,14305,United Kingdom,15.0
568955,22699,ROSES REGENCY TEACUP AND SAUCER ,6,2011-09-29 15:40:00,2.95,13759,United Kingdom,17.700000000000003
568988,22819,"BIRTHDAY CARD, RETRO SPOT",12,2011-09-29 16:38:00,0.42,12718,France,5.04
568990,22960,JAM MAKING SET WITH JARS,6,2011-09-29 16:42:00,4.25,15933,United Kingdom,25.5
568990,84832,ZINC WILLIE WINKIE  CANDLE STICK,12,2011-09-29 16:42:00,0.85,15933,United Kingdom,10.2
568991,85049E,SCANDINAVIAN REDS RIBBONS,24,2011-09-29 16:44:00,1.25,18204,United Kingdom,30.0
568992,85049A,TRADITIONAL CHRISTMAS RIBBONS,6,2011-09-29 16:48:00,1.25,17218,United Kingdom,7.5
568997,23493,VINTAGE DOILY TRAVEL SEWING KIT,10,2011-09-29 17:27:00,1.95,16233,United Kingdom,19.5
569000,22986,WRAP GINGHAM ROSE ,25,2011-09-29 17:36:00,0.42,17015,United Kingdom,10.5
569000,22998,TRAVEL CARD WALLET KEEP CALM,24,2011-09-29 17:36:00,0.42,17015,United Kingdom,10.08
569000,22046,TEA PARTY  WRAPPING PAPER ,25,2011-09-29 17:36:00,0.42,17015,United Kingdom,10.5
569002,72741,GRAND CHOCOLATECANDLE,9,2011-09-29 17:53:00,1.45,17572,United Kingdom,13.05
569004,21931,JUMBO STORAGE BAG SUKI,10,2011-09-29 18:18:00,2.08,14409,United Kingdom,20.8
569007,22851,SET 20 NAPKINS FAIRY CAKES DESIGN ,12,2011-09-29 18:51:00,0.85,17552,United Kingdom,10.2
569007,21914,BLUE HARMONICA IN BOX ,12,2011-09-29 18:51:00,1.25,17552,United Kingdom,15.0
569015,23427,STOOL HOME SWEET HOME ,4,2011-09-30 09:20:00,10.4,13575,United Kingdom,41.6
569017,23508,MINI PLAYING CARDS DOLLY GIRL ,20,2011-09-30 09:22:00,0.42,13813,Germany,8.4
569017,22393,PAPERWEIGHT VINTAGE COLLAGE,6,2011-09-30 09:22:00,2.55,13813,Germany,15.3
569020,82583,HOT BATHS METAL SIGN,12,2011-09-30 09:39:00,2.1,15321,United Kingdom,25.200000000000003
569024,23319,BOX OF 6 MINI 50'S CRACKERS,12,2011-09-30 10:04:00,2.49,12822,United Kingdom,29.880000000000003
569025,21156,RETROSPOT CHILDRENS APRON,30,2011-09-30 10:08:00,1.95,18041,United Kingdom,58.5
569026,23307,SET OF 60 PANTRY DESIGN CAKE CASES ,24,2011-09-30 10:18:00,0.55,16101,United Kingdom,13.2
569026,23295,SET OF 12 MINI LOAF BAKING CASES,8,2011-09-30 10:18:00,0.83,16101,United Kingdom,6.64
569026,23296,SET OF 6 TEA TIME BAKING CASES,8,2011-09-30 10:18:00,1.25,16101,United Kingdom,10.0
569026,23245,SET OF 3 REGENCY CAKE TINS,4,2011-09-30 10:18:00,4.95,16101,United Kingdom,19.8
569030,21524,DOORMAT SPOTTY HOME SWEET HOME,30,2011-09-30 10:27:00,8.0,17450,United Kingdom,240.0
569036,23426,METAL SIGN DROP YOUR PANTS,6,2011-09-30 10:44:00,2.89,18217,United Kingdom,17.34
569081,21824,PAINTED METAL STAR WITH HOLLY BELLS,24,2011-09-30 11:54:00,0.39,13972,United Kingdom,9.36
569089,85099B,JUMBO BAG RED RETROSPOT,5,2011-09-30 12:03:00,2.08,13764,United Kingdom,10.4
569089,22074,6 RIBBONS SHIMMERING PINKS ,3,2011-09-30 12:03:00,1.65,13764,United Kingdom,4.949999999999999
569089,22621,TRADITIONAL KNITTING NANCY,6,2011-09-30 12:03:00,1.65,13764,United Kingdom,9.9
569089,23263,SET OF 3 WOODEN HEART DECORATIONS,12,2011-09-30 12:03:00,1.25,13764,United Kingdom,15.0
569097,23509,MINI PLAYING CARDS FUN FAIR ,20,2011-09-30 12:06:00,0.42,12731,France,8.4
569103,23242,TREASURE TIN BUFFALO BILL ,6,2011-09-30 12:30:00,2.08,16133,United Kingdom,12.48
569105,22382,LUNCH BAG SPACEBOY DESIGN ,5,2011-09-30 12:35:00,1.65,16729,United Kingdom,8.25
569110,23243,SET OF TEA COFFEE SUGAR TINS PANTRY,4,2011-09-30 12:44:00,4.95,17675,United Kingdom,19.8
569122,22215,CAKE STAND WHITE TWO TIER LACE,4,2011-09-30 13:06:00,8.5,12694,France,34.0
569124,23268,SET OF 2 CERAMIC CHRISTMAS REINDEER,12,2011-09-30 13:15:00,1.45,15172,United Kingdom,17.4
569125,21116,OWL DOORSTOP,6,2011-09-30 13:21:00,4.95,15611,United Kingdom,29.700000000000003
569139,23404,HOME SWEET HOME BLACKBOARD,6,2011-09-30 14:55:00,4.95,16404,United Kingdom,29.700000000000003
569140,23241,TREASURE TIN GYMKHANA DESIGN,6,2011-09-30 14:59:00,2.08,14503,United Kingdom,12.48
569140,22535,MAGIC DRAWING SLATE BUNNIES ,24,2011-09-30 14:59:00,0.42,14503,United Kingdom,10.08
569147,23380,PACK OF 12 VINTAGE DOILY TISSUES,24,2011-09-30 15:33:00,0.39,12842,United Kingdom,9.36
569205,23322,LARGE WHITE HEART OF WICKER,5,2011-10-02 10:55:00,2.95,16923,United Kingdom,14.75
569208,23082,SET 6 PAPER TABLE LANTERN HEARTS ,1,2011-10-02 11:10:00,3.75,16693,United Kingdom,3.75
569208,21465,PINK FLOWER CROCHET FOOD COVER,1,2011-10-02 11:10:00,3.75,16693,United Kingdom,3.75
569209,23503,PLAYING CARDS KEEP CALM & CARRY ON,12,2011-10-02 11:30:00,1.25,16626,United Kingdom,15.0
569211,23427,STOOL HOME SWEET HOME ,1,2011-10-02 12:04:00,12.5,15774,United Kingdom,12.5
569211,23410,CURIO CABINET LINEN AND LACE ,1,2011-10-02 12:04:00,8.15,15774,United Kingdom,8.15
569211,22574,HEART WOODEN CHRISTMAS DECORATION,6,2011-10-02 12:04:00,0.85,15774,United Kingdom,5.1
569211,23333,IVORY WICKER HEART MEDIUM,20,2011-10-02 12:04:00,1.25,15774,United Kingdom,25.0
569212,85152,HAND OVER THE CHOCOLATE   SIGN ,4,2011-10-02 12:05:00,2.1,15164,United Kingdom,8.4
569214,21650,ASSORTED TUTTI FRUTTI BRACELET,144,2011-10-02 12:22:00,0.19,14533,United Kingdom,27.36
569216,23322,LARGE WHITE HEART OF WICKER,1,2011-10-02 12:41:00,2.95,15555,United Kingdom,2.95
569218,22470,HEART OF WICKER LARGE,2,2011-10-02 12:47:00,2.95,15952,United Kingdom,5.9
569219,22110,BIRD HOUSE HOT WATER BOTTLE,1,2011-10-02 13:01:00,2.55,13558,United Kingdom,2.55
569219,23344,JUMBO BAG 50'S CHRISTMAS ,1,2011-10-02 13:01:00,2.08,13558,United Kingdom,2.08
569219,21485,RETROSPOT HEART HOT WATER BOTTLE,1,2011-10-02 13:01:00,4.95,13558,United Kingdom,4.95
569220,84077,WORLD WAR 2 GLIDERS ASSTD DESIGNS,48,2011-10-02 13:26:00,0.29,16007,United Kingdom,13.919999999999998
569220,85099B,JUMBO BAG RED RETROSPOT,1,2011-10-02 13:26:00,2.08,16007,United Kingdom,2.08
569220,21918,SET 12 KIDS COLOUR  CHALK STICKS,3,2011-10-02 13:26:00,0.42,16007,United Kingdom,1.26
569220,72800B, 4 PURPLE FLOCK DINNER CANDLES,1,2011-10-02 13:26:00,2.55,16007,United Kingdom,2.55
569220,72800E,4 IVORY DINNER CANDLES SILVER FLOCK,2,2011-10-02 13:26:00,2.55,16007,United Kingdom,5.1
569221,15056N,EDWARDIAN PARASOL NATURAL,2,2011-10-02 13:44:00,5.95,14970,United Kingdom,11.9
569222,22978,PANTRY ROLLING PIN,3,2011-10-02 13:46:00,3.75,15906,United Kingdom,11.25
569222,22795,SWEETHEART RECIPE BOOK STAND,6,2011-10-02 13:46:00,6.75,15906,United Kingdom,40.5
569222,22979,PANTRY WASHING UP BRUSH,3,2011-10-02 13:46:00,1.45,15906,United Kingdom,4.35
569222,23493,VINTAGE DOILY TRAVEL SEWING KIT,4,2011-10-02 13:46:00,1.95,15906,United Kingdom,7.8
569223,22943,CHRISTMAS LIGHTS 10 VINTAGE BAUBLES,4,2011-10-02 13:49:00,4.95,16283,United Kingdom,19.8
569223,22732,3D VINTAGE CHRISTMAS STICKERS ,5,2011-10-02 13:49:00,1.25,16283,United Kingdom,6.25
569224,22138,BAKING SET 9 PIECE RETROSPOT ,1,2011-10-02 14:00:00,4.95,15701,United Kingdom,4.95
569224,20984,12 PENCILS TALL TUBE POSY,24,2011-10-02 14:00:00,0.29,15701,United Kingdom,6.959999999999999
569224,22865,HAND WARMER OWL DESIGN,2,2011-10-02 14:00:00,2.1,15701,United Kingdom,4.2
569224,22726,ALARM CLOCK BAKELIKE GREEN,2,2011-10-02 14:00:00,3.75,15701,United Kingdom,7.5
569225,21231,SWEETHEART CERAMIC TRINKET BOX,4,2011-10-02 14:25:00,1.25,16930,United Kingdom,5.0
569227,23535,BICYCLE SAFTEY WALL ART,4,2011-10-02 14:37:00,5.95,14051,United Kingdom,23.8
569228,22029,SPACEBOY BIRTHDAY CARD,12,2011-10-02 14:47:00,0.42,15547,United Kingdom,5.04
569228,22507,MEMO BOARD RETROSPOT  DESIGN,1,2011-10-02 14:47:00,4.95,15547,United Kingdom,4.95
569228,22320,BIRDS MOBILE VINTAGE DESIGN,1,2011-10-02 14:47:00,5.95,15547,United Kingdom,5.95
569228,22318,FIVE HEART HANGING DECORATION,2,2011-10-02 14:47:00,2.95,15547,United Kingdom,5.9
569228,22712,CARD DOLLY GIRL ,12,2011-10-02 14:47:00,0.42,15547,United Kingdom,5.04
569229,22098,BOUDOIR SQUARE TISSUE BOX,4,2011-10-02 14:56:00,0.39,14502,United Kingdom,1.56
569229,22627,MINT KITCHEN SCALES,1,2011-10-02 14:56:00,8.5,14502,United Kingdom,8.5
569230,21905,MORE BUTTER METAL SIGN ,1,2011-10-02 15:07:00,0.79,16533,United Kingdom,0.79
569230,22488,NATURAL SLATE RECTANGLE CHALKBOARD,1,2011-10-02 15:07:00,1.65,16533,United Kingdom,1.65
569231,22508,DOORSTOP RETROSPOT HEART,1,2011-10-02 15:18:00,3.75,13379,United Kingdom,3.75
569231,23381,PACK OF 12 VINTAGE LEAF TISSUES ,10,2011-10-02 15:18:00,0.39,13379,United Kingdom,3.9
569231,23293,SET OF 12 FAIRY CAKE BAKING CASES,2,2011-10-02 15:18:00,0.83,13379,United Kingdom,1.66
569234,23403,LETTER HOLDER HOME SWEET HOME,1,2011-10-02 15:33:00,3.75,17841,United Kingdom,3.75
569236,22094,RED RETROSPOT TISSUE BOX,6,2011-10-02 15:49:00,0.39,14432,United Kingdom,2.34
569246,23223,CHRISTMAS TREE HANGING SILVER ,1,2011-10-03 09:57:00,1.63,14096,United Kingdom,1.63
569246,20971,PINK BLUE FELT CRAFT TRINKET BOX,1,2011-10-03 09:57:00,2.46,14096,United Kingdom,2.46
569246,21676,FLOWERS  STICKERS,1,2011-10-03 09:57:00,1.63,14096,United Kingdom,1.63
569246,47591D,PINK FAIRY CAKE CHILDRENS APRON,1,2011-10-03 09:57:00,4.13,14096,United Kingdom,4.13
569246,22379,RECYCLING BAG RETROSPOT ,1,2011-10-03 09:57:00,4.13,14096,United Kingdom,4.13
569246,22178,VICTORIAN GLASS HANGING T-LIGHT,14,2011-10-03 09:57:00,2.46,14096,United Kingdom,34.44
569246,22940,FELTCRAFT CHRISTMAS FAIRY,1,2011-10-03 09:57:00,8.29,14096,United Kingdom,8.29
569246,22851,SET 20 NAPKINS FAIRY CAKES DESIGN ,1,2011-10-03 09:57:00,1.63,14096,United Kingdom,1.63
569246,22422,TOOTHPASTE TUBE PEN,2,2011-10-03 09:57:00,1.25,14096,United Kingdom,2.5
569246,21933,PINK VINTAGE PAISLEY PICNIC BAG,3,2011-10-03 09:57:00,2.46,14096,United Kingdom,7.38
569246,22295,HEART FILIGREE DOVE LARGE,1,2011-10-03 09:57:00,3.29,14096,United Kingdom,3.29
569249,23311,VINTAGE CHRISTMAS STOCKING ,12,2011-10-03 10:15:00,2.55,14092,United Kingdom,30.6
569249,22114,HOT WATER BOTTLE TEA AND SYMPATHY,4,2011-10-03 10:15:00,4.25,14092,United Kingdom,17.0
569252,23057,BEADED CHANDELIER T-LIGHT HOLDER,4,2011-10-03 10:38:00,4.95,14333,United Kingdom,19.8
569253,23293,SET OF 12 FAIRY CAKE BAKING CASES,8,2011-10-03 10:55:00,0.83,13635,United Kingdom,6.64
569254,85123A,WHITE HANGING HEART T-LIGHT HOLDER,3,2011-10-03 11:00:00,2.95,18116,United Kingdom,8.850000000000001
569261,22566,FELTCRAFT HAIRBAND PINK AND PURPLE,2,2011-10-03 11:34:00,0.85,17321,United Kingdom,1.7
569262,22147,FELTCRAFT BUTTERFLY HEARTS,12,2011-10-03 11:36:00,1.45,14815,United Kingdom,17.4
569262,35648,VINTAGE BEAD PINK PURSE ,24,2011-10-03 11:36:00,0.83,14815,United Kingdom,19.92
569302,20727,LUNCH BAG  BLACK SKULL.,3,2011-10-03 12:04:00,1.65,16205,United Kingdom,4.949999999999999
569319,23524,HORSE & PONY WALL ART,6,2011-10-03 12:17:00,3.75,14290,United Kingdom,22.5
569319,23523,TREASURE AHOY WALL ART,6,2011-10-03 12:17:00,3.75,14290,United Kingdom,22.5
569319,22560,TRADITIONAL MODELLING CLAY,24,2011-10-03 12:17:00,1.25,14290,United Kingdom,30.0
569323,23534,STOP FOR TEA WALL ART,3,2011-10-03 12:32:00,5.95,16912,United Kingdom,17.85
569327,23424,GINGHAM RECIPE BOOK BOX,4,2011-10-03 12:47:00,4.95,15091,United Kingdom,19.8
569327,23301,GARDENERS KNEELING PAD KEEP CALM ,12,2011-10-03 12:47:00,1.65,15091,United Kingdom,19.8
569331,23319,BOX OF 6 MINI 50'S CRACKERS,6,2011-10-03 13:39:00,2.49,16875,United Kingdom,14.94
569332,22659,LUNCH BOX I LOVE LONDON,1,2011-10-03 13:46:00,1.95,12637,France,1.95
569332,23308,SET OF 60 VINTAGE LEAF CAKE CASES ,1,2011-10-03 13:46:00,0.55,12637,France,0.55
569332,20727,LUNCH BAG  BLACK SKULL.,3,2011-10-03 13:46:00,1.65,12637,France,4.949999999999999
569332,23241,TREASURE TIN GYMKHANA DESIGN,1,2011-10-03 13:46:00,2.08,12637,France,2.08
569332,23202,JUMBO BAG VINTAGE LEAF,1,2011-10-03 13:46:00,2.08,12637,France,2.08
569332,85099B,JUMBO BAG RED RETROSPOT,2,2011-10-03 13:46:00,2.08,12637,France,4.16
569336,21506,"FANCY FONT BIRTHDAY CARD, ",12,2011-10-03 14:05:00,0.42,15088,United Kingdom,5.04
569357,23202,JUMBO BAG VINTAGE LEAF,10,2011-10-03 14:52:00,2.08,15930,United Kingdom,20.8
569358,23515,EMBROIDERED RIBBON REEL DAISY ,6,2011-10-03 14:53:00,2.08,18257,United Kingdom,12.48
569358,23247,BISCUIT TIN 50'S CHRISTMAS,6,2011-10-03 14:53:00,2.89,18257,United Kingdom,17.34
569360,23339,EGG FRYING PAN BLUE ,2,2011-10-03 14:59:00,2.08,14653,United Kingdom,4.16
569364,21326,AGED GLASS SILVER T-LIGHT HOLDER,12,2011-10-03 15:10:00,0.65,13167,United Kingdom,7.800000000000001
569367,23089,GLASS BON BON JAR,1,2011-10-03 15:28:00,1.95,13994,United Kingdom,1.95
569369,23089,GLASS BON BON JAR,12,2011-10-03 15:32:00,1.95,15105,United Kingdom,23.4
569371,22147,FELTCRAFT BUTTERFLY HEARTS,2,2011-10-03 15:52:00,1.45,14651,United Kingdom,2.9
569396,23393,HOME SWEET HOME CUSHION COVER ,2,2011-10-03 17:48:00,3.75,16441,United Kingdom,7.5
569403,23514,EMBROIDERED RIBBON REEL SALLY ,6,2011-10-04 09:02:00,2.08,13319,United Kingdom,12.48
569405,23207,LUNCH BAG ALPHABET DESIGN,10,2011-10-04 09:05:00,1.65,15241,United Kingdom,16.5
569406,23506,MINI PLAYING CARDS SPACEBOY ,20,2011-10-04 09:09:00,0.42,16253,United Kingdom,8.4
569406,21698,MOCK LOBSTER FRIDGE MAGNET,36,2011-10-04 09:09:00,0.39,16253,United Kingdom,14.04
569412,23312,VINTAGE CHRISTMAS GIFT SACK,4,2011-10-04 09:51:00,4.15,13650,United Kingdom,16.6
569423,22737,RIBBON REEL CHRISTMAS PRESENT ,10,2011-10-04 10:42:00,1.65,16882,United Kingdom,16.5
569423,22791,T-LIGHT GLASS FLUTED ANTIQUE,12,2011-10-04 10:42:00,1.25,16882,United Kingdom,15.0
569424,23197,SKETCHBOOK MAGNETIC SHOPPING LIST,2,2011-10-04 10:49:00,1.45,15529,United Kingdom,2.9
569424,20712,JUMBO BAG WOODLAND ANIMALS,2,2011-10-04 10:49:00,2.08,15529,United Kingdom,4.16
569457,21035,SET/2 RED RETROSPOT TEA TOWELS ,1,2011-10-04 11:29:00,3.25,14606,United Kingdom,3.25
569461,22759,SET OF 3 NOTEBOOKS IN PARCEL,12,2011-10-04 11:36:00,1.65,16556,United Kingdom,19.8
569467,23345, DOLLY GIRL BEAKER,12,2011-10-04 11:44:00,1.25,14291,United Kingdom,15.0
569467,22662,LUNCH BAG DOLLY GIRL DESIGN,10,2011-10-04 11:44:00,1.65,14291,United Kingdom,16.5
569467,22561,WOODEN SCHOOL COLOURING SET,12,2011-10-04 11:44:00,1.65,14291,United Kingdom,19.8
569469,85049A,TRADITIONAL CHRISTMAS RIBBONS,6,2011-10-04 12:22:00,1.25,16360,United Kingdom,7.5
569469,22690,DOORMAT HOME SWEET HOME BLUE ,1,2011-10-04 12:22:00,8.25,16360,United Kingdom,8.25
569469,21899,GARAGE KEY FOB,10,2011-10-04 12:22:00,0.65,16360,United Kingdom,6.5
569469,20725,LUNCH BAG RED RETROSPOT,2,2011-10-04 12:22:00,1.65,16360,United Kingdom,3.3
569472,23264,SET OF 3 WOODEN SLEIGH DECORATIONS,16,2011-10-04 12:38:00,1.25,14515,United Kingdom,20.0
569472,21136,PAINTED METAL PEARS ASSORTED,11,2011-10-04 12:38:00,1.69,14515,United Kingdom,18.59
569482,21877,HOME SWEET HOME MUG,12,2011-10-04 12:43:00,1.65,14184,United Kingdom,19.8
569481,23502,PLAYING CARDS VINTAGE DOILY ,12,2011-10-04 12:43:00,1.25,15255,United Kingdom,15.0
569481,23352,ROLL WRAP 50'S RED CHRISTMAS ,12,2011-10-04 12:43:00,1.25,15255,United Kingdom,15.0
569484,23529,DOLLY GIRL WALL ART,6,2011-10-04 12:46:00,3.75,14057,United Kingdom,22.5
569486,22470,HEART OF WICKER LARGE,2,2011-10-04 12:51:00,2.95,15339,United Kingdom,5.9
569488,22470,HEART OF WICKER LARGE,3,2011-10-04 13:10:00,2.95,16440,United Kingdom,8.850000000000001
569491,23236,STORAGE TIN VINTAGE DOILY ,3,2011-10-04 13:25:00,2.89,14056,United Kingdom,8.67
569491,23366,SET 12 COLOURING PENCILS DOILY,1,2011-10-04 13:25:00,0.65,14056,United Kingdom,0.65
569494,23535,BICYCLE SAFTEY WALL ART,4,2011-10-04 13:42:00,5.95,15739,United Kingdom,23.8
569520,22144,CHRISTMAS CRAFT LITTLE FRIENDS,6,2011-10-04 14:32:00,2.1,17667,United Kingdom,12.6
569521,23188,VINTAGE  2 METER FOLDING RULER,1,2011-10-04 14:33:00,1.65,16474,United Kingdom,1.65
569523,23517,EMBROIDERED RIBBON REEL REBECCA ,1,2011-10-04 14:41:00,2.89,16033,United Kingdom,2.89
569523,21683,MEDIUM MEDINA STAMPED METAL BOWL ,2,2011-10-04 14:41:00,2.95,16033,United Kingdom,5.9
569523,23533,WALL ART GARDEN HAVEN ,1,2011-10-04 14:41:00,5.95,16033,United Kingdom,5.95
569523,22835,HOT WATER BOTTLE I AM SO POORLY,1,2011-10-04 14:41:00,4.95,16033,United Kingdom,4.95
569523,22361,GLASS JAR DAISY FRESH COTTON WOOL,2,2011-10-04 14:41:00,2.95,16033,United Kingdom,5.9
569524,23172,REGENCY TEA PLATE PINK,2,2011-10-04 14:42:00,1.65,14506,United Kingdom,3.3
569530,21167,WHITE SAGE INCENSE,25,2011-10-04 14:58:00,0.21,17957,United Kingdom,5.25
569530,23356,LOVE HOT WATER BOTTLE,1,2011-10-04 14:58:00,5.95,17957,United Kingdom,5.95
569530,23232,WRAP VINTAGE LEAF DESIGN,25,2011-10-04 14:58:00,0.42,17957,United Kingdom,10.5
569530,22301,COFFEE MUG CAT + BIRD DESIGN,1,2011-10-04 14:58:00,2.55,17957,United Kingdom,2.55
569535,23118,PARISIENNE JEWELLERY DRAWER ,2,2011-10-04 15:41:00,7.5,15044,United Kingdom,15.0
569536,23202,JUMBO BAG VINTAGE LEAF,10,2011-10-04 15:44:00,2.08,13269,United Kingdom,20.8
569546,23146,TRIPLE HOOK ANTIQUE IVORY ROSE,1,2011-10-04 16:39:00,3.29,15276,United Kingdom,3.29
569546,23293,SET OF 12 FAIRY CAKE BAKING CASES,3,2011-10-04 16:39:00,0.83,15276,United Kingdom,2.49
569546,22286,DECORATION WOBBLY RABBIT METAL ,1,2011-10-04 16:39:00,0.39,15276,United Kingdom,0.39
569555,23504,PLAYING CARDS JUBILEE UNION JACK,12,2011-10-05 08:17:00,1.25,17728,United Kingdom,15.0
569555,22367,CHILDRENS APRON SPACEBOY DESIGN,8,2011-10-05 08:17:00,1.95,17728,United Kingdom,15.6
569555,84029E,RED WOOLLY HOTTIE WHITE HEART.,4,2011-10-05 08:17:00,4.25,17728,United Kingdom,17.0
569556,23335,EGG FRYING PAN IVORY ,6,2011-10-05 08:50:00,2.08,14936,Channel Islands,12.48
569556,23230,WRAP ALPHABET DESIGN,25,2011-10-05 08:50:00,0.42,14936,Channel Islands,10.5
569560,23029,DRAWER KNOB CRACKLE GLAZE GREEN,12,2011-10-05 09:42:00,1.65,14511,United Kingdom,19.8
569560,35970,ZINC FOLKART SLEIGH BELLS,12,2011-10-05 09:42:00,1.69,14511,United Kingdom,20.28
569560,22457,NATURAL SLATE HEART CHALKBOARD ,12,2011-10-05 09:42:00,2.95,14511,United Kingdom,35.400000000000006
569562,16169E,WRAP 50'S  CHRISTMAS,25,2011-10-05 09:43:00,0.42,12720,Germany,10.5
569563,21916,SET 12 RETRO WHITE CHALK STICKS,48,2011-10-05 09:46:00,0.42,12481,Germany,20.16
569564,21498,RED RETROSPOT WRAP ,25,2011-10-05 09:47:00,0.42,13989,United Kingdom,10.5
569567,20972,PINK CREAM FELT CRAFT TRINKET BOX ,12,2011-10-05 09:56:00,1.25,16059,United Kingdom,15.0
569568,23066,SMALL DECO JEWELLERY STAND,2,2011-10-05 09:57:00,8.25,12700,France,16.5
569570,22652,TRAVEL SEWING KIT,400,2011-10-05 10:06:00,1.45,16684,United Kingdom,580.0
569570,21844,RED RETROSPOT MUG,252,2011-10-05 10:06:00,2.55,16684,United Kingdom,642.5999999999999
569575,85049G,CHOCOLATE BOX RIBBONS ,12,2011-10-05 10:37:00,1.25,16106,United Kingdom,15.0
569579,21166,COOK WITH WINE METAL SIGN ,12,2011-10-05 11:06:00,2.08,17666,United Kingdom,24.96
569629,85048,15CM CHRISTMAS GLASS BALL 20 LIGHTS,4,2011-10-05 11:37:00,7.95,15249,United Kingdom,31.8
569629,23350,ROLL WRAP VINTAGE SPOT ,12,2011-10-05 11:37:00,1.25,15249,United Kingdom,15.0
569630,23236,STORAGE TIN VINTAGE DOILY ,6,2011-10-05 11:44:00,2.89,13458,United Kingdom,17.34
569632,84616,SILVER ROCCOCO CHANDELIER,2,2011-10-05 11:57:00,29.95,13808,United Kingdom,59.9
569633,22531,MAGIC DRAWING SLATE CIRCUS PARADE  ,24,2011-10-05 12:02:00,0.42,16478,United Kingdom,10.08
569633,21803,CHRISTMAS TREE STAR DECORATION,36,2011-10-05 12:02:00,0.42,16478,United Kingdom,15.12
569638,21891,TRADITIONAL WOODEN SKIPPING ROPE,12,2011-10-05 12:15:00,1.45,16140,United Kingdom,17.4
569653,23229,VINTAGE DONKEY TAIL GAME ,6,2011-10-05 12:52:00,3.75,12451,Switzerland,22.5
569659,22413,METAL SIGN TAKE IT OR LEAVE IT ,6,2011-10-05 13:04:00,2.95,14099,United Kingdom,17.700000000000003
569665,22803,IVORY EMBROIDERED QUILT ,1,2011-10-05 13:34:00,39.95,12789,Netherlands,39.95
569669,84536A,ENGLISH ROSE NOTEBOOK A7 SIZE,2,2011-10-05 13:47:00,0.42,14730,United Kingdom,0.84
569670,21990,MODERN FLORAL STATIONERY SET,1,2011-10-05 13:47:00,1.25,14730,United Kingdom,1.25
569669,21989,PACK OF 20 SKULL PAPER NAPKINS,2,2011-10-05 13:47:00,0.85,14730,United Kingdom,1.7
569668,22154,ANGEL DECORATION 3 BUTTONS ,48,2011-10-05 13:47:00,0.42,16040,United Kingdom,20.16
569669,79160,HEART SHAPE WIRELESS DOORBELL,1,2011-10-05 13:47:00,2.1,14730,United Kingdom,2.1
569672,22499,WOODEN UNION JACK BUNTING,1,2011-10-05 13:58:00,5.95,17841,United Kingdom,5.95
569672,22180,RETROSPOT LAMP,1,2011-10-05 13:58:00,9.95,17841,United Kingdom,9.95
569683,84820,DANISH ROSE TRINKET TRAYS,2,2011-10-05 14:39:00,5.95,15953,United Kingdom,11.9
569683,22579,WOODEN TREE CHRISTMAS SCANDINAVIAN,12,2011-10-05 14:39:00,0.29,15953,United Kingdom,3.4799999999999995
569683,22189,CREAM HEART CARD HOLDER,2,2011-10-05 14:39:00,3.95,15953,United Kingdom,7.9
569684,23321,SMALL WHITE HEART OF WICKER,12,2011-10-05 14:42:00,1.65,13947,United Kingdom,19.8
569685,22487,WHITE WOOD GARDEN PLANT LADDER,2,2011-10-05 14:47:00,9.95,16758,United Kingdom,19.9
569687,23206,LUNCH BAG APPLE DESIGN,10,2011-10-05 14:53:00,1.65,13709,United Kingdom,16.5
569687,23472, NINE DRAWER OFFICE TIDY,2,2011-10-05 14:53:00,14.95,13709,United Kingdom,29.9
569687,23543,KEEP CALM WALL ART ,2,2011-10-05 14:53:00,8.25,13709,United Kingdom,16.5
569688,20771,CHRYSANTHEMUM  JOURNAL,1,2011-10-05 14:55:00,2.55,15048,United Kingdom,2.55
569690,21429,RED GINGHAM ROSE JEWELLERY BOX,4,2011-10-05 15:04:00,1.95,15351,United Kingdom,7.8
569691,23371,SET 36 COLOUR PENCILS SPACEBOY ,16,2011-10-05 15:09:00,1.25,18223,United Kingdom,20.0
569692,23200,JUMBO BAG PEARS,20,2011-10-05 15:17:00,2.08,14389,United Kingdom,41.6
569693,22405,MONEY BOX POCKET MONEY DESIGN,3,2011-10-05 15:18:00,1.25,17837,United Kingdom,3.75
569693,21175,GIN + TONIC DIET METAL SIGN,4,2011-10-05 15:18:00,2.55,17837,United Kingdom,10.2
569695,21530,DAIRY MAID TOASTRACK,18,2011-10-05 15:35:00,0.79,16843,United Kingdom,14.22
569695,22029,SPACEBOY BIRTHDAY CARD,12,2011-10-05 15:35:00,0.42,16843,United Kingdom,5.04
569697,23422,PANTRY HOOK BALLOON WHISK ,12,2011-10-05 15:38:00,2.08,17647,United Kingdom,24.96
569698,23209,LUNCH BAG VINTAGE DOILY ,10,2011-10-05 15:49:00,1.65,14054,United Kingdom,16.5
569705,23423,PANTRY 3 HOOK ROLLING PIN HANGER,6,2011-10-05 16:15:00,3.75,15762,United Kingdom,22.5
569714,21932,SCANDINAVIAN PAISLEY PICNIC BAG,1,2011-10-05 17:28:00,1.65,18033,United Kingdom,1.65
569714,23207,LUNCH BAG ALPHABET DESIGN,1,2011-10-05 17:28:00,1.65,18033,United Kingdom,1.65
569715,22900,SET 2 TEA TOWELS I LOVE LONDON ,6,2011-10-05 17:29:00,3.25,15856,United Kingdom,19.5
569718,23427,STOOL HOME SWEET HOME ,1,2011-10-06 09:01:00,12.5,15837,United Kingdom,12.5
569719,22467,GUMBALL COAT RACK,36,2011-10-06 09:10:00,2.1,14646,Netherlands,75.60000000000001
569722,23298,SPOTTY BUNTING,3,2011-10-06 09:31:00,4.95,12431,Australia,14.85
569722,22385,JUMBO BAG SPACEBOY DESIGN,20,2011-10-06 09:31:00,2.08,12431,Australia,41.6
569722,23559,WOODLAND BUNNIES LOLLY MAKERS,6,2011-10-06 09:31:00,2.08,12431,Australia,12.48
569723,22411,JUMBO SHOPPER VINTAGE RED PAISLEY,10,2011-10-06 09:32:00,2.08,12431,Australia,20.8
569728,22149,FELTCRAFT 6 FLOWER FRIENDS,6,2011-10-06 09:38:00,2.1,15416,United Kingdom,12.6
569731,23202,JUMBO BAG VINTAGE LEAF,10,2011-10-06 09:48:00,2.08,13999,United Kingdom,20.8
569737,23427,STOOL HOME SWEET HOME ,1,2011-10-06 10:45:00,12.5,16295,United Kingdom,12.5
569737,22549,PICTURE DOMINOES,12,2011-10-06 10:45:00,1.45,16295,United Kingdom,17.4
569737,21754,HOME BUILDING BLOCK WORD,3,2011-10-06 10:45:00,6.25,16295,United Kingdom,18.75
569738,23395,BELLE JARDINIERE CUSHION COVER,4,2011-10-06 10:48:00,3.75,13013,United Kingdom,15.0
569741,23201,JUMBO BAG ALPHABET,20,2011-10-06 10:52:00,2.08,14626,United Kingdom,41.6
569767,22090,PAPER BUNTING RETROSPOT,6,2011-10-06 11:24:00,2.95,14849,United Kingdom,17.700000000000003
569767,22489,PACK OF 12 TRADITIONAL CRAYONS,24,2011-10-06 11:24:00,0.42,14849,United Kingdom,10.08
569766,23236,STORAGE TIN VINTAGE DOILY ,6,2011-10-06 11:24:00,2.89,14849,United Kingdom,17.34
569769,23503,PLAYING CARDS KEEP CALM & CARRY ON,12,2011-10-06 11:28:00,1.25,13078,United Kingdom,15.0
569780,22943,CHRISTMAS LIGHTS 10 VINTAGE BAUBLES,24,2011-10-06 11:38:00,4.25,13199,United Kingdom,102.0
569789,22131,FOOD CONTAINER SET 3 LOVE HEART ,2,2011-10-06 11:41:00,1.95,16924,United Kingdom,3.9
569803,84949,SILVER HANGING T-LIGHT HOLDER,6,2011-10-06 11:48:00,1.65,13090,United Kingdom,9.9
569803,22622,BOX OF VINTAGE ALPHABET BLOCKS,48,2011-10-06 11:48:00,9.95,13090,United Kingdom,477.6
569823,84596B,SMALL DOLLY MIX DESIGN ORANGE BOWL,1,2011-10-06 12:15:00,0.42,16895,United Kingdom,0.42
569823,22720,SET OF 3 CAKE TINS PANTRY DESIGN ,1,2011-10-06 12:15:00,4.95,16895,United Kingdom,4.95
569825,23374,RED SPOT PAPER GIFT BAG,10,2011-10-06 12:23:00,0.82,15805,United Kingdom,8.2
569825,22896,PEG BAG APPLES DESIGN,6,2011-10-06 12:23:00,2.55,15805,United Kingdom,15.3
569827,22572,ROCKING HORSE GREEN CHRISTMAS ,12,2011-10-06 12:26:00,0.85,13591,United Kingdom,10.2
569827,23343,JUMBO BAG VINTAGE CHRISTMAS ,10,2011-10-06 12:26:00,2.08,13591,United Kingdom,20.8
569832,22944,CHRISTMAS METAL POSTCARD WITH BELLS,72,2011-10-06 12:51:00,0.39,15315,United Kingdom,28.08
569833,22120,WELCOME  WOODEN BLOCK LETTERS,3,2011-10-06 12:56:00,9.95,15306,United Kingdom,29.85
569835,20914,SET/5 RED RETROSPOT LID GLASS BOWLS,10,2011-10-06 13:05:00,2.95,15518,United Kingdom,29.5
569835,22114,HOT WATER BOTTLE TEA AND SYMPATHY,3,2011-10-06 13:05:00,4.25,15518,United Kingdom,12.75
569838,22398,MAGNETS PACK OF 4 SWALLOWS,12,2011-10-06 13:20:00,0.39,13504,United Kingdom,4.68
569840,22556,PLASTERS IN TIN CIRCUS PARADE ,12,2011-10-06 13:26:00,1.65,17428,United Kingdom,19.8
569843,20982,12 PENCILS TALL TUBE SKULLS,3,2011-10-06 13:29:00,0.85,14449,United Kingdom,2.55
569846,23201,JUMBO BAG ALPHABET,10,2011-10-06 13:42:00,2.08,13422,United Kingdom,20.8
569846,23100,SILVER BELLS TABLE DECORATION,24,2011-10-06 13:42:00,1.25,13422,United Kingdom,30.0
569846,23503,PLAYING CARDS KEEP CALM & CARRY ON,24,2011-10-06 13:42:00,1.25,13422,United Kingdom,30.0
569852,23157,SET OF 6 NATIVITY MAGNETS ,24,2011-10-06 14:17:00,2.08,13771,United Kingdom,49.92
569859,22722,SET OF 6 SPICE TINS PANTRY DESIGN,4,2011-10-06 14:36:00,3.95,16814,United Kingdom,15.8
569861,84078A,SET/4 WHITE RETRO STORAGE CUBES ,1,2011-10-06 14:37:00,39.95,13816,Germany,39.95
569862,22578,WOODEN STAR CHRISTMAS SCANDINAVIAN,10,2011-10-06 14:43:00,0.29,14518,United Kingdom,2.9
569866,20777,CHRYSANTHEMUM NOTEBOOK,2,2011-10-06 14:50:00,1.65,12757,Portugal,3.3
569866,22579,WOODEN TREE CHRISTMAS SCANDINAVIAN,6,2011-10-06 14:50:00,0.29,12757,Portugal,1.7399999999999998
569866,20761,BLUE PAISLEY SKETCHBOOK,2,2011-10-06 14:50:00,3.75,12757,Portugal,7.5
569866,22601,CHRISTMAS RETROSPOT ANGEL WOOD,6,2011-10-06 14:50:00,0.85,12757,Portugal,5.1
569866,22411,JUMBO SHOPPER VINTAGE RED PAISLEY,20,2011-10-06 14:50:00,2.08,12757,Portugal,41.6
569866,23208,LUNCH BAG VINTAGE LEAF DESIGN,20,2011-10-06 14:50:00,1.65,12757,Portugal,33.0
569866,21484,CHICK GREY HOT WATER BOTTLE,4,2011-10-06 14:50:00,4.25,12757,Portugal,17.0
569870,22998,TRAVEL CARD WALLET KEEP CALM,2,2011-10-06 14:59:00,0.42,12757,Portugal,0.84
569868,23545,WRAP RED VINTAGE DOILY,25,2011-10-06 14:59:00,0.42,13018,United Kingdom,10.5
569870,23237,SET OF 4 KNICK KNACK TINS LEAF,1,2011-10-06 14:59:00,4.15,12757,Portugal,4.15
569870,23505,PLAYING CARDS I LOVE LONDON ,2,2011-10-06 14:59:00,1.25,12757,Portugal,2.5
569870,20760,GARDEN PATH POCKET BOOK,3,2011-10-06 14:59:00,0.85,12757,Portugal,2.55
569870,84536A,ENGLISH ROSE NOTEBOOK A7 SIZE,2,2011-10-06 14:59:00,0.42,12757,Portugal,0.84
569890,21175,GIN + TONIC DIET METAL SIGN,24,2011-10-06 15:46:00,2.55,14738,United Kingdom,61.2
569893,23256,CHILDRENS CUTLERY SPACEBOY ,4,2011-10-06 15:51:00,4.15,12627,Germany,16.6
569894,23436,VINTAGE CHRISTMAS GIFT BAG LARGE ,3,2011-10-06 15:53:00,1.25,15707,United Kingdom,3.75
569894,22630,DOLLY GIRL LUNCH BOX,2,2011-10-06 15:53:00,1.95,15707,United Kingdom,3.9
569897,22216,T-LIGHT HOLDER WHITE LACE,3,2011-10-06 16:01:00,0.85,17813,United Kingdom,2.55
569897,85152,HAND OVER THE CHOCOLATE   SIGN ,1,2011-10-06 16:01:00,2.1,17813,United Kingdom,2.1
569897,22535,MAGIC DRAWING SLATE BUNNIES ,4,2011-10-06 16:01:00,0.42,17813,United Kingdom,1.68
569897,21786,POLKADOT RAIN HAT ,5,2011-10-06 16:01:00,0.42,17813,United Kingdom,2.1
569897,22079,RIBBON REEL HEARTS DESIGN ,5,2011-10-06 16:01:00,1.65,17813,United Kingdom,8.25
569897,22070,SMALL RED RETROSPOT MUG IN BOX ,1,2011-10-06 16:01:00,3.75,17813,United Kingdom,3.75
569910,21930,JUMBO STORAGE BAG SKULLS,10,2011-10-06 16:47:00,2.08,17139,United Kingdom,20.8
569910,22384,LUNCH BAG PINK POLKADOT,30,2011-10-06 16:47:00,1.65,17139,United Kingdom,49.5
569910,23207,LUNCH BAG ALPHABET DESIGN,10,2011-10-06 16:47:00,1.65,17139,United Kingdom,16.5
569910,48138,DOORMAT UNION FLAG,10,2011-10-06 16:47:00,7.08,17139,United Kingdom,70.8
569943,47504K,ENGLISH ROSE GARDEN SECATEURS,1,2011-10-06 18:08:00,0.79,14592,United Kingdom,0.79
569943,23013,GLASS APOTHECARY BOTTLE TONIC,2,2011-10-06 18:08:00,3.95,14592,United Kingdom,7.9
569943,22816,CARD MOTORBIKE SANTA,12,2011-10-06 18:08:00,0.42,14592,United Kingdom,5.04
569962,21181,PLEASE ONE PERSON METAL SIGN,12,2011-10-06 18:45:00,2.1,13993,United Kingdom,25.200000000000003
569962,84879,ASSORTED COLOUR BIRD ORNAMENT,8,2011-10-06 18:45:00,1.69,13993,United Kingdom,13.52
569968,23322,LARGE WHITE HEART OF WICKER,2,2011-10-06 18:56:00,2.95,17921,United Kingdom,5.9
569968,22578,WOODEN STAR CHRISTMAS SCANDINAVIAN,6,2011-10-06 18:56:00,0.29,17921,United Kingdom,1.7399999999999998
569977,23294,SET OF 6 SNACK LOAF BAKING CASES,4,2011-10-06 19:27:00,0.83,14702,United Kingdom,3.32
569983,85049G,CHOCOLATE BOX RIBBONS ,3,2011-10-06 19:49:00,1.25,17231,United Kingdom,3.75
570007,84674,FLYING PIG WATERING CAN,6,2011-10-07 09:26:00,2.95,12519,Germany,17.700000000000003
570009,22111,SCOTTIE DOG HOT WATER BOTTLE,3,2011-10-07 09:38:00,4.95,14138,United Kingdom,14.85
570019,22666,RECIPE BOX PANTRY YELLOW DESIGN,5,2011-10-07 10:13:00,2.95,17841,United Kingdom,14.75
570020,22553,PLASTERS IN TIN SKULLS,24,2011-10-07 10:18:00,1.65,12684,France,39.6
570022,22440,BALLOON WATER BOMB PACK OF 35,2,2011-10-07 10:21:00,0.42,14067,United Kingdom,0.84
570030,23254,CHILDRENS CUTLERY DOLLY GIRL ,4,2011-10-07 10:44:00,4.15,12740,France,16.6
570036,22549,PICTURE DOMINOES,24,2011-10-07 10:50:00,1.45,16358,United Kingdom,34.8
570049,23292,SPACEBOY CHILDRENS CUP,6,2011-10-07 10:55:00,1.25,17228,United Kingdom,7.5
570049,22941,CHRISTMAS LIGHTS 10 REINDEER,2,2011-10-07 10:55:00,8.5,17228,United Kingdom,17.0
570049,23289,DOLLY GIRL CHILDRENS BOWL,5,2011-10-07 10:55:00,1.25,17228,United Kingdom,6.25
570082,23389,SPACEBOY MINI BACKPACK,4,2011-10-07 11:19:00,4.15,12524,Germany,16.6
570086,23203,JUMBO BAG VINTAGE DOILY ,10,2011-10-07 11:22:00,2.08,17086,United Kingdom,20.8
570088,20728,LUNCH BAG CARS BLUE,1,2011-10-07 11:32:00,1.65,16764,United Kingdom,1.65
570088,22508,DOORSTOP RETROSPOT HEART,1,2011-10-07 11:32:00,3.75,16764,United Kingdom,3.75
570091,23029,DRAWER KNOB CRACKLE GLAZE GREEN,6,2011-10-07 11:47:00,1.65,15632,United Kingdom,9.9
570093,47566,PARTY BUNTING,3,2011-10-07 11:55:00,4.95,18096,United Kingdom,14.85
570095,47585A,PINK FAIRY CAKE CUSHION COVER,4,2011-10-07 11:57:00,3.75,12528,Germany,15.0
570096,22227,HANGING HEART MIRROR DECORATION ,3,2011-10-07 11:58:00,0.65,15311,United Kingdom,1.95
570096,22685,FRENCH BLUE METAL DOOR SIGN 0,1,2011-10-07 11:58:00,1.25,15311,United Kingdom,1.25
570096,35924,HANGING FAIRY CAKE DECORATION,1,2011-10-07 11:58:00,2.1,15311,United Kingdom,2.1
570097,22570,FELTCRAFT CUSHION RABBIT,240,2011-10-07 12:05:00,3.39,16029,United Kingdom,813.6
570098,23130,MISTLETOE HEART WREATH GREEN,8,2011-10-07 12:11:00,4.15,13169,United Kingdom,33.2
570103,21931,JUMBO STORAGE BAG SUKI,6,2011-10-07 12:18:00,2.08,15719,United Kingdom,12.48
570103,20727,LUNCH BAG  BLACK SKULL.,3,2011-10-07 12:18:00,1.65,15719,United Kingdom,4.949999999999999
570108,84380,SET OF 3 BUTTERFLY COOKIE CUTTERS,12,2011-10-07 12:25:00,1.45,13004,United Kingdom,17.4
570113,22721,SET OF 3 CAKE TINS SKETCHBOOK,8,2011-10-07 12:31:00,4.95,15874,United Kingdom,39.6
570113,16161P,WRAP ENGLISH ROSE ,125,2011-10-07 12:31:00,0.42,15874,United Kingdom,52.5
570121,22985,WRAP BILLBOARD FONTS DESIGN,25,2011-10-07 12:49:00,0.42,13419,United Kingdom,10.5
570121,22866,HAND WARMER SCOTTY DOG DESIGN,12,2011-10-07 12:49:00,2.1,13419,United Kingdom,25.200000000000003
570123,22720,SET OF 3 CAKE TINS PANTRY DESIGN ,2,2011-10-07 13:09:00,4.95,13314,United Kingdom,9.9
570126,82580,BATHROOM METAL SIGN,1,2011-10-07 13:16:00,0.55,16910,United Kingdom,0.55
570129,22303,COFFEE MUG APPLES DESIGN,6,2011-10-07 13:34:00,2.55,12885,United Kingdom,15.3
570167,21917,SET 12 KIDS  WHITE CHALK STICKS,48,2011-10-07 14:04:00,0.42,15615,United Kingdom,20.16
570167,22187,GREEN CHRISTMAS TREE CARD HOLDER,12,2011-10-07 14:04:00,1.95,15615,United Kingdom,23.4
570168,20974,12 PENCILS SMALL TUBE SKULL,11,2011-10-07 14:05:00,0.65,17596,United Kingdom,7.15
570177,21790,VINTAGE SNAP CARDS,12,2011-10-07 14:17:00,0.85,17509,United Kingdom,10.2
570179,22750,FELTCRAFT PRINCESS LOLA DOLL,4,2011-10-07 14:27:00,3.75,17509,United Kingdom,15.0
570180,22077,6 RIBBONS RUSTIC CHARM,12,2011-10-07 14:28:00,1.95,17509,United Kingdom,23.4
570180,22550,HOLIDAY FUN LUDO,4,2011-10-07 14:28:00,3.75,17509,United Kingdom,15.0
570180,23502,PLAYING CARDS VINTAGE DOILY ,12,2011-10-07 14:28:00,1.25,17509,United Kingdom,15.0
570186,22147,FELTCRAFT BUTTERFLY HEARTS,12,2011-10-07 15:01:00,1.45,17509,United Kingdom,17.4
570186,22141,CHRISTMAS CRAFT TREE TOP ANGEL,6,2011-10-07 15:01:00,2.1,17509,United Kingdom,12.6
570186,22568,FELTCRAFT CUSHION OWL,4,2011-10-07 15:01:00,3.75,17509,United Kingdom,15.0
570190,21791,VINTAGE HEADS AND TAILS CARD GAME ,12,2011-10-07 15:18:00,1.25,13456,United Kingdom,15.0
570192,22147,FELTCRAFT BUTTERFLY HEARTS,12,2011-10-07 15:26:00,1.45,17509,United Kingdom,17.4
570192,22560,TRADITIONAL MODELLING CLAY,24,2011-10-07 15:26:00,1.25,17509,United Kingdom,30.0
570196,22621,TRADITIONAL KNITTING NANCY,12,2011-10-07 15:40:00,1.65,18136,United Kingdom,19.8
570197,22662,LUNCH BAG DOLLY GIRL DESIGN,4,2011-10-07 15:45:00,1.65,13755,United Kingdom,6.6
570197,47341B,BLUE TABLE RUN FLOWER,2,2011-10-07 15:45:00,1.25,13755,United Kingdom,2.5
570197,21031,SPACE CADET BLACK,1,2011-10-07 15:45:00,1.25,13755,United Kingdom,1.25
570200,20726,LUNCH BAG WOODLAND,3,2011-10-07 16:03:00,1.65,16918,United Kingdom,4.949999999999999
570208,23266,SET OF 3 WOODEN STOCKING DECORATION,5,2011-10-09 10:23:00,1.25,16104,United Kingdom,6.25
570208,22900,SET 2 TEA TOWELS I LOVE LONDON ,4,2011-10-09 10:23:00,3.25,16104,United Kingdom,13.0
570208,23369,SET 36 COLOUR PENCILS LOVE LONDON,6,2011-10-09 10:23:00,1.25,16104,United Kingdom,7.5
570209,84029E,RED WOOLLY HOTTIE WHITE HEART.,2,2011-10-09 10:29:00,4.25,16326,United Kingdom,8.5
570209,22586,FELTCRAFT HAIRBAND PINK AND BLUE,2,2011-10-09 10:29:00,0.85,16326,United Kingdom,1.7
570209,23355,HOT WATER BOTTLE KEEP CALM,1,2011-10-09 10:29:00,4.95,16326,United Kingdom,4.95
570210,22209,WOOD STAMP SET HAPPY BIRTHDAY,2,2011-10-09 10:48:00,0.83,13259,United Kingdom,1.66
570210,23131,MISTLETOE HEART WREATH CREAM,2,2011-10-09 10:48:00,4.15,13259,United Kingdom,8.3
570210,82582,AREA PATROLLED METAL SIGN,1,2011-10-09 10:48:00,2.1,13259,United Kingdom,2.1
570211,21755,LOVE BUILDING BLOCK WORD,1,2011-10-09 11:15:00,6.25,13558,United Kingdom,6.25
570212,22771,CLEAR DRAWER KNOB ACRYLIC EDWARDIAN,1,2011-10-09 11:29:00,1.25,17811,United Kingdom,1.25
570214,22333,RETROSPOT PARTY BAG + STICKER SET,3,2011-10-09 11:50:00,1.65,12748,United Kingdom,4.949999999999999
570214,22082,RIBBON REEL STRIPES DESIGN ,5,2011-10-09 11:50:00,1.65,12748,United Kingdom,8.25
570218,23247,BISCUIT TIN 50'S CHRISTMAS,6,2011-10-09 12:20:00,2.89,16873,United Kingdom,17.34
570218,23535,BICYCLE SAFTEY WALL ART,4,2011-10-09 12:20:00,5.95,16873,United Kingdom,23.8
570219,23202,JUMBO BAG VINTAGE LEAF,6,2011-10-09 12:44:00,2.08,16809,United Kingdom,12.48
570220,84029E,RED WOOLLY HOTTIE WHITE HEART.,4,2011-10-09 12:49:00,4.25,15612,United Kingdom,17.0
570228,22151,PLACE SETTING WHITE HEART,5,2011-10-09 13:28:00,0.42,15821,United Kingdom,2.1
570229,22944,CHRISTMAS METAL POSTCARD WITH BELLS,6,2011-10-09 13:30:00,0.39,15756,United Kingdom,2.34
570229,23534,WALL ART STOP FOR TEA ,1,2011-10-09 13:30:00,5.95,15756,United Kingdom,5.95
570231,22835,HOT WATER BOTTLE I AM SO POORLY,1,2011-10-09 13:44:00,4.95,16685,United Kingdom,4.95
570231,22374,AIRLINE BAG VINTAGE JET SET RED,1,2011-10-09 13:44:00,4.25,16685,United Kingdom,4.25
570232,22663,JUMBO BAG DOLLY GIRL DESIGN,1,2011-10-09 13:58:00,2.08,14040,United Kingdom,2.08
570234,17003,BROCADE RING PURSE ,13,2011-10-09 14:22:00,0.39,17790,United Kingdom,5.07
570234,21814,HEART T-LIGHT HOLDER ,4,2011-10-09 14:22:00,1.45,17790,United Kingdom,5.8
570237,22835,HOT WATER BOTTLE I AM SO POORLY,2,2011-10-09 14:48:00,4.95,13212,United Kingdom,9.9
570239,51014L,"FEATHER PEN,LIGHT PINK",12,2011-10-09 15:04:00,0.39,16518,United Kingdom,4.68
570239,22083,PAPER CHAIN KIT RETROSPOT,3,2011-10-09 15:04:00,2.95,16518,United Kingdom,8.850000000000001
570240,21622,VINTAGE UNION JACK CUSHION COVER,2,2011-10-09 15:17:00,4.95,13212,United Kingdom,9.9
570241,21990,MODERN FLORAL STATIONERY SET,3,2011-10-09 15:24:00,1.25,14801,United Kingdom,3.75
570241,23000,TRAVEL CARD WALLET TRANSPORT,4,2011-10-09 15:24:00,0.42,14801,United Kingdom,1.68
570242,20979,36 PENCILS TUBE RED RETROSPOT,1,2011-10-09 15:40:00,1.25,16380,United Kingdom,1.25
570242,79190A,RETRO PLASTIC 70'S TRAY,5,2011-10-09 15:40:00,0.42,16380,United Kingdom,2.1
570242,21466,RED FLOWER CROCHET FOOD COVER,1,2011-10-09 15:40:00,3.75,16380,United Kingdom,3.75
570243,23108,SET OF 10 LED DOLLY LIGHTS,12,2011-10-09 15:47:00,5.39,15606,United Kingdom,64.67999999999999
570245,21181,PLEASE ONE PERSON METAL SIGN,12,2011-10-09 16:11:00,2.1,14415,United Kingdom,25.200000000000003
570246,20914,SET/5 RED RETROSPOT LID GLASS BOWLS,1,2011-10-09 16:22:00,2.95,16921,United Kingdom,2.95
570247,22193,RED DINER WALL CLOCK,2,2011-10-10 08:23:00,8.5,15193,United Kingdom,17.0
570249,23077,DOUGHNUT LIP GLOSS ,20,2011-10-10 08:58:00,1.25,17509,United Kingdom,25.0
570249,22750,FELTCRAFT PRINCESS LOLA DOLL,4,2011-10-10 08:58:00,3.75,17509,United Kingdom,15.0
570252,22865,HAND WARMER OWL DESIGN,12,2011-10-10 09:14:00,2.1,14665,United Kingdom,25.200000000000003
570252,22633,HAND WARMER UNION JACK,12,2011-10-10 09:14:00,2.1,14665,United Kingdom,25.200000000000003
570272,23333,IVORY WICKER HEART MEDIUM,12,2011-10-10 10:45:00,1.25,14297,United Kingdom,15.0
570272,23265,SET OF 3 WOODEN TREE DECORATIONS,12,2011-10-10 10:45:00,1.25,14297,United Kingdom,15.0
570273,21823,PAINTED METAL HEART WITH HOLLY BELL,24,2011-10-10 10:51:00,0.39,13373,United Kingdom,9.36
570273,23434,3 RAFFIA RIBBONS 50'S CHRISTMAS ,30,2011-10-10 10:51:00,0.79,13373,United Kingdom,23.700000000000003
570287,23234,BISCUIT TIN VINTAGE CHRISTMAS,6,2011-10-10 11:37:00,2.89,17425,United Kingdom,17.34
570288,22633,HAND WARMER UNION JACK,2,2011-10-10 11:47:00,2.1,16960,United Kingdom,4.2
570288,20725,LUNCH BAG RED RETROSPOT,2,2011-10-10 11:47:00,1.65,16960,United Kingdom,3.3
570293,84946,ANTIQUE SILVER T-LIGHT GLASS,12,2011-10-10 12:00:00,1.25,14128,United Kingdom,15.0
570333,M,Manual,6,2011-10-10 12:19:00,0.39,18126,United Kingdom,2.34
570337,23523,TREASURE AHOY WALL ART,6,2011-10-10 12:23:00,3.75,16688,United Kingdom,22.5
570342,22427,ENAMEL FLOWER JUG CREAM,6,2011-10-10 12:26:00,5.95,17706,United Kingdom,35.7
570342,22424,ENAMEL BREAD BIN CREAM,4,2011-10-10 12:26:00,12.75,17706,United Kingdom,51.0
570342,23426,METAL SIGN DROP YOUR PANTS,12,2011-10-10 12:26:00,2.89,17706,United Kingdom,34.68
570374,22582,PACK OF 6 SWEETIE GIFT BOXES,2,2011-10-10 12:34:00,2.55,14719,United Kingdom,5.1
570388,22774,RED DRAWER KNOB ACRYLIC EDWARDIAN,12,2011-10-10 12:37:00,1.25,14911,EIRE,15.0
570388,23245,SET OF 3 REGENCY CAKE TINS,4,2011-10-10 12:37:00,4.95,14911,EIRE,19.8
570404,21930,JUMBO STORAGE BAG SKULLS,1,2011-10-10 12:50:00,2.08,16395,United Kingdom,2.08
570405,22633,HAND WARMER UNION JACK,12,2011-10-10 12:51:00,2.1,13429,United Kingdom,25.200000000000003
570410,22746,POPPY'S PLAYHOUSE LIVINGROOM ,3,2011-10-10 13:04:00,2.1,16776,United Kingdom,6.300000000000001
570410,21327,SKULLS WRITING SET ,2,2011-10-10 13:04:00,1.65,16776,United Kingdom,3.3
570418,21340,CLASSIC METAL BIRDCAGE PLANT HOLDER,3,2011-10-10 13:31:00,12.75,15211,United Kingdom,38.25
570420,22981,PANTRY APPLE CORER,1,2011-10-10 13:33:00,1.45,17841,United Kingdom,1.45
570420,23029,DRAWER KNOB CRACKLE GLAZE GREEN,1,2011-10-10 13:33:00,1.65,17841,United Kingdom,1.65
570423,21328,BALLOONS  WRITING SET ,4,2011-10-10 13:38:00,1.65,14451,United Kingdom,6.6
570427,22627,MINT KITCHEN SCALES,2,2011-10-10 13:56:00,8.5,17462,United Kingdom,17.0
570442,47590B,PINK HAPPY BIRTHDAY BUNTING,1,2011-10-10 14:37:00,5.45,16549,United Kingdom,5.45
570444,23504,PLAYING CARDS JUBILEE UNION JACK,3,2011-10-10 14:38:00,1.25,17284,United Kingdom,3.75
570446,20719,WOODLAND CHARLOTTE BAG,10,2011-10-10 14:49:00,0.85,12431,Belgium,8.5
570446,21880,RED RETROSPOT TAPE,12,2011-10-10 14:49:00,0.65,12431,Belgium,7.800000000000001
570446,84378,SET OF 3 HEART COOKIE CUTTERS,12,2011-10-10 14:49:00,1.45,12431,Belgium,17.4
570448,22077,6 RIBBONS RUSTIC CHARM,6,2011-10-10 14:55:00,1.95,13224,United Kingdom,11.7
570448,22081,RIBBON REEL FLORA + FAUNA ,5,2011-10-10 14:55:00,1.65,13224,United Kingdom,8.25
570448,16225,RATTLE SNAKE EGGS,23,2011-10-10 14:55:00,1.25,13224,United Kingdom,28.75
570455,22209,WOOD STAMP SET HAPPY BIRTHDAY,2,2011-10-10 15:27:00,0.83,14529,United Kingdom,1.66
570458,22722,SET OF 6 SPICE TINS PANTRY DESIGN,2,2011-10-10 15:39:00,3.95,14535,United Kingdom,7.9
570458,47503H,ASS FLORAL PRINT SPIRIT LEVEL ,6,2011-10-10 15:39:00,0.79,14535,United Kingdom,4.74
570459,22720,SET OF 3 CAKE TINS PANTRY DESIGN ,3,2011-10-10 15:42:00,4.95,15801,United Kingdom,14.85
570459,21877,HOME SWEET HOME MUG,12,2011-10-10 15:42:00,1.65,15801,United Kingdom,19.8
570466,22445,PENCIL CASE LIFE IS BEAUTIFUL,2,2011-10-10 16:03:00,2.95,16791,United Kingdom,5.9
570466,23371,SET 36 COLOUR PENCILS SPACEBOY ,3,2011-10-10 16:03:00,1.25,16791,United Kingdom,3.75
570467,21231,SWEETHEART CERAMIC TRINKET BOX,12,2011-10-10 16:06:00,1.25,12607,USA,15.0
570467,22204,MILK PAN BLUE POLKADOT,4,2011-10-10 16:06:00,3.75,12607,USA,15.0
570479,22437,SET OF 9 BLACK SKULL BALLOONS,1,2011-10-10 16:58:00,0.85,17589,United Kingdom,0.85
570479,22733,3D TRADITIONAL CHRISTMAS STICKERS,4,2011-10-10 16:58:00,1.25,17589,United Kingdom,5.0
570482,22616,PACK OF 12 LONDON TISSUES ,1,2011-10-10 17:00:00,0.39,17459,United Kingdom,0.39
570482,22834,HAND WARMER BABUSHKA DESIGN,1,2011-10-10 17:00:00,2.1,17459,United Kingdom,2.1
570488,22378,WALL TIDY RETROSPOT ,1,2011-10-10 17:12:00,4.13,14096,United Kingdom,4.13
570488,20971,PINK BLUE FELT CRAFT TRINKET BOX,1,2011-10-10 17:12:00,2.46,14096,United Kingdom,2.46
570488,21485,RETROSPOT HEART HOT WATER BOTTLE,2,2011-10-10 17:12:00,10.79,14096,United Kingdom,21.58
570488,21908,CHOCOLATE THIS WAY METAL SIGN,1,2011-10-10 17:12:00,4.13,14096,United Kingdom,4.13
570488,22138,BAKING SET 9 PIECE RETROSPOT ,6,2011-10-10 17:12:00,10.79,14096,United Kingdom,64.74
570488,21675,BUTTERFLIES STICKERS,2,2011-10-10 17:12:00,1.63,14096,United Kingdom,3.26
570492,47566,PARTY BUNTING,4,2011-10-11 08:23:00,4.95,14194,United Kingdom,19.8
570494,22077,6 RIBBONS RUSTIC CHARM,24,2011-10-11 08:30:00,1.95,14051,United Kingdom,46.8
570495,47599A,PINK PARTY BAGS,10,2011-10-11 09:05:00,2.1,16861,United Kingdom,21.0
570499,21216,"SET 3 RETROSPOT TEA,COFFEE,SUGAR",4,2011-10-11 09:19:00,4.95,12772,Portugal,19.8
570502,22966,GINGERBREAD MAN COOKIE CUTTER,1,2011-10-11 09:24:00,1.25,14744,United Kingdom,1.25
570504,48111,DOORMAT 3 SMILEY CATS,4,2011-10-11 09:29:00,8.25,18241,United Kingdom,33.0
570505,22960,JAM MAKING SET WITH JARS,6,2011-10-11 09:41:00,4.25,14841,United Kingdom,25.5
570507,22110,BIRD HOUSE HOT WATER BOTTLE,6,2011-10-11 09:53:00,2.55,16561,United Kingdom,15.3
570507,23266,SET OF 3 WOODEN STOCKING DECORATION,12,2011-10-11 09:53:00,1.25,16561,United Kingdom,15.0
570509,51014C,"FEATHER PEN,COAL BLACK",24,2011-10-11 10:16:00,0.39,13109,United Kingdom,9.36
570512,48184,DOORMAT ENGLISH ROSE ,10,2011-10-11 10:31:00,7.08,14952,United Kingdom,70.8
570512,23283,DOORMAT VINTAGE LEAF,10,2011-10-11 10:31:00,7.08,14952,United Kingdom,70.8
570521,22834,HAND WARMER BABUSHKA DESIGN,12,2011-10-11 10:43:00,2.1,12371,Switzerland,25.200000000000003
570521,21485,RETROSPOT HEART HOT WATER BOTTLE,6,2011-10-11 10:43:00,4.95,12371,Switzerland,29.700000000000003
570590,22427,ENAMEL FLOWER JUG CREAM,3,2011-10-11 11:34:00,5.95,18075,United Kingdom,17.85
570594,22818,CARD CHRISTMAS VILLAGE,12,2011-10-11 11:43:00,0.42,13517,United Kingdom,5.04
570597,23403,LETTER HOLDER HOME SWEET HOME,4,2011-10-11 11:49:00,3.75,16837,United Kingdom,15.0
570597,21498,RED RETROSPOT WRAP ,25,2011-10-11 11:49:00,0.42,16837,United Kingdom,10.5
570598,23471,SIX DRAWER OFFICE TIDY,4,2011-10-11 11:55:00,9.95,14175,United Kingdom,39.8
570598,82583,HOT BATHS METAL SIGN,12,2011-10-11 11:55:00,2.1,14175,United Kingdom,25.200000000000003
570600,22867,HAND WARMER BIRD DESIGN,12,2011-10-11 12:05:00,2.1,16076,United Kingdom,25.200000000000003
570600,21922,UNION STRIPE WITH FRINGE  HAMMOCK,2,2011-10-11 12:05:00,7.95,16076,United Kingdom,15.9
570602,21169,YOU'RE CONFUSING ME METAL SIGN ,12,2011-10-11 12:17:00,1.69,14141,United Kingdom,20.28
570638,23318,BOX OF 6 MINI VINTAGE CRACKERS,4,2011-10-11 12:36:00,2.49,17888,United Kingdom,9.96
570640,20724,RED RETROSPOT CHARLOTTE BAG,10,2011-10-11 12:38:00,0.85,12474,Germany,8.5
570640,23108,SET OF 10 LED DOLLY LIGHTS,2,2011-10-11 12:38:00,6.25,12474,Germany,12.5
570646,21733,RED HANGING HEART T-LIGHT HOLDER,6,2011-10-11 12:49:00,2.95,12824,United Kingdom,17.700000000000003
570650,22766,PHOTO FRAME CORNICE,2,2011-10-11 13:13:00,2.95,13263,United Kingdom,5.9
570652,84970L,SINGLE HEART ZINC T-LIGHT HOLDER,24,2011-10-11 13:45:00,1.25,17863,United Kingdom,30.0
570652,22737,RIBBON REEL CHRISTMAS PRESENT ,10,2011-10-11 13:45:00,1.65,17863,United Kingdom,16.5
570653,16014,SMALL CHINESE STYLE SCISSOR,10,2011-10-11 13:49:00,0.42,14710,United Kingdom,4.2
570657,22966,GINGERBREAD MAN COOKIE CUTTER,12,2011-10-11 14:10:00,1.25,14911,EIRE,15.0
570662,22149,FELTCRAFT 6 FLOWER FRIENDS,36,2011-10-11 14:19:00,2.1,16120,United Kingdom,75.60000000000001
570664,22554,PLASTERS IN TIN WOODLAND ANIMALS,1,2011-10-11 14:21:00,1.65,16362,United Kingdom,1.65
570664,23395,BELLE JARDINIERE CUSHION COVER,2,2011-10-11 14:21:00,3.75,16362,United Kingdom,7.5
570672,22149,FELTCRAFT 6 FLOWER FRIENDS,6,2011-10-11 14:52:00,2.1,12536,France,12.6
570672,22356,CHARLOTTE BAG PINK POLKADOT,20,2011-10-11 14:52:00,0.85,12536,France,17.0
570672,23493,VINTAGE DOILY TRAVEL SEWING KIT,10,2011-10-11 14:52:00,1.95,12536,France,19.5
570672,21916,SET 12 RETRO WHITE CHALK STICKS,24,2011-10-11 14:52:00,0.42,12536,France,10.08
570672,84077,WORLD WAR 2 GLIDERS ASSTD DESIGNS,48,2011-10-11 14:52:00,0.29,12536,France,13.919999999999998
570672,23170,REGENCY TEA PLATE ROSES ,12,2011-10-11 14:52:00,1.65,12536,France,19.8
570672,23192,BUNDLE OF 3 ALPHABET EXERCISE BOOKS,12,2011-10-11 14:52:00,1.65,12536,France,19.8
570672,22199,FRYING PAN RED RETROSPOT,4,2011-10-11 14:52:00,4.25,12536,France,17.0
570674,21823,PAINTED METAL HEART WITH HOLLY BELL,24,2011-10-11 14:59:00,0.39,14911,EIRE,9.36
570675,21094,SET/6 RED SPOTTY PAPER PLATES,12,2011-10-11 15:03:00,0.85,13690,United Kingdom,10.2
570675,23309,SET OF 60 I LOVE LONDON CAKE CASES ,24,2011-10-11 15:03:00,0.55,13690,United Kingdom,13.2
570680,23234,BISCUIT TIN VINTAGE CHRISTMAS,6,2011-10-11 15:36:00,2.89,13969,United Kingdom,17.34
570682,23209,LUNCH BAG VINTAGE DOILY ,10,2011-10-11 15:53:00,1.65,12948,United Kingdom,16.5
570685,22189,CREAM HEART CARD HOLDER,4,2011-10-11 16:25:00,3.95,13208,United Kingdom,15.8
570685,23407,SET OF 2 TRAYS HOME SWEET HOME,2,2011-10-11 16:25:00,9.95,13208,United Kingdom,19.9
570699,21928,JUMBO BAG SCANDINAVIAN BLUE PAISLEY,10,2011-10-12 09:20:00,2.08,15421,United Kingdom,20.8
570699,21497,FANCY FONTS BIRTHDAY WRAP,25,2011-10-12 09:20:00,0.42,15421,United Kingdom,10.5
570714,23208,LUNCH BAG VINTAGE LEAF DESIGN,20,2011-10-12 10:20:00,1.65,13520,Switzerland,33.0
570718,22544,MINI JIGSAW SPACEBOY,24,2011-10-12 10:36:00,0.42,12518,Germany,10.08
570718,23392,SPACEBOY ROCKET LOLLY MAKERS,12,2011-10-12 10:36:00,2.08,12518,Germany,24.96
570719,21094,SET/6 RED SPOTTY PAPER PLATES,3,2011-10-12 10:45:00,0.85,17913,United Kingdom,2.55
570719,22434,BALLOON PUMP WITH 10 BALLOONS,1,2011-10-12 10:45:00,1.95,17913,United Kingdom,1.95
570720,22617,BAKING SET SPACEBOY DESIGN,6,2011-10-12 10:50:00,4.95,17934,United Kingdom,29.700000000000003
570733,22979,PANTRY WASHING UP BRUSH,1,2011-10-12 11:33:00,1.45,17190,United Kingdom,1.45
570794,22144,CHRISTMAS CRAFT LITTLE FRIENDS,12,2011-10-12 12:10:00,2.1,14761,United Kingdom,25.200000000000003
570796,22099,CARAVAN SQUARE TISSUE BOX,2,2011-10-12 12:19:00,0.39,16241,United Kingdom,0.78
570796,22909,SET OF 20 VINTAGE CHRISTMAS NAPKINS,2,2011-10-12 12:19:00,0.85,16241,United Kingdom,1.7
570797,23032,DRAWER KNOB CRACKLE GLAZE IVORY,12,2011-10-12 12:24:00,1.65,15311,United Kingdom,19.8
570806,22382,LUNCH BAG SPACEBOY DESIGN ,10,2011-10-12 12:42:00,1.65,13115,United Kingdom,16.5
570806,23035,DRAWER KNOB CERAMIC IVORY,6,2011-10-12 12:42:00,1.45,13115,United Kingdom,8.7
570806,20725,LUNCH BAG RED RETROSPOT,10,2011-10-12 12:42:00,1.65,13115,United Kingdom,16.5
570818,23212,HEART WREATH DECORATION WITH BELL,3,2011-10-12 12:47:00,1.25,17841,United Kingdom,3.75
570818,22776,SWEETHEART 3 TIER CAKE STAND ,1,2011-10-12 12:47:00,9.95,17841,United Kingdom,9.95
570818,22355,CHARLOTTE BAG SUKI DESIGN,1,2011-10-12 12:47:00,0.85,17841,United Kingdom,0.85
570818,20974,12 PENCILS SMALL TUBE SKULL,2,2011-10-12 12:47:00,0.65,17841,United Kingdom,1.3
570818,23266,SET OF 3 WOODEN STOCKING DECORATION,4,2011-10-12 12:47:00,1.25,17841,United Kingdom,5.0
570826,23201,JUMBO BAG ALPHABET,20,2011-10-12 13:14:00,2.08,16753,United Kingdom,41.6
570827,23177,TREASURE ISLAND BOOK BOX,2,2011-10-12 13:14:00,2.25,15831,United Kingdom,4.5
570827,21984,PACK OF 12 PINK PAISLEY TISSUES ,12,2011-10-12 13:14:00,0.39,15831,United Kingdom,4.68
570826,22580,ADVENT CALENDAR GINGHAM SACK,1,2011-10-12 13:14:00,5.95,16753,United Kingdom,5.95
570829,84820,DANISH ROSE TRINKET TRAYS,2,2011-10-12 13:17:00,5.95,16295,United Kingdom,11.9
570830,84032A,CHARLIE+LOLA PINK HOT WATER BOTTLE,6,2011-10-12 13:20:00,2.95,14852,United Kingdom,17.700000000000003
570833,23201,JUMBO BAG ALPHABET,10,2011-10-12 13:30:00,2.08,14834,United Kingdom,20.8
570839,85014B,RED RETROSPOT UMBRELLA,3,2011-10-12 14:08:00,5.95,14911,EIRE,17.85
570841,22355,CHARLOTTE BAG SUKI DESIGN,10,2011-10-12 14:18:00,0.85,12553,France,8.5
570855,22578,WOODEN STAR CHRISTMAS SCANDINAVIAN,12,2011-10-12 14:56:00,0.85,17314,United Kingdom,10.2
570855,22969,HOMEMADE JAM SCENTED CANDLES,12,2011-10-12 14:56:00,1.45,17314,United Kingdom,17.4
570855,23309,SET OF 60 I LOVE LONDON CAKE CASES ,24,2011-10-12 14:56:00,0.55,17314,United Kingdom,13.2
570856,22962,JAM JAR WITH PINK LID,12,2011-10-12 15:01:00,0.85,13464,United Kingdom,10.2
570856,22601,CHRISTMAS RETROSPOT ANGEL WOOD,12,2011-10-12 15:01:00,0.85,13464,United Kingdom,10.2
570861,15036,ASSORTED COLOURS SILK FAN,36,2011-10-12 15:27:00,0.83,14775,United Kingdom,29.88
570862,20975,12 PENCILS SMALL TUBE RED RETROSPOT,24,2011-10-12 15:35:00,0.65,17528,United Kingdom,15.6
570862,46000M,POLYESTER FILLER PAD 45x45cm,12,2011-10-12 15:35:00,1.55,17528,United Kingdom,18.6
570880,23354,6 GIFT TAGS 50'S CHRISTMAS ,12,2011-10-13 09:16:00,0.83,14291,United Kingdom,9.96
570884,22378,WALL TIDY RETROSPOT ,1,2011-10-13 10:09:00,2.1,17315,United Kingdom,2.1
570884,23332,IVORY WICKER HEART LARGE,10,2011-10-13 10:09:00,1.65,17315,United Kingdom,16.5
570884,22723,SET OF 6 HERB TINS SKETCHBOOK,4,2011-10-13 10:09:00,3.95,17315,United Kingdom,15.8
570887,23220,REINDEER HEART DECORATION GOLD,12,2011-10-13 10:25:00,0.83,17169,United Kingdom,9.96
570888,22623,BOX OF VINTAGE JIGSAW BLOCKS ,3,2011-10-13 10:26:00,5.95,17509,United Kingdom,17.85
570888,22082,RIBBON REEL STRIPES DESIGN ,10,2011-10-13 10:26:00,1.65,17509,United Kingdom,16.5
570888,21790,VINTAGE SNAP CARDS,12,2011-10-13 10:26:00,0.85,17509,United Kingdom,10.2
570961,84970S,HANGING HEART ZINC T-LIGHT HOLDER,48,2011-10-13 11:37:00,0.85,13784,United Kingdom,40.8
570964,22314,OFFICE MUG WARMER CHOC+BLUE,12,2011-10-13 11:50:00,2.95,12766,Portugal,35.400000000000006
570964,23354,6 GIFT TAGS 50'S CHRISTMAS ,24,2011-10-13 11:50:00,0.83,12766,Portugal,19.92
571006,22966,GINGERBREAD MAN COOKIE CUTTER,12,2011-10-13 12:06:00,1.25,17063,United Kingdom,15.0
571006,22955,36 FOIL STAR CAKE CASES ,6,2011-10-13 12:06:00,2.1,17063,United Kingdom,12.6
571017,23545,WRAP RED VINTAGE DOILY,50,2011-10-13 12:17:00,0.42,15116,United Kingdom,21.0
571028,22111,SCOTTIE DOG HOT WATER BOTTLE,1,2011-10-13 12:21:00,4.95,16770,United Kingdom,4.95
571028,22910,PAPER CHAIN KIT VINTAGE CHRISTMAS,1,2011-10-13 12:21:00,2.95,16770,United Kingdom,2.95
571030,21843,RED RETROSPOT CAKE STAND,6,2011-10-13 12:26:00,10.95,12876,Belgium,65.69999999999999
571030,23352,ROLL WRAP 50'S RED CHRISTMAS ,12,2011-10-13 12:26:00,1.25,12876,Belgium,15.0
571031,85130C,BEADED CRYSTAL HEART BLUE  LARGE,2,2011-10-13 12:30:00,0.79,15005,United Kingdom,1.58
571031,23301,GARDENERS KNEELING PAD KEEP CALM ,4,2011-10-13 12:30:00,1.65,15005,United Kingdom,6.6
571032,47566,PARTY BUNTING,1,2011-10-13 12:38:00,4.95,13827,United Kingdom,4.95
571034,23493,VINTAGE DOILY TRAVEL SEWING KIT,10,2011-10-13 12:47:00,1.95,12359,Cyprus,19.5
571034,22109,FULL ENGLISH BREAKFAST PLATE,4,2011-10-13 12:47:00,3.75,12359,Cyprus,15.0
571034,23356,LOVE HOT WATER BOTTLE,6,2011-10-13 12:47:00,5.95,12359,Cyprus,35.7
571034,22423,REGENCY CAKESTAND 3 TIER,6,2011-10-13 12:47:00,12.75,12359,Cyprus,76.5
571034,21935,SUKI  SHOULDER BAG,10,2011-10-13 12:47:00,1.65,12359,Cyprus,16.5
571035,22384,LUNCH BAG PINK POLKADOT,10,2011-10-13 12:50:00,1.65,12446,RSA,16.5
571035,22605,WOODEN CROQUET GARDEN SET,2,2011-10-13 12:50:00,14.95,12446,RSA,29.9
571036,23211,RED ROCKING HORSE HAND PAINTED,24,2011-10-13 12:52:00,1.25,17567,United Kingdom,30.0
571038,48185,DOORMAT FAIRY CAKE,1,2011-10-13 12:58:00,8.25,15511,United Kingdom,8.25
571038,22097,SWALLOW SQUARE TISSUE BOX,1,2011-10-13 12:58:00,0.39,15511,United Kingdom,0.39
571039,21892,TRADITIONAL WOODEN CATCH CUP GAME ,2,2011-10-13 12:59:00,1.25,16121,United Kingdom,2.5
571039,22674,FRENCH TOILET SIGN BLUE METAL,2,2011-10-13 12:59:00,1.25,16121,United Kingdom,2.5
571039,23294,SET OF 6 SNACK LOAF BAKING CASES,8,2011-10-13 12:59:00,0.83,16121,United Kingdom,6.64
571039,21899,GARAGE KEY FOB,3,2011-10-13 12:59:00,0.65,16121,United Kingdom,1.95
571039,85099F,JUMBO BAG STRAWBERRY,3,2011-10-13 12:59:00,2.08,16121,United Kingdom,6.24
571041,22282,12 EGG HOUSE PAINTED WOOD,1,2011-10-13 13:00:00,12.75,14527,United Kingdom,12.75
571046,23132,SMALL IVORY HEART WALL ORGANISER,1,2011-10-13 13:35:00,5.75,18096,United Kingdom,5.75
571046,20984,12 PENCILS TALL TUBE POSY,16,2011-10-13 13:35:00,0.29,18096,United Kingdom,4.64
571046,84559A,3D SHEET OF DOG STICKERS,3,2011-10-13 13:35:00,0.85,18096,United Kingdom,2.55
571056,23399,HOME SWEET HOME HANGING HEART,12,2011-10-13 14:10:00,0.85,15367,United Kingdom,10.2
571064,22743,MAKE YOUR OWN FLOWERPOWER CARD KIT,1,2011-10-13 14:48:00,2.95,17181,United Kingdom,2.95
571065,23243,SET OF TEA COFFEE SUGAR TINS PANTRY,8,2011-10-13 14:59:00,4.95,12613,Germany,39.6
571069,23214,JINGLE BELL HEART ANTIQUE GOLD,6,2011-10-13 15:15:00,2.08,13668,United Kingdom,12.48
571098,21670,BLUE SPOT CERAMIC DRAWER KNOB,1,2011-10-13 15:38:00,1.45,17841,United Kingdom,1.45
571098,37446,MINI CAKE STAND WITH HANGING CAKES,3,2011-10-13 15:38:00,1.45,17841,United Kingdom,4.35
571098,21668,RED STRIPE CERAMIC DRAWER KNOB,1,2011-10-13 15:38:00,1.45,17841,United Kingdom,1.45
571099,16161U,WRAP SUKI AND FRIENDS,50,2011-10-13 15:43:00,0.42,13911,United Kingdom,21.0
571101,23203,JUMBO BAG VINTAGE DOILY ,10,2011-10-13 15:49:00,2.08,16570,United Kingdom,20.8
571101,22980,PANTRY SCRUBBING BRUSH,12,2011-10-13 15:49:00,1.65,16570,United Kingdom,19.8
571105,21810,CHRISTMAS HANGING STAR WITH BELL,4,2011-10-13 16:01:00,0.39,17614,United Kingdom,1.56
571105,22733,3D TRADITIONAL CHRISTMAS STICKERS,2,2011-10-13 16:01:00,1.25,17614,United Kingdom,2.5
571106,M,Manual,1,2011-10-13 16:14:00,1.0,14976,United Kingdom,1.0
571117,23074,EMBOSSED HEART TRINKET BOX,6,2011-10-13 17:51:00,2.08,16224,United Kingdom,12.48
571118,23206,LUNCH BAG APPLE DESIGN,10,2011-10-14 08:29:00,1.65,16239,United Kingdom,16.5
571123,23508,MINI PLAYING CARDS DOLLY GIRL ,20,2011-10-14 09:35:00,0.42,14856,United Kingdom,8.4
571125,21224,SET/4 SKULL BADGES,20,2011-10-14 09:48:00,1.25,16394,United Kingdom,25.0
571129,22383,LUNCH BAG SUKI DESIGN ,20,2011-10-14 10:03:00,1.65,14156,EIRE,33.0
571142,23128,FELTCRAFT BOY JEAN-PAUL KIT,12,2011-10-14 10:21:00,4.95,14567,United Kingdom,59.400000000000006
571158,22180,RETROSPOT LAMP,2,2011-10-14 10:25:00,9.95,14606,United Kingdom,19.9
571180,85014A,BLACK/BLUE POLKADOT UMBRELLA,6,2011-10-14 10:47:00,5.95,15498,United Kingdom,35.7
571180,21982,PACK OF 12 SUKI TISSUES ,24,2011-10-14 10:47:00,0.39,15498,United Kingdom,9.36
571183,23494,VINTAGE DOILY DELUXE SEWING KIT ,1,2011-10-14 11:08:00,5.95,14796,United Kingdom,5.95
571183,23198,PANTRY MAGNETIC  SHOPPING LIST,4,2011-10-14 11:08:00,1.45,14796,United Kingdom,5.8
571184,23355,HOT WATER BOTTLE KEEP CALM,6,2011-10-14 11:09:00,4.95,15478,United Kingdom,29.700000000000003
571185,22960,JAM MAKING SET WITH JARS,6,2011-10-14 11:15:00,4.25,13047,United Kingdom,25.5
571185,48188,DOORMAT WELCOME PUPPIES,2,2011-10-14 11:15:00,8.25,13047,United Kingdom,16.5
571185,23470,CARD HOLDER LOVE BIRD LARGE ,4,2011-10-14 11:15:00,6.25,13047,United Kingdom,25.0
571188,23012,GLASS APOTHECARY BOTTLE PERFUME,4,2011-10-14 11:42:00,3.95,12783,Portugal,15.8
571190,20765,CHRYSANTHEMUM SKETCHBOOK ,1,2011-10-14 11:43:00,3.75,17771,United Kingdom,3.75
571192,22961,JAM MAKING SET PRINTED,12,2011-10-14 11:55:00,1.45,13050,United Kingdom,17.4
571203,23513,EMBROIDERED RIBBON REEL SUSIE ,6,2011-10-14 12:33:00,2.08,17677,United Kingdom,12.48
571212,22147,FELTCRAFT BUTTERFLY HEARTS,2,2011-10-14 12:53:00,1.45,12856,United Kingdom,2.9
571212,22276,WASH BAG VINTAGE ROSE PAISLEY,2,2011-10-14 12:53:00,2.55,12856,United Kingdom,5.1
571214,21132,SILVER STANDING GNOME   ,1,2011-10-14 12:56:00,4.25,14390,United Kingdom,4.25
571215,22943,CHRISTMAS LIGHTS 10 VINTAGE BAUBLES,9,2011-10-14 12:57:00,4.95,13810,Germany,44.55
571215,21672,WHITE SPOT RED CERAMIC DRAWER KNOB,12,2011-10-14 12:57:00,1.45,13810,Germany,17.4
571216,71053,WHITE METAL LANTERN,1,2011-10-14 13:06:00,3.75,16081,United Kingdom,3.75
571221,23296,SET OF 6 TEA TIME BAKING CASES,2,2011-10-14 13:35:00,1.25,16416,United Kingdom,2.5
571224,22940,FELTCRAFT CHRISTMAS FAIRY,4,2011-10-14 13:41:00,4.25,13136,United Kingdom,17.0
571227,21284,RETROSPOT CANDLE  SMALL,12,2011-10-14 13:54:00,1.69,12477,Germany,20.28
571227,21539,RED RETROSPOT BUTTER DISH,15,2011-10-14 13:54:00,4.95,12477,Germany,74.25
571227,22366,DOORMAT AIRMAIL ,10,2011-10-14 13:54:00,7.08,12477,Germany,70.8
571229,22469,HEART OF WICKER SMALL,2,2011-10-14 14:04:00,1.65,15453,United Kingdom,3.3
571229,23329,DECORATIVE WICKER HEART LARGE,1,2011-10-14 14:04:00,1.65,15453,United Kingdom,1.65
571229,22151,PLACE SETTING WHITE HEART,8,2011-10-14 14:04:00,0.42,15453,United Kingdom,3.36
571241,21976,PACK OF 60 MUSHROOM CAKE CASES,1,2011-10-14 14:58:00,0.55,14592,United Kingdom,0.55
571241,22363,GLASS JAR MARMALADE ,1,2011-10-14 14:58:00,2.95,14592,United Kingdom,2.95
571241,21591,COSY HOUR CIGAR BOX MATCHES ,1,2011-10-14 14:58:00,1.25,14592,United Kingdom,1.25
571244,21987,PACK OF 6 SKULL PAPER CUPS,2,2011-10-14 15:46:00,0.65,17180,United Kingdom,1.3
571247,23399,HOME SWEET HOME HANGING HEART,12,2011-10-14 16:04:00,0.85,15826,United Kingdom,10.2
571247,23437, 50'S CHRISTMAS GIFT BAG LARGE,12,2011-10-14 16:04:00,1.25,15826,United Kingdom,15.0
571248,23307,SET OF 60 PANTRY DESIGN CAKE CASES ,24,2011-10-14 16:05:00,0.55,15826,United Kingdom,13.2
571255,23055,IVORY CHANDELIER T-LIGHT HOLDER,48,2011-10-14 17:13:00,5.39,12454,Spain,258.72
571260,23322,LARGE WHITE HEART OF WICKER,10,2011-10-16 10:41:00,2.95,16206,United Kingdom,29.5
571265,23372,SET 36 COLOUR PENCILS DOLLY GIRL,2,2011-10-16 11:31:00,1.25,16674,United Kingdom,2.5
571267,21534,DAIRY MAID LARGE MILK JUG,12,2011-10-16 11:58:00,4.25,17811,United Kingdom,51.0
571270,21351,CINAMMON & ORANGE WREATH,2,2011-10-16 12:09:00,6.75,12940,United Kingdom,13.5
571271,21174,POTTERING IN THE SHED METAL SIGN,1,2011-10-16 12:16:00,2.08,15440,United Kingdom,2.08
571273,22960,JAM MAKING SET WITH JARS,6,2011-10-16 12:21:00,4.25,13034,United Kingdom,25.5
571273,23352,ROLL WRAP 50'S RED CHRISTMAS ,12,2011-10-16 12:21:00,1.25,13034,United Kingdom,15.0
571273,20751,FUNKY WASHING UP GLOVES ASSORTED,12,2011-10-16 12:21:00,2.1,13034,United Kingdom,25.200000000000003
571274,21287,SCENTED VELVET LOUNGE CANDLE ,12,2011-10-16 12:25:00,0.38,16934,United Kingdom,4.5600000000000005
571275,20758,ABSTRACT CIRCLES POCKET BOOK,3,2011-10-16 12:28:00,0.85,15994,United Kingdom,2.55
571280,21987,PACK OF 6 SKULL PAPER CUPS,3,2011-10-16 13:08:00,0.65,18122,United Kingdom,1.95
571281,22224,WHITE LOVEBIRD LANTERN,18,2011-10-16 13:23:00,2.55,14088,United Kingdom,45.9
571282,23520,EMBROIDERED RIBBON REEL RUBY ,1,2011-10-16 13:24:00,3.75,15545,United Kingdom,3.75
571282,22917,HERB MARKER ROSEMARY,1,2011-10-16 13:24:00,0.65,15545,United Kingdom,0.65
571282,84378,SET OF 3 HEART COOKIE CUTTERS,1,2011-10-16 13:24:00,1.45,15545,United Kingdom,1.45
571283,23172,REGENCY TEA PLATE PINK,6,2011-10-16 13:51:00,1.65,16533,United Kingdom,9.9
571283,84924A,WAKE UP COCKEREL CALENDAR SIGN ,2,2011-10-16 13:51:00,3.75,16533,United Kingdom,7.5
571283,22115,METAL SIGN EMPIRE TEA,6,2011-10-16 13:51:00,0.79,16533,United Kingdom,4.74
571283,22456,NATURAL SLATE CHALKBOARD LARGE ,1,2011-10-16 13:51:00,4.95,16533,United Kingdom,4.95
571284,23448,CREAM BUNNY EASTER EGG BASKET,1,2011-10-16 14:07:00,1.65,14562,United Kingdom,1.65
571284,23284,DOORMAT KEEP CALM AND COME IN,2,2011-10-16 14:07:00,8.25,14562,United Kingdom,16.5
571284,71459,HANGING JAM JAR T-LIGHT HOLDERS,1,2011-10-16 14:07:00,0.85,14562,United Kingdom,0.85
571286,23404,HOME SWEET HOME BLACKBOARD,1,2011-10-16 14:35:00,4.95,14547,United Kingdom,4.95
571286,21823,PAINTED METAL HEART WITH HOLLY BELL,6,2011-10-16 14:35:00,0.39,14547,United Kingdom,2.34
571288,35970,ZINC FOLKART SLEIGH BELLS,18,2011-10-16 15:13:00,1.69,16052,United Kingdom,30.42
571288,23377,PACK OF 12 DOLLY GIRL TISSUES,12,2011-10-16 15:13:00,0.39,16052,United Kingdom,4.68
571289,23389,SPACEBOY MINI BACKPACK,11,2011-10-16 15:27:00,4.15,15113,United Kingdom,45.650000000000006
571290,22424,ENAMEL BREAD BIN CREAM,1,2011-10-16 15:32:00,12.75,17183,United Kingdom,12.75
571290,22915,ASSORTED BOTTLE TOP  MAGNETS ,12,2011-10-16 15:32:00,0.42,17183,United Kingdom,5.04
571291,22781,GUMBALL MAGAZINE RACK,1,2011-10-16 15:44:00,7.65,13610,United Kingdom,7.65
571291,23283,DOORMAT VINTAGE LEAF,1,2011-10-16 15:44:00,8.25,13610,United Kingdom,8.25
571291,22771,CLEAR DRAWER KNOB ACRYLIC EDWARDIAN,12,2011-10-16 15:44:00,1.25,13610,United Kingdom,15.0
571291,23328,SET 6 SCHOOL MILK BOTTLES IN CRATE,2,2011-10-16 15:44:00,3.75,13610,United Kingdom,7.5
571292,22310,IVORY KNITTED MUG COSY ,4,2011-10-16 15:45:00,1.65,15311,United Kingdom,6.6
571292,48184,DOORMAT ENGLISH ROSE ,10,2011-10-16 15:45:00,7.08,15311,United Kingdom,70.8
571296,84944,SET OF 6 KASHMIR FOLKART BAUBLES,7,2011-10-16 16:13:00,1.65,13760,United Kingdom,11.55
571298,23201,JUMBO BAG ALPHABET,200,2011-10-17 08:14:00,1.79,15769,United Kingdom,358.0
571303,23199,JUMBO BAG APPLES,10,2011-10-17 09:36:00,2.08,13875,United Kingdom,20.8
571304,20719,WOODLAND CHARLOTTE BAG,10,2011-10-17 09:37:00,0.85,12526,Germany,8.5
571307,23568,EGG CUP HENRIETTA HEN CREAM ,12,2011-10-17 10:10:00,1.25,14443,United Kingdom,15.0
571312,23191,BUNDLE OF 3 RETRO NOTE BOOKS,12,2011-10-17 10:42:00,1.65,12474,Germany,19.8
571317,23298,SPOTTY BUNTING,2,2011-10-17 10:48:00,4.95,17377,United Kingdom,9.9
571318,22720,SET OF 3 CAKE TINS PANTRY DESIGN ,96,2011-10-17 10:50:00,4.95,17404,Sweden,475.2000000000001
571322,23330,DECORATIVE WICKER HEART MEDIUM,12,2011-10-17 11:05:00,1.25,13534,United Kingdom,15.0
571322,23203,JUMBO BAG VINTAGE DOILY ,10,2011-10-17 11:05:00,2.08,13534,United Kingdom,20.8
571328,23222,CHRISTMAS TREE HANGING GOLD,12,2011-10-17 11:27:00,0.83,12473,Germany,9.96
571328,22080,RIBBON REEL POLKADOTS ,10,2011-10-17 11:27:00,1.65,12473,Germany,16.5
571328,22812,PACK 3 BOXES CHRISTMAS PANNETONE,24,2011-10-17 11:27:00,1.95,12473,Germany,46.8
571328,35953,FOLKART STAR CHRISTMAS DECORATIONS,48,2011-10-17 11:27:00,0.39,12473,Germany,18.72
571372,47503A,ASS FLORAL PRINT MULTI SCREWDRIVER,1,2011-10-17 11:55:00,0.42,17201,United Kingdom,0.42
571406,23314,VINTAGE CHRISTMAS TABLECLOTH,4,2011-10-17 12:12:00,12.5,13871,United Kingdom,50.0
571406,23312,VINTAGE CHRISTMAS GIFT SACK,4,2011-10-17 12:12:00,4.15,13871,United Kingdom,16.6
571408,20749,ASSORTED COLOUR MINI CASES,1,2011-10-17 12:22:00,7.95,15012,United Kingdom,7.95
571409,15056BL,EDWARDIAN PARASOL BLACK,3,2011-10-17 12:25:00,5.95,14911,EIRE,17.85
571410,85177,BASKET OF FLOWERS SEWING KIT,12,2011-10-17 12:32:00,0.85,17527,United Kingdom,10.2
571413,22809,SET OF 6 T-LIGHTS SANTA,12,2011-10-17 12:33:00,2.95,13923,United Kingdom,35.400000000000006
571411,22784,LANTERN CREAM GAZEBO ,6,2011-10-17 12:33:00,4.95,17858,United Kingdom,29.700000000000003
571418,22384,LUNCH BAG PINK POLKADOT,1,2011-10-17 12:35:00,1.65,16412,United Kingdom,1.65
571426,23550,WRAP ALPHABET POSTER  ,25,2011-10-17 12:41:00,0.42,15179,United Kingdom,10.5
571425,22730,ALARM CLOCK BAKELIKE IVORY,4,2011-10-17 12:41:00,3.75,14911,EIRE,15.0
571425,22086,PAPER CHAIN KIT 50'S CHRISTMAS ,6,2011-10-17 12:41:00,2.95,14911,EIRE,17.700000000000003
571427,23547,WRAP FLOWER SHOP  ,25,2011-10-17 12:46:00,0.42,17205,United Kingdom,10.5
571433,22423,REGENCY CAKESTAND 3 TIER,2,2011-10-17 13:19:00,12.75,13015,United Kingdom,25.5
571438,20749,ASSORTED COLOUR MINI CASES,2,2011-10-17 13:25:00,7.95,15066,United Kingdom,15.9
571441,22147,FELTCRAFT BUTTERFLY HEARTS,5,2011-10-17 13:31:00,3.29,14096,United Kingdom,16.45
571441,23129,HEART SHAPED HOLLY WREATH,1,2011-10-17 13:31:00,8.29,14096,United Kingdom,8.29
571441,22174,PHOTO CUBE,2,2011-10-17 13:31:00,3.29,14096,United Kingdom,6.58
571441,22596,CHRISTMAS STAR WISH LIST CHALKBOARD,5,2011-10-17 13:31:00,2.46,14096,United Kingdom,12.3
571441,84596F,SMALL MARSHMALLOWS PINK BOWL,10,2011-10-17 13:31:00,0.83,14096,United Kingdom,8.299999999999999
571441,22178,VICTORIAN GLASS HANGING T-LIGHT,13,2011-10-17 13:31:00,2.46,14096,United Kingdom,31.98
571441,84596G,SMALL CHOCOLATES PINK BOWL,3,2011-10-17 13:31:00,0.83,14096,United Kingdom,2.49
571441,22579,WOODEN TREE CHRISTMAS SCANDINAVIAN,3,2011-10-17 13:31:00,1.63,14096,United Kingdom,4.89
571441,22107,PIZZA PLATE IN BOX,12,2011-10-17 13:31:00,3.29,14096,United Kingdom,39.48
571441,21210,SET OF 72 RETROSPOT PAPER  DOILIES,1,2011-10-17 13:31:00,2.92,14096,United Kingdom,2.92
571441,23090,VINTAGE GLASS T-LIGHT HOLDER,2,2011-10-17 13:31:00,1.63,14096,United Kingdom,3.26
571442,22141,CHRISTMAS CRAFT TREE TOP ANGEL,3,2011-10-17 13:39:00,2.1,17049,United Kingdom,6.300000000000001
571442,23534,WALL ART STOP FOR TEA ,2,2011-10-17 13:39:00,5.95,17049,United Kingdom,11.9
571442,23321,SMALL WHITE HEART OF WICKER,6,2011-10-17 13:39:00,1.65,17049,United Kingdom,9.9
571444,23208,LUNCH BAG VINTAGE LEAF DESIGN,10,2011-10-17 13:44:00,1.65,18179,United Kingdom,16.5
571444,23437, 50'S CHRISTMAS GIFT BAG LARGE,12,2011-10-17 13:44:00,1.25,18179,United Kingdom,15.0
571446,22698,PINK REGENCY TEACUP AND SAUCER,12,2011-10-17 13:46:00,2.95,14911,EIRE,35.400000000000006
571456,23240,SET OF 4 KNICK KNACK TINS DOILY ,1,2011-10-17 13:57:00,4.15,16729,United Kingdom,4.15
571461,22382,LUNCH BAG SPACEBOY DESIGN ,1,2011-10-17 14:12:00,1.65,16932,United Kingdom,1.65
571461,78124,MAGAZINE RACK GEBRA ASSORTED ,1,2011-10-17 14:12:00,1.25,16932,United Kingdom,1.25
571463,22909,SET OF 20 VINTAGE CHRISTMAS NAPKINS,12,2011-10-17 14:23:00,0.85,16463,United Kingdom,10.2
571464,72741,GRAND CHOCOLATECANDLE,27,2011-10-17 14:28:00,1.45,14805,United Kingdom,39.15
571474,20668,DISCO BALL CHRISTMAS DECORATION,576,2011-10-17 14:41:00,0.1,16389,United Kingdom,57.6
571475,23228,FILIGREE HEART BIRD WHITE ,6,2011-10-17 14:42:00,1.25,15033,United Kingdom,7.5
571486,21876,POTTERING MUG,12,2011-10-17 14:59:00,1.65,17612,United Kingdom,19.8
571497,72598,SET/12 TAPER CANDLES,24,2011-10-17 15:03:00,0.85,14841,United Kingdom,20.4
571498,22593,CHRISTMAS GINGHAM STAR,2,2011-10-17 15:06:00,0.85,17841,United Kingdom,1.7
571498,23210,WHITE ROCKING HORSE HAND PAINTED,1,2011-10-17 15:06:00,1.25,17841,United Kingdom,1.25
571498,23275,SET OF 3 HANGING OWLS OLLIE BEAK,2,2011-10-17 15:06:00,1.25,17841,United Kingdom,2.5
571502,22349,DOG BOWL CHASING BALL DESIGN,6,2011-10-17 15:18:00,3.75,14422,United Kingdom,22.5
571509,82483,WOOD 2 DRAWER CABINET WHITE FINISH,2,2011-10-17 15:28:00,6.95,13110,United Kingdom,13.9
571511,23332,IVORY WICKER HEART LARGE,12,2011-10-17 16:04:00,1.65,15598,United Kingdom,19.8
571544,22905,CALENDAR IN SEASON DESIGN,2,2011-10-17 16:53:00,2.95,17757,United Kingdom,5.9
571556,22176,BLUE OWL SOFT TOY,6,2011-10-18 09:24:00,2.95,12662,Germany,17.700000000000003
571556,20674,GREEN POLKADOT BOWL,8,2011-10-18 09:24:00,1.25,12662,Germany,10.0
571559,23388,WOODLAND MINI RUCKSACK ,4,2011-10-18 09:32:00,4.15,14911,EIRE,16.6
571559,22960,JAM MAKING SET WITH JARS,12,2011-10-18 09:32:00,3.75,14911,EIRE,45.0
571563,20775,DAISY NOTEBOOK ,6,2011-10-18 10:07:00,1.65,16249,United Kingdom,9.9
571563,20777,CHRYSANTHEMUM NOTEBOOK,6,2011-10-18 10:07:00,1.65,16249,United Kingdom,9.9
571566,21770,OPEN CLOSED METAL SIGN,2,2011-10-18 10:19:00,4.95,13594,United Kingdom,9.9
571636,20974,12 PENCILS SMALL TUBE SKULL,24,2011-10-18 11:41:00,0.65,13509,United Kingdom,15.6
571641,22577,WOODEN HEART CHRISTMAS SCANDINAVIAN,48,2011-10-18 12:07:00,0.29,17135,United Kingdom,13.919999999999998
571653,23223,CHRISTMAS TREE HANGING SILVER ,24,2011-10-18 12:17:00,0.72,14298,United Kingdom,17.28
571653,23217,LAUREL HEART ANTIQUE SILVER,24,2011-10-18 12:17:00,1.04,14298,United Kingdom,24.96
571653,21818,GLITTER HEART DECORATION,36,2011-10-18 12:17:00,0.39,14298,United Kingdom,14.04
571653,21224,SET/4 SKULL BADGES,20,2011-10-18 12:17:00,1.06,14298,United Kingdom,21.200000000000003
571653,22944,CHRISTMAS METAL POSTCARD WITH BELLS,72,2011-10-18 12:17:00,0.39,14298,United Kingdom,28.08
571653,22112,CHOCOLATE HOT WATER BOTTLE,6,2011-10-18 12:17:00,4.25,14298,United Kingdom,25.5
571653,22608,PENS ASSORTED FUNKY JEWELED ,72,2011-10-18 12:17:00,0.19,14298,United Kingdom,13.68
571653,84596B,SMALL DOLLY MIX DESIGN ORANGE BOWL,32,2011-10-18 12:17:00,0.42,14298,United Kingdom,13.44
571653,23526,WALL ART DOG LICENCE ,4,2011-10-18 12:17:00,5.35,14298,United Kingdom,21.4
571656,23200,JUMBO BAG PEARS,5,2011-10-18 12:43:00,2.08,16393,United Kingdom,10.4
571656,22374,AIRLINE BAG VINTAGE JET SET RED,4,2011-10-18 12:43:00,4.25,16393,United Kingdom,17.0
571656,23311,VINTAGE CHRISTMAS STOCKING ,6,2011-10-18 12:43:00,2.55,16393,United Kingdom,15.3
571660,23233,WRAP POPPIES  DESIGN,25,2011-10-18 12:49:00,0.42,16191,United Kingdom,10.5
571660,23354,6 GIFT TAGS 50'S CHRISTMAS ,12,2011-10-18 12:49:00,0.83,16191,United Kingdom,9.96
571667,22418,10 COLOUR SPACEBOY PEN,12,2011-10-18 13:04:00,0.85,14554,United Kingdom,10.2
571667,22367,CHILDRENS APRON SPACEBOY DESIGN,2,2011-10-18 13:04:00,1.95,14554,United Kingdom,3.9
571668,22941,CHRISTMAS LIGHTS 10 REINDEER,6,2011-10-18 13:10:00,8.5,16515,United Kingdom,51.0
571669,23275,SET OF 3 HANGING OWLS OLLIE BEAK,4,2011-10-18 13:11:00,1.25,17758,United Kingdom,5.0
571671,23220,REINDEER HEART DECORATION GOLD,25,2011-10-18 13:15:00,0.83,16940,United Kingdom,20.75
571671,84596B,SMALL DOLLY MIX DESIGN ORANGE BOWL,8,2011-10-18 13:15:00,0.42,16940,United Kingdom,3.36
571676,23334,IVORY WICKER HEART SMALL,1,2011-10-18 13:29:00,0.63,16910,United Kingdom,0.63
571676,22571,ROCKING HORSE RED CHRISTMAS ,1,2011-10-18 13:29:00,0.85,16910,United Kingdom,0.85
571679,23002,TRAVEL CARD WALLET SKULLS,4,2011-10-18 13:41:00,0.42,14159,United Kingdom,1.68
571682,22866,HAND WARMER SCOTTY DOG DESIGN,1,2011-10-18 14:00:00,2.1,14179,United Kingdom,2.1
571682,23284,DOORMAT KEEP CALM AND COME IN,2,2011-10-18 14:00:00,8.25,14179,United Kingdom,16.5
571682,22829,SWEETHEART WIRE WALL TIDY,1,2011-10-18 14:00:00,9.95,14179,United Kingdom,9.95
571682,22197,POPCORN HOLDER,4,2011-10-18 14:00:00,0.85,14179,United Kingdom,3.4
571682,22111,SCOTTIE DOG HOT WATER BOTTLE,1,2011-10-18 14:00:00,4.95,14179,United Kingdom,4.95
571684,21034,REX CASH+CARRY JUMBO SHOPPER,1,2011-10-18 14:11:00,0.95,16730,United Kingdom,0.95
571690,22386,JUMBO BAG PINK POLKADOT,10,2011-10-18 14:32:00,2.08,14191,United Kingdom,20.8
571691,23083,SET 6 PAPER TABLE LANTERN STARS ,6,2011-10-18 14:34:00,3.75,13860,United Kingdom,22.5
571696,23319,BOX OF 6 MINI 50'S CRACKERS,12,2011-10-18 14:47:00,2.49,15604,United Kingdom,29.880000000000003
571697,23293,SET OF 12 FAIRY CAKE BAKING CASES,8,2011-10-18 14:49:00,0.83,12759,Netherlands,6.64
571697,21988,PACK OF 6 SKULL PAPER PLATES,12,2011-10-18 14:49:00,0.85,12759,Netherlands,10.2
571697,23008,DOLLY GIRL BABY GIFT SET,1,2011-10-18 14:49:00,16.95,12759,Netherlands,16.95
571698,22609,PENS ASSORTED SPACEBALL,108,2011-10-18 14:50:00,0.19,13805,United Kingdom,20.52
571705,21240,BLUE POLKADOT CUP,8,2011-10-18 15:22:00,0.85,12360,Austria,6.8
571705,20682,RED RETROSPOT CHILDRENS UMBRELLA,6,2011-10-18 15:22:00,3.25,12360,Austria,19.5
571705,22581,WOOD STOCKING CHRISTMAS SCANDISPOT,12,2011-10-18 15:22:00,0.85,12360,Austria,10.2
571706,23505,PLAYING CARDS I LOVE LONDON ,12,2011-10-18 15:26:00,1.25,15144,United Kingdom,15.0
571706,85034C,3 ROSE MORRIS BOXED CANDLES,24,2011-10-18 15:26:00,1.25,15144,United Kingdom,30.0
571712,23365,SET 12 COLOUR PENCILS LOVE LONDON,8,2011-10-18 16:46:00,0.65,14056,United Kingdom,5.2
571712,23503,PLAYING CARDS KEEP CALM & CARRY ON,1,2011-10-18 16:46:00,1.25,14056,United Kingdom,1.25
571715,23147,SINGLE ANTIQUE ROSE HOOK IVORY,6,2011-10-18 17:04:00,1.45,17576,United Kingdom,8.7
571715,21843,RED RETROSPOT CAKE STAND,1,2011-10-18 17:04:00,10.95,17576,United Kingdom,10.95
571715,23167,SMALL CERAMIC TOP STORAGE JAR ,5,2011-10-18 17:04:00,0.83,17576,United Kingdom,4.15
571717,20758,ABSTRACT CIRCLES POCKET BOOK,3,2011-10-18 17:10:00,0.85,14381,United Kingdom,2.55
571717,20669,RED HEART LUGGAGE TAG,2,2011-10-18 17:10:00,1.25,14381,United Kingdom,2.5
571717,20757,RED DAISY POCKET BOOK ,3,2011-10-18 17:10:00,0.85,14381,United Kingdom,2.55
571717,23356,LOVE HOT WATER BOTTLE,1,2011-10-18 17:10:00,5.95,14381,United Kingdom,5.95
571717,22142,CHRISTMAS CRAFT WHITE FAIRY ,2,2011-10-18 17:10:00,1.45,14381,United Kingdom,2.9
571724,48184,DOORMAT ENGLISH ROSE ,2,2011-10-19 08:20:00,8.25,12572,Germany,16.5
571724,23360,SET 8 CANDLES VINTAGE DOILY,12,2011-10-19 08:20:00,1.95,12572,Germany,23.4
571724,22583,PACK OF 6 HANDBAG GIFT BOXES,6,2011-10-19 08:20:00,2.55,12572,Germany,15.3
571726,22816,CARD MOTORBIKE SANTA,12,2011-10-19 09:00:00,0.42,16191,United Kingdom,5.04
571732,23045,PAPER LANTERN 5 POINT STAR MOON ,4,2011-10-19 09:58:00,4.15,16298,United Kingdom,16.6
571736,21811,HANGING HEART WITH BELL,48,2011-10-19 10:05:00,0.39,17549,United Kingdom,18.72
571737,23402,HOME SWEET HOME 3 PEG HANGER ,8,2011-10-19 10:31:00,3.75,14367,United Kingdom,30.0
571740,22693,GROW A FLYTRAP OR SUNFLOWER IN TIN,24,2011-10-19 10:34:00,1.25,17973,United Kingdom,30.0
571743,21989,PACK OF 20 SKULL PAPER NAPKINS,1,2011-10-19 10:38:00,0.85,15853,United Kingdom,0.85
571743,22585,PACK OF 6 BIRDY GIFT TAGS,2,2011-10-19 10:38:00,1.25,15853,United Kingdom,2.5
571743,23392,SPACEBOY ROCKET LOLLY MAKERS,1,2011-10-19 10:38:00,2.08,15853,United Kingdom,2.08
571745,21166,COOK WITH WINE METAL SIGN ,12,2011-10-19 10:48:00,2.08,14911,EIRE,24.96
571747,85048,15CM CHRISTMAS GLASS BALL 20 LIGHTS,4,2011-10-19 10:59:00,7.95,13849,United Kingdom,31.8
571747,22529,MAGIC DRAWING SLATE GO TO THE FAIR ,24,2011-10-19 10:59:00,0.42,13849,United Kingdom,10.08
571747,20705,MRS ROBOT SOFT TOY,2,2011-10-19 10:59:00,6.95,13849,United Kingdom,13.9
571748,23493,VINTAGE DOILY TRAVEL SEWING KIT,4,2011-10-19 11:13:00,1.95,18077,United Kingdom,7.8
571779,22153,ANGEL DECORATION STARS ON DRESS,7,2011-10-19 11:27:00,0.42,12748,United Kingdom,2.94
571828,23320,GIANT 50'S CHRISTMAS CRACKER,10,2011-10-19 11:52:00,2.89,16440,United Kingdom,28.9
571828,22666,RECIPE BOX PANTRY YELLOW DESIGN,3,2011-10-19 11:52:00,2.95,16440,United Kingdom,8.850000000000001
571837,22534,MAGIC DRAWING SLATE SPACEBOY ,3,2011-10-19 12:11:00,0.42,16470,United Kingdom,1.26
571840,22466,FAIRY TALE COTTAGE NIGHT LIGHT,12,2011-10-19 12:16:00,1.95,13590,United Kingdom,23.4
571841,22189,CREAM HEART CARD HOLDER,3,2011-10-19 12:21:00,3.95,17625,United Kingdom,11.85
571841,21380,WOODEN HAPPY BIRTHDAY GARLAND,2,2011-10-19 12:21:00,2.95,17625,United Kingdom,5.9
571844,23301,GARDENERS KNEELING PAD KEEP CALM ,12,2011-10-19 12:30:00,1.65,17101,United Kingdom,19.8
571845,23198,PANTRY MAGNETIC  SHOPPING LIST,1,2011-10-19 12:34:00,1.45,16869,United Kingdom,1.45
571846,35598B,BLACK CHRISTMAS TREE 60CM,1,2011-10-19 12:35:00,0.65,17841,United Kingdom,0.65
571846,21930,JUMBO STORAGE BAG SKULLS,1,2011-10-19 12:35:00,2.08,17841,United Kingdom,2.08
571850,22690,DOORMAT HOME SWEET HOME BLUE ,2,2011-10-19 12:54:00,8.25,14698,United Kingdom,16.5
571857,22730,ALARM CLOCK BAKELIKE IVORY,4,2011-10-19 13:38:00,3.75,15468,United Kingdom,15.0
571883,22784,LANTERN CREAM GAZEBO ,1,2011-10-19 13:58:00,4.95,14704,United Kingdom,4.95
571883,22158,3 HEARTS HANGING DECORATION RUSTIC,2,2011-10-19 13:58:00,2.95,14704,United Kingdom,5.9
571905,84006,MAGIC TREE -PAPER FLOWERS,12,2011-10-19 14:51:00,0.85,12370,Cyprus,10.2
571909,90129F,RED GLASS TASSLE BAG CHARM,2,2011-10-19 15:08:00,2.95,15006,United Kingdom,5.9
571909,21867,PINK UNION JACK  LUGGAGE TAG,2,2011-10-19 15:08:00,1.25,15006,United Kingdom,2.5
571909,21770,OPEN CLOSED METAL SIGN,1,2011-10-19 15:08:00,4.95,15006,United Kingdom,4.95
571909,22098,BOUDOIR SQUARE TISSUE BOX,4,2011-10-19 15:08:00,0.39,15006,United Kingdom,1.56
571913,22356,CHARLOTTE BAG PINK POLKADOT,10,2011-10-19 15:29:00,0.85,18210,United Kingdom,8.5
571913,22456,NATURAL SLATE CHALKBOARD LARGE ,6,2011-10-19 15:29:00,4.95,18210,United Kingdom,29.700000000000003
571917,35004B,SET OF 3 BLACK FLYING DUCKS,12,2011-10-19 15:46:00,4.65,13078,United Kingdom,55.8
571937,84596F,SMALL MARSHMALLOWS PINK BOWL,16,2011-10-20 09:28:00,0.42,14911,EIRE,6.72
571937,85204,HANGING WOOD AND FELT FLOWER,192,2011-10-20 09:28:00,0.12,14911,EIRE,23.04
571937,22210,WOOD STAMP SET BEST WISHES,12,2011-10-20 09:28:00,0.83,14911,EIRE,9.96
571937,22268,DECORATION SITTING BUNNY,96,2011-10-20 09:28:00,0.19,14911,EIRE,18.24
571937,16218,CARTOON  PENCIL SHARPENERS,80,2011-10-20 09:28:00,0.06,14911,EIRE,4.8
571937,22233,JIGSAW RABBIT AND BIRDHOUSE,48,2011-10-20 09:28:00,0.59,14911,EIRE,28.32
571940,23323,WHITE WICKER STAR ,6,2011-10-20 09:57:00,2.1,15301,United Kingdom,12.6
571944,22306,SILVER MUG BONE CHINA TREE OF LIFE,12,2011-10-20 10:15:00,1.06,13755,United Kingdom,12.72
571987,21242,RED RETROSPOT PLATE ,8,2011-10-20 10:47:00,1.69,17007,United Kingdom,13.52
572023,23520,EMBROIDERED RIBBON REEL RUBY ,12,2011-10-20 11:03:00,3.75,17764,United Kingdom,45.0
572024,51014A,"FEATHER PEN,HOT PINK",24,2011-10-20 11:17:00,0.39,14631,United Kingdom,9.36
572025,23366,SET 12 COLOURING PENCILS DOILY,16,2011-10-20 11:30:00,0.65,17651,United Kingdom,10.4
572028,82483,WOOD 2 DRAWER CABINET WHITE FINISH,4,2011-10-20 11:47:00,6.95,15296,United Kingdom,27.8
572028,23171,REGENCY TEA PLATE GREEN ,12,2011-10-20 11:47:00,1.65,15296,United Kingdom,19.8
572030,22624,IVORY KITCHEN SCALES,2,2011-10-20 11:51:00,8.5,14923,United Kingdom,17.0
572035,21080,SET/20 RED RETROSPOT PAPER NAPKINS ,96,2011-10-20 12:03:00,0.72,14646,Netherlands,69.12
572035,23388,WOODLAND MINI BACKPACK,100,2011-10-20 12:03:00,3.75,14646,Netherlands,375.0
572035,22507,MEMO BOARD RETROSPOT  DESIGN,16,2011-10-20 12:03:00,4.25,14646,Netherlands,68.0
572047,23089,GLASS BON BON JAR,2,2011-10-20 12:13:00,1.95,16474,United Kingdom,3.9
572047,23328,SET 6 SCHOOL MILK BOTTLES IN CRATE,2,2011-10-20 12:13:00,3.75,16474,United Kingdom,7.5
572055,21218,RED SPOTTY BISCUIT TIN,1,2011-10-20 12:34:00,3.75,17346,United Kingdom,3.75
572058,21293,MIRRORED DOVE WALL DECORATION,1,2011-10-20 12:43:00,2.1,18252,United Kingdom,2.1
572058,22804,PINK HANGING HEART T-LIGHT HOLDER,3,2011-10-20 12:43:00,2.95,18252,United Kingdom,8.850000000000001
572062,23469,CARD HOLDER LOVE BIRD SMALL,6,2011-10-20 12:57:00,4.15,16177,United Kingdom,24.9
572065,35645,VINTAGE BEAD PINK JEWEL BOX,1,2011-10-20 13:06:00,4.25,12556,Spain,4.25
572066,22739,RIBBON REEL CHRISTMAS SOCK BAUBLE,10,2011-10-20 13:07:00,1.65,15159,United Kingdom,16.5
572066,21976,PACK OF 60 MUSHROOM CAKE CASES,48,2011-10-20 13:07:00,0.55,15159,United Kingdom,26.4
572066,22295,HEART FILIGREE DOVE LARGE,12,2011-10-20 13:07:00,1.65,15159,United Kingdom,19.8
572069,23490,T-LIGHT HOLDER HANGING LOVE BIRD,6,2011-10-20 13:24:00,3.75,14911,EIRE,22.5
572069,85049A,TRADITIONAL CHRISTMAS RIBBONS,12,2011-10-20 13:24:00,1.25,14911,EIRE,15.0
572073,82482,WOODEN PICTURE FRAME WHITE FINISH,3,2011-10-20 13:46:00,2.95,13263,United Kingdom,8.850000000000001
572074,22141,CHRISTMAS CRAFT TREE TOP ANGEL,8,2011-10-20 13:54:00,2.1,16284,United Kingdom,16.8
572074,23313,VINTAGE CHRISTMAS BUNTING,4,2011-10-20 13:54:00,4.95,16284,United Kingdom,19.8
572082,23306,SET OF 36 DOILIES PANTRY DESIGN,12,2011-10-20 14:18:00,1.45,17672,United Kingdom,17.4
572087,22625,RED KITCHEN SCALES,2,2011-10-20 14:30:00,8.5,12683,France,17.0
572086,22732,3D VINTAGE CHRISTMAS STICKERS ,18,2011-10-20 14:30:00,1.25,13897,United Kingdom,22.5
572091,84347,ROTATING SILVER ANGELS T-LIGHT HLDR,24,2011-10-20 14:40:00,2.55,15129,United Kingdom,61.2
572095,20717,STRAWBERRY SHOPPER BAG,1,2011-10-20 15:15:00,1.25,15511,United Kingdom,1.25
572098,23486,ANTIQUE HEART SHELF UNIT,1,2011-10-20 15:38:00,16.65,15117,United Kingdom,16.65
572098,22776,SWEETHEART 3 TIER CAKE STAND ,1,2011-10-20 15:38:00,9.95,15117,United Kingdom,9.95
572103,22746,POPPY'S PLAYHOUSE LIVINGROOM ,1,2011-10-20 15:57:00,2.1,17571,United Kingdom,2.1
572103,20781,GOLD EAR MUFF HEADPHONES,1,2011-10-20 15:57:00,5.49,17571,United Kingdom,5.49
572103,84519A,TOMATO CHARLIE+LOLA COASTER SET,1,2011-10-20 15:57:00,1.25,17571,United Kingdom,1.25
572103,22471,TV DINNER TRAY AIR HOSTESS ,1,2011-10-20 15:57:00,4.95,17571,United Kingdom,4.95
572103,23300,GARDENERS KNEELING PAD CUP OF TEA ,1,2011-10-20 15:57:00,1.65,17571,United Kingdom,1.65
572103,20749,ASSORTED COLOUR MINI CASES,1,2011-10-20 15:57:00,7.95,17571,United Kingdom,7.95
572103,23094,LE GRAND TRAY CHIC SET,1,2011-10-20 15:57:00,12.5,17571,United Kingdom,12.5
572103,23165,LARGE CERAMIC TOP STORAGE JAR,2,2011-10-20 15:57:00,1.65,17571,United Kingdom,3.3
572133,23159,SET OF 5 PANCAKE DAY MAGNETS,12,2011-10-21 10:11:00,2.08,12407,Belgium,24.96
572186,22945,CHRISTMAS METAL TAGS ASSORTED ,24,2011-10-21 10:55:00,0.85,16497,United Kingdom,20.4
572192,85034A,3 GARDENIA MORRIS BOXED CANDLES,1,2011-10-21 11:30:00,1.25,18118,United Kingdom,1.25
572194,22307,GOLD MUG BONE CHINA TREE OF LIFE,6,2011-10-21 11:43:00,1.06,17832,United Kingdom,6.36
572194,51014A,"FEATHER PEN,HOT PINK",12,2011-10-21 11:43:00,0.39,17832,United Kingdom,4.68
572194,21620,SET OF 4 ROSE BOTANICAL CANDLES,1,2011-10-21 11:43:00,1.25,17832,United Kingdom,1.25
572195,22141,CHRISTMAS CRAFT TREE TOP ANGEL,2,2011-10-21 11:49:00,2.1,14562,United Kingdom,4.2
572195,22667,RECIPE BOX RETROSPOT ,24,2011-10-21 11:49:00,2.55,14562,United Kingdom,61.2
572196,23525,WALL ART BUFFALO BILL ,120,2011-10-21 11:54:00,2.65,18102,United Kingdom,318.0
572203,22379,RECYCLING BAG RETROSPOT ,10,2011-10-21 12:05:00,2.1,17068,United Kingdom,21.0
572203,23344,JUMBO BAG 50'S CHRISTMAS ,10,2011-10-21 12:05:00,2.08,17068,United Kingdom,20.8
572215,23516,EMBROIDERED RIBBON REEL SOPHIE  ,6,2011-10-21 12:52:00,3.75,12646,USA,22.5
572215,23512,EMBROIDERED RIBBON REEL ROSIE,6,2011-10-21 12:52:00,2.08,12646,USA,12.48
572216,23188,VINTAGE  2 METRE FOLDING RULER,2,2011-10-21 12:56:00,1.65,16015,United Kingdom,3.3
572216,22469,HEART OF WICKER SMALL,2,2011-10-21 12:56:00,1.65,16015,United Kingdom,3.3
572217,21530,DAIRY MAID TOASTRACK,2,2011-10-21 13:03:00,0.79,15311,United Kingdom,1.58
572219,22384,LUNCH BAG PINK POLKADOT,4,2011-10-21 13:17:00,1.65,17463,United Kingdom,6.6
572219,23203,JUMBO BAG VINTAGE DOILY ,5,2011-10-21 13:17:00,2.08,17463,United Kingdom,10.4
572219,82486,3 DRAWER ANTIQUE WHITE WOOD CABINET,2,2011-10-21 13:17:00,8.95,17463,United Kingdom,17.9
572220,47599B,BLUE PARTY BAGS ,10,2011-10-21 13:24:00,2.1,17800,United Kingdom,21.0
572220,20972,PINK CREAM FELT CRAFT TRINKET BOX ,2,2011-10-21 13:24:00,1.25,17800,United Kingdom,2.5
572224,23349,ROLL WRAP VINTAGE CHRISTMAS,12,2011-10-21 13:46:00,1.25,16558,United Kingdom,15.0
572224,23353,6 GIFT TAGS VINTAGE CHRISTMAS ,12,2011-10-21 13:46:00,0.83,16558,United Kingdom,9.96
572227,23541,WALL ART CLASSIC PUDDINGS ,1,2011-10-21 14:01:00,8.25,15051,United Kingdom,8.25
572232,23378,PACK OF 12 50'S CHRISTMAS TISSUES,24,2011-10-21 14:41:00,0.39,16293,United Kingdom,9.36
572237,22574,HEART WOODEN CHRISTMAS DECORATION,12,2011-10-21 14:49:00,0.85,15152,United Kingdom,10.2
572237,23382,BOX OF 6 CHRISTMAS CAKE DECORATIONS,8,2011-10-21 14:49:00,3.75,15152,United Kingdom,30.0
572237,23479,WIRE EGG BASKET ,4,2011-10-21 14:49:00,7.85,15152,United Kingdom,31.4
572240,23457,LARGE PARLOUR PICTURE FRAME,3,2011-10-21 15:18:00,4.95,13709,United Kingdom,14.85
572240,22983,CARD BILLBOARD FONT,12,2011-10-21 15:18:00,0.42,13709,United Kingdom,5.04
572241,22114,HOT WATER BOTTLE TEA AND SYMPATHY,4,2011-10-21 15:20:00,4.25,12712,Germany,17.0
572280,21975,PACK OF 60 DINOSAUR CAKE CASES,2,2011-10-23 11:05:00,0.55,16007,United Kingdom,1.1
572282,84596B,SMALL DOLLY MIX DESIGN ORANGE BOWL,2,2011-10-23 11:39:00,0.42,17634,United Kingdom,0.84
572282,22960,JAM MAKING SET WITH JARS,2,2011-10-23 11:39:00,4.25,17634,United Kingdom,8.5
572287,22911,PAPER CHAIN KIT LONDON,2,2011-10-23 12:26:00,2.95,15584,United Kingdom,5.9
572288,23354,6 GIFT TAGS 50'S CHRISTMAS ,2,2011-10-23 12:28:00,0.83,17377,United Kingdom,1.66
572289,21774,DECORATIVE CATS BATHROOM BOTTLE,1,2011-10-23 12:37:00,1.25,13782,United Kingdom,1.25
572290,21875,KINGS CHOICE MUG,1,2011-10-23 12:46:00,1.25,14800,United Kingdom,1.25
572291,22625,RED KITCHEN SCALES,1,2011-10-23 12:46:00,8.5,16931,United Kingdom,8.5
572290,22534,MAGIC DRAWING SLATE SPACEBOY ,12,2011-10-23 12:46:00,0.42,14800,United Kingdom,5.04
572291,22560,TRADITIONAL MODELLING CLAY,6,2011-10-23 12:46:00,1.25,16931,United Kingdom,7.5
572291,23147,SINGLE ANTIQUE ROSE HOOK IVORY,3,2011-10-23 12:46:00,1.45,16931,United Kingdom,4.35
572290,22865,HAND WARMER OWL DESIGN,3,2011-10-23 12:46:00,2.1,14800,United Kingdom,6.300000000000001
572294,84987,SET OF 36 TEATIME PAPER DOILIES,6,2011-10-23 13:10:00,1.45,13471,United Kingdom,8.7
572302,85183A,CHARLIE & LOLA WASTEPAPER BIN BLUE,1,2011-10-23 14:47:00,1.25,15427,United Kingdom,1.25
572302,22573,STAR WOODEN CHRISTMAS DECORATION,3,2011-10-23 14:47:00,0.85,15427,United Kingdom,2.55
572302,84519B,CARROT CHARLIE+LOLA COASTER SET,3,2011-10-23 14:47:00,1.25,15427,United Kingdom,3.75
572302,22037,ROBOT BIRTHDAY CARD,12,2011-10-23 14:47:00,0.42,15427,United Kingdom,5.04
572303,22150,3 STRIPEY MICE FELTCRAFT,1,2011-10-23 14:56:00,1.95,18109,United Kingdom,1.95
572305,21041,RED RETROSPOT OVEN GLOVE DOUBLE,1,2011-10-23 15:09:00,2.95,17131,United Kingdom,2.95
572306,22896,PEG BAG APPLES DESIGN,1,2011-10-23 15:11:00,2.55,17841,United Kingdom,2.55
572306,22212,FOUR HOOK  WHITE LOVEBIRDS,4,2011-10-23 15:11:00,2.1,17841,United Kingdom,8.4
572306,82580,BATHROOM METAL SIGN,1,2011-10-23 15:11:00,0.55,17841,United Kingdom,0.55
572306,22371,AIRLINE BAG VINTAGE TOKYO 78,2,2011-10-23 15:11:00,4.25,17841,United Kingdom,8.5
572306,23210,WHITE ROCKING HORSE HAND PAINTED,4,2011-10-23 15:11:00,1.25,17841,United Kingdom,5.0
572306,22679,FRENCH BLUE METAL DOOR SIGN 4,1,2011-10-23 15:11:00,1.25,17841,United Kingdom,1.25
572307,22158,3 HEARTS HANGING DECORATION RUSTIC,8,2011-10-23 15:23:00,2.95,16905,United Kingdom,23.6
572307,22144,CHRISTMAS CRAFT LITTLE FRIENDS,7,2011-10-23 15:23:00,2.1,16905,United Kingdom,14.7
572307,23482,PEARLISED IVORY HEART LARGE ,12,2011-10-23 15:23:00,1.65,16905,United Kingdom,19.8
572309,22579,WOODEN TREE CHRISTMAS SCANDINAVIAN,4,2011-10-23 15:29:00,0.29,14432,United Kingdom,1.16
572309,72232,FENG SHUI PILLAR CANDLE,12,2011-10-23 15:29:00,0.19,14432,United Kingdom,2.28
572309,23439,HAND WARMER RED LOVE HEART,2,2011-10-23 15:29:00,2.1,14432,United Kingdom,4.2
572309,23187,FRENCH STYLE STORAGE JAR BONBONS,6,2011-10-23 15:29:00,0.29,14432,United Kingdom,1.7399999999999998
572309,22633,HAND WARMER UNION JACK,2,2011-10-23 15:29:00,2.1,14432,United Kingdom,4.2
572309,22065,CHRISTMAS PUDDING TRINKET POT ,12,2011-10-23 15:29:00,0.39,14432,United Kingdom,4.68
572309,22578,WOODEN STAR CHRISTMAS SCANDINAVIAN,6,2011-10-23 15:29:00,0.29,14432,United Kingdom,1.7399999999999998
572309,85049A,TRADITIONAL CHRISTMAS RIBBONS,1,2011-10-23 15:29:00,1.25,14432,United Kingdom,1.25
572311,84879,ASSORTED COLOUR BIRD ORNAMENT,32,2011-10-23 15:45:00,1.69,14035,United Kingdom,54.08
572312,23075,PARLOUR CERAMIC WALL HOOK,2,2011-10-23 15:47:00,4.15,15022,United Kingdom,8.3
572317,22867,HAND WARMER BIRD DESIGN,2,2011-10-23 16:13:00,2.1,14629,United Kingdom,4.2
572317,23437, 50'S CHRISTMAS GIFT BAG LARGE,2,2011-10-23 16:13:00,1.25,14629,United Kingdom,2.5
572316,21121,SET/10 RED POLKADOT PARTY CANDLES,1,2011-10-23 16:13:00,1.25,17836,United Kingdom,1.25
572318,22756,LARGE YELLOW BABUSHKA NOTEBOOK ,2,2011-10-23 16:19:00,1.25,15436,United Kingdom,2.5
572319,20894,HANGING BAUBLE T-LIGHT HOLDER LARGE,1,2011-10-23 16:19:00,2.95,14704,United Kingdom,2.95
572318,23214,JINGLE BELL HEART ANTIQUE GOLD,1,2011-10-23 16:19:00,2.08,15436,United Kingdom,2.08
572319,21328,BALLOONS  WRITING SET ,1,2011-10-23 16:19:00,1.65,14704,United Kingdom,1.65
572323,22154,ANGEL DECORATION 3 BUTTONS ,48,2011-10-24 09:46:00,0.42,14312,United Kingdom,20.16
572333,22952,60 CAKE CASES VINTAGE CHRISTMAS,24,2011-10-24 10:23:00,0.55,13704,United Kingdom,13.2
572335,23500,KEY RING BASEBALL BOOT ASSORTED ,20,2011-10-24 10:27:00,1.25,14493,United Kingdom,25.0
572342,23064,CINDERELLA CHANDELIER ,40,2011-10-24 10:38:00,10.0,14607,United Kingdom,400.0
572350,21742,LARGE ROUND WICKER PLATTER ,1,2011-10-24 11:33:00,5.95,15516,United Kingdom,5.95
572452,22332,SKULLS PARTY BAG + STICKER SET,8,2011-10-24 12:36:00,1.65,12921,United Kingdom,13.2
572457,22745,POPPY'S PLAYHOUSE BEDROOM ,6,2011-10-24 12:44:00,2.1,12594,Italy,12.6
572458,22086,PAPER CHAIN KIT 50'S CHRISTMAS ,18,2011-10-24 12:51:00,2.95,15142,United Kingdom,53.1
572459,22748,POPPY'S PLAYHOUSE KITCHEN,6,2011-10-24 12:53:00,2.1,14911,EIRE,12.6
572459,22947,WOODEN ADVENT CALENDAR RED,6,2011-10-24 12:53:00,7.95,14911,EIRE,47.7
572460,85099B,JUMBO BAG RED RETROSPOT,20,2011-10-24 12:54:00,2.08,17001,United Kingdom,41.6
572461,22142,CHRISTMAS CRAFT WHITE FAIRY ,1,2011-10-24 12:56:00,1.45,17344,United Kingdom,1.45
572464,22996,TRAVEL CARD WALLET VINTAGE TICKET,1,2011-10-24 13:08:00,0.42,17081,United Kingdom,0.42
572464,23357,HOT WATER BOTTLE SEX BOMB,1,2011-10-24 13:08:00,4.95,17081,United Kingdom,4.95
572475,22662,LUNCH BAG DOLLY GIRL DESIGN,1,2011-10-24 13:37:00,1.65,15271,United Kingdom,1.65
572475,22865,HAND WARMER OWL DESIGN,1,2011-10-24 13:37:00,2.1,15271,United Kingdom,2.1
572483,22966,GINGERBREAD MAN COOKIE CUTTER,1,2011-10-24 13:50:00,1.25,16444,United Kingdom,1.25
572484,23566,EGG CUP MILKMAID HEIDI,4,2011-10-24 13:50:00,1.25,17220,United Kingdom,5.0
572483,23068,ALUMINIUM STAMPED HEART,4,2011-10-24 13:50:00,2.49,16444,United Kingdom,9.96
572484,22487,WHITE WOOD GARDEN PLANT LADDER,1,2011-10-24 13:50:00,9.95,17220,United Kingdom,9.95
572499,22558,CLOTHES PEGS RETROSPOT PACK 24 ,12,2011-10-24 14:10:00,1.65,15786,United Kingdom,19.8
572499,23547,WRAP FLOWER SHOP  ,25,2011-10-24 14:10:00,0.42,15786,United Kingdom,10.5
572499,23555,LANDMARK FRAME NOTTING HILL ,3,2011-10-24 14:10:00,12.5,15786,United Kingdom,37.5
572499,23548,WRAP MAGIC FOREST ,25,2011-10-24 14:10:00,0.42,15786,United Kingdom,10.5
572511,23571,TRADITIONAL NAUGHTS & CROSSES,12,2011-10-24 14:29:00,1.65,14895,United Kingdom,19.8
572517,21327,SKULLS WRITING SET ,3,2011-10-24 14:47:00,1.65,15068,United Kingdom,4.949999999999999
572520,85194S,HANGING SPRING FLOWER EGG SMALL,48,2011-10-24 15:05:00,0.19,13165,United Kingdom,9.12
572521,21843,RED RETROSPOT CAKE STAND,2,2011-10-24 15:19:00,10.95,15844,United Kingdom,21.9
572521,22600,CHRISTMAS RETROSPOT STAR WOOD,12,2011-10-24 15:19:00,0.85,15844,United Kingdom,10.2
572528,21055,TOOL BOX SOFT TOY ,1,2011-10-24 15:43:00,8.95,13176,United Kingdom,8.95
572528,22851,SET 20 NAPKINS FAIRY CAKES DESIGN ,1,2011-10-24 15:43:00,0.85,13176,United Kingdom,0.85
572528,23119,PACK OF 6 LARGE FRUIT STRAWS ,12,2011-10-24 15:43:00,0.62,13176,United Kingdom,7.439999999999999
572542,22865,HAND WARMER OWL DESIGN,12,2011-10-24 16:20:00,2.1,17272,United Kingdom,25.200000000000003
572542,23367,SET 12 COLOUR PENCILS SPACEBOY ,16,2011-10-24 16:20:00,0.65,17272,United Kingdom,10.4
572552,22817,CARD SUKI BIRTHDAY,6,2011-10-24 17:07:00,0.42,14096,United Kingdom,2.52
572552,22314,OFFICE MUG WARMER CHOC+BLUE,3,2011-10-24 17:07:00,5.79,14096,United Kingdom,17.37
572552,22174,PHOTO CUBE,3,2011-10-24 17:07:00,3.29,14096,United Kingdom,9.87
572552,82552,WASHROOM METAL SIGN,2,2011-10-24 17:07:00,2.46,14096,United Kingdom,4.92
572552,22379,RECYCLING BAG RETROSPOT ,1,2011-10-24 17:07:00,4.13,14096,United Kingdom,4.13
572552,84030E,ENGLISH ROSE HOT WATER BOTTLE,1,2011-10-24 17:07:00,8.29,14096,United Kingdom,8.29
572552,22269,EGG CUP NATURAL CHICKEN,1,2011-10-24 17:07:00,2.46,14096,United Kingdom,2.46
572552,22819,"BIRTHDAY CARD, RETRO SPOT",6,2011-10-24 17:07:00,0.42,14096,United Kingdom,2.52
572552,85131B,BEADED CRYSTAL HEART GREEN ON STICK,4,2011-10-24 17:07:00,0.83,14096,United Kingdom,3.32
572558,22991,GIRAFFE WOODEN RULER,12,2011-10-25 08:26:00,1.95,14286,United Kingdom,23.4
572558,22569,FELTCRAFT CUSHION BUTTERFLY,4,2011-10-25 08:26:00,3.75,14286,United Kingdom,15.0
572559,23350,ROLL WRAP VINTAGE SPOT ,12,2011-10-25 08:44:00,1.25,12476,Germany,15.0
572567,23231,WRAP  VINTAGE DOILY ,25,2011-10-25 10:27:00,0.42,12398,Switzerland,10.5
572569,21263,GREEN GOOSE FEATHER TREE 60CM,6,2011-10-25 10:32:00,1.95,17870,United Kingdom,11.7
572569,21509,COWBOYS AND INDIANS BIRTHDAY CARD ,36,2011-10-25 10:32:00,0.42,17870,United Kingdom,15.12
572613,23462,ROCOCO WALL MIRROR WHITE,1,2011-10-25 11:28:00,19.95,15345,United Kingdom,19.95
572650,22631,CIRCUS PARADE LUNCH BOX ,1,2011-10-25 12:00:00,1.95,15506,United Kingdom,1.95
572650,22382,LUNCH BAG SPACEBOY DESIGN ,4,2011-10-25 12:00:00,1.65,15506,United Kingdom,6.6
572650,23078,ICE CREAM PEN LIP GLOSS ,24,2011-10-25 12:00:00,1.25,15506,United Kingdom,30.0
572650,22412,METAL SIGN NEIGHBOURHOOD WITCH ,5,2011-10-25 12:00:00,2.1,15506,United Kingdom,10.5
572651,22564,ALPHABET STENCIL CRAFT,12,2011-10-25 12:06:00,1.25,17350,United Kingdom,15.0
572652,23352,ROLL WRAP 50'S RED CHRISTMAS ,12,2011-10-25 12:11:00,1.25,15805,United Kingdom,15.0
572653,22989,SET 2 PANTRY DESIGN TEA TOWELS,2,2011-10-25 12:12:00,3.25,15861,United Kingdom,6.5
572653,20973,12 PENCIL SMALL TUBE WOODLAND,10,2011-10-25 12:12:00,0.65,15861,United Kingdom,6.5
572655,23170,REGENCY TEA PLATE ROSES ,12,2011-10-25 12:20:00,1.65,16708,United Kingdom,19.8
572657,22178,VICTORIAN GLASS HANGING T-LIGHT,6,2011-10-25 12:27:00,1.95,15615,United Kingdom,11.7
572662,22580,ADVENT CALENDAR GINGHAM SACK,2,2011-10-25 12:54:00,5.95,15443,United Kingdom,11.9
572662,22909,SET OF 20 VINTAGE CHRISTMAS NAPKINS,3,2011-10-25 12:54:00,0.85,15443,United Kingdom,2.55
572662,21584,RETROSPOT SMALL TUBE MATCHES,6,2011-10-25 12:54:00,1.65,15443,United Kingdom,9.9
572663,23332,IVORY WICKER HEART LARGE,4,2011-10-25 12:54:00,1.65,12748,United Kingdom,6.6
572667,21616,4 PEAR BOTANICAL DINNER CANDLES,12,2011-10-25 13:05:00,1.25,15963,United Kingdom,15.0
572668,22750,FELTCRAFT PRINCESS LOLA DOLL,1,2011-10-25 13:07:00,3.75,18045,United Kingdom,3.75
572669,22417,PACK OF 60 SPACEBOY CAKE CASES,1,2011-10-25 13:10:00,0.55,16549,United Kingdom,0.55
572669,22845,VINTAGE CREAM CAT FOOD CONTAINER,2,2011-10-25 13:10:00,6.35,16549,United Kingdom,12.7
572669,82552,WASHROOM METAL SIGN,3,2011-10-25 13:10:00,1.45,16549,United Kingdom,4.35
572671,23380,PACK OF 12 VINTAGE DOILY TISSUES,48,2011-10-25 13:14:00,0.39,13340,United Kingdom,18.72
572673,21499,BLUE POLKADOT WRAP,25,2011-10-25 13:16:00,0.42,13309,United Kingdom,10.5
572675,20986,BLUE CALCULATOR RULER,2,2011-10-25 13:20:00,1.25,17917,United Kingdom,2.5
572676,22728,ALARM CLOCK BAKELIKE PINK,8,2011-10-25 13:30:00,3.75,16258,United Kingdom,30.0
572677,23370,SET 36 COLOURING PENCILS DOILY,2,2011-10-25 13:46:00,1.25,17596,United Kingdom,2.5
572688,20615,BLUE POLKADOT PASSPORT COVER,20,2011-10-25 14:09:00,0.75,13028,United Kingdom,15.0
572688,23301,GARDENERS KNEELING PAD KEEP CALM ,12,2011-10-25 14:09:00,1.65,13028,United Kingdom,19.8
572703,23308,SET OF 60 VINTAGE LEAF CAKE CASES ,2,2011-10-25 14:35:00,0.55,16110,United Kingdom,1.1
572703,23320,GIANT 50'S CHRISTMAS CRACKER,2,2011-10-25 14:35:00,2.89,16110,United Kingdom,5.78
572720,20668,DISCO BALL CHRISTMAS DECORATION,48,2011-10-25 15:04:00,0.12,13978,United Kingdom,5.76
572726,22960,JAM MAKING SET WITH JARS,3,2011-10-25 15:19:00,4.25,16056,United Kingdom,12.75
572726,22998,TRAVEL CARD WALLET KEEP CALM,24,2011-10-25 15:19:00,0.42,16056,United Kingdom,10.08
572732,22711,WRAP CIRCUS PARADE,50,2011-10-25 15:21:00,0.42,18079,United Kingdom,21.0
572732,21977,PACK OF 60 PINK PAISLEY CAKE CASES,24,2011-10-25 15:21:00,0.55,18079,United Kingdom,13.2
572732,22986,WRAP GINGHAM ROSE ,25,2011-10-25 15:21:00,0.42,18079,United Kingdom,10.5
572746,23264,SET OF 3 WOODEN SLEIGH DECORATIONS,2,2011-10-25 16:30:00,1.25,13263,United Kingdom,2.5
572755,21157,RED RETROSPOT WASHBAG,3,2011-10-25 17:31:00,2.1,13601,United Kingdom,6.300000000000001
572755,84032B,CHARLIE + LOLA RED HOT WATER BOTTLE,3,2011-10-25 17:31:00,2.95,13601,United Kingdom,8.850000000000001
572755,20975,12 PENCILS SMALL TUBE RED RETROSPOT,3,2011-10-25 17:31:00,0.65,13601,United Kingdom,1.95
572762,21672,WHITE SPOT RED CERAMIC DRAWER KNOB,12,2011-10-26 09:50:00,1.45,15240,United Kingdom,17.4
572762,23213,STAR WREATH DECORATION WITH BELL,12,2011-10-26 09:50:00,1.25,15240,United Kingdom,15.0
572766,22686,FRENCH BLUE METAL DOOR SIGN No,96,2011-10-26 10:03:00,1.06,16013,United Kingdom,101.76
572767,21212,PACK OF 72 RETROSPOT CAKE CASES,24,2011-10-26 10:11:00,0.55,17865,United Kingdom,13.2
572772,22169,FAMILY ALBUM WHITE PICTURE FRAME,8,2011-10-26 10:29:00,7.65,17511,United Kingdom,61.2
572772,20668,DISCO BALL CHRISTMAS DECORATION,288,2011-10-26 10:29:00,0.1,17511,United Kingdom,28.8
572811,22619,SET OF 6 SOLDIER SKITTLES,4,2011-10-26 11:14:00,3.75,16071,United Kingdom,15.0
572811,22138,BAKING SET 9 PIECE RETROSPOT ,3,2011-10-26 11:14:00,4.95,16071,United Kingdom,14.85
572812,22041,"RECORD FRAME 7"" SINGLE SIZE ",6,2011-10-26 11:19:00,2.55,15089,United Kingdom,15.3
572830,23120,PACK OF 6 SMALL FRUIT STRAWS,2,2011-10-26 11:36:00,0.42,16208,United Kingdom,0.84
572834,23582,VINTAGE DOILY JUMBO BAG RED ,1,2011-10-26 11:46:00,2.08,12748,United Kingdom,2.08
572836,84029G,KNITTED UNION FLAG HOT WATER BOTTLE,1,2011-10-26 11:51:00,4.25,15568,United Kingdom,4.25
572837,23130,MISTLETOE HEART WREATH GREEN,4,2011-10-26 12:01:00,4.15,14754,United Kingdom,16.6
572843,48194,DOORMAT HEARTS,4,2011-10-26 12:06:00,8.25,14315,United Kingdom,33.0
572843,22301,COFFEE MUG CAT + BIRD DESIGN,12,2011-10-26 12:06:00,2.55,14315,United Kingdom,30.6
572846,23307,SET OF 60 PANTRY DESIGN CAKE CASES ,12,2011-10-26 12:14:00,0.55,14550,United Kingdom,6.6000000000000005
572847,22294,HEART FILIGREE DOVE  SMALL,1,2011-10-26 12:15:00,1.25,14606,United Kingdom,1.25
572848,22588,CARD HOLDER GINGHAM HEART,6,2011-10-26 12:19:00,2.89,16188,United Kingdom,17.34
572853,23436,VINTAGE CHRISTMAS GIFT BAG LARGE ,12,2011-10-26 12:28:00,1.25,17712,United Kingdom,15.0
572857,23084,RABBIT NIGHT LIGHT,72,2011-10-26 12:31:00,1.79,16701,United Kingdom,128.88
572859,72127,COLUMBIAN CANDLE ROUND ,2,2011-10-26 12:39:00,1.25,16418,United Kingdom,2.5
572860,22952,60 CAKE CASES VINTAGE CHRISTMAS,24,2011-10-26 12:42:00,0.55,17470,United Kingdom,13.2
572860,20725,LUNCH BAG RED RETROSPOT,10,2011-10-26 12:42:00,1.65,17470,United Kingdom,16.5
572860,21824,PAINTED METAL STAR WITH HOLLY BELLS,24,2011-10-26 12:42:00,0.39,17470,United Kingdom,9.36
572861,21673,WHITE SPOT BLUE CERAMIC DRAWER KNOB,6,2011-10-26 12:46:00,1.45,14102,United Kingdom,8.7
572866,82583,HOT BATHS METAL SIGN,1,2011-10-26 13:07:00,2.1,15005,United Kingdom,2.1
572868,23215,JINGLE BELL HEART ANTIQUE SILVER,7,2011-10-26 13:20:00,2.08,17564,United Kingdom,14.56
572872,23068,ALUMINIUM STAMPED HEART,1,2011-10-26 13:27:00,2.49,15320,United Kingdom,2.49
572872,21888,BINGO SET,2,2011-10-26 13:27:00,3.75,15320,United Kingdom,7.5
572872,22577,WOODEN HEART CHRISTMAS SCANDINAVIAN,240,2011-10-26 13:27:00,0.29,15320,United Kingdom,69.6
572882,21914,BLUE HARMONICA IN BOX ,12,2011-10-26 13:36:00,1.25,18226,United Kingdom,15.0
572884,23404,HOME SWEET HOME BLACKBOARD,6,2011-10-26 13:44:00,4.95,13924,United Kingdom,29.700000000000003
572885,22674,FRENCH TOILET SIGN BLUE METAL,2,2011-10-26 13:45:00,1.25,15311,United Kingdom,2.5
572887,23040,PAPER LANTERN 9 POINT SNOW STAR ,3,2011-10-26 13:47:00,5.75,12362,Belgium,17.25
572892,23190,BUNDLE OF 3 SCHOOL EXERCISE BOOKS  ,12,2011-10-26 14:20:00,1.65,17017,United Kingdom,19.8
572904,22090,PAPER BUNTING RETROSPOT,6,2011-10-26 15:31:00,2.95,17175,United Kingdom,17.700000000000003
572905,22578,WOODEN STAR CHRISTMAS SCANDINAVIAN,6,2011-10-26 15:39:00,0.29,14690,United Kingdom,1.7399999999999998
572906,23301,GARDENERS KNEELING PAD KEEP CALM ,12,2011-10-26 15:43:00,1.65,17557,United Kingdom,19.8
572909,20838,FRENCH LATTICE CUSHION COVER ,6,2011-10-26 15:48:00,0.85,15821,United Kingdom,5.1
572910,20973,12 PENCIL SMALL TUBE WOODLAND,48,2011-10-26 15:58:00,0.65,15990,United Kingdom,31.200000000000003
572910,21755,LOVE BUILDING BLOCK WORD,1,2011-10-26 15:58:00,6.25,15990,United Kingdom,6.25
572911,23355,HOT WATER BOTTLE KEEP CALM,2,2011-10-26 16:03:00,4.95,16345,United Kingdom,9.9
572911,82482,WOODEN PICTURE FRAME WHITE FINISH,6,2011-10-26 16:03:00,2.95,16345,United Kingdom,17.700000000000003
572912,20802,SMALL GLASS SUNDAE DISH CLEAR,3,2011-10-26 16:07:00,1.65,16915,United Kingdom,4.949999999999999
572913,85123A,WHITE HANGING HEART T-LIGHT HOLDER,4,2011-10-26 16:21:00,2.95,15993,United Kingdom,11.8
572913,23280,FOLDING BUTTERFLY MIRROR HOT PINK ,2,2011-10-26 16:21:00,0.83,15993,United Kingdom,1.66
572913,22548,HEADS AND TAILS SPORTING FUN,2,2011-10-26 16:21:00,1.25,15993,United Kingdom,2.5
572913,20914,SET/5 RED RETROSPOT LID GLASS BOWLS,1,2011-10-26 16:21:00,2.95,15993,United Kingdom,2.95
572913,21530,DAIRY MAID TOASTRACK,2,2011-10-26 16:21:00,0.79,15993,United Kingdom,1.58
572918,21509,COWBOYS AND INDIANS BIRTHDAY CARD ,12,2011-10-26 16:43:00,0.42,14379,United Kingdom,5.04
572918,22730,ALARM CLOCK BAKELIKE IVORY,1,2011-10-26 16:43:00,3.75,14379,United Kingdom,3.75
572921,22789,T-LIGHT HOLDER SWEETHEART HANGING,4,2011-10-26 16:57:00,1.95,15993,United Kingdom,7.8
572926,21523,DOORMAT FANCY FONT HOME SWEET HOME,4,2011-10-27 09:23:00,8.25,15659,United Kingdom,33.0
572933,20728,LUNCH BAG CARS BLUE,10,2011-10-27 10:15:00,1.65,13458,United Kingdom,16.5
572933,22630,DOLLY GIRL LUNCH BOX,12,2011-10-27 10:15:00,1.95,13458,United Kingdom,23.4
572946,23470,CARD HOLDER LOVE BIRD LARGE ,2,2011-10-27 10:36:00,6.25,13988,United Kingdom,12.5
572946,23452,HEART MINI PORTRAIT FRAME,6,2011-10-27 10:36:00,1.95,13988,United Kingdom,11.7
572960,22469,HEART OF WICKER SMALL,12,2011-10-27 10:40:00,1.65,18154,United Kingdom,19.8
572964,23368,SET 12 COLOUR PENCILS DOLLY GIRL ,16,2011-10-27 10:41:00,0.65,12630,Finland,10.4
573000,21888,BINGO SET,8,2011-10-27 11:55:00,3.75,14752,United Kingdom,30.0
573002,22630,DOLLY GIRL LUNCH BOX,128,2011-10-27 12:09:00,1.65,14646,Netherlands,211.2
573005,17003,BROCADE RING PURSE ,720,2011-10-27 12:13:00,0.25,17414,United Kingdom,180.0
573019,22910,PAPER CHAIN KIT VINTAGE CHRISTMAS,6,2011-10-27 12:33:00,2.95,15145,United Kingdom,17.700000000000003
573020,22699,ROSES REGENCY TEACUP AND SAUCER ,6,2011-10-27 12:37:00,2.95,14842,United Kingdom,17.700000000000003
573023,23485,BOTANICAL GARDENS WALL CLOCK ,2,2011-10-27 12:53:00,25.0,13882,United Kingdom,50.0
573023,23462,ROCOCO WALL MIRROR WHITE,3,2011-10-27 12:53:00,19.95,13882,United Kingdom,59.85
573027,22938,CUPCAKE LACE PAPER SET 6,24,2011-10-27 13:26:00,1.95,18225,United Kingdom,46.8
573029,84051,ASS COLOUR GLOWING TIARAS,1,2011-10-27 13:33:00,0.85,14971,United Kingdom,0.85
573029,21915,RED  HARMONICA IN BOX ,4,2011-10-27 13:33:00,1.25,14971,United Kingdom,5.0
573029,84559A,3D SHEET OF DOG STICKERS,1,2011-10-27 13:33:00,0.85,14971,United Kingdom,0.85
573032,23109,PACK OF SIX LED TEA LIGHTS,1,2011-10-27 13:36:00,2.89,18211,United Kingdom,2.89
573035,47559B,TEA TIME OVEN GLOVE,10,2011-10-27 13:43:00,1.25,12433,Norway,12.5
573036,23112,PARISIENNE CURIO CABINET,2,2011-10-27 13:44:00,7.5,12437,France,15.0
573038,82482,WOODEN PICTURE FRAME WHITE FINISH,3,2011-10-27 13:48:00,2.95,17545,United Kingdom,8.850000000000001
573038,23493,VINTAGE DOILY TRAVEL SEWING KIT,3,2011-10-27 13:48:00,1.95,17545,United Kingdom,5.85
573066,21260,FIRST AID TIN,2,2011-10-27 13:53:00,3.25,16026,United Kingdom,6.5
573066,22919,HERB MARKER MINT,12,2011-10-27 13:53:00,0.65,16026,United Kingdom,7.800000000000001
573066,22435,SET OF 9 HEART SHAPED BALLOONS,10,2011-10-27 13:53:00,1.25,16026,United Kingdom,12.5
573068,22505,MEMO BOARD COTTAGE DESIGN,1,2011-10-27 13:56:00,4.95,17545,United Kingdom,4.95
573068,85034C,3 ROSE MORRIS BOXED CANDLES,1,2011-10-27 13:56:00,1.25,17545,United Kingdom,1.25
573068,21174,POTTERING IN THE SHED METAL SIGN,1,2011-10-27 13:56:00,2.08,17545,United Kingdom,2.08
573074,22197,POPCORN HOLDER,12,2011-10-27 14:03:00,0.85,16265,United Kingdom,10.2
573075,23196,VINTAGE LEAF MAGNETIC NOTEPAD,1,2011-10-27 14:04:00,1.45,17545,United Kingdom,1.45
573076,21914,BLUE HARMONICA IN BOX ,12,2011-10-27 14:05:00,1.25,13488,United Kingdom,15.0
573078,22457,NATURAL SLATE HEART CHALKBOARD ,6,2011-10-27 14:13:00,2.95,12839,United Kingdom,17.700000000000003
573078,23076,ICE CREAM SUNDAE LIP GLOSS,24,2011-10-27 14:13:00,1.25,12839,United Kingdom,30.0
573083,23556,LANDMARK FRAME COVENT GARDEN ,2,2011-10-27 14:22:00,12.5,13735,United Kingdom,25.0
573083,23542,WALL ART 70'S ALPHABET ,3,2011-10-27 14:22:00,8.25,13735,United Kingdom,24.75
573083,23535,WALL ART BICYCLE SAFETY,3,2011-10-27 14:22:00,5.95,13735,United Kingdom,17.85
573083,22622,BOX OF VINTAGE ALPHABET BLOCKS,2,2011-10-27 14:22:00,11.95,13735,United Kingdom,23.9
573083,21174,POTTERING IN THE SHED METAL SIGN,3,2011-10-27 14:22:00,2.08,13735,United Kingdom,6.24
573085,23397,FOOT STOOL HOME SWEET HOME ,2,2011-10-27 14:27:00,9.95,14441,United Kingdom,19.9
573093,23234,BISCUIT TIN VINTAGE CHRISTMAS,1,2011-10-27 14:38:00,2.89,18283,United Kingdom,2.89
573094,21181,PLEASE ONE PERSON METAL SIGN,2,2011-10-27 14:39:00,2.1,15707,United Kingdom,4.2
573100,22629,SPACEBOY LUNCH BOX ,12,2011-10-27 14:49:00,1.95,17528,United Kingdom,23.4
573108,22585,PACK OF 6 BIRDY GIFT TAGS,12,2011-10-27 15:09:00,1.25,12430,Norway,15.0
573109,22193,RED DINER WALL CLOCK,2,2011-10-27 15:19:00,8.5,15144,United Kingdom,17.0
573109,22112,CHOCOLATE HOT WATER BOTTLE,6,2011-10-27 15:19:00,4.95,15144,United Kingdom,29.700000000000003
573112,23310,BUBBLEGUM RING ASSORTED,36,2011-10-27 15:33:00,0.42,16416,United Kingdom,15.12
573117,22726,ALARM CLOCK BAKELIKE GREEN,4,2011-10-27 16:11:00,3.75,16688,United Kingdom,15.0
573123,22150,3 STRIPEY MICE FELTCRAFT,6,2011-10-27 16:23:00,1.95,13654,United Kingdom,11.7
573122,22667,RECIPE BOX RETROSPOT ,4,2011-10-27 16:23:00,2.95,14357,United Kingdom,11.8
573130,23439,HAND WARMER RED LOVE HEART,12,2011-10-27 16:41:00,2.1,13969,United Kingdom,25.200000000000003
573130,22099,CARAVAN SQUARE TISSUE BOX,36,2011-10-27 16:41:00,0.39,13969,United Kingdom,14.04
573131,23284,DOORMAT KEEP CALM AND COME IN,2,2011-10-27 16:44:00,8.25,15622,United Kingdom,16.5
573135,23198,PANTRY MAGNETIC  SHOPPING LIST,12,2011-10-27 17:00:00,1.45,12952,United Kingdom,17.4
573136,21916,SET 12 RETRO WHITE CHALK STICKS,24,2011-10-27 17:00:00,0.42,12709,Germany,10.08
573135,22722,SET OF 6 SPICE TINS PANTRY DESIGN,4,2011-10-27 17:00:00,3.95,12952,United Kingdom,15.8
573139,23201,JUMBO BAG ALPHABET,1,2011-10-27 17:29:00,2.08,14716,United Kingdom,2.08
573139,22319,HAIRCLIPS FORTIES FABRIC ASSORTED,12,2011-10-27 17:29:00,0.65,14716,United Kingdom,7.800000000000001
573143,23293,SET OF 12 FAIRY CAKE BAKING CASES,8,2011-10-27 17:56:00,0.83,13098,United Kingdom,6.64
573151,22083,PAPER CHAIN KIT RETROSPOT,2,2011-10-27 20:09:00,2.95,17602,United Kingdom,5.9
573151,79190B,RETRO PLASTIC POLKA TRAY,5,2011-10-27 20:09:00,0.42,17602,United Kingdom,2.1
573151,20974,12 PENCILS SMALL TUBE SKULL,4,2011-10-27 20:09:00,0.65,17602,United Kingdom,2.6
573151,23100,SILVER BELLS TABLE DECORATION,12,2011-10-27 20:09:00,1.25,17602,United Kingdom,15.0
573155,22650,CERAMIC PIRATE CHEST MONEY BANK,12,2011-10-28 08:34:00,1.45,13632,United Kingdom,17.4
573159,84946,ANTIQUE SILVER T-LIGHT GLASS,12,2011-10-28 08:58:00,1.25,16648,United Kingdom,15.0
573168,20685,DOORMAT RED RETROSPOT,10,2011-10-28 09:39:00,7.08,13798,United Kingdom,70.8
573179,23558,LANDMARK FRAME LONDON BRIDGE ,24,2011-10-28 10:56:00,10.95,13199,United Kingdom,262.79999999999995
573183,46138B,BLUE CHENILLE SHAGGY CUSHION COVER ,2,2011-10-28 11:33:00,0.85,15028,United Kingdom,1.7
573245,23400,SHELF WITH 4 HOOKS HOME SWEET HOME,1,2011-10-28 12:08:00,6.25,17841,United Kingdom,6.25
573248,21588,RETROSPOT GIANT TUBE MATCHES,6,2011-10-28 12:09:00,2.55,14498,United Kingdom,15.3
573263,23308,SET OF 60 VINTAGE LEAF CAKE CASES ,240,2011-10-28 12:34:00,0.42,13694,United Kingdom,100.8
573264,21535,RED RETROSPOT SMALL MILK JUG,1,2011-10-28 12:36:00,2.55,14415,United Kingdom,2.55
573264,23582,VINTAGE DOILY JUMBO BAG RED ,10,2011-10-28 12:36:00,2.08,14415,United Kingdom,20.8
573265,82494L,WOODEN FRAME ANTIQUE WHITE ,6,2011-10-28 12:39:00,2.95,16150,United Kingdom,17.700000000000003
573269,22635,CHILDS BREAKFAST SET DOLLY GIRL ,1,2011-10-28 13:00:00,9.95,16764,United Kingdom,9.95
573270,23081,GREEN METAL BOX ARMY SUPPLIES,4,2011-10-28 13:00:00,8.25,17418,United Kingdom,33.0
573275,84347,ROTATING SILVER ANGELS T-LIGHT HLDR,3,2011-10-28 13:12:00,2.55,15311,United Kingdom,7.649999999999999
573275,23032,DRAWER KNOB CRACKLE GLAZE IVORY,12,2011-10-28 13:12:00,1.65,15311,United Kingdom,19.8
573275,22758,LARGE PURPLE BABUSHKA NOTEBOOK  ,3,2011-10-28 13:12:00,1.25,15311,United Kingdom,3.75
573276,20979,36 PENCILS TUBE RED RETROSPOT,16,2011-10-28 13:14:00,1.25,13985,United Kingdom,20.0
573277,21619,4 VANILLA BOTANICAL CANDLES,1,2011-10-28 13:18:00,1.25,14606,United Kingdom,1.25
573280,23481,PEARLISED IVORY HEART SMALL ,12,2011-10-28 13:42:00,1.25,14221,United Kingdom,15.0
573287,22780,LIGHT GARLAND BUTTERFILES PINK,4,2011-10-28 14:42:00,4.25,14194,United Kingdom,17.0
573287,21533,RETROSPOT LARGE MILK JUG,3,2011-10-28 14:42:00,4.95,14194,United Kingdom,14.85
573288,23581,JUMBO BAG PAISLEY PARK,10,2011-10-28 14:42:00,2.08,14194,United Kingdom,20.8
573287,23168,CLASSIC CAFE SUGAR DISPENSER,12,2011-10-28 14:42:00,1.25,14194,United Kingdom,15.0
573291,22595,GINGHAM HEART DECORATION,12,2011-10-28 14:51:00,0.85,16554,United Kingdom,10.2
573291,21314,SMALL GLASS HEART TRINKET POT,8,2011-10-28 14:51:00,2.1,16554,United Kingdom,16.8
573300,21154,RED RETROSPOT OVEN GLOVE ,4,2011-10-28 16:10:00,1.25,16049,United Kingdom,5.0
573300,22077,6 RIBBONS RUSTIC CHARM,1,2011-10-28 16:10:00,1.95,16049,United Kingdom,1.95
573300,22904,CALENDAR PAPER CUT DESIGN,2,2011-10-28 16:10:00,2.95,16049,United Kingdom,5.9
573305,22646,CERAMIC STRAWBERRY CAKE MONEY BANK,12,2011-10-28 16:13:00,1.45,17837,United Kingdom,17.4
573311,22428,ENAMEL FIRE BUCKET CREAM,1,2011-10-28 16:45:00,6.95,14071,United Kingdom,6.95
573311,22186,RED STAR CARD HOLDER,2,2011-10-28 16:45:00,1.95,14071,United Kingdom,3.9
573311,21340,CLASSIC METAL BIRDCAGE PLANT HOLDER,1,2011-10-28 16:45:00,12.75,14071,United Kingdom,12.75
573314,23350,ROLL WRAP VINTAGE SPOT ,1,2011-10-28 17:26:00,1.25,16987,United Kingdom,1.25
573315,22560,TRADITIONAL MODELLING CLAY,10,2011-10-28 17:27:00,1.25,17839,United Kingdom,12.5
573319,21833,CAMOUFLAGE LED TORCH,12,2011-10-30 10:18:00,1.69,17651,United Kingdom,20.28
573319,23581,JUMBO BAG PAISLEY PARK,10,2011-10-30 10:18:00,2.08,17651,United Kingdom,20.8
573320,22727,ALARM CLOCK BAKELIKE RED ,50,2011-10-30 10:29:00,3.39,15513,United Kingdom,169.5
573320,22726,ALARM CLOCK BAKELIKE GREEN,50,2011-10-30 10:29:00,3.39,15513,United Kingdom,169.5
573323,21754,HOME BUILDING BLOCK WORD,2,2011-10-30 10:54:00,6.25,15708,United Kingdom,12.5
573323,23540,WALL ART THE MAGIC FOREST ,1,2011-10-30 10:54:00,6.95,15708,United Kingdom,6.95
573323,22726,ALARM CLOCK BAKELIKE GREEN,2,2011-10-30 10:54:00,3.75,15708,United Kingdom,7.5
573323,82494L,WOODEN FRAME ANTIQUE WHITE ,6,2011-10-30 10:54:00,2.95,15708,United Kingdom,17.700000000000003
573323,21756,BATH BUILDING BLOCK WORD,2,2011-10-30 10:54:00,6.25,15708,United Kingdom,12.5
573328,22646,CERAMIC STRAWBERRY CAKE MONEY BANK,1,2011-10-30 11:09:00,1.45,16601,United Kingdom,1.45
573330,20723,STRAWBERRY CHARLOTTE BAG,4,2011-10-30 11:22:00,0.85,16923,United Kingdom,3.4
573330,22580,ADVENT CALENDAR GINGHAM SACK,1,2011-10-30 11:22:00,5.95,16923,United Kingdom,5.95
573335,23355,HOT WATER BOTTLE KEEP CALM,1,2011-10-30 11:35:00,4.95,15059,United Kingdom,4.95
573335,21181,PLEASE ONE PERSON METAL SIGN,1,2011-10-30 11:35:00,2.1,15059,United Kingdom,2.1
573337,48194,DOORMAT HEARTS,10,2011-10-30 11:42:00,7.08,17018,United Kingdom,70.8
573338,23439,HAND WARMER RED LOVE HEART,5,2011-10-30 11:47:00,2.1,14546,United Kingdom,10.5
573338,23328,SET 6 SCHOOL MILK BOTTLES IN CRATE,8,2011-10-30 11:47:00,3.75,14546,United Kingdom,30.0
573341,21918,SET 12 KIDS COLOUR  CHALK STICKS,24,2011-10-30 11:55:00,0.42,16949,United Kingdom,10.08
573341,22818,CARD CHRISTMAS VILLAGE,12,2011-10-30 11:55:00,0.42,16949,United Kingdom,5.04
573340,22609,PENS ASSORTED SPACEBALL,36,2011-10-30 11:55:00,0.19,14159,United Kingdom,6.84
573340,35923,CANDY HEART HANGING DECORATION,9,2011-10-30 11:55:00,0.39,14159,United Kingdom,3.51
573342,82580,BATHROOM METAL SIGN,25,2011-10-30 11:56:00,0.55,14582,United Kingdom,13.750000000000002
573344,23266,SET OF 3 WOODEN STOCKING DECORATION,5,2011-10-30 12:07:00,1.25,14179,United Kingdom,6.25
573345,22809,SET OF 6 T-LIGHTS SANTA,1,2011-10-30 12:14:00,2.95,17609,United Kingdom,2.95
573345,21619,4 VANILLA BOTANICAL CANDLES,1,2011-10-30 12:14:00,1.25,17609,United Kingdom,1.25
573345,22574,HEART WOODEN CHRISTMAS DECORATION,3,2011-10-30 12:14:00,0.85,17609,United Kingdom,2.55
573346,22152,PLACE SETTING WHITE STAR,1,2011-10-30 12:18:00,0.42,17255,United Kingdom,0.42
573346,22163,HEART STRING MEMO HOLDER HANGING,4,2011-10-30 12:18:00,0.79,17255,United Kingdom,3.16
573346,23339,EGG FRYING PAN BLUE ,1,2011-10-30 12:18:00,2.08,17255,United Kingdom,2.08
573347,23570,TRADITIONAL PICK UP STICKS GAME ,4,2011-10-30 12:26:00,1.25,13137,United Kingdom,5.0
573347,22086,PAPER CHAIN KIT 50'S CHRISTMAS ,4,2011-10-30 12:26:00,2.95,13137,United Kingdom,11.8
573347,22952,60 CAKE CASES VINTAGE CHRISTMAS,4,2011-10-30 12:26:00,0.55,13137,United Kingdom,2.2
573347,20728,LUNCH BAG CARS BLUE,2,2011-10-30 12:26:00,1.65,13137,United Kingdom,3.3
573347,84029E,RED WOOLLY HOTTIE WHITE HEART.,2,2011-10-30 12:26:00,4.25,13137,United Kingdom,8.5
573349,23389,SPACEBOY MINI BACKPACK,1,2011-10-30 12:28:00,4.15,17609,United Kingdom,4.15
573350,85034B,3 WHITE CHOC MORRIS BOXED CANDLES,24,2011-10-30 12:32:00,1.25,17725,United Kingdom,30.0
573358,22086,PAPER CHAIN KIT 50'S CHRISTMAS ,6,2011-10-30 12:46:00,2.95,17213,United Kingdom,17.700000000000003
573358,82494L,WOODEN FRAME ANTIQUE WHITE ,6,2011-10-30 12:46:00,2.95,17213,United Kingdom,17.700000000000003
573360,23538,WALL ART VINTAGE HEART,1,2011-10-30 12:51:00,4.95,15748,United Kingdom,4.95
573360,21754,HOME BUILDING BLOCK WORD,1,2011-10-30 12:51:00,6.25,15748,United Kingdom,6.25
573361,51014L,"FEATHER PEN,LIGHT PINK",24,2011-10-30 12:53:00,0.39,14456,United Kingdom,9.36
573362,23388,WOODLAND MINI BACKPACK,4,2011-10-30 13:06:00,4.15,12597,Spain,16.6
573362,23399,HOME SWEET HOME HANGING HEART,12,2011-10-30 13:06:00,0.85,12597,Spain,10.2
573363,16161P,WRAP ENGLISH ROSE ,25,2011-10-30 13:06:00,0.42,16079,United Kingdom,10.5
573367,22720,SET OF 3 CAKE TINS PANTRY DESIGN ,3,2011-10-30 13:17:00,4.95,16145,United Kingdom,14.85
573366,22942,CHRISTMAS LIGHTS 10 SANTAS ,2,2011-10-30 13:17:00,8.5,16361,United Kingdom,17.0
573367,23295,SET OF 12 MINI LOAF BAKING CASES,16,2011-10-30 13:17:00,0.83,16145,United Kingdom,13.28
573368,22300,COFFEE MUG DOG + BALL DESIGN,6,2011-10-30 13:18:00,2.55,14507,United Kingdom,15.3
573369,21055,TOOL BOX SOFT TOY ,1,2011-10-30 13:19:00,8.95,16049,United Kingdom,8.95
573369,84978,HANGING HEART JAR T-LIGHT HOLDER,5,2011-10-30 13:19:00,1.25,16049,United Kingdom,6.25
573371,21080,SET/20 RED RETROSPOT PAPER NAPKINS ,12,2011-10-30 13:34:00,0.85,13113,United Kingdom,10.2
573373,22271,FELTCRAFT DOLL ROSIE,1,2011-10-30 13:37:00,2.95,14684,United Kingdom,2.95
573373,21975,PACK OF 60 DINOSAUR CAKE CASES,2,2011-10-30 13:37:00,0.55,14684,United Kingdom,1.1
573373,20727,LUNCH BAG  BLACK SKULL.,1,2011-10-30 13:37:00,1.65,14684,United Kingdom,1.65
573373,21213,PACK OF 72 SKULL CAKE CASES,3,2011-10-30 13:37:00,0.55,14684,United Kingdom,1.65
573375,21731,RED TOADSTOOL LED NIGHT LIGHT,24,2011-10-30 13:42:00,1.65,15521,United Kingdom,39.6
573377,21744,SNOWFLAKE PORTABLE TABLE LIGHT ,3,2011-10-30 13:51:00,2.95,14653,United Kingdom,8.850000000000001
573377,22726,ALARM CLOCK BAKELIKE GREEN,1,2011-10-30 13:51:00,3.75,14653,United Kingdom,3.75
573379,22111,SCOTTIE DOG HOT WATER BOTTLE,3,2011-10-30 14:03:00,4.95,15680,United Kingdom,14.85
573380,84347,ROTATING SILVER ANGELS T-LIGHT HLDR,3,2011-10-30 14:04:00,2.55,14572,United Kingdom,7.649999999999999
573381,23154,SET OF 4 JAM JAR MAGNETS,2,2011-10-30 14:05:00,2.08,17590,United Kingdom,4.16
573381,22161,HEART DECORATION RUSTIC HANGING ,2,2011-10-30 14:05:00,0.19,17590,United Kingdom,0.38
573381,23583,LUNCH BAG PAISLEY PARK  ,4,2011-10-30 14:05:00,1.65,17590,United Kingdom,6.6
573381,71038,WHITE HANGING BEADS CANDLE HOLDER,1,2011-10-30 14:05:00,5.45,17590,United Kingdom,5.45
573381,23344,JUMBO BAG 50'S CHRISTMAS ,2,2011-10-30 14:05:00,2.08,17590,United Kingdom,4.16
573381,22759,SET OF 3 NOTEBOOKS IN PARCEL,4,2011-10-30 14:05:00,1.65,17590,United Kingdom,6.6
573382,48185,DOORMAT FAIRY CAKE,2,2011-10-30 14:15:00,8.25,17655,United Kingdom,16.5
573385,23203,JUMBO BAG VINTAGE DOILY ,20,2011-10-30 14:21:00,2.08,13421,United Kingdom,41.6
573387,22867,HAND WARMER BIRD DESIGN,1,2011-10-30 14:33:00,2.1,15054,United Kingdom,2.1
573387,23353,6 GIFT TAGS VINTAGE CHRISTMAS ,2,2011-10-30 14:33:00,0.83,15054,United Kingdom,1.66
573390,23283,DOORMAT VINTAGE LEAF,2,2011-10-30 14:53:00,8.25,17213,United Kingdom,16.5
573391,23318,BOX OF 6 MINI VINTAGE CRACKERS,24,2011-10-30 14:57:00,2.49,14911,EIRE,59.760000000000005
573395,23231,WRAP  VINTAGE DOILY ,25,2011-10-30 15:11:00,0.42,15385,United Kingdom,10.5
573396,22465,HANGING METAL STAR LANTERN,2,2011-10-30 15:13:00,1.65,14723,United Kingdom,3.3
573401,21987,PACK OF 6 SKULL PAPER CUPS,12,2011-10-30 15:43:00,0.65,12364,Belgium,7.800000000000001
573401,21086,SET/6 RED SPOTTY PAPER CUPS,12,2011-10-30 15:43:00,0.65,12364,Belgium,7.800000000000001
573404,23439,HAND WARMER RED LOVE HEART,24,2011-10-30 15:50:00,2.1,14295,United Kingdom,50.400000000000006
573405,84978,HANGING HEART JAR T-LIGHT HOLDER,6,2011-10-30 15:55:00,1.25,13822,United Kingdom,7.5
573405,21132,SILVER STANDING GNOME   ,1,2011-10-30 15:55:00,4.25,13822,United Kingdom,4.25
573405,23329,DECORATIVE WICKER HEART LARGE,3,2011-10-30 15:55:00,1.65,13822,United Kingdom,4.949999999999999
573406,20712,JUMBO BAG WOODLAND ANIMALS,10,2011-10-30 15:57:00,2.08,14112,United Kingdom,20.8
573406,22383,LUNCH BAG SUKI DESIGN ,10,2011-10-30 15:57:00,1.65,14112,United Kingdom,16.5
573406,20725,LUNCH BAG RED RETROSPOT,10,2011-10-30 15:57:00,1.65,14112,United Kingdom,16.5
573406,23203,JUMBO BAG VINTAGE DOILY ,10,2011-10-30 15:57:00,2.08,14112,United Kingdom,20.8
573406,22086,PAPER CHAIN KIT 50'S CHRISTMAS ,6,2011-10-30 15:57:00,2.95,14112,United Kingdom,17.700000000000003
573407,22329,ROUND CONTAINER SET OF 5 RETROSPOT,1,2011-10-30 15:58:00,1.65,18067,United Kingdom,1.65
573407,22734,SET OF 6 RIBBONS VINTAGE CHRISTMAS,1,2011-10-30 15:58:00,2.89,18067,United Kingdom,2.89
573407,22628,PICNIC BOXES SET OF 3 RETROSPOT ,1,2011-10-30 15:58:00,4.95,18067,United Kingdom,4.95
573407,22079,RIBBON REEL HEARTS DESIGN ,5,2011-10-30 15:58:00,1.65,18067,United Kingdom,8.25
573413,48173C,DOORMAT BLACK FLOCK ,1,2011-10-30 16:12:00,8.25,15444,United Kingdom,8.25
573414,21803,CHRISTMAS TREE STAR DECORATION,5,2011-10-30 16:15:00,0.42,16877,United Kingdom,2.1
573415,82482,WOODEN PICTURE FRAME WHITE FINISH,2,2011-10-30 16:17:00,2.95,13607,United Kingdom,5.9
573415,21912,VINTAGE SNAKES & LADDERS,2,2011-10-30 16:17:00,3.75,13607,United Kingdom,7.5
573415,90162B,ANT SILVER LIME GREEN BOUDICCA RING,1,2011-10-30 16:17:00,2.95,13607,United Kingdom,2.95
573417,23414,ZINC BOX SIGN HOME,1,2011-10-31 08:56:00,9.95,12581,Germany,9.95
573420,21137,BLACK RECORD COVER FRAME,16,2011-10-31 09:48:00,3.75,18223,United Kingdom,60.0
573420,23439,HAND WARMER RED LOVE HEART,96,2011-10-31 09:48:00,1.85,18223,United Kingdom,177.60000000000002
573420,84347,ROTATING SILVER ANGELS T-LIGHT HLDR,48,2011-10-31 09:48:00,2.55,18223,United Kingdom,122.4
573425,23318,BOX OF 6 MINI VINTAGE CRACKERS,6,2011-10-31 10:05:00,2.49,16836,United Kingdom,14.94
573428,23480,MINI LIGHTS WOODLAND MUSHROOMS,4,2011-10-31 10:19:00,3.75,12571,France,15.0
573442,21479,WHITE SKULL HOT WATER BOTTLE ,4,2011-10-31 10:42:00,4.25,12488,France,17.0
573481,23173,REGENCY TEAPOT ROSES ,2,2011-10-31 11:10:00,9.95,13994,United Kingdom,19.9
573485,23329,DECORATIVE WICKER HEART LARGE,3,2011-10-31 11:37:00,1.65,15752,United Kingdom,4.949999999999999
573485,23506,MINI PLAYING CARDS SPACEBOY ,4,2011-10-31 11:37:00,0.42,15752,United Kingdom,1.68
573492,23495,SET OF 3 PANTRY WOODEN SPOONS,2,2011-10-31 11:57:00,1.25,13544,United Kingdom,2.5
573496,47421,ASSORTED COLOUR LIZARD SUCTION HOOK,2,2011-10-31 11:59:00,0.42,17841,United Kingdom,0.84
573500,23581,JUMBO BAG PAISLEY PARK,3,2011-10-31 12:01:00,2.08,16931,United Kingdom,6.24
573500,23469,CARD HOLDER LOVE BIRD SMALL,1,2011-10-31 12:01:00,4.15,16931,United Kingdom,4.15
573501,22689,DOORMAT MERRY CHRISTMAS RED ,4,2011-10-31 12:02:00,8.25,18055,United Kingdom,33.0
573511,23084,RABBIT NIGHT LIGHT,48,2011-10-31 12:25:00,1.79,12347,Iceland,85.92
573512,22577,WOODEN HEART CHRISTMAS SCANDINAVIAN,24,2011-10-31 12:30:00,0.29,17951,United Kingdom,6.959999999999999
573544,22467,GUMBALL COAT RACK,5,2011-10-31 13:11:00,2.55,12856,United Kingdom,12.75
573545,22139,RETROSPOT TEA SET CERAMIC 11 PC ,3,2011-10-31 13:12:00,4.95,16969,United Kingdom,14.85
573546,22188,BLACK HEART CARD HOLDER,4,2011-10-31 13:13:00,3.95,15974,United Kingdom,15.8
573548,23284,DOORMAT KEEP CALM AND COME IN,2,2011-10-31 13:22:00,8.25,13680,United Kingdom,16.5
573551,23263,SET OF 3 WOODEN HEART DECORATIONS,12,2011-10-31 13:35:00,1.25,15044,United Kingdom,15.0
573552,23129,HEART SHAPED HOLLY WREATH,4,2011-10-31 13:43:00,4.15,13203,United Kingdom,16.6
573564,21625,VINTAGE UNION JACK APRON,3,2011-10-31 13:58:00,6.95,16127,United Kingdom,20.85
573572,23355,HOT WATER BOTTLE KEEP CALM,2,2011-10-31 14:03:00,4.95,14527,United Kingdom,9.9
573576,84755,COLOUR GLASS T-LIGHT HOLDER HANGING,8,2011-10-31 14:09:00,1.24,14096,United Kingdom,9.92
573576,23307,SET OF 60 PANTRY DESIGN CAKE CASES ,1,2011-10-31 14:09:00,1.25,14096,United Kingdom,1.25
573576,22728,ALARM CLOCK BAKELIKE PINK,1,2011-10-31 14:09:00,7.46,14096,United Kingdom,7.46
573576,22979,PANTRY WASHING UP BRUSH,1,2011-10-31 14:09:00,3.29,14096,United Kingdom,3.29
573576,20914,SET/5 RED RETROSPOT LID GLASS BOWLS,1,2011-10-31 14:09:00,5.79,14096,United Kingdom,5.79
573576,23227,FILIGREE HEART BUTTERFLY WHITE ,1,2011-10-31 14:09:00,2.46,14096,United Kingdom,2.46
573576,85131D,BEADED CRYSTAL HEART PINK ON STICK,11,2011-10-31 14:09:00,0.83,14096,United Kingdom,9.13
573576,23300,GARDENERS KNEELING PAD CUP OF TEA ,6,2011-10-31 14:09:00,3.29,14096,United Kingdom,19.74
573576,22499,WOODEN UNION JACK BUNTING,3,2011-10-31 14:09:00,12.46,14096,United Kingdom,37.38
573576,22663,JUMBO BAG DOLLY GIRL DESIGN,2,2011-10-31 14:09:00,4.13,14096,United Kingdom,8.26
573576,23197,SKETCHBOOK MAGNETIC SHOPPING LIST,5,2011-10-31 14:09:00,3.29,14096,United Kingdom,16.45
573579,17003,BROCADE RING PURSE ,36,2011-10-31 14:19:00,0.39,15033,United Kingdom,14.04
573582,23462,ROCOCO WALL MIRROR WHITE,1,2011-10-31 14:23:00,19.95,16633,United Kingdom,19.95
573582,22113,GREY HEART HOT WATER BOTTLE,4,2011-10-31 14:23:00,4.25,16633,United Kingdom,17.0
573584,23521,WALL ART CAT AND BIRD ,6,2011-10-31 14:36:00,2.89,16705,United Kingdom,17.34
573587,23084,RABBIT NIGHT LIGHT,6,2011-10-31 14:48:00,2.08,18257,United Kingdom,12.48
573587,23234,BISCUIT TIN VINTAGE CHRISTMAS,6,2011-10-31 14:48:00,2.89,18257,United Kingdom,17.34
573632,22457,NATURAL SLATE HEART CHALKBOARD ,6,2011-10-31 15:36:00,2.95,15329,United Kingdom,17.700000000000003
573656,23487,SWEET HEART CAKE CARRIER,1,2011-10-31 16:02:00,9.95,12417,Belgium,9.95
573666,22312,OFFICE MUG WARMER POLKADOT,2,2011-10-31 16:24:00,2.95,15977,United Kingdom,5.9
573666,21807,WHITE CHRISTMAS STAR DECORATION,25,2011-10-31 16:24:00,0.42,15977,United Kingdom,10.5
573666,22627,MINT KITCHEN SCALES,2,2011-10-31 16:24:00,8.5,15977,United Kingdom,17.0
573666,21619,4 VANILLA BOTANICAL CANDLES,24,2011-10-31 16:24:00,1.25,15977,United Kingdom,30.0
573665,22208,WOOD STAMP SET THANK YOU,6,2011-10-31 16:24:00,0.83,13982,United Kingdom,4.98
573744,35970,ZINC FOLKART SLEIGH BELLS,12,2011-11-01 08:16:00,1.69,17733,United Kingdom,20.28
573745,21892,TRADITIONAL WOODEN CATCH CUP GAME ,12,2011-11-01 08:53:00,1.25,17419,United Kingdom,15.0
573745,21876,POTTERING MUG,12,2011-11-01 08:53:00,1.65,17419,United Kingdom,19.8
573772,22111,SCOTTIE DOG HOT WATER BOTTLE,2,2011-11-01 10:16:00,4.95,17377,United Kingdom,9.9
573775,21915,RED  HARMONICA IN BOX ,240,2011-11-01 10:30:00,1.06,13881,United Kingdom,254.4
573778,84029G,KNITTED UNION FLAG HOT WATER BOTTLE,48,2011-11-01 10:56:00,3.75,18092,United Kingdom,180.0
573778,23171,REGENCY TEA PLATE GREEN ,48,2011-11-01 10:56:00,1.45,18092,United Kingdom,69.6
573780,23316,RED REFECTORY CLOCK ,2,2011-11-01 11:12:00,9.95,17503,United Kingdom,19.9
573808,23265,SET OF 3 WOODEN TREE DECORATIONS,2,2011-11-01 11:29:00,1.25,14419,United Kingdom,2.5
573808,22727,ALARM CLOCK BAKELIKE RED ,3,2011-11-01 11:29:00,3.75,14419,United Kingdom,11.25
573814,22983,CARD BILLBOARD FONT,12,2011-11-01 11:31:00,0.42,13268,United Kingdom,5.04
573863,22694,WICKER STAR ,12,2011-11-01 11:51:00,2.1,16825,United Kingdom,25.200000000000003
573863,22192,BLUE DINER WALL CLOCK,2,2011-11-01 11:51:00,8.5,16825,United Kingdom,17.0
573866,22909,SET OF 20 VINTAGE CHRISTMAS NAPKINS,12,2011-11-01 12:06:00,0.85,17495,United Kingdom,10.2
573867,22726,ALARM CLOCK BAKELIKE GREEN,4,2011-11-01 12:12:00,3.75,12674,France,15.0
573868,21156,RETROSPOT CHILDRENS APRON,8,2011-11-01 12:18:00,1.95,12491,France,15.6
573870,22915,ASSORTED BOTTLE TOP  MAGNETS ,6,2011-11-01 12:25:00,0.42,14485,United Kingdom,2.52
573870,22207,FRYING PAN UNION FLAG,1,2011-11-01 12:25:00,4.25,14485,United Kingdom,4.25
573871,22599,CHRISTMAS MUSICAL ZINC STAR,72,2011-11-01 12:34:00,0.29,14426,United Kingdom,20.88
573871,22795,SWEETHEART RECIPE BOOK STAND,4,2011-11-01 12:34:00,6.75,14426,United Kingdom,27.0
573872,23096,PETIT TRAY CHIC,24,2011-11-01 12:35:00,1.65,17243,United Kingdom,39.6
573876,22076,6 RIBBONS EMPIRE  ,2,2011-11-01 12:48:00,1.65,16360,United Kingdom,3.3
573876,23293,SET OF 12 FAIRY CAKE BAKING CASES,1,2011-11-01 12:48:00,0.83,16360,United Kingdom,0.83
573876,23569,TRADTIONAL ALPHABET STAMP SET,3,2011-11-01 12:48:00,4.95,16360,United Kingdom,14.85
573879,22866,HAND WARMER SCOTTY DOG DESIGN,2,2011-11-01 13:21:00,2.1,15039,United Kingdom,4.2
573886,22909,SET OF 20 VINTAGE CHRISTMAS NAPKINS,12,2011-11-01 13:37:00,0.85,14401,United Kingdom,10.2
573893,23041,PAPER LANTERN 9 POINT SNOW STAR,8,2011-11-01 13:57:00,4.15,18270,United Kingdom,33.2
573897,35967,FOLK ART METAL STAR T-LIGHT HOLDER,12,2011-11-01 14:29:00,0.38,16729,United Kingdom,4.5600000000000005
573897,23209,LUNCH BAG VINTAGE DOILY ,10,2011-11-01 14:29:00,1.65,16729,United Kingdom,16.5
573897,22616,PACK OF 12 LONDON TISSUES ,24,2011-11-01 14:29:00,0.39,16729,United Kingdom,9.36
573897,21136,PAINTED METAL PEARS ASSORTED,8,2011-11-01 14:29:00,1.69,16729,United Kingdom,13.52
573904,23366,SET 12 COLOURING PENCILS DOILY,4,2011-11-01 14:54:00,0.65,14505,United Kingdom,2.6
573909,23337,EGG FRYING PAN MINT ,3,2011-11-01 15:26:00,2.08,17813,United Kingdom,6.24
573909,21428,SET3 BOOK BOX GREEN GINGHAM FLOWER ,1,2011-11-01 15:26:00,4.25,17813,United Kingdom,4.25
573909,22980,PANTRY SCRUBBING BRUSH,1,2011-11-01 15:26:00,1.65,17813,United Kingdom,1.65
573913,22842,BISCUIT TIN VINTAGE RED,2,2011-11-01 15:49:00,6.75,17653,United Kingdom,13.5
573915,22469,HEART OF WICKER SMALL,2,2011-11-01 15:55:00,1.65,15511,United Kingdom,3.3
573915,22188,BLACK HEART CARD HOLDER,1,2011-11-01 15:55:00,3.95,15511,United Kingdom,3.95
573924,22632,HAND WARMER RED RETROSPOT,12,2011-11-02 09:45:00,2.1,15065,United Kingdom,25.200000000000003
573927,23536,WALL ART VILLAGE SHOW ,4,2011-11-02 09:59:00,5.95,13890,United Kingdom,23.8
573937,22603,CHRISTMAS RETROSPOT TREE WOOD,12,2011-11-02 10:40:00,0.85,15830,United Kingdom,10.2
573992,23311,VINTAGE CHRISTMAS STOCKING ,6,2011-11-02 11:20:00,2.55,15275,United Kingdom,15.3
573992,22720,SET OF 3 CAKE TINS PANTRY DESIGN ,3,2011-11-02 11:20:00,4.95,15275,United Kingdom,14.85
573992,22083,PAPER CHAIN KIT RETROSPOT,6,2011-11-02 11:20:00,2.95,15275,United Kingdom,17.700000000000003
573993,21615,4 LAVENDER BOTANICAL DINNER CANDLES,12,2011-11-02 11:23:00,1.25,16790,United Kingdom,15.0
573993,23513,EMBROIDERED RIBBON REEL SUSIE ,6,2011-11-02 11:23:00,2.08,16790,United Kingdom,12.48
573993,23355,HOT WATER BOTTLE KEEP CALM,4,2011-11-02 11:23:00,4.95,16790,United Kingdom,19.8
573999,23198,PANTRY MAGNETIC  SHOPPING LIST,12,2011-11-02 11:43:00,1.45,12779,Poland,17.4
574009,20973,12 PENCIL SMALL TUBE WOODLAND,5,2011-11-02 11:49:00,0.65,15750,United Kingdom,3.25
574009,22633,HAND WARMER UNION JACK,4,2011-11-02 11:49:00,2.1,15750,United Kingdom,8.4
574009,23084,RABBIT NIGHT LIGHT,4,2011-11-02 11:49:00,2.08,15750,United Kingdom,8.32
574020,23355,HOT WATER BOTTLE KEEP CALM,4,2011-11-02 12:15:00,4.95,14673,United Kingdom,19.8
574024,22197,POPCORN HOLDER,36,2011-11-02 12:23:00,0.85,17410,United Kingdom,30.6
574025,84991,60 TEATIME FAIRY CAKE CASES,1,2011-11-02 12:26:00,0.55,12748,United Kingdom,0.55
574025,22608,PENS ASSORTED FUNKY JEWELED ,72,2011-11-02 12:26:00,0.19,12748,United Kingdom,13.68
574029,84949,SILVER HANGING T-LIGHT HOLDER,12,2011-11-02 12:34:00,1.65,12955,United Kingdom,19.8
574032,23355,HOT WATER BOTTLE KEEP CALM,24,2011-11-02 12:37:00,4.15,17754,United Kingdom,99.6
574033,22766,PHOTO FRAME CORNICE,8,2011-11-02 12:44:00,2.95,16558,United Kingdom,23.6
574033,22661,CHARLOTTE BAG DOLLY GIRL DESIGN,10,2011-11-02 12:44:00,0.85,16558,United Kingdom,8.5
574034,22449,SILK PURSE BABUSHKA PINK,1,2011-11-02 12:45:00,3.35,17841,United Kingdom,3.35
574034,85053,FRENCH ENAMEL CANDLEHOLDER,3,2011-11-02 12:45:00,2.1,17841,United Kingdom,6.300000000000001
574034,22982,PANTRY PASTRY BRUSH,1,2011-11-02 12:45:00,1.25,17841,United Kingdom,1.25
574034,84968E,SET OF 16 VINTAGE BLACK CUTLERY,3,2011-11-02 12:45:00,12.75,17841,United Kingdom,38.25
574036,21306,SET/4 DAISY MIRROR MAGNETS,24,2011-11-02 12:46:00,0.29,16607,United Kingdom,6.959999999999999
574038,23231,WRAP  VINTAGE DOILY ,25,2011-11-02 12:56:00,0.42,18164,United Kingdom,10.5
574038,23035,DRAWER KNOB CERAMIC IVORY,6,2011-11-02 12:56:00,1.45,18164,United Kingdom,8.7
574043,22096,PINK PAISLEY SQUARE TISSUE BOX ,4,2011-11-02 13:13:00,0.39,16367,United Kingdom,1.56
574044,84946,ANTIQUE SILVER T-LIGHT GLASS,24,2011-11-02 13:14:00,1.25,16210,United Kingdom,30.0
574047,22941,CHRISTMAS LIGHTS 10 REINDEER,4,2011-11-02 13:26:00,8.5,13318,United Kingdom,34.0
574048,22112,CHOCOLATE HOT WATER BOTTLE,3,2011-11-02 13:37:00,4.95,13769,United Kingdom,14.85
574056,22382,LUNCH BAG SPACEBOY DESIGN ,100,2011-11-02 14:09:00,1.45,14646,Netherlands,145.0
574056,21670,BLUE SPOT CERAMIC DRAWER KNOB,192,2011-11-02 14:09:00,1.25,14646,Netherlands,240.0
574056,20726,LUNCH BAG WOODLAND,100,2011-11-02 14:09:00,1.45,14646,Netherlands,145.0
574059,23478,WOODLAND LARGE PINK FELT HEART,1,2011-11-02 14:13:00,1.25,14646,Netherlands,1.25
574062,22676,FRENCH BLUE METAL DOOR SIGN 1,10,2011-11-02 14:30:00,1.25,17675,United Kingdom,12.5
574063,23526,WALL ART DOG LICENCE ,1,2011-11-02 14:31:00,5.95,13271,United Kingdom,5.95
574063,21147,JINGLE BELLS TREE DECORATION,1,2011-11-02 14:31:00,2.1,13271,United Kingdom,2.1
574063,47563A,RETRO LONGBOARD IRONING BOARD COVER,1,2011-11-02 14:31:00,1.25,13271,United Kingdom,1.25
574063,71496B,A4 WALL TIDY RED FLOWERS,1,2011-11-02 14:31:00,0.53,13271,United Kingdom,0.53
574068,22328,ROUND SNACK BOXES SET OF 4 FRUITS ,6,2011-11-02 14:51:00,2.95,12490,France,17.700000000000003
574075,23169,CLASSIC GLASS COOKIE JAR,18,2011-11-02 15:33:00,3.75,16365,United Kingdom,67.5
574077,22996,TRAVEL CARD WALLET VINTAGE TICKET,1,2011-11-02 15:56:00,0.42,17999,United Kingdom,0.42
574079,23211,RED ROCKING HORSE HAND PAINTED,2,2011-11-02 16:19:00,1.25,17595,United Kingdom,2.5
574079,85038,6 CHOCOLATE LOVE HEART T-LIGHTS,2,2011-11-02 16:19:00,2.1,17595,United Kingdom,4.2
574080,23008,DOLLY GIRL BABY GIFT SET,1,2011-11-02 16:29:00,16.95,16348,United Kingdom,16.95
574084,23090,VINTAGE GLASS T-LIGHT HOLDER,36,2011-11-02 17:09:00,0.83,14528,United Kingdom,29.88
574084,22577,WOODEN HEART CHRISTMAS SCANDINAVIAN,15,2011-11-02 17:09:00,0.29,14528,United Kingdom,4.35
574091,20992,JAZZ HEARTS PURSE NOTEBOOK,24,2011-11-03 09:20:00,0.39,17086,United Kingdom,9.36
574092,23356,LOVE HOT WATER BOTTLE,264,2011-11-03 09:28:00,4.95,16684,United Kingdom,1306.8
574096,22132,RED LOVE HEART SHAPE CUP,12,2011-11-03 09:55:00,0.85,13599,United Kingdom,10.2
574097,23368,SET 12 COLOUR PENCILS DOLLY GIRL ,16,2011-11-03 09:56:00,0.65,12471,Germany,10.4
574104,22637,PIGGY BANK RETROSPOT ,4,2011-11-03 10:45:00,2.55,12615,France,10.2
574149,90199C,5 STRAND GLASS NECKLACE CRYSTAL,2,2011-11-03 11:29:00,6.35,13709,United Kingdom,12.7
574182,23321,SMALL WHITE HEART OF WICKER,12,2011-11-03 11:51:00,1.65,16841,United Kingdom,19.8
574227,22846,BREAD BIN DINER STYLE RED ,1,2011-11-03 12:18:00,16.95,16992,United Kingdom,16.95
574237,85071C,"CHARLIE+LOLA""EXTREMELY BUSY"" SIGN",7,2011-11-03 12:37:00,0.39,15551,United Kingdom,2.73
574239,21977,PACK OF 60 PINK PAISLEY CAKE CASES,24,2011-11-03 12:43:00,0.55,14849,United Kingdom,13.2
574240,23264,SET OF 3 WOODEN SLEIGH DECORATIONS,6,2011-11-03 12:45:00,1.25,15998,United Kingdom,7.5
574247,85123A,WHITE HANGING HEART T-LIGHT HOLDER,6,2011-11-03 12:56:00,2.95,13168,United Kingdom,17.700000000000003
574249,23103,JINGLE BELL HEART DECORATION,1,2011-11-03 13:01:00,1.65,16347,United Kingdom,1.65
574258,79191C,RETRO PLASTIC ELEPHANT TRAY,2,2011-11-03 13:50:00,0.85,16891,United Kingdom,1.7
574262,23240,SET OF 4 KNICK KNACK TINS DOILY ,6,2011-11-03 14:05:00,4.15,13721,United Kingdom,24.9
574276,23177,TREASURE ISLAND BOOK BOX,150,2011-11-03 14:39:00,1.95,17857,United Kingdom,292.5
574278,22487,WHITE WOOD GARDEN PLANT LADDER,4,2011-11-03 14:42:00,8.5,15814,United Kingdom,34.0
574279,23350,ROLL WRAP VINTAGE SPOT ,1,2011-11-03 14:47:00,1.25,14878,United Kingdom,1.25
574287,23045,PAPER LANTERN 5 POINT STAR MOON ,1,2011-11-03 15:09:00,4.15,14723,United Kingdom,4.15
574287,21121,SET/10 RED POLKADOT PARTY CANDLES,1,2011-11-03 15:09:00,1.25,14723,United Kingdom,1.25
574287,22597,MUSICAL ZINC HEART DECORATION ,6,2011-11-03 15:09:00,0.29,14723,United Kingdom,1.7399999999999998
574287,23466,TUSCAN VILLA DOVECOTE BIRD FEEDER,1,2011-11-03 15:09:00,8.25,14723,United Kingdom,8.25
574287,22155,STAR DECORATION RUSTIC,1,2011-11-03 15:09:00,0.42,14723,United Kingdom,0.42
574290,22553,PLASTERS IN TIN SKULLS,1,2011-11-03 15:18:00,1.65,17403,United Kingdom,1.65
574290,22557,PLASTERS IN TIN VINTAGE PAISLEY ,1,2011-11-03 15:18:00,1.65,17403,United Kingdom,1.65
574297,71459,HANGING JAM JAR T-LIGHT HOLDERS,12,2011-11-03 15:54:00,0.85,16602,United Kingdom,10.2
574297,22621,TRADITIONAL KNITTING NANCY,12,2011-11-03 15:54:00,1.65,16602,United Kingdom,19.8
574301,22621,TRADITIONAL KNITTING NANCY,12,2011-11-03 16:15:00,1.65,12544,Spain,19.8
574304,23290,SPACEBOY CHILDRENS BOWL,1,2011-11-03 16:30:00,1.25,14428,United Kingdom,1.25
574304,85123A,WHITE HANGING HEART T-LIGHT HOLDER,3,2011-11-03 16:30:00,2.95,14428,United Kingdom,8.850000000000001
574308,21755,LOVE BUILDING BLOCK WORD,1,2011-11-03 16:45:00,6.25,16409,United Kingdom,6.25
574310,22979,PANTRY WASHING UP BRUSH,1,2011-11-03 16:56:00,1.45,13467,United Kingdom,1.45
574310,23453,OVAL  MINI PORTRAIT FRAME,4,2011-11-03 16:56:00,1.95,13467,United Kingdom,7.8
574311,21591,COSY HOUR CIGAR BOX MATCHES ,8,2011-11-03 16:56:00,1.25,15640,United Kingdom,10.0
574316,23284,DOORMAT KEEP CALM AND COME IN,3,2011-11-03 18:45:00,8.25,17351,United Kingdom,24.75
574321,23355,HOT WATER BOTTLE KEEP CALM,1,2011-11-03 19:28:00,4.95,16016,United Kingdom,4.95
574321,23101,SILVER STARS TABLE DECORATION,3,2011-11-03 19:28:00,0.83,16016,United Kingdom,2.49
574323,22807,SET OF 6 T-LIGHTS TOADSTOOLS,2,2011-11-03 19:50:00,2.95,16438,United Kingdom,5.9
574328,21481,FAWN BLUE HOT WATER BOTTLE,12,2011-11-04 09:05:00,3.75,13081,United Kingdom,45.0
574328,21080,SET/20 RED RETROSPOT PAPER NAPKINS ,36,2011-11-04 09:05:00,0.85,13081,United Kingdom,30.6
574328,22966,GINGERBREAD MAN COOKIE CUTTER,12,2011-11-04 09:05:00,1.25,13081,United Kingdom,15.0
574328,15056N,EDWARDIAN PARASOL NATURAL,3,2011-11-04 09:05:00,5.95,13081,United Kingdom,17.85
574328,21698,MOCK LOBSTER FRIDGE MAGNET,24,2011-11-04 09:05:00,0.39,13081,United Kingdom,9.36
574328,21479,WHITE SKULL HOT WATER BOTTLE ,12,2011-11-04 09:05:00,4.25,13081,United Kingdom,51.0
574329,22900,SET 2 TEA TOWELS I LOVE LONDON ,6,2011-11-04 09:07:00,3.25,12362,Belgium,19.5
574333,85049A,TRADITIONAL CHRISTMAS RIBBONS,60,2011-11-04 09:32:00,1.25,16671,United Kingdom,75.0
574336,22558,CLOTHES PEGS RETROSPOT PACK 24 ,12,2011-11-04 09:52:00,1.65,12397,Belgium,19.8
574336,23243,SET OF TEA COFFEE SUGAR TINS PANTRY,4,2011-11-04 09:52:00,4.95,12397,Belgium,19.8
574336,23519,EMBROIDERED RIBBON REEL CLAIRE,6,2011-11-04 09:52:00,3.75,12397,Belgium,22.5
574338,22585,PACK OF 6 BIRDY GIFT TAGS,12,2011-11-04 10:05:00,1.25,14150,United Kingdom,15.0
574340,22866,HAND WARMER SCOTTY DOG DESIGN,5,2011-11-04 10:08:00,2.1,17377,United Kingdom,10.5
574340,20961,STRAWBERRY BATH SPONGE ,3,2011-11-04 10:08:00,1.25,17377,United Kingdom,3.75
574340,51014A,"FEATHER PEN,HOT PINK",12,2011-11-04 10:08:00,0.39,17377,United Kingdom,4.68
574342,22763,KEY CABINET MA CAMPAGNE,2,2011-11-04 10:10:00,9.95,13447,United Kingdom,19.9
574342,23110,PARISIENNE KEY CABINET ,2,2011-11-04 10:10:00,5.75,13447,United Kingdom,11.5
574346,22953,BIRTHDAY PARTY CORDON BARRIER TAPE,12,2011-11-04 10:23:00,1.25,17930,United Kingdom,15.0
574351,22985,WRAP BILLBOARD FONTS DESIGN,25,2011-11-04 10:37:00,0.42,17348,United Kingdom,10.5
574354,23352,ROLL WRAP 50'S RED CHRISTMAS ,2,2011-11-04 10:47:00,1.25,17203,United Kingdom,2.5
574368,23571,TRADITIONAL NAUGHTS & CROSSES,12,2011-11-04 10:59:00,1.65,13004,United Kingdom,19.8
574444,22553,PLASTERS IN TIN SKULLS,3,2011-11-04 11:41:00,1.65,18122,United Kingdom,4.949999999999999
574445,21621,VINTAGE UNION JACK BUNTING,3,2011-11-04 11:41:00,8.5,15722,United Kingdom,25.5
574470,23510,MINI PLAYING CARDS GYMKHANA,6,2011-11-04 11:56:00,0.42,12748,United Kingdom,2.52
574471,22733,3D TRADITIONAL CHRISTMAS STICKERS,18,2011-11-04 11:59:00,1.25,17677,United Kingdom,22.5
574471,23247,BISCUIT TIN 50'S CHRISTMAS,6,2011-11-04 11:59:00,2.89,17677,United Kingdom,17.34
574474,20765,CHRYSANTHEMUM SKETCHBOOK ,1,2011-11-04 12:05:00,3.75,17979,United Kingdom,3.75
574476,23352,ROLL WRAP 50'S RED CHRISTMAS ,2,2011-11-04 12:20:00,1.25,17203,United Kingdom,2.5
574476,22092,BLUE PAISLEY TISSUE BOX,2,2011-11-04 12:20:00,0.39,17203,United Kingdom,0.78
574477,22151,PLACE SETTING WHITE HEART,5,2011-11-04 12:21:00,0.42,15453,United Kingdom,2.1
574477,23324,RUSTIC STRAWBERRY JAM POT LARGE ,1,2011-11-04 12:21:00,2.08,15453,United Kingdom,2.08
574477,21382,SET/4 SPRING FLOWER DECORATION,2,2011-11-04 12:21:00,0.75,15453,United Kingdom,1.5
574479,22186,RED STAR CARD HOLDER,4,2011-11-04 12:39:00,1.95,18035,United Kingdom,7.8
574480,22574,HEART WOODEN CHRISTMAS DECORATION,12,2011-11-04 12:42:00,0.85,15010,United Kingdom,10.2
574481,21915,RED  HARMONICA IN BOX ,3,2011-11-04 12:45:00,1.25,18022,United Kingdom,3.75
574481,23505,PLAYING CARDS I LOVE LONDON ,2,2011-11-04 12:45:00,1.25,18022,United Kingdom,2.5
574490,23219,LAUREL STAR ANTIQUE SILVER ,1,2011-11-04 13:04:00,1.25,17690,United Kingdom,1.25
574501,16225,RATTLE SNAKE EGGS,4,2011-11-04 13:15:00,1.25,12577,France,5.0
574501,22211,WOOD STAMP SET FLOWERS,2,2011-11-04 13:15:00,0.83,12577,France,1.66
574506,23085,ANTIQUE SILVER BAUBLE LAMP  ,3,2011-11-04 13:24:00,10.4,12577,France,31.200000000000003
574506,23192,BUNDLE OF 3 ALPHABET EXERCISE BOOKS,1,2011-11-04 13:24:00,1.65,12577,France,1.65
574511,23330,DECORATIVE WICKER HEART MEDIUM,12,2011-11-04 13:26:00,1.25,15597,United Kingdom,15.0
574514,22755,SMALL PURPLE BABUSHKA NOTEBOOK ,72,2011-11-04 13:34:00,0.72,15311,United Kingdom,51.84
574521,23295,SET OF 12 MINI LOAF BAKING CASES,8,2011-11-04 13:44:00,0.83,15358,United Kingdom,6.64
574523,20971,PINK BLUE FELT CRAFT TRINKET BOX,12,2011-11-04 13:51:00,1.25,18167,United Kingdom,15.0
574528,85123A,WHITE HANGING HEART T-LIGHT HOLDER,6,2011-11-04 14:03:00,2.95,16782,United Kingdom,17.700000000000003
574530,72802C,VANILLA SCENT CANDLE JEWELLED BOX,6,2011-11-04 14:07:00,4.25,16887,United Kingdom,25.5
574530,21901,"KEY FOB , BACK DOOR ",1,2011-11-04 14:07:00,0.65,16887,United Kingdom,0.65
574530,22154,ANGEL DECORATION 3 BUTTONS ,10,2011-11-04 14:07:00,0.42,16887,United Kingdom,4.2
574532,84078A,SET/4 WHITE RETRO STORAGE CUBES ,1,2011-11-04 14:19:00,39.95,15676,United Kingdom,39.95
574532,23344,JUMBO BAG 50'S CHRISTMAS ,10,2011-11-04 14:19:00,2.08,15676,United Kingdom,20.8
574532,22594,CHRISTMAS GINGHAM TREE,12,2011-11-04 14:19:00,0.85,15676,United Kingdom,10.2
574536,23353,6 GIFT TAGS VINTAGE CHRISTMAS ,5,2011-11-04 14:35:00,0.83,15707,United Kingdom,4.15
574536,22555,PLASTERS IN TIN STRONGMAN,3,2011-11-04 14:35:00,1.65,15707,United Kingdom,4.949999999999999
574544,23360,SET 8 CANDLES VINTAGE DOILY,12,2011-11-04 14:49:00,1.95,17084,United Kingdom,23.4
574544,21709,FOLDING UMBRELLA CHOCOLATE POLKADOT,4,2011-11-04 14:49:00,4.95,17084,United Kingdom,19.8
574544,23101,SILVER STARS TABLE DECORATION,12,2011-11-04 14:49:00,0.83,17084,United Kingdom,9.96
574544,22704,WRAP RED APPLES ,25,2011-11-04 14:49:00,0.42,17084,United Kingdom,10.5
574544,22895,SET OF 2 TEA TOWELS APPLE AND PEARS,10,2011-11-04 14:49:00,3.25,17084,United Kingdom,32.5
574544,22711,WRAP CIRCUS PARADE,25,2011-11-04 14:49:00,0.42,17084,United Kingdom,10.5
574550,47590B,PINK HAPPY BIRTHDAY BUNTING,2,2011-11-04 15:18:00,5.45,12484,Spain,10.9
574555,22475,SKULL DESIGN TV DINNER TRAY,2,2011-11-04 15:29:00,4.95,16426,United Kingdom,9.9
574559,21891,TRADITIONAL WOODEN SKIPPING ROPE,3,2011-11-04 15:50:00,1.45,14056,United Kingdom,4.35
574560,22086,PAPER CHAIN KIT 50'S CHRISTMAS ,6,2011-11-04 15:51:00,2.95,17703,United Kingdom,17.700000000000003
574573,22114,HOT WATER BOTTLE TEA AND SYMPATHY,3,2011-11-04 16:35:00,4.25,14592,United Kingdom,12.75
574573,22209,WOOD STAMP SET HAPPY BIRTHDAY,1,2011-11-04 16:35:00,0.83,14592,United Kingdom,0.83
574575,23332,IVORY WICKER HEART LARGE,4,2011-11-04 17:03:00,1.65,14971,United Kingdom,6.6
574591,23436,VINTAGE CHRISTMAS GIFT BAG LARGE ,12,2011-11-06 10:47:00,1.25,15745,United Kingdom,15.0
574619,22309,TEA COSY RED  STRIPE,3,2011-11-06 11:18:00,2.55,15952,United Kingdom,7.649999999999999
574643,23209,LUNCH BAG VINTAGE DOILY ,10,2011-11-06 11:25:00,1.65,17387,United Kingdom,16.5
574655,22384,LUNCH BAG PINK POLKADOT,1,2011-11-06 11:35:00,1.65,16466,United Kingdom,1.65
574655,22602,RETROSPOT WOODEN HEART DECORATION,12,2011-11-06 11:35:00,0.85,16466,United Kingdom,10.2
574660,23367,SET 12 COLOUR PENCILS SPACEBOY ,4,2011-11-06 11:55:00,0.65,15407,United Kingdom,2.6
574663,23263,SET OF 3 WOODEN HEART DECORATIONS,6,2011-11-06 12:04:00,1.25,13527,United Kingdom,7.5
574663,23395,BELLE JARDINIERE CUSHION COVER,1,2011-11-06 12:04:00,3.75,13527,United Kingdom,3.75
574663,46000S,POLYESTER FILLER PAD 40x40cm,4,2011-11-06 12:04:00,1.45,13527,United Kingdom,5.8
574667,21034,REX CASH+CARRY JUMBO SHOPPER,5,2011-11-06 12:12:00,0.95,15514,United Kingdom,4.75
574669,22139,RETROSPOT TEA SET CERAMIC 11 PC ,3,2011-11-06 12:16:00,4.95,13727,United Kingdom,14.85
574670,22219,LOVEBIRD HANGING DECORATION WHITE ,4,2011-11-06 12:20:00,0.85,12838,United Kingdom,3.4
574671,22938,CUPCAKE LACE PAPER SET 6,2,2011-11-06 12:23:00,1.95,16744,United Kingdom,3.9
574672,21992,VINTAGE PAISLEY STATIONERY SET,2,2011-11-06 12:25:00,1.25,13532,United Kingdom,2.5
574672,22089,PAPER BUNTING VINTAGE PAISLEY,1,2011-11-06 12:25:00,2.95,13532,United Kingdom,2.95
574673,23265,SET OF 3 WOODEN TREE DECORATIONS,2,2011-11-06 12:26:00,1.25,15555,United Kingdom,2.5
574673,22558,CLOTHES PEGS RETROSPOT PACK 24 ,2,2011-11-06 12:26:00,1.65,15555,United Kingdom,3.3
574673,23000,TRAVEL CARD WALLET TRANSPORT,10,2011-11-06 12:26:00,0.42,15555,United Kingdom,4.2
574675,22971,QUEENS GUARD COFFEE MUG,1,2011-11-06 12:31:00,2.55,17289,United Kingdom,2.55
574675,21591,COSY HOUR CIGAR BOX MATCHES ,1,2011-11-06 12:31:00,1.25,17289,United Kingdom,1.25
574675,22970,LONDON BUS COFFEE MUG,1,2011-11-06 12:31:00,2.55,17289,United Kingdom,2.55
574676,21903,MAN FLU METAL SIGN,3,2011-11-06 12:32:00,2.1,16243,United Kingdom,6.300000000000001
574677,23355,HOT WATER BOTTLE KEEP CALM,1,2011-11-06 12:32:00,4.95,16445,United Kingdom,4.95
574677,84992,72 SWEETHEART FAIRY CAKE CASES,1,2011-11-06 12:32:00,0.55,16445,United Kingdom,0.55
574677,21479,WHITE SKULL HOT WATER BOTTLE ,1,2011-11-06 12:32:00,4.25,16445,United Kingdom,4.25
574678,23230,WRAP ALPHABET DESIGN,25,2011-11-06 12:36:00,0.42,13365,United Kingdom,10.5
574678,21673,WHITE SPOT BLUE CERAMIC DRAWER KNOB,12,2011-11-06 12:36:00,1.45,13365,United Kingdom,17.4
574682,22694,WICKER STAR ,1,2011-11-06 12:44:00,2.1,14963,United Kingdom,2.1
574683,22530,MAGIC DRAWING SLATE DOLLY GIRL ,2,2011-11-06 12:50:00,0.42,16372,United Kingdom,0.84
574683,20749,ASSORTED COLOUR MINI CASES,1,2011-11-06 12:50:00,7.95,16372,United Kingdom,7.95
574683,22604,SET OF 4 NAPKIN CHARMS CUTLERY,1,2011-11-06 12:50:00,2.55,16372,United Kingdom,2.55
574686,23396,LE JARDIN BOTANIQUE CUSHION COVER,2,2011-11-06 13:00:00,3.75,17608,United Kingdom,7.5
574690,85230B,CINNAMON SCENTED VOTIVE CANDLE,24,2011-11-06 13:11:00,0.29,12638,Sweden,6.959999999999999
574691,85049E,SCANDINAVIAN REDS RIBBONS,2,2011-11-06 13:17:00,1.25,14174,United Kingdom,2.5
574691,22639,SET OF 4 NAPKIN CHARMS HEARTS,3,2011-11-06 13:17:00,2.55,14174,United Kingdom,7.649999999999999
574691,84970L,SINGLE HEART ZINC T-LIGHT HOLDER,2,2011-11-06 13:17:00,1.25,14174,United Kingdom,2.5
574695,22795,SWEETHEART RECIPE BOOK STAND,1,2011-11-06 13:37:00,6.75,17114,United Kingdom,6.75
574695,23558,LANDMARK FRAME LONDON BRIDGE ,1,2011-11-06 13:37:00,12.5,17114,United Kingdom,12.5
574700,22417,PACK OF 60 SPACEBOY CAKE CASES,2,2011-11-06 13:53:00,0.55,16033,United Kingdom,1.1
574700,22567,20 DOLLY PEGS RETROSPOT,2,2011-11-06 13:53:00,1.45,16033,United Kingdom,2.9
574700,23143,ZINC WIRE KITCHEN ORGANISER,1,2011-11-06 13:53:00,10.4,16033,United Kingdom,10.4
574700,20758,ABSTRACT CIRCLES POCKET BOOK,2,2011-11-06 13:53:00,0.85,16033,United Kingdom,1.7
574699,22144,CHRISTMAS CRAFT LITTLE FRIENDS,6,2011-11-06 13:53:00,2.1,13040,United Kingdom,12.6
574700,21974,SET OF 36 PAISLEY FLOWER DOILIES,4,2011-11-06 13:53:00,1.45,16033,United Kingdom,5.8
574701,82494L,WOODEN FRAME ANTIQUE WHITE ,6,2011-11-06 13:54:00,2.95,15426,United Kingdom,17.700000000000003
574701,22210,WOOD STAMP SET BEST WISHES,2,2011-11-06 13:54:00,0.83,15426,United Kingdom,1.66
574704,23321,SMALL WHITE HEART OF WICKER,8,2011-11-06 14:02:00,1.65,15696,United Kingdom,13.2
574704,23454,THREE MINI HANGING FRAMES,3,2011-11-06 14:02:00,4.15,15696,United Kingdom,12.45
574704,22508,DOORSTOP RETROSPOT HEART,2,2011-11-06 14:02:00,3.75,15696,United Kingdom,7.5
574709,22107,PIZZA PLATE IN BOX,7,2011-11-06 14:14:00,3.75,17768,United Kingdom,26.25
574710,22553,PLASTERS IN TIN SKULLS,2,2011-11-06 14:17:00,1.65,15427,United Kingdom,3.3
574713,23247,BISCUIT TIN 50'S CHRISTMAS,6,2011-11-06 14:26:00,2.89,12628,Germany,17.34
574714,22579,WOODEN TREE CHRISTMAS SCANDINAVIAN,2,2011-11-06 14:29:00,0.29,15427,United Kingdom,0.58
574714,23204,CHARLOTTE BAG APPLES DESIGN,2,2011-11-06 14:29:00,0.85,15427,United Kingdom,1.7
574714,23242,TREASURE TIN BUFFALO BILL ,2,2011-11-06 14:29:00,2.08,15427,United Kingdom,4.16
574714,85032C,CURIOUS IMAGES GIFT WRAP SET,2,2011-11-06 14:29:00,0.65,15427,United Kingdom,1.3
574714,22843,BISCUIT TIN VINTAGE GREEN,1,2011-11-06 14:29:00,6.75,15427,United Kingdom,6.75
574714,23525,WALL ART BUFFALO BILL ,1,2011-11-06 14:29:00,3.75,15427,United Kingdom,3.75
574716,22666,RECIPE BOX PANTRY YELLOW DESIGN,1,2011-11-06 14:33:00,2.95,14502,United Kingdom,2.95
574716,22840,ROUND CAKE TIN VINTAGE RED,1,2011-11-06 14:33:00,7.95,14502,United Kingdom,7.95
574718,21980,PACK OF 12 RED RETROSPOT TISSUES ,24,2011-11-06 14:36:00,0.39,15513,United Kingdom,9.36
574718,23355,HOT WATER BOTTLE KEEP CALM,48,2011-11-06 14:36:00,4.15,15513,United Kingdom,199.2
574720,22187,GREEN CHRISTMAS TREE CARD HOLDER,4,2011-11-06 14:39:00,1.95,14547,United Kingdom,7.8
574720,21166,COOK WITH WINE METAL SIGN ,14,2011-11-06 14:39:00,2.08,14547,United Kingdom,29.12
574720,22694,WICKER STAR ,4,2011-11-06 14:39:00,2.1,14547,United Kingdom,8.4
574721,22736,RIBBON REEL MAKING SNOWMEN ,3,2011-11-06 14:43:00,1.65,17920,United Kingdom,4.949999999999999
574721,23512,EMBROIDERED RIBBON REEL ROSIE,1,2011-11-06 14:43:00,2.08,17920,United Kingdom,2.08
574722,84970S,HANGING HEART ZINC T-LIGHT HOLDER,3,2011-11-06 14:45:00,0.85,14502,United Kingdom,2.55
574722,23096,PETIT TRAY CHIC,2,2011-11-06 14:45:00,1.65,14502,United Kingdom,3.3
574722,23400,SHELF WITH 4 HOOKS HOME SWEET HOME,1,2011-11-06 14:45:00,6.25,14502,United Kingdom,6.25
574726,72349B,SET/6 PURPLE BUTTERFLY T-LIGHTS,1,2011-11-06 14:56:00,2.1,14664,United Kingdom,2.1
574726,23269,SET OF 2 CERAMIC CHRISTMAS TREES,6,2011-11-06 14:56:00,1.45,14664,United Kingdom,8.7
574728,20956,PORCELAIN T-LIGHT HOLDERS ASSORTED,12,2011-11-06 15:02:00,1.25,13719,United Kingdom,15.0
574733,71459,HANGING JAM JAR T-LIGHT HOLDERS,24,2011-11-06 15:17:00,0.85,17082,United Kingdom,20.4
574740,85174,S/4 CACTI CANDLES,16,2011-11-06 16:07:00,4.25,12357,Switzerland,68.0
574740,85014A,BLACK/BLUE POLKADOT UMBRELLA,12,2011-11-06 16:07:00,5.95,12357,Switzerland,71.4
574740,22072,RED RETROSPOT TEA CUP AND SAUCER ,24,2011-11-06 16:07:00,3.39,12357,Switzerland,81.36
574740,22028,PENNY FARTHING BIRTHDAY CARD,24,2011-11-06 16:07:00,0.42,12357,Switzerland,10.08
574740,22819,"BIRTHDAY CARD, RETRO SPOT",24,2011-11-06 16:07:00,0.42,12357,Switzerland,10.08
574741,23100,SILVER BELLS TABLE DECORATION,2,2011-11-06 16:13:00,1.25,15993,United Kingdom,2.5
574741,21914,BLUE HARMONICA IN BOX ,2,2011-11-06 16:13:00,1.25,15993,United Kingdom,2.5
574741,21616,4 PEAR BOTANICAL DINNER CANDLES,4,2011-11-06 16:13:00,1.25,15993,United Kingdom,5.0
574741,23508,MINI PLAYING CARDS DOLLY GIRL ,1,2011-11-06 16:13:00,0.42,15993,United Kingdom,0.42
574743,21065,BOOM BOX SPEAKER GIRLS,1,2011-11-06 16:14:00,5.95,15351,United Kingdom,5.95
574743,23583,LUNCH BAG PAISLEY PARK  ,6,2011-11-06 16:14:00,1.65,15351,United Kingdom,9.9
574744,23543,WALL ART KEEP CALM ,2,2011-11-07 07:38:00,8.25,16612,United Kingdom,16.5
574747,23273,HEART T-LIGHT HOLDER WILLIE WINKIE,12,2011-11-07 08:34:00,1.65,15618,United Kingdom,19.8
574749,23349,ROLL WRAP VINTAGE CHRISTMAS,12,2011-11-07 08:54:00,1.25,15150,United Kingdom,15.0
574749,85099B,JUMBO BAG RED RETROSPOT,10,2011-11-07 08:54:00,2.08,15150,United Kingdom,20.8
574755,22041,"RECORD FRAME 7"" SINGLE SIZE ",6,2011-11-07 09:28:00,2.55,13078,United Kingdom,15.3
574824,22846,BREAD BIN DINER STYLE RED ,1,2011-11-07 10:43:00,16.95,13097,United Kingdom,16.95
574824,22390,PAPERWEIGHT CHILDHOOD MEMORIES,6,2011-11-07 10:43:00,2.55,13097,United Kingdom,15.3
574830,20668,DISCO BALL CHRISTMAS DECORATION,576,2011-11-07 11:21:00,0.1,16053,United Kingdom,57.6
574831,23232,WRAP VINTAGE LEAF DESIGN,25,2011-11-07 11:26:00,0.42,15522,United Kingdom,10.5
574834,22979,PANTRY WASHING UP BRUSH,12,2011-11-07 11:30:00,1.45,13139,United Kingdom,17.4
574836,47566,PARTY BUNTING,4,2011-11-07 11:32:00,4.95,17623,United Kingdom,19.8
574839,72127,COLUMBIAN CANDLE ROUND ,3,2011-11-07 11:40:00,1.25,15493,United Kingdom,3.75
574840,21624,VINTAGE UNION JACK DOORSTOP,1,2011-11-07 11:41:00,5.95,12748,United Kingdom,5.95
574842,23355,HOT WATER BOTTLE KEEP CALM,4,2011-11-07 11:55:00,4.95,13890,United Kingdom,19.8
574852,22065,CHRISTMAS PUDDING TRINKET POT ,6,2011-11-07 12:04:00,0.39,15493,United Kingdom,2.34
574862,23381,PACK OF 12 VINTAGE LEAF TISSUES ,24,2011-11-07 12:27:00,0.39,12408,Belgium,9.36
574863,22386,JUMBO BAG PINK POLKADOT,4,2011-11-07 12:29:00,2.08,15719,United Kingdom,8.32
574863,22417,PACK OF 60 SPACEBOY CAKE CASES,2,2011-11-07 12:29:00,0.55,15719,United Kingdom,1.1
574864,23158,SET OF 5 LUCKY CAT MAGNETS ,12,2011-11-07 12:29:00,2.08,14387,United Kingdom,24.96
574863,85099B,JUMBO BAG RED RETROSPOT,12,2011-11-07 12:29:00,2.08,15719,United Kingdom,24.96
574864,23084,RABBIT NIGHT LIGHT,24,2011-11-07 12:29:00,1.79,14387,United Kingdom,42.96
574866,21329,DINOSAURS  WRITING SET ,2,2011-11-07 12:34:00,1.65,12748,United Kingdom,3.3
574869,21672,WHITE SPOT RED CERAMIC DRAWER KNOB,24,2011-11-07 12:44:00,1.45,12708,Germany,34.8
574877,22578,WOODEN STAR CHRISTMAS SCANDINAVIAN,24,2011-11-07 13:17:00,0.29,16637,United Kingdom,6.959999999999999
574883,22195,LARGE HEART MEASURING SPOONS,1,2011-11-07 13:56:00,1.65,14623,United Kingdom,1.65
574883,21355,TOAST ITS - I LOVE YOU ,2,2011-11-07 13:56:00,1.25,14623,United Kingdom,2.5
574892,22773,GREEN DRAWER KNOB ACRYLIC EDWARDIAN,12,2011-11-07 14:40:00,1.25,14700,United Kingdom,15.0
574896,23330,DECORATIVE WICKER HEART MEDIUM,1,2011-11-07 14:51:00,1.25,17014,United Kingdom,1.25
574899,23555,LANDMARK FRAME NOTTING HILL ,3,2011-11-07 15:10:00,12.5,14426,United Kingdom,37.5
574901,48187,DOORMAT NEW ENGLAND,2,2011-11-07 15:15:00,8.25,17158,United Kingdom,16.5
574907,20677,PINK POLKADOT BOWL,8,2011-11-07 15:33:00,1.25,17043,United Kingdom,10.0
574909,21739,COSY SLIPPER SHOES SMALL GREEN,1,2011-11-07 15:40:00,2.95,13673,United Kingdom,2.95
574909,22120,WELCOME  WOODEN BLOCK LETTERS,2,2011-11-07 15:40:00,9.95,13673,United Kingdom,19.9
574909,23515,EMBROIDERED RIBBON REEL DAISY ,1,2011-11-07 15:40:00,2.08,13673,United Kingdom,2.08
574911,22578,WOODEN STAR CHRISTMAS SCANDINAVIAN,24,2011-11-07 15:49:00,0.29,14073,United Kingdom,6.959999999999999
574916,84030E,ENGLISH ROSE HOT WATER BOTTLE,4,2011-11-07 16:19:00,4.25,16790,United Kingdom,17.0
574916,22114,HOT WATER BOTTLE TEA AND SYMPATHY,4,2011-11-07 16:19:00,4.25,16790,United Kingdom,17.0
574920,22379,RECYCLING BAG RETROSPOT ,5,2011-11-07 16:34:00,2.1,13985,United Kingdom,10.5
574923,22667,RECIPE BOX RETROSPOT ,3,2011-11-07 16:40:00,2.95,17757,United Kingdom,8.850000000000001
574934,23544,WALL ART MID CENTURY MODERN ,2,2011-11-07 16:50:00,8.25,16717,United Kingdom,16.5
574937,21754,HOME BUILDING BLOCK WORD,3,2011-11-07 17:08:00,6.25,15344,United Kingdom,18.75
574942,23507,MINI PLAYING CARDS BUFFALO BILL ,40,2011-11-07 17:50:00,0.42,15330,United Kingdom,16.8
574952,22457,NATURAL SLATE HEART CHALKBOARD ,6,2011-11-08 09:47:00,2.95,13924,United Kingdom,17.700000000000003
574959,22909,SET OF 20 VINTAGE CHRISTMAS NAPKINS,2,2011-11-08 10:09:00,0.85,17886,United Kingdom,1.7
574959,21034,REX CASH+CARRY JUMBO SHOPPER,2,2011-11-08 10:09:00,0.95,17886,United Kingdom,1.9
574959,22563,HAPPY STENCIL CRAFT,1,2011-11-08 10:09:00,1.25,17886,United Kingdom,1.25
574961,22572,ROCKING HORSE GREEN CHRISTMAS ,12,2011-11-08 10:19:00,0.85,12971,United Kingdom,10.2
574962,22112,CHOCOLATE HOT WATER BOTTLE,24,2011-11-08 10:26:00,4.25,15194,United Kingdom,102.0
574962,22114,HOT WATER BOTTLE TEA AND SYMPATHY,24,2011-11-08 10:26:00,3.75,15194,United Kingdom,90.0
574963,23517,EMBROIDERED RIBBON REEL REBECCA ,6,2011-11-08 10:27:00,2.89,12919,United Kingdom,17.34
574964,23320,GIANT 50'S CHRISTMAS CRACKER,12,2011-11-08 10:29:00,2.89,13329,United Kingdom,34.68
574965,23084,RABBIT NIGHT LIGHT,3,2011-11-08 10:44:00,2.08,17964,United Kingdom,6.24
574965,23352,ROLL WRAP 50'S RED CHRISTMAS ,1,2011-11-08 10:44:00,1.25,17964,United Kingdom,1.25
574966,23489,VINTAGE BELLS GARLAND,8,2011-11-08 10:50:00,2.89,14901,United Kingdom,23.12
575003,23298,SPOTTY BUNTING,3,2011-11-08 11:09:00,4.95,15950,United Kingdom,14.85
575007,84581,DOG TOY WITH PINK CROCHET SKIRT,4,2011-11-08 11:20:00,3.75,14140,United Kingdom,15.0
575039,84535B,FAIRY CAKES NOTEBOOK A6 SIZE,8,2011-11-08 11:53:00,0.65,15005,United Kingdom,5.2
575041,21620,SET OF 4 ROSE BOTANICAL CANDLES,12,2011-11-08 12:01:00,1.25,17289,United Kingdom,15.0
575041,22905,CALENDAR IN SEASON DESIGN,1,2011-11-08 12:01:00,2.95,17289,United Kingdom,2.95
575041,21618,4 WILDFLOWER BOTANICAL CANDLES,24,2011-11-08 12:01:00,1.25,17289,United Kingdom,30.0
575049,22629,SPACEBOY LUNCH BOX ,12,2011-11-08 12:13:00,1.95,12721,France,23.4
575051,22086,PAPER CHAIN KIT 50'S CHRISTMAS ,4,2011-11-08 12:14:00,2.95,15957,United Kingdom,11.8
575054,23199,JUMBO BAG APPLES,10,2011-11-08 12:18:00,2.08,16945,United Kingdom,20.8
575059,20975,12 PENCILS SMALL TUBE RED RETROSPOT,1,2011-11-08 12:25:00,0.65,14071,United Kingdom,0.65
575062,22383,LUNCH BAG SUKI DESIGN ,10,2011-11-08 12:30:00,1.65,17651,United Kingdom,16.5
575063,22662,LUNCH BAG DOLLY GIRL DESIGN,1,2011-11-08 12:32:00,1.65,16764,United Kingdom,1.65
575063,22327,ROUND SNACK BOXES SET OF 4 SKULLS,2,2011-11-08 12:32:00,2.95,16764,United Kingdom,5.9
575063,22663,JUMBO BAG DOLLY GIRL DESIGN,1,2011-11-08 12:32:00,2.08,16764,United Kingdom,2.08
575063,22594,CHRISTMAS GINGHAM TREE,1,2011-11-08 12:32:00,0.85,16764,United Kingdom,0.85
575069,85152,HAND OVER THE CHOCOLATE   SIGN ,12,2011-11-08 12:51:00,2.1,17637,United Kingdom,25.200000000000003
575070,23102,SILVER HEARTS TABLE DECORATION,3,2011-11-08 12:58:00,0.83,17841,United Kingdom,2.49
575073,22092,BLUE PAISLEY TISSUE BOX,3,2011-11-08 13:10:00,0.39,13975,United Kingdom,1.17
575073,23254,CHILDRENS CUTLERY DOLLY GIRL ,1,2011-11-08 13:10:00,4.15,13975,United Kingdom,4.15
575073,23308,SET OF 60 VINTAGE LEAF CAKE CASES ,5,2011-11-08 13:10:00,0.55,13975,United Kingdom,2.75
575073,21015,DARK BIRD HOUSE TREE DECORATION,24,2011-11-08 13:10:00,0.29,13975,United Kingdom,6.959999999999999
575075,84356,POMPOM CURTAIN,2,2011-11-08 13:19:00,6.95,13975,United Kingdom,13.9
575075,23356,LOVE HOT WATER BOTTLE,2,2011-11-08 13:19:00,5.95,13975,United Kingdom,11.9
575076,23322,LARGE WHITE HEART OF WICKER,12,2011-11-08 13:20:00,2.95,16639,United Kingdom,35.400000000000006
575083,23077,DOUGHNUT LIP GLOSS ,20,2011-11-08 13:31:00,1.25,18123,United Kingdom,25.0
575086,22624,IVORY KITCHEN SCALES,2,2011-11-08 13:52:00,8.5,16618,United Kingdom,17.0
575087,85123A,WHITE HANGING HEART T-LIGHT HOLDER,1,2011-11-08 13:57:00,2.95,16549,United Kingdom,2.95
575087,22616,PACK OF 12 LONDON TISSUES ,2,2011-11-08 13:57:00,0.39,16549,United Kingdom,0.78
575088,85066,CREAM SWEETHEART MINI CHEST,2,2011-11-08 14:00:00,12.75,13272,United Kingdom,25.5
575088,22413,METAL SIGN TAKE IT OR LEAVE IT ,6,2011-11-08 14:00:00,2.95,13272,United Kingdom,17.700000000000003
575089,35970,ZINC FOLKART SLEIGH BELLS,12,2011-11-08 14:02:00,1.69,13437,United Kingdom,20.28
575089,23211,RED ROCKING HORSE HAND PAINTED,24,2011-11-08 14:02:00,1.25,13437,United Kingdom,30.0
575117,21992,VINTAGE PAISLEY STATIONERY SET,1,2011-11-08 14:22:00,1.25,12748,United Kingdom,1.25
575117,22446,PIN CUSHION BABUSHKA PINK,1,2011-11-08 14:22:00,3.35,12748,United Kingdom,3.35
575117,21429,RED GINGHAM ROSE JEWELLERY BOX,1,2011-11-08 14:22:00,1.95,12748,United Kingdom,1.95
575117,21756,BATH BUILDING BLOCK WORD,1,2011-11-08 14:22:00,6.25,12748,United Kingdom,6.25
575128,22794,SWEETHEART WIRE MAGAZINE RACK,2,2011-11-08 14:27:00,7.95,16837,United Kingdom,15.9
575128,23322,LARGE WHITE HEART OF WICKER,6,2011-11-08 14:27:00,2.95,16837,United Kingdom,17.700000000000003
575129,23378,PACK OF 12 50'S CHRISTMAS TISSUES,12,2011-11-08 14:30:00,0.39,13110,United Kingdom,4.68
575146,21479,WHITE SKULL HOT WATER BOTTLE ,36,2011-11-08 15:45:00,3.75,17313,United Kingdom,135.0
575146,23349,ROLL WRAP VINTAGE CHRISTMAS,84,2011-11-08 15:45:00,1.04,17313,United Kingdom,87.36
575146,23319,BOX OF 6 MINI 50'S CRACKERS,108,2011-11-08 15:45:00,2.08,17313,United Kingdom,224.64
575148,85048,15CM CHRISTMAS GLASS BALL 20 LIGHTS,4,2011-11-08 15:48:00,7.95,13867,United Kingdom,31.8
575149,22138,BAKING SET 9 PIECE RETROSPOT ,3,2011-11-08 15:59:00,4.95,16626,United Kingdom,14.85
575152,85089,CANDY SPOT BUNNY,3,2011-11-08 16:12:00,2.95,16284,United Kingdom,8.850000000000001
575164,23456,MEDIUM PARLOUR PICTURE FRAME ,4,2011-11-08 16:55:00,4.15,18216,United Kingdom,16.6
575166,85099B,JUMBO BAG RED RETROSPOT,10,2011-11-08 17:09:00,2.08,17022,United Kingdom,20.8
575168,21888,BINGO SET,24,2011-11-08 17:19:00,3.75,15290,United Kingdom,90.0
575181,23201,JUMBO BAG ALPHABET,10,2011-11-09 08:21:00,2.08,14709,United Kingdom,20.8
575188,23081,GREEN METAL BOX ARMY SUPPLIES,2,2011-11-09 09:07:00,8.25,16759,United Kingdom,16.5
575193,22990,COTTON APRON PANTRY DESIGN,2,2011-11-09 09:34:00,4.95,12681,France,9.9
575193,22352,LUNCH BOX WITH CUTLERY RETROSPOT ,6,2011-11-09 09:34:00,2.55,12681,France,15.3
575194,85099F,JUMBO BAG STRAWBERRY,10,2011-11-09 09:38:00,2.08,16767,United Kingdom,20.8
575195,23207,LUNCH BAG ALPHABET DESIGN,10,2011-11-09 09:40:00,1.65,16767,United Kingdom,16.5
575199,23256,CHILDRENS CUTLERY SPACEBOY ,12,2011-11-09 09:48:00,4.15,12921,United Kingdom,49.8
575199,85099B,JUMBO BAG RED RETROSPOT,20,2011-11-09 09:48:00,2.08,12921,United Kingdom,41.6
575202,21506,"FANCY FONT BIRTHDAY CARD, ",12,2011-11-09 10:14:00,0.42,13018,United Kingdom,5.04
575204,23355,HOT WATER BOTTLE KEEP CALM,6,2011-11-09 10:16:00,4.95,15027,United Kingdom,29.700000000000003
575207,20974,12 PENCILS SMALL TUBE SKULL,24,2011-11-09 10:27:00,0.65,18172,United Kingdom,15.6
575212,22943,CHRISTMAS LIGHTS 10 VINTAGE BAUBLES,3,2011-11-09 10:41:00,4.95,14108,United Kingdom,14.85
575214,22382,LUNCH BAG SPACEBOY DESIGN ,50,2011-11-09 10:48:00,1.65,16751,United Kingdom,82.5
575214,20724,RED RETROSPOT CHARLOTTE BAG,100,2011-11-09 10:48:00,0.72,16751,United Kingdom,72.0
575215,22961,JAM MAKING SET PRINTED,4,2011-11-09 11:04:00,1.45,18109,United Kingdom,5.8
575216,22535,MAGIC DRAWING SLATE BUNNIES ,24,2011-11-09 11:04:00,0.42,13384,United Kingdom,10.08
575219,23311,VINTAGE CHRISTMAS STOCKING ,12,2011-11-09 11:17:00,2.55,17511,United Kingdom,30.6
575219,22900,SET 2 TEA TOWELS I LOVE LONDON ,100,2011-11-09 11:17:00,2.75,17511,United Kingdom,275.0
575219,23300,GARDENERS KNEELING PAD CUP OF TEA ,48,2011-11-09 11:17:00,1.45,17511,United Kingdom,69.6
575219,21155,RED RETROSPOT PEG BAG,50,2011-11-09 11:17:00,2.1,17511,United Kingdom,105.0
575221,20972,PINK CREAM FELT CRAFT TRINKET BOX ,12,2011-11-09 11:25:00,1.25,12949,United Kingdom,15.0
575258,23077,DOUGHNUT LIP GLOSS ,20,2011-11-09 12:00:00,1.25,13623,United Kingdom,25.0
575258,11001,ASSTD DESIGN RACING CAR PEN,32,2011-11-09 12:00:00,1.69,13623,United Kingdom,54.08
575269,20750,RED RETROSPOT MINI CASES,2,2011-11-09 12:08:00,7.95,17865,United Kingdom,15.9
575269,22922,FRIDGE MAGNETS US DINER ASSORTED,12,2011-11-09 12:08:00,0.85,17865,United Kingdom,10.2
575298,23265,SET OF 3 WOODEN TREE DECORATIONS,7,2011-11-09 12:29:00,1.25,17841,United Kingdom,8.75
575312,21791,VINTAGE HEADS AND TAILS CARD GAME ,12,2011-11-09 12:49:00,1.25,13588,United Kingdom,15.0
575320,21878,PACK OF 6 SANDCASTLE FLAGS ASSORTED,12,2011-11-09 13:30:00,0.85,17011,United Kingdom,10.2
575320,22523,CHILDS GARDEN FORK PINK,12,2011-11-09 13:30:00,0.85,17011,United Kingdom,10.2
575322,23009,I LOVE LONDON BABY GIFT SET,2,2011-11-09 13:36:00,16.95,14543,United Kingdom,33.9
575326,23318,BOX OF 6 MINI VINTAGE CRACKERS,12,2011-11-09 13:47:00,2.49,12532,France,29.880000000000003
575326,22866,HAND WARMER SCOTTY DOG DESIGN,12,2011-11-09 13:47:00,2.1,12532,France,25.200000000000003
575326,22945,CHRISTMAS METAL TAGS ASSORTED ,12,2011-11-09 13:47:00,0.85,12532,France,10.2
575326,84946,ANTIQUE SILVER T-LIGHT GLASS,12,2011-11-09 13:47:00,1.25,12532,France,15.0
575329,23538,WALL ART VINTAGE HEART,1,2011-11-09 13:50:00,4.95,17038,United Kingdom,4.95
575337,23697,A PRETTY THANK YOU CARD,12,2011-11-09 14:11:00,0.42,17867,United Kingdom,5.04
575340,22971,QUEENS GUARD COFFEE MUG,18,2011-11-09 14:31:00,2.55,15485,United Kingdom,45.9
575369,22834,HAND WARMER BABUSHKA DESIGN,12,2011-11-09 15:09:00,2.1,16655,United Kingdom,25.200000000000003
575387,20978,36 PENCILS TUBE SKULLS,16,2011-11-09 15:23:00,1.25,13992,United Kingdom,20.0
575389,22593,CHRISTMAS GINGHAM STAR,12,2011-11-09 15:31:00,0.85,12971,United Kingdom,10.2
575418,22386,JUMBO BAG PINK POLKADOT,30,2011-11-09 15:52:00,2.08,16986,United Kingdom,62.400000000000006
575475,20725,LUNCH BAG RED RETROSPOT,10,2011-11-09 16:03:00,1.65,17702,United Kingdom,16.5
575481,21804,WHITE CHRISTMAS GARLAND STARS TREES,2,2011-11-09 16:28:00,3.75,15679,United Kingdom,7.5
575481,15044D,RED PAPER PARASOL,2,2011-11-09 16:28:00,2.95,15679,United Kingdom,5.9
575484,22601,CHRISTMAS RETROSPOT ANGEL WOOD,12,2011-11-09 17:02:00,0.85,16670,United Kingdom,10.2
575486,22943,CHRISTMAS LIGHTS 10 VINTAGE BAUBLES,24,2011-11-09 17:07:00,4.25,14911,EIRE,102.0
575491,85071B,RED CHARLIE+LOLA PERSONAL DOORSIGN,4,2011-11-09 17:47:00,0.39,15531,United Kingdom,1.56
575491,21280,VINTAGE KITCHEN PRINT VEGETABLES,6,2011-11-09 17:47:00,2.55,15531,United Kingdom,15.3
575491,22600,CHRISTMAS RETROSPOT STAR WOOD,5,2011-11-09 17:47:00,0.85,15531,United Kingdom,4.25
575491,22610,PENS ASSORTED FUNNY FACE,36,2011-11-09 17:47:00,0.19,15531,United Kingdom,6.84
575491,47566,PARTY BUNTING,2,2011-11-09 17:47:00,4.95,15531,United Kingdom,9.9
575491,22720,SET OF 3 CAKE TINS PANTRY DESIGN ,4,2011-11-09 17:47:00,4.95,15531,United Kingdom,19.8
575491,23522,WALL ART DOG AND BALL ,2,2011-11-09 17:47:00,2.89,15531,United Kingdom,5.78
575491,84987,SET OF 36 TEATIME PAPER DOILIES,3,2011-11-09 17:47:00,1.45,15531,United Kingdom,4.35
575491,21929,JUMBO BAG PINK VINTAGE PAISLEY,9,2011-11-09 17:47:00,2.08,15531,United Kingdom,18.72
575499,23032,DRAWER KNOB CRACKLE GLAZE IVORY,12,2011-11-10 09:56:00,1.65,16003,United Kingdom,19.8
575499,23434,3 RAFFIA RIBBONS 50'S CHRISTMAS ,10,2011-11-10 09:56:00,0.79,16003,United Kingdom,7.9
575502,22142,CHRISTMAS CRAFT WHITE FAIRY ,12,2011-11-10 10:10:00,1.45,16700,United Kingdom,17.4
575504,21212,PACK OF 72 RETROSPOT CAKE CASES,24,2011-11-10 10:29:00,0.55,14895,United Kingdom,13.2
575504,22993,SET OF 4 PANTRY JELLY MOULDS,12,2011-11-10 10:29:00,1.25,14895,United Kingdom,15.0
575507,22617,BAKING SET SPACEBOY DESIGN,3,2011-11-10 10:32:00,4.95,17197,United Kingdom,14.85
575508,22951,60 CAKE CASES DOLLY GIRL DESIGN,240,2011-11-10 10:32:00,0.42,14646,Netherlands,100.8
575512,21061,PARTY INVITES FOOTBALL,12,2011-11-10 10:36:00,0.85,14121,United Kingdom,10.2
575514,22119,PEACE WOODEN BLOCK LETTERS,3,2011-11-10 10:40:00,6.95,12541,Spain,20.85
575516,21293,MIRRORED DOVE WALL DECORATION,24,2011-11-10 10:45:00,2.1,17340,United Kingdom,50.400000000000006
575576,23511,EMBROIDERED RIBBON REEL EMILY ,6,2011-11-10 11:45:00,2.08,16025,United Kingdom,12.48
575581,23396,LE JARDIN BOTANIQUE CUSHION COVER,4,2011-11-10 11:53:00,3.75,12659,France,15.0
575583,22557,PLASTERS IN TIN VINTAGE PAISLEY ,1,2011-11-10 11:55:00,1.65,14456,United Kingdom,1.65
575583,22534,MAGIC DRAWING SLATE SPACEBOY ,1,2011-11-10 11:55:00,0.42,14456,United Kingdom,0.42
575583,22596,CHRISTMAS STAR WISH LIST CHALKBOARD,1,2011-11-10 11:55:00,1.25,14456,United Kingdom,1.25
575583,22367,CHILDRENS APRON SPACEBOY DESIGN,1,2011-11-10 11:55:00,1.95,14456,United Kingdom,1.95
575582,85099B,JUMBO BAG RED RETROSPOT,1000,2011-11-10 11:55:00,1.79,16986,United Kingdom,1790.0
575586,23236,STORAGE TIN VINTAGE DOILY ,12,2011-11-10 12:00:00,2.89,12981,United Kingdom,34.68
575587,21813,GARLAND WITH STARS AND BELLS,6,2011-11-10 12:01:00,4.95,17461,United Kingdom,29.700000000000003
575587,22076,6 RIBBONS EMPIRE  ,2,2011-11-10 12:01:00,1.65,17461,United Kingdom,3.3
575587,47503H,ASS FLORAL PRINT SPIRIT LEVEL ,12,2011-11-10 12:01:00,0.79,17461,United Kingdom,9.48
575587,85049C,ROMANTIC PINKS RIBBONS ,2,2011-11-10 12:01:00,1.25,17461,United Kingdom,2.5
575589,23480,MINI LIGHTS WOODLAND MUSHROOMS,8,2011-11-10 12:05:00,3.75,14262,United Kingdom,30.0
575591,22629,SPACEBOY LUNCH BOX ,5,2011-11-10 12:09:00,1.95,17791,United Kingdom,9.75
575595,22633,HAND WARMER UNION JACK,12,2011-11-10 12:13:00,2.1,15452,United Kingdom,25.200000000000003
575602,22776,SWEETHEART 3 TIER CAKE STAND ,1,2011-11-10 12:27:00,9.95,17059,United Kingdom,9.95
575602,23437, 50'S CHRISTMAS GIFT BAG LARGE,20,2011-11-10 12:27:00,1.25,17059,United Kingdom,25.0
575602,23503,PLAYING CARDS KEEP CALM & CARRY ON,2,2011-11-10 12:27:00,1.25,17059,United Kingdom,2.5
575607,21098,CHRISTMAS TOILET ROLL,8,2011-11-10 12:37:00,2.46,14096,United Kingdom,19.68
575607,22423,REGENCY CAKESTAND 3 TIER,2,2011-11-10 12:37:00,24.96,14096,United Kingdom,49.92
575607,84755,COLOUR GLASS T-LIGHT HOLDER HANGING,4,2011-11-10 12:37:00,1.24,14096,United Kingdom,4.96
575607,22312,OFFICE MUG WARMER POLKADOT,1,2011-11-10 12:37:00,5.79,14096,United Kingdom,5.79
575607,22670,FRENCH WC SIGN BLUE METAL,1,2011-11-10 12:37:00,2.46,14096,United Kingdom,2.46
575607,22714,CARD BIRTHDAY COWBOY,2,2011-11-10 12:37:00,0.83,14096,United Kingdom,1.66
575607,48194,DOORMAT HEARTS,2,2011-11-10 12:37:00,15.79,14096,United Kingdom,31.58
575607,21888,BINGO SET,1,2011-11-10 12:37:00,7.46,14096,United Kingdom,7.46
575607,22147,FELTCRAFT BUTTERFLY HEARTS,1,2011-11-10 12:37:00,3.29,14096,United Kingdom,3.29
575610,48188,DOORMAT WELCOME PUPPIES,4,2011-11-10 12:45:00,8.25,16628,United Kingdom,33.0
575610,23214,JINGLE BELL HEART ANTIQUE GOLD,12,2011-11-10 12:45:00,2.08,16628,United Kingdom,24.96
575612,22091,EMPIRE TISSUE BOX,36,2011-11-10 12:47:00,0.39,17416,United Kingdom,14.04
575612,22865,HAND WARMER OWL DESIGN,12,2011-11-10 12:47:00,2.1,17416,United Kingdom,25.200000000000003
575619,22112,CHOCOLATE HOT WATER BOTTLE,24,2011-11-10 12:59:00,4.25,14712,United Kingdom,102.0
575621,23334,IVORY WICKER HEART SMALL,4,2011-11-10 13:03:00,0.63,16892,United Kingdom,2.52
575628,23215,JINGLE BELL HEART ANTIQUE SILVER,2,2011-11-10 13:31:00,2.08,12844,United Kingdom,4.16
575631,22150,3 STRIPEY MICE FELTCRAFT,1,2011-11-10 13:41:00,1.95,15184,United Kingdom,1.95
575633,85014B,RED RETROSPOT UMBRELLA,4,2011-11-10 13:44:00,5.95,15355,United Kingdom,23.8
575637,21116,OWL DOORSTOP,1,2011-11-10 13:46:00,4.95,16904,United Kingdom,4.95
575640,21933,PINK VINTAGE PAISLEY PICNIC BAG,1,2011-11-10 14:01:00,1.65,13148,United Kingdom,1.65
575643,23084,RABBIT NIGHT LIGHT,12,2011-11-10 14:09:00,2.08,13267,United Kingdom,24.96
575647,85123A,WHITE HANGING HEART T-LIGHT HOLDER,4,2011-11-10 14:16:00,2.95,16440,United Kingdom,11.8
575656,23086,ZINC  STAR T-LIGHT HOLDER ,16,2011-11-10 14:29:00,1.25,13319,United Kingdom,20.0
575656,79321,CHILLI LIGHTS,4,2011-11-10 14:29:00,5.75,13319,United Kingdom,23.0
575656,84879,ASSORTED COLOUR BIRD ORNAMENT,40,2011-11-10 14:29:00,1.69,13319,United Kingdom,67.6
575661,23490,T-LIGHT HOLDER HANGING LOVE BIRD,6,2011-11-10 14:39:00,3.75,12617,France,22.5
575668,21890,S/6 WOODEN SKITTLES IN COTTON BAG,1,2011-11-10 14:59:00,3.25,18283,United Kingdom,3.25
575668,22738,RIBBON REEL SNOWY VILLAGE,1,2011-11-10 14:59:00,1.65,18283,United Kingdom,1.65
575668,22910,PAPER CHAIN KIT VINTAGE CHRISTMAS,1,2011-11-10 14:59:00,2.95,18283,United Kingdom,2.95
575668,22356,CHARLOTTE BAG PINK POLKADOT,1,2011-11-10 14:59:00,0.85,18283,United Kingdom,0.85
575678,22896,PEG BAG APPLES DESIGN,6,2011-11-10 15:23:00,2.55,16169,United Kingdom,15.3
575680,21530,DAIRY MAID TOASTRACK,18,2011-11-10 15:23:00,0.79,13148,United Kingdom,14.22
575681,22094,RED RETROSPOT TISSUE BOX,2,2011-11-10 15:32:00,0.39,16903,United Kingdom,0.78
575690,21108,FAIRY CAKE FLANNEL ASSORTED COLOUR,18,2011-11-10 16:20:00,0.79,14189,United Kingdom,14.22
575690,84755,COLOUR GLASS T-LIGHT HOLDER HANGING,16,2011-11-10 16:20:00,0.65,14189,United Kingdom,10.4
575697,23307,SET OF 60 PANTRY DESIGN CAKE CASES ,24,2011-11-10 16:51:00,0.55,16094,United Kingdom,13.2
575698,22592,CARDHOLDER HOLLY WREATH METAL,4,2011-11-10 16:51:00,3.75,16094,United Kingdom,15.0
575703,22727,ALARM CLOCK BAKELIKE RED ,4,2011-11-10 16:59:00,3.75,13767,United Kingdom,15.0
575707,22960,JAM MAKING SET WITH JARS,6,2011-11-10 17:16:00,4.25,12538,Spain,25.5
575708,22046,TEA PARTY  WRAPPING PAPER ,25,2011-11-10 17:17:00,0.42,13460,United Kingdom,10.5
575718,22173,METAL 4 HOOK HANGER FRENCH CHATEAU,2,2011-11-10 18:04:00,3.29,16907,United Kingdom,6.58
575723,22759,SET OF 3 NOTEBOOKS IN PARCEL,12,2011-11-10 18:33:00,1.65,14748,United Kingdom,19.8
575726,20726,LUNCH BAG WOODLAND,1,2011-11-10 19:12:00,1.65,16791,United Kingdom,1.65
575728,23080,RED METAL BOX TOP SECRET,2,2011-11-10 19:40:00,8.25,14911,EIRE,16.5
575728,23081,GREEN METAL BOX ARMY SUPPLIES,2,2011-11-10 19:40:00,8.25,14911,EIRE,16.5
575730,23421,PANTRY HOOK SPATULA,1,2011-11-10 19:53:00,2.08,14765,United Kingdom,2.08
575731,23321,SMALL WHITE HEART OF WICKER,2,2011-11-10 20:01:00,1.65,13230,United Kingdom,3.3
575731,22577,WOODEN HEART CHRISTMAS SCANDINAVIAN,2,2011-11-10 20:01:00,0.29,13230,United Kingdom,0.58
575732,15056N,EDWARDIAN PARASOL NATURAL,6,2011-11-11 08:19:00,5.95,12712,Germany,35.7
575734,21892,TRADITIONAL WOODEN CATCH CUP GAME ,12,2011-11-11 08:39:00,1.25,12384,Switzerland,15.0
575735,C2,CARRIAGE,1,2011-11-11 08:46:00,50.0,14156,EIRE,50.0
575735,85179A,GREEN BITTY LIGHT CHAIN,12,2011-11-11 08:46:00,1.25,14156,EIRE,15.0
575738,20719,WOODLAND CHARLOTTE BAG,10,2011-11-11 09:02:00,0.85,16790,United Kingdom,8.5
575743,23681,LUNCH BAG RED VINTAGE DOILY,30,2011-11-11 10:01:00,1.65,12757,Portugal,49.5
575753,21155,RED RETROSPOT PEG BAG,4,2011-11-11 10:41:00,2.55,17841,United Kingdom,10.2
575753,21930,JUMBO STORAGE BAG SKULLS,1,2011-11-11 10:41:00,2.08,17841,United Kingdom,2.08
575753,22621,TRADITIONAL KNITTING NANCY,1,2011-11-11 10:41:00,1.65,17841,United Kingdom,1.65
575754,22635,CHILDS BREAKFAST SET DOLLY GIRL ,2,2011-11-11 10:43:00,9.95,17295,United Kingdom,19.9
575755,22578,WOODEN STAR CHRISTMAS SCANDINAVIAN,24,2011-11-11 10:45:00,0.29,17015,United Kingdom,6.959999999999999
575757,85071A,BLUE CHARLIE+LOLA PERSONAL DOORSIGN,6,2011-11-11 10:49:00,0.39,17295,United Kingdom,2.34
575760,22096,PINK PAISLEY SQUARE TISSUE BOX ,2,2011-11-11 10:50:00,0.39,15965,United Kingdom,0.78
575766,23323,WHITE WICKER STAR ,4,2011-11-11 11:06:00,2.1,12856,United Kingdom,8.4
575766,85123A,WHITE HANGING HEART T-LIGHT HOLDER,7,2011-11-11 11:06:00,2.95,12856,United Kingdom,20.65
575787,POST,POSTAGE,3,2011-11-11 11:18:00,18.0,12518,Germany,54.0
575787,21881,CUTE CATS TAPE,12,2011-11-11 11:18:00,0.65,12518,Germany,7.800000000000001
575787,21883,STARS GIFT TAPE ,12,2011-11-11 11:18:00,0.65,12518,Germany,7.800000000000001
575840,21993,FLORAL FOLK STATIONERY SET,8,2011-11-11 11:56:00,1.25,13137,United Kingdom,10.0
575843,21928,JUMBO BAG SCANDINAVIAN BLUE PAISLEY,1,2011-11-11 12:02:00,2.08,14446,United Kingdom,2.08
575851,21034,REX CASH+CARRY JUMBO SHOPPER,1,2011-11-11 12:13:00,0.95,14662,United Kingdom,0.95
575851,23293,SET OF 12 FAIRY CAKE BAKING CASES,1,2011-11-11 12:13:00,0.83,14662,United Kingdom,0.83
575851,23505,PLAYING CARDS I LOVE LONDON ,1,2011-11-11 12:13:00,1.25,14662,United Kingdom,1.25
575851,21557,SET OF 6 FUNKY BEAKERS,1,2011-11-11 12:13:00,2.95,14662,United Kingdom,2.95
575852,22411,JUMBO SHOPPER VINTAGE RED PAISLEY,3,2011-11-11 12:17:00,2.08,17238,United Kingdom,6.24
575854,22730,ALARM CLOCK BAKELIKE IVORY,4,2011-11-11 12:20:00,3.75,14125,United Kingdom,15.0
575854,71477,COLOUR GLASS. STAR T-LIGHT HOLDER,4,2011-11-11 12:20:00,3.95,14125,United Kingdom,15.8
575856,21918,SET 12 KIDS COLOUR  CHALK STICKS,1,2011-11-11 12:28:00,0.42,16386,United Kingdom,0.42
575856,23367,SET 12 COLOUR PENCILS SPACEBOY ,1,2011-11-11 12:28:00,0.65,16386,United Kingdom,0.65
575856,23378,PACK OF 12 50'S CHRISTMAS TISSUES,1,2011-11-11 12:28:00,0.39,16386,United Kingdom,0.39
575866,79321,CHILLI LIGHTS,48,2011-11-11 12:41:00,4.95,16107,United Kingdom,237.6
575868,22141,CHRISTMAS CRAFT TREE TOP ANGEL,6,2011-11-11 12:44:00,2.1,12985,United Kingdom,12.6
575867,22144,CHRISTMAS CRAFT LITTLE FRIENDS,2,2011-11-11 12:44:00,2.1,15034,United Kingdom,4.2
575870,23355,HOT WATER BOTTLE KEEP CALM,6,2011-11-11 12:46:00,4.95,15557,United Kingdom,29.700000000000003
575871,22865,HAND WARMER OWL DESIGN,12,2011-11-11 12:52:00,2.1,14911,EIRE,25.200000000000003
575877,84029G,KNITTED UNION FLAG HOT WATER BOTTLE,8,2011-11-11 13:25:00,4.25,14907,United Kingdom,34.0
575880,21123,SET/10 IVORY POLKADOT PARTY CANDLES,24,2011-11-11 13:35:00,1.25,12726,France,30.0
575884,22593,CHRISTMAS GINGHAM STAR,12,2011-11-11 13:46:00,0.85,12685,France,10.2
575884,23109,PACK OF SIX LED TEA LIGHTS,6,2011-11-11 13:46:00,2.89,12685,France,17.34
575886,22649,STRAWBERRY FAIRY CAKE TEAPOT,2,2011-11-11 13:57:00,4.95,12517,Germany,9.9
575888,POST,POSTAGE,3,2011-11-11 14:04:00,18.0,12517,Germany,54.0
575891,21015,DARK BIRD HOUSE TREE DECORATION,24,2011-11-11 14:12:00,0.29,15692,United Kingdom,6.959999999999999
575895,23108,SET OF 10 LED DOLLY LIGHTS,1,2011-11-11 14:50:00,6.25,17052,United Kingdom,6.25
575895,84032B,CHARLIE + LOLA RED HOT WATER BOTTLE,2,2011-11-11 14:50:00,2.95,17052,United Kingdom,5.9
575895,22909,SET OF 20 VINTAGE CHRISTMAS NAPKINS,5,2011-11-11 14:50:00,0.85,17052,United Kingdom,4.25
575896,23494,VINTAGE DOILY DELUXE SEWING KIT ,3,2011-11-11 14:52:00,5.95,12480,Germany,17.85
575896,22935,BAKING MOULD ROSE MILK CHOCOLATE,6,2011-11-11 14:52:00,3.25,12480,Germany,19.5
575898,84029E,RED WOOLLY HOTTIE WHITE HEART.,3,2011-11-11 15:08:00,4.25,16368,United Kingdom,12.75
575902,22707,WRAP MONSTER FUN ,25,2011-11-11 15:20:00,0.42,15544,United Kingdom,10.5
575904,21616,4 PEAR BOTANICAL DINNER CANDLES,1,2011-11-11 15:28:00,1.25,18014,United Kingdom,1.25
575911,23407,SET OF 2 TRAYS HOME SWEET HOME,2,2011-11-11 16:13:00,9.95,17314,United Kingdom,19.9
575915,22114,HOT WATER BOTTLE TEA AND SYMPATHY,48,2011-11-11 16:33:00,3.75,15903,United Kingdom,180.0
575917,23370,SET 36 COLOURING PENCILS DOILY,16,2011-11-11 16:57:00,1.25,13895,United Kingdom,20.0
575918,23090,VINTAGE GLASS T-LIGHT HOLDER,6,2011-11-11 16:58:00,0.83,17191,United Kingdom,4.98
575919,21313,GLASS HEART T-LIGHT HOLDER ,96,2011-11-11 17:00:00,0.64,15311,United Kingdom,61.44
575919,22685,FRENCH BLUE METAL DOOR SIGN 0,8,2011-11-11 17:00:00,1.25,15311,United Kingdom,10.0
575922,23042,PAPER LANTERN 7 POINT SNOW STAR,10,2011-11-11 17:10:00,6.65,15681,United Kingdom,66.5
575923,23206,LUNCH BAG APPLE DESIGN,10,2011-11-11 17:11:00,1.65,17069,United Kingdom,16.5
575931,22026,BANQUET BIRTHDAY  CARD  ,12,2011-11-13 10:35:00,0.42,16560,United Kingdom,5.04
575932,23332,IVORY WICKER HEART LARGE,5,2011-11-13 10:35:00,1.65,16923,United Kingdom,8.25
575936,23295,SET OF 12 MINI LOAF BAKING CASES,16,2011-11-13 11:21:00,0.83,17041,United Kingdom,13.28
575937,47591D,PINK FAIRY CAKE CHILDRENS APRON,8,2011-11-13 11:24:00,1.95,12935,United Kingdom,15.6
575939,22386,JUMBO BAG PINK POLKADOT,10,2011-11-13 11:37:00,2.08,13004,United Kingdom,20.8
575939,22947,WOODEN ADVENT CALENDAR RED,5,2011-11-13 11:37:00,7.95,13004,United Kingdom,39.75
575941,72349B,SET/6 PURPLE BUTTERFLY T-LIGHTS,5,2011-11-13 11:39:00,2.1,16438,United Kingdom,10.5
575941,72351A,SET/6 TURQUOISE BUTTERFLY T-LIGHTS,2,2011-11-13 11:39:00,2.1,16438,United Kingdom,4.2
575943,20719,WOODLAND CHARLOTTE BAG,1,2011-11-13 11:44:00,0.85,17920,United Kingdom,0.85
575944,22766,PHOTO FRAME CORNICE,8,2011-11-13 11:46:00,2.95,16571,United Kingdom,23.6
575946,22699,ROSES REGENCY TEACUP AND SAUCER ,24,2011-11-13 11:50:00,2.55,13892,United Kingdom,61.2
575952,22662,LUNCH BAG DOLLY GIRL DESIGN,2,2011-11-13 11:55:00,1.65,16015,United Kingdom,3.3
575954,23228,FILIGREE HEART BIRD WHITE ,12,2011-11-13 12:03:00,1.25,17211,United Kingdom,15.0
575954,22111,SCOTTIE DOG HOT WATER BOTTLE,3,2011-11-13 12:03:00,4.95,17211,United Kingdom,14.85
575954,22865,HAND WARMER OWL DESIGN,3,2011-11-13 12:03:00,2.1,17211,United Kingdom,6.300000000000001
575956,84949,SILVER HANGING T-LIGHT HOLDER,12,2011-11-13 12:17:00,1.65,14487,United Kingdom,19.8
575956,21931,JUMBO STORAGE BAG SUKI,1,2011-11-13 12:17:00,2.08,14487,United Kingdom,2.08
575959,47585A,PINK FAIRY CAKE CUSHION COVER,4,2011-11-13 12:27:00,3.75,14547,United Kingdom,15.0
575959,23462,ROCOCO WALL MIRROR WHITE,2,2011-11-13 12:27:00,19.95,14547,United Kingdom,39.9
575959,17038,PORCELAIN BUDAH INCENSE HOLDER,100,2011-11-13 12:27:00,0.1,14547,United Kingdom,10.0
575959,22203,MILK PAN RED RETROSPOT,1,2011-11-13 12:27:00,3.75,14547,United Kingdom,3.75
575960,20972,PINK CREAM FELT CRAFT TRINKET BOX ,1,2011-11-13 12:28:00,1.25,15429,United Kingdom,1.25
575960,22577,WOODEN HEART CHRISTMAS SCANDINAVIAN,6,2011-11-13 12:28:00,0.29,15429,United Kingdom,1.7399999999999998
575965,23375,50'S CHRISTMAS PAPER GIFT BAG,10,2011-11-13 12:32:00,0.82,13426,United Kingdom,8.2
575965,23532,WALL ART WORK REST AND PLAY  ,3,2011-11-13 12:32:00,4.95,13426,United Kingdom,14.85
575972,21819,GLITTER CHRISTMAS STAR ,10,2011-11-13 13:01:00,0.39,14499,United Kingdom,3.9
575972,23221,REINDEER HEART DECORATION SILVER,6,2011-11-13 13:01:00,0.83,14499,United Kingdom,4.98
575972,23535,WALL ART BICYCLE SAFETY,1,2011-11-13 13:01:00,5.95,14499,United Kingdom,5.95
575976,22142,CHRISTMAS CRAFT WHITE FAIRY ,4,2011-11-13 13:26:00,1.45,15271,United Kingdom,5.8
575985,23427,STOOL HOME SWEET HOME ,1,2011-11-13 14:09:00,12.5,17841,United Kingdom,12.5
575985,23403,LETTER HOLDER HOME SWEET HOME,12,2011-11-13 14:09:00,3.75,17841,United Kingdom,45.0
575985,23332,IVORY WICKER HEART LARGE,4,2011-11-13 14:09:00,1.65,17841,United Kingdom,6.6
575985,23100,SILVER BELLS TABLE DECORATION,24,2011-11-13 14:09:00,1.25,17841,United Kingdom,30.0
575989,21841,BABY MOUSE RED GINGHAM DRESS,2,2011-11-13 14:20:00,4.25,14698,United Kingdom,8.5
575989,21314,SMALL GLASS HEART TRINKET POT,2,2011-11-13 14:20:00,2.1,14698,United Kingdom,4.2
575989,22441,GROW YOUR OWN BASIL IN ENAMEL MUG,4,2011-11-13 14:20:00,2.1,14698,United Kingdom,8.4
576014,22941,CHRISTMAS LIGHTS 10 REINDEER,2,2011-11-13 14:29:00,8.5,17218,United Kingdom,17.0
576014,23229,VINTAGE DONKEY TAIL GAME ,3,2011-11-13 14:29:00,3.75,17218,United Kingdom,11.25
576014,22694,WICKER STAR ,2,2011-11-13 14:29:00,2.1,17218,United Kingdom,4.2
576019,23039,T-LIGHT HOLDER SILVER HEART HANDLE,6,2011-11-13 14:31:00,1.95,12865,Austria,11.7
576045,22266,EASTER DECORATION HANGING BUNNY,10,2011-11-13 14:42:00,0.19,15022,United Kingdom,1.9
576052,22866,HAND WARMER SCOTTY DOG DESIGN,2,2011-11-13 14:48:00,2.1,15787,United Kingdom,4.2
576052,22867,HAND WARMER BIRD DESIGN,2,2011-11-13 14:48:00,2.1,15787,United Kingdom,4.2
576052,22865,HAND WARMER OWL DESIGN,2,2011-11-13 14:48:00,2.1,15787,United Kingdom,4.2
576053,21975,PACK OF 60 DINOSAUR CAKE CASES,5,2011-11-13 14:53:00,0.55,16726,United Kingdom,2.75
576053,21327,SKULLS WRITING SET ,5,2011-11-13 14:53:00,1.65,16726,United Kingdom,8.25
576053,21329,DINOSAURS  WRITING SET ,5,2011-11-13 14:53:00,1.65,16726,United Kingdom,8.25
576059,21714,CITRONELLA CANDLE GARDEN POT,6,2011-11-13 15:19:00,1.25,15411,United Kingdom,7.5
576062,85049E,SCANDINAVIAN REDS RIBBONS,3,2011-11-13 15:30:00,1.25,12867,United Kingdom,3.75
576064,21429,RED GINGHAM ROSE JEWELLERY BOX,6,2011-11-13 15:37:00,1.95,12508,France,11.7
576064,21926,RED/CREAM STRIPE CUSHION COVER ,2,2011-11-13 15:37:00,1.25,12508,France,2.5
576065,23208,LUNCH BAG VINTAGE LEAF DESIGN,2,2011-11-13 15:42:00,1.65,15005,United Kingdom,3.3
576067,23203,JUMBO BAG VINTAGE DOILY ,20,2011-11-13 15:48:00,2.08,14227,United Kingdom,41.6
576069,85203,HANGING WOOD AND FELT BUTTERFLY ,6,2011-11-13 15:57:00,0.42,13603,United Kingdom,2.52
576070,23206,LUNCH BAG APPLE DESIGN,4,2011-11-13 15:58:00,1.65,13451,United Kingdom,6.6
576070,21616,4 PEAR BOTANICAL DINNER CANDLES,4,2011-11-13 15:58:00,1.25,13451,United Kingdom,5.0
576071,82494L,WOODEN FRAME ANTIQUE WHITE ,1,2011-11-13 16:03:00,2.95,18069,United Kingdom,2.95
576074,23475,WOODLAND SMALL PINK FELT HEART,12,2011-11-13 16:14:00,0.83,13178,United Kingdom,9.96
576074,23084,RABBIT NIGHT LIGHT,48,2011-11-13 16:14:00,1.79,13178,United Kingdom,85.92
576075,23307,SET OF 60 PANTRY DESIGN CAKE CASES ,6,2011-11-13 16:16:00,0.55,15861,United Kingdom,3.3000000000000003
576075,22400,MAGNETS PACK OF 4 HOME SWEET HOME,12,2011-11-13 16:16:00,0.39,15861,United Kingdom,4.68
576076,23203,JUMBO BAG VINTAGE DOILY ,1,2011-11-13 16:18:00,2.08,14382,United Kingdom,2.08
576076,23154,SET OF 4 JAM JAR MAGNETS,1,2011-11-13 16:18:00,2.08,14382,United Kingdom,2.08
576078,23198,PANTRY MAGNETIC  SHOPPING LIST,2,2011-11-13 16:22:00,1.45,14432,United Kingdom,2.9
576078,23224,CHERUB HEART DECORATION GOLD,1,2011-11-13 16:22:00,0.83,14432,United Kingdom,0.83
576078,85169A,IVORY LOVE BIRD CANDLE,1,2011-11-13 16:22:00,1.25,14432,United Kingdom,1.25
576078,85160B,BLACK BIRD GARDEN DESIGN MUG,6,2011-11-13 16:22:00,0.39,14432,United Kingdom,2.34
576078,22632,HAND WARMER RED RETROSPOT,6,2011-11-13 16:22:00,2.1,14432,United Kingdom,12.6
576078,21981,PACK OF 12 WOODLAND TISSUES ,12,2011-11-13 16:22:00,0.39,14432,United Kingdom,4.68
576078,85038,6 CHOCOLATE LOVE HEART T-LIGHTS,1,2011-11-13 16:22:00,2.1,14432,United Kingdom,2.1
576087,22381,TOY TIDY PINK POLKADOT,5,2011-11-14 08:31:00,2.1,12689,France,10.5
576087,22382,LUNCH BAG SPACEBOY DESIGN ,10,2011-11-14 08:31:00,1.65,12689,France,16.5
576088,23243,SET OF TEA COFFEE SUGAR TINS PANTRY,50,2011-11-14 08:41:00,5.17,17450,United Kingdom,258.5
576091,90214H,"LETTER ""H"" BLING KEY RING",6,2011-11-14 09:00:00,1.25,16779,United Kingdom,7.5
576093,21108,FAIRY CAKE FLANNEL ASSORTED COLOUR,18,2011-11-14 09:05:00,0.79,17744,United Kingdom,14.22
576094,23296,SET OF 6 TEA TIME BAKING CASES,8,2011-11-14 09:12:00,1.25,16401,United Kingdom,10.0
576095,21935,SUKI  SHOULDER BAG,40,2011-11-14 09:13:00,1.65,14904,United Kingdom,66.0
576098,22735,RIBBON REEL SOCKS AND MITTENS,10,2011-11-14 10:01:00,1.65,14862,United Kingdom,16.5
576099,48188,DOORMAT WELCOME PUPPIES,2,2011-11-14 10:28:00,8.25,13021,United Kingdom,16.5
576176,84879,ASSORTED COLOUR BIRD ORNAMENT,8,2011-11-14 11:04:00,1.69,16936,United Kingdom,13.52
576176,23480,MINI LIGHTS WOODLAND MUSHROOMS,1,2011-11-14 11:04:00,3.75,16936,United Kingdom,3.75
576182,23323,WHITE WICKER STAR ,6,2011-11-14 11:21:00,2.1,12938,United Kingdom,12.6
576189,16235,RECYCLED PENCIL WITH RABBIT ERASER,10,2011-11-14 11:33:00,0.21,14684,United Kingdom,2.1
576196,22585,PACK OF 6 BIRDY GIFT TAGS,24,2011-11-14 12:07:00,1.25,17658,United Kingdom,30.0
576200,23332,IVORY WICKER HEART LARGE,4,2011-11-14 12:14:00,1.65,15572,United Kingdom,6.6
576201,22358,KINGS CHOICE TEA CADDY ,1,2011-11-14 12:18:00,2.95,14606,United Kingdom,2.95
576212,23078,ICE CREAM PEN LIP GLOSS ,24,2011-11-14 12:45:00,1.25,18082,United Kingdom,30.0
576213,21264,WHITE GOOSE FEATHER TREE 60CM ,6,2011-11-14 12:47:00,1.95,18117,United Kingdom,11.7
576213,51014A,"FEATHER PEN,HOT PINK",36,2011-11-14 12:47:00,0.39,18117,United Kingdom,14.04
576213,23295,SET OF 12 MINI LOAF BAKING CASES,1,2011-11-14 12:47:00,0.83,18117,United Kingdom,0.83
576214,22804,PINK HANGING HEART T-LIGHT HOLDER,1,2011-11-14 12:49:00,2.95,15863,United Kingdom,2.95
576214,22835,HOT WATER BOTTLE I AM SO POORLY,1,2011-11-14 12:49:00,4.95,15863,United Kingdom,4.95
576217,84946,ANTIQUE SILVER T-LIGHT GLASS,3,2011-11-14 12:56:00,1.25,17081,United Kingdom,3.75
576217,22632,HAND WARMER RED RETROSPOT,1,2011-11-14 12:56:00,2.1,17081,United Kingdom,2.1
576221,22386,JUMBO BAG PINK POLKADOT,100,2011-11-14 13:01:00,1.79,15838,United Kingdom,179.0
576222,21544,SKULLS  WATER TRANSFER TATTOOS ,12,2011-11-14 13:02:00,0.85,12490,France,10.2
576228,22086,PAPER CHAIN KIT 50'S CHRISTMAS ,3,2011-11-14 13:12:00,2.95,15033,United Kingdom,8.850000000000001
576228,22097,SWALLOW SQUARE TISSUE BOX,1,2011-11-14 13:12:00,0.39,15033,United Kingdom,0.39
576228,23570,TRADITIONAL PICK UP STICKS GAME ,4,2011-11-14 13:12:00,1.25,15033,United Kingdom,5.0
576237,22947,WOODEN ADVENT CALENDAR RED,6,2011-11-14 13:32:00,7.95,12971,United Kingdom,47.7
576245,22571,ROCKING HORSE RED CHRISTMAS ,12,2011-11-14 13:40:00,0.85,12553,France,10.2
576246,23553,LANDMARK FRAME CAMDEN TOWN ,1,2011-11-14 13:42:00,12.5,17566,United Kingdom,12.5
576249,21260,FIRST AID TIN,5,2011-11-14 13:47:00,3.25,17811,United Kingdom,16.25
576249,22843,BISCUIT TIN VINTAGE GREEN,1,2011-11-14 13:47:00,6.75,17811,United Kingdom,6.75
576252,21790,VINTAGE SNAP CARDS,12,2011-11-14 13:55:00,0.85,14418,United Kingdom,10.2
576252,35970,ZINC FOLKART SLEIGH BELLS,24,2011-11-14 13:55:00,1.69,14418,United Kingdom,40.56
576252,23480,MINI LIGHTS WOODLAND MUSHROOMS,12,2011-11-14 13:55:00,3.75,14418,United Kingdom,45.0
576254,22621,TRADITIONAL KNITTING NANCY,36,2011-11-14 14:02:00,1.65,16422,United Kingdom,59.4
576269,22923,FRIDGE MAGNETS LES ENFANTS ASSORTED,12,2011-11-14 14:23:00,0.85,12762,Portugal,10.2
576274,20972,PINK CREAM FELT CRAFT TRINKET BOX ,1,2011-11-14 14:24:00,1.25,17793,United Kingdom,1.25
576274,23491,VINTAGE JINGLE BELLS HEART,1,2011-11-14 14:24:00,8.25,17793,United Kingdom,8.25
576300,22756,LARGE YELLOW BABUSHKA NOTEBOOK ,1,2011-11-14 14:39:00,1.25,15058,United Kingdom,1.25
576300,22980,PANTRY SCRUBBING BRUSH,1,2011-11-14 14:39:00,1.65,15058,United Kingdom,1.65
576300,23372,SET 36 COLOUR PENCILS DOLLY GIRL,1,2011-11-14 14:39:00,1.25,15058,United Kingdom,1.25
576300,22450,SILK PURSE BABUSHKA BLUE,1,2011-11-14 14:39:00,3.35,15058,United Kingdom,3.35
576318,23126,FELTCRAFT GIRL AMELIE KIT,3,2011-11-14 14:57:00,4.95,15058,United Kingdom,14.85
576321,21819,GLITTER CHRISTMAS STAR ,5,2011-11-14 14:59:00,0.39,14953,United Kingdom,1.95
576322,21217,RED RETROSPOT ROUND CAKE TINS,2,2011-11-14 15:03:00,9.95,12642,Germany,19.9
576322,85049E,SCANDINAVIAN REDS RIBBONS,12,2011-11-14 15:03:00,1.25,12642,Germany,15.0
576323,23103,JINGLE BELL HEART DECORATION,10,2011-11-14 15:10:00,1.65,16161,United Kingdom,16.5
576326,22091,EMPIRE TISSUE BOX,1,2011-11-14 15:18:00,0.39,16504,United Kingdom,0.39
576327,23497,CLASSIC CHROME BICYCLE BELL ,12,2011-11-14 15:19:00,1.45,12476,Germany,17.4
576339,20717,STRAWBERRY SHOPPER BAG,2,2011-11-14 15:27:00,2.46,14096,United Kingdom,4.92
576339,22896,PEG BAG APPLES DESIGN,1,2011-11-14 15:27:00,4.96,14096,United Kingdom,4.96
576339,22589,CARDHOLDER GINGHAM STAR,3,2011-11-14 15:27:00,4.96,14096,United Kingdom,14.88
576339,21900,"KEY FOB , SHED",4,2011-11-14 15:27:00,1.63,14096,United Kingdom,6.52
576339,84997D,CHILDRENS CUTLERY POLKADOT PINK,1,2011-11-14 15:27:00,8.29,14096,United Kingdom,8.29
576339,84997B,CHILDRENS CUTLERY RETROSPOT RED ,1,2011-11-14 15:27:00,8.29,14096,United Kingdom,8.29
576339,22024,RAINY LADIES BIRTHDAY CARD,7,2011-11-14 15:27:00,0.83,14096,United Kingdom,5.81
576339,51014L,"FEATHER PEN,LIGHT PINK",6,2011-11-14 15:27:00,0.83,14096,United Kingdom,4.98
576339,21677,HEARTS  STICKERS,2,2011-11-14 15:27:00,1.63,14096,United Kingdom,3.26
576339,22743,MAKE YOUR OWN FLOWERPOWER CARD KIT,5,2011-11-14 15:27:00,5.79,14096,United Kingdom,28.95
576339,22411,JUMBO SHOPPER VINTAGE RED PAISLEY,1,2011-11-14 15:27:00,4.13,14096,United Kingdom,4.13
576339,22189,CREAM HEART CARD HOLDER,1,2011-11-14 15:27:00,8.29,14096,United Kingdom,8.29
576339,22671,FRENCH LAUNDRY SIGN BLUE METAL,1,2011-11-14 15:27:00,3.29,14096,United Kingdom,3.29
576346,85123A,WHITE HANGING HEART T-LIGHT HOLDER,6,2011-11-14 15:37:00,2.95,13835,United Kingdom,17.700000000000003
576349,23553,LANDMARK FRAME CAMDEN TOWN ,2,2011-11-14 15:41:00,12.5,16519,United Kingdom,25.0
576352,22138,BAKING SET 9 PIECE RETROSPOT ,6,2011-11-14 15:51:00,4.95,16478,United Kingdom,29.700000000000003
576362,84879,ASSORTED COLOUR BIRD ORNAMENT,24,2011-11-14 17:11:00,1.69,14755,United Kingdom,40.56
576364,23531,WALL ART BIG LOVE ,1,2011-11-14 17:40:00,6.95,15009,United Kingdom,6.95
576371,C2,CARRIAGE,1,2011-11-15 08:07:00,50.0,14911,EIRE,50.0
576371,22338,STAR DECORATION PAINTED ZINC ,96,2011-11-15 08:07:00,0.19,14911,EIRE,18.24
576372,22349,DOG BOWL CHASING BALL DESIGN,6,2011-11-15 08:32:00,3.75,15144,United Kingdom,22.5
576376,20972,PINK CREAM FELT CRAFT TRINKET BOX ,12,2011-11-15 09:11:00,1.25,16341,United Kingdom,15.0
576381,22356,CHARLOTTE BAG PINK POLKADOT,10,2011-11-15 09:26:00,0.85,12839,United Kingdom,8.5
576381,79321,CHILLI LIGHTS,4,2011-11-15 09:26:00,5.75,12839,United Kingdom,23.0
576381,20972,PINK CREAM FELT CRAFT TRINKET BOX ,12,2011-11-15 09:26:00,1.25,12839,United Kingdom,15.0
576384,23284,DOORMAT KEEP CALM AND COME IN,2,2011-11-15 09:32:00,8.25,12883,United Kingdom,16.5
576392,21927,BLUE/CREAM STRIPE CUSHION COVER ,12,2011-11-15 10:17:00,1.25,15105,United Kingdom,15.0
576399,21977,PACK OF 60 PINK PAISLEY CAKE CASES,24,2011-11-15 10:50:00,0.55,12684,France,13.2
576405,23526,WALL ART DOG LICENCE ,3,2011-11-15 11:14:00,5.95,13735,United Kingdom,17.85
576412,22821,GIFT BAG PSYCHEDELIC APPLES,12,2011-11-15 11:21:00,0.65,13455,United Kingdom,7.800000000000001
576463,84012,MAGIC SHEEP WOOL GROWING FROM PAPER,1,2011-11-15 11:37:00,0.85,17974,United Kingdom,0.85
576463,22295,HEART FILIGREE DOVE LARGE,5,2011-11-15 11:37:00,1.65,17974,United Kingdom,8.25
576463,22429,ENAMEL MEASURING JUG CREAM,1,2011-11-15 11:37:00,4.25,17974,United Kingdom,4.25
576463,21390,FILIGRIS HEART WITH BUTTERFLY,3,2011-11-15 11:37:00,1.25,17974,United Kingdom,3.75
576463,84378,SET OF 3 HEART COOKIE CUTTERS,3,2011-11-15 11:37:00,1.45,17974,United Kingdom,4.35
576463,22326,ROUND SNACK BOXES SET OF4 WOODLAND ,2,2011-11-15 11:37:00,2.95,17974,United Kingdom,5.9
576463,21389,IVORY HANGING DECORATION  BIRD,4,2011-11-15 11:37:00,0.85,17974,United Kingdom,3.4
576508,22131,FOOD CONTAINER SET 3 LOVE HEART ,2,2011-11-15 12:02:00,1.95,17777,United Kingdom,3.9
576508,22154,ANGEL DECORATION 3 BUTTONS ,7,2011-11-15 12:02:00,0.42,17777,United Kingdom,2.94
576518,23229,VINTAGE DONKEY TAIL GAME ,2,2011-11-15 12:25:00,3.75,16361,United Kingdom,7.5
576518,23169,CLASSIC GLASS COOKIE JAR,1,2011-11-15 12:25:00,4.15,16361,United Kingdom,4.15
576520,21733,RED HANGING HEART T-LIGHT HOLDER,2,2011-11-15 12:33:00,2.95,14467,United Kingdom,5.9
576520,23313,VINTAGE CHRISTMAS BUNTING,3,2011-11-15 12:33:00,4.95,14467,United Kingdom,14.85
576538,23555,LANDMARK FRAME NOTTING HILL ,1,2011-11-15 12:42:00,12.5,14725,United Kingdom,12.5
576553,22487,WHITE WOOD GARDEN PLANT LADDER,2,2011-11-15 12:57:00,9.95,14666,United Kingdom,19.9
576555,23293,SET OF 12 FAIRY CAKE BAKING CASES,32,2011-11-15 13:01:00,0.83,17861,United Kingdom,26.56
576559,22910,PAPER CHAIN KIT VINTAGE CHRISTMAS,2,2011-11-15 13:19:00,2.95,14711,United Kingdom,5.9
576560,23525,WALL ART BUFFALO BILL ,2,2011-11-15 13:21:00,3.75,12877,United Kingdom,7.5
576564,21439,BASKET OF TOADSTOOLS,24,2011-11-15 13:32:00,1.25,15311,United Kingdom,30.0
576570,85049E,SCANDINAVIAN REDS RIBBONS,3,2011-11-15 13:47:00,1.25,17220,United Kingdom,3.75
576570,22966,GINGERBREAD MAN COOKIE CUTTER,5,2011-11-15 13:47:00,1.25,17220,United Kingdom,6.25
576574,22910,PAPER CHAIN KIT VINTAGE CHRISTMAS,40,2011-11-15 13:53:00,2.55,13078,United Kingdom,102.0
576575,23111,PARISIENNE SEWING BOX,1,2011-11-15 13:55:00,12.5,16295,United Kingdom,12.5
576575,22600,CHRISTMAS RETROSPOT STAR WOOD,12,2011-11-15 13:55:00,0.85,16295,United Kingdom,10.2
576581,20724,RED RETROSPOT CHARLOTTE BAG,10,2011-11-15 14:15:00,0.85,15955,United Kingdom,8.5
576581,23681,LUNCH BAG RED VINTAGE DOILY,10,2011-11-15 14:15:00,1.65,15955,United Kingdom,16.5
576587,22411,JUMBO SHOPPER VINTAGE RED PAISLEY,3,2011-11-15 14:23:00,2.08,18123,United Kingdom,6.24
576589,23301,GARDENERS KNEELING PAD KEEP CALM ,12,2011-11-15 14:29:00,1.65,17659,United Kingdom,19.8
576589,22470,HEART OF WICKER LARGE,6,2011-11-15 14:29:00,2.95,17659,United Kingdom,17.700000000000003
576590,23314,VINTAGE CHRISTMAS TABLECLOTH,2,2011-11-15 14:30:00,12.5,16240,United Kingdom,25.0
576592,84375,SET OF 20 KIDS COOKIE CUTTERS,2,2011-11-15 14:47:00,2.1,13614,United Kingdom,4.2
576592,84509B,SET OF 4 FAIRY CAKE PLACEMATS,1,2011-11-15 14:47:00,3.75,13614,United Kingdom,3.75
576593,22997,TRAVEL CARD WALLET UNION JACK,2,2011-11-15 14:48:00,0.42,15720,United Kingdom,0.84
576593,84497,BUTTONS AND STRIPES NOTEBOOK ,1,2011-11-15 14:48:00,3.75,15720,United Kingdom,3.75
576593,22487,WHITE WOOD GARDEN PLANT LADDER,1,2011-11-15 14:48:00,9.95,15720,United Kingdom,9.95
576593,21790,VINTAGE SNAP CARDS,1,2011-11-15 14:48:00,0.85,15720,United Kingdom,0.85
576593,22812,PACK 3 BOXES CHRISTMAS PANETTONE,2,2011-11-15 14:48:00,1.95,15720,United Kingdom,3.9
576593,21787,RAIN PONCHO RETROSPOT,3,2011-11-15 14:48:00,0.85,15720,United Kingdom,2.55
576593,22905,CALENDAR IN SEASON DESIGN,1,2011-11-15 14:48:00,2.95,15720,United Kingdom,2.95
576593,22940,FELTCRAFT CHRISTMAS FAIRY,1,2011-11-15 14:48:00,4.25,15720,United Kingdom,4.25
576593,23082,SET 6 PAPER TABLE LANTERN HEARTS ,2,2011-11-15 14:48:00,3.75,15720,United Kingdom,7.5
576595,23265,SET OF 3 WOODEN TREE DECORATIONS,12,2011-11-15 14:56:00,1.25,14911,EIRE,15.0
576597,23434,3 RAFFIA RIBBONS 50'S CHRISTMAS ,10,2011-11-15 14:57:00,0.79,14194,United Kingdom,7.9
576598,22086,PAPER CHAIN KIT 50'S CHRISTMAS ,24,2011-11-15 15:05:00,2.95,13437,United Kingdom,70.80000000000001
576599,22586,FELTCRAFT HAIRBAND PINK AND BLUE,12,2011-11-15 15:06:00,0.85,14544,United Kingdom,10.2
576599,21787,RAIN PONCHO RETROSPOT,10,2011-11-15 15:06:00,0.85,14544,United Kingdom,8.5
576600,84792,ENCHANTED BIRD COATHANGER 5 HOOK,4,2011-11-15 15:08:00,4.65,18181,United Kingdom,18.6
576600,71477,COLOURED GLASS STAR T-LIGHT HOLDER,2,2011-11-15 15:08:00,3.95,18181,United Kingdom,7.9
576601,23046,PAPER LANTERN 9 POINT DELUXE STAR,1,2011-11-15 15:10:00,6.65,14595,United Kingdom,6.65
576602,23457,LARGE PARLOUR FRAME,24,2011-11-15 15:20:00,4.5,14156,EIRE,108.0
576611,21912,VINTAGE SNAKES & LADDERS,1,2011-11-15 16:29:00,3.75,17357,United Kingdom,3.75
576611,23108,SET OF 10 LED DOLLY LIGHTS,14,2011-11-15 16:29:00,5.39,17357,United Kingdom,75.46
576614,22910,PAPER CHAIN KIT VINTAGE CHRISTMAS,3,2011-11-15 16:38:00,2.95,12933,United Kingdom,8.850000000000001
576614,23318,BOX OF 6 MINI VINTAGE CRACKERS,4,2011-11-15 16:38:00,2.49,12933,United Kingdom,9.96
576614,22339,CHRISTMAS TREE PAINTED ZINC ,2,2011-11-15 16:38:00,0.19,12933,United Kingdom,0.38
576614,20670,VIP HOLIDAY PURSE,2,2011-11-15 16:38:00,2.95,12933,United Kingdom,5.9
576615,21165,BEWARE OF THE CAT METAL SIGN ,2,2011-11-15 16:42:00,1.69,17231,United Kingdom,3.38
576615,82582,AREA PATROLLED METAL SIGN,3,2011-11-15 16:42:00,2.1,17231,United Kingdom,6.300000000000001
576624,22910,PAPER CHAIN KIT VINTAGE CHRISTMAS,6,2011-11-15 17:14:00,2.95,16156,United Kingdom,17.700000000000003
576626,21592,RETROSPOT CIGAR BOX MATCHES ,1,2011-11-15 17:26:00,1.25,12890,United Kingdom,1.25
576628,22418,10 COLOUR SPACEBOY PEN,24,2011-11-16 08:28:00,0.85,13449,United Kingdom,20.4
576628,21791,VINTAGE HEADS AND TAILS CARD GAME ,12,2011-11-16 08:28:00,1.25,13449,United Kingdom,15.0
576630,20750,RED RETROSPOT MINI CASES,2,2011-11-16 08:38:00,7.95,13816,Germany,15.9
576642,23144,ZINC T-LIGHT HOLDER STARS SMALL,12,2011-11-16 09:59:00,0.83,12963,United Kingdom,9.96
576645,22585,PACK OF 6 BIRDY GIFT TAGS,12,2011-11-16 10:14:00,1.25,16245,United Kingdom,15.0
576645,22534,MAGIC DRAWING SLATE SPACEBOY ,24,2011-11-16 10:14:00,0.42,16245,United Kingdom,10.08
576645,22621,TRADITIONAL KNITTING NANCY,12,2011-11-16 10:14:00,1.65,16245,United Kingdom,19.8
576649,22620,4 TRADITIONAL SPINNING TOPS,1,2011-11-16 10:32:00,1.45,16008,United Kingdom,1.45
576649,84029E,RED WOOLLY HOTTIE WHITE HEART.,2,2011-11-16 10:32:00,4.25,16008,United Kingdom,8.5
576648,22659,LUNCH BOX I LOVE LONDON,64,2011-11-16 10:32:00,1.65,14057,United Kingdom,105.6
576648,23207,LUNCH BAG ALPHABET DESIGN,30,2011-11-16 10:32:00,1.65,14057,United Kingdom,49.5
576649,85099F,JUMBO BAG STRAWBERRY,10,2011-11-16 10:32:00,2.08,16008,United Kingdom,20.8
576650,22037,ROBOT BIRTHDAY CARD,12,2011-11-16 10:34:00,0.42,14286,United Kingdom,5.04
576650,23177,TREASURE ISLAND BOOK BOX,8,2011-11-16 10:34:00,2.25,14286,United Kingdom,18.0
576651,84978,HANGING HEART JAR T-LIGHT HOLDER,12,2011-11-16 10:37:00,1.25,14626,United Kingdom,15.0
576651,23529,WALL ART DOLLY GIRL ,6,2011-11-16 10:37:00,3.75,14626,United Kingdom,22.5
576653,22491,PACK OF 12 COLOURED PENCILS,144,2011-11-16 10:45:00,0.72,14156,EIRE,103.68
576654,22355,CHARLOTTE BAG SUKI DESIGN,3,2011-11-16 10:55:00,0.85,15584,United Kingdom,2.55
576657,23110,PARISIENNE KEY CABINET ,2,2011-11-16 11:03:00,5.75,12720,Germany,11.5
576658,22452,MEASURING TAPE BABUSHKA PINK,4,2011-11-16 11:05:00,2.95,14534,United Kingdom,11.8
576665,23176,ABC TREASURE BOOK BOX ,1,2011-11-16 11:46:00,2.25,17841,United Kingdom,2.25
576667,22600,CHRISTMAS RETROSPOT STAR WOOD,12,2011-11-16 11:48:00,0.85,12963,United Kingdom,10.2
576671,23344,JUMBO BAG 50'S CHRISTMAS ,10,2011-11-16 11:55:00,2.08,14385,United Kingdom,20.8
576672,21889,WOODEN BOX OF DOMINOES,12,2011-11-16 11:59:00,1.25,12731,France,15.0
576676,20961,STRAWBERRY BATH SPONGE ,10,2011-11-16 12:03:00,1.25,16855,United Kingdom,12.5
576686,21934,SKULL SHOULDER BAG,2,2011-11-16 12:08:00,1.65,16916,United Kingdom,3.3
576687,22119,PEACE WOODEN BLOCK LETTERS,1,2011-11-16 12:13:00,6.95,13558,United Kingdom,6.95
576688,22086,PAPER CHAIN KIT 50'S CHRISTMAS ,12,2011-11-16 12:16:00,2.95,16717,United Kingdom,35.400000000000006
576688,23214,JINGLE BELL HEART ANTIQUE GOLD,12,2011-11-16 12:16:00,2.08,16717,United Kingdom,24.96
576688,23318,BOX OF 6 MINI VINTAGE CRACKERS,6,2011-11-16 12:16:00,2.49,16717,United Kingdom,14.94
576688,22077,6 RIBBONS RUSTIC CHARM,12,2011-11-16 12:16:00,1.95,16717,United Kingdom,23.4
576689,22555,PLASTERS IN TIN STRONGMAN,1,2011-11-16 12:18:00,1.65,16657,United Kingdom,1.65
576690,22601,CHRISTMAS RETROSPOT ANGEL WOOD,12,2011-11-16 12:19:00,0.85,15900,United Kingdom,10.2
576690,23355,HOT WATER BOTTLE KEEP CALM,1,2011-11-16 12:19:00,4.95,15900,United Kingdom,4.95
576692,23198,PANTRY MAGNETIC  SHOPPING LIST,12,2011-11-16 12:21:00,1.45,17412,United Kingdom,17.4
576695,23392,SPACEBOY ROCKET LOLLY MAKERS,1,2011-11-16 12:25:00,2.08,16469,United Kingdom,2.08
576695,71477,COLOURED GLASS STAR T-LIGHT HOLDER,2,2011-11-16 12:25:00,3.95,16469,United Kingdom,7.9
576694,22564,ALPHABET STENCIL CRAFT,12,2011-11-16 12:25:00,1.25,14426,United Kingdom,15.0
576696,23200,JUMBO BAG PEARS,2,2011-11-16 12:26:00,2.08,16669,United Kingdom,4.16
576696,23293,SET OF 12 FAIRY CAKE BAKING CASES,2,2011-11-16 12:26:00,0.83,16669,United Kingdom,1.66
576696,85071B,RED CHARLIE+LOLA PERSONAL DOORSIGN,1,2011-11-16 12:26:00,0.39,16669,United Kingdom,0.39
576696,20668,DISCO BALL CHRISTMAS DECORATION,24,2011-11-16 12:26:00,0.12,16669,United Kingdom,2.88
576704,23287,RED VINTAGE SPOT BEAKER,1,2011-11-16 12:29:00,0.85,14527,United Kingdom,0.85
576704,23355,HOT WATER BOTTLE KEEP CALM,2,2011-11-16 12:29:00,4.95,14527,United Kingdom,9.9
576779,21156,RETROSPOT CHILDRENS APRON,3,2011-11-16 13:25:00,1.95,14554,United Kingdom,5.85
576779,23198,PANTRY MAGNETIC  SHOPPING LIST,3,2011-11-16 13:25:00,1.45,14554,United Kingdom,4.35
576779,22693,GROW A FLYTRAP OR SUNFLOWER IN TIN,24,2011-11-16 13:25:00,1.25,14554,United Kingdom,30.0
576780,23323,WHITE WICKER STAR ,19,2011-11-16 13:27:00,2.1,13258,United Kingdom,39.9
576783,22737,RIBBON REEL CHRISTMAS PRESENT ,10,2011-11-16 13:38:00,1.65,13447,United Kingdom,16.5
576784,23501,KEY RING BASEBALL BOOT UNION JACK,20,2011-11-16 13:40:00,1.25,16204,United Kingdom,25.0
576809,21191,LARGE WHITE HONEYCOMB PAPER BELL  ,30,2011-11-16 14:20:00,2.1,14851,United Kingdom,63.0
576838,23413,DECORATIVE VINTAGE COFFEE  BOX,3,2011-11-16 15:21:00,4.95,18075,United Kingdom,14.85
576841,22488,NATURAL SLATE RECTANGLE CHALKBOARD,1,2011-11-16 15:26:00,1.65,17368,United Kingdom,1.65
576844,23541,WALL ART CLASSIC PUDDINGS ,12,2011-11-16 15:33:00,7.45,16713,United Kingdom,89.4
576846,21328,BALLOONS  WRITING SET ,12,2011-11-16 15:35:00,1.65,13500,United Kingdom,19.8
576848,84032B,CHARLIE + LOLA RED HOT WATER BOTTLE,2,2011-11-16 15:38:00,2.95,15051,United Kingdom,5.9
576851,23439,HAND WARMER RED LOVE HEART,3,2011-11-16 15:41:00,2.1,15967,United Kingdom,6.300000000000001
576851,21588,RETROSPOT GIANT TUBE MATCHES,3,2011-11-16 15:41:00,2.55,15967,United Kingdom,7.649999999999999
576852,21213,PACK OF 72 SKULL CAKE CASES,2,2011-11-16 15:45:00,0.55,16809,United Kingdom,1.1
576853,22580,ADVENT CALENDAR GINGHAM SACK,6,2011-11-16 15:48:00,5.95,12971,United Kingdom,35.7
576857,22632,HAND WARMER RED RETROSPOT,1,2011-11-16 15:52:00,2.1,12748,United Kingdom,2.1
576860,22781,GUMBALL MAGAZINE RACK,2,2011-11-16 15:58:00,7.65,17602,United Kingdom,15.3
576860,20973,12 PENCIL SMALL TUBE WOODLAND,4,2011-11-16 15:58:00,0.65,17602,United Kingdom,2.6
576860,23597,PAPER BUNTING PAISLEY PARK,2,2011-11-16 15:58:00,2.95,17602,United Kingdom,5.9
576860,22616,PACK OF 12 LONDON TISSUES ,24,2011-11-16 15:58:00,0.39,17602,United Kingdom,9.36
576862,23582,VINTAGE DOILY JUMBO BAG RED ,10,2011-11-16 16:06:00,2.08,14825,United Kingdom,20.8
576864,85231B,CINAMMON SET OF 9 T-LIGHTS,2,2011-11-16 16:06:00,0.85,12748,United Kingdom,1.7
576864,22411,JUMBO SHOPPER VINTAGE RED PAISLEY,2,2011-11-16 16:06:00,2.08,12748,United Kingdom,4.16
576862,22580,ADVENT CALENDAR GINGHAM SACK,3,2011-11-16 16:06:00,5.95,14825,United Kingdom,17.85
576865,22403,MAGNETS PACK OF 4 VINTAGE LABELS ,2,2011-11-16 16:08:00,0.39,12748,United Kingdom,0.78
576867,23404,HOME SWEET HOME BLACKBOARD,6,2011-11-16 16:18:00,4.95,13012,United Kingdom,29.700000000000003
576874,22457,NATURAL SLATE HEART CHALKBOARD ,6,2011-11-16 16:30:00,2.95,15432,United Kingdom,17.700000000000003
576876,20679,EDWARDIAN PARASOL RED,4,2011-11-16 16:42:00,5.95,16804,United Kingdom,23.8
576876,23419,HOME SWEET HOME BOTTLE ,1,2011-11-16 16:42:00,2.08,16804,United Kingdom,2.08
576880,22621,TRADITIONAL KNITTING NANCY,12,2011-11-16 17:03:00,1.65,14911,EIRE,19.8
576880,22553,PLASTERS IN TIN SKULLS,12,2011-11-16 17:03:00,1.65,14911,EIRE,19.8
576888,21621,VINTAGE UNION JACK BUNTING,2,2011-11-16 17:16:00,8.5,14948,United Kingdom,17.0
576889,23493,VINTAGE DOILY TRAVEL SEWING KIT,1,2011-11-16 17:24:00,1.95,12748,United Kingdom,1.95
576889,22339,CHRISTMAS TREE PAINTED ZINC ,5,2011-11-16 17:24:00,0.19,12748,United Kingdom,0.95
576889,20956,PORCELAIN T-LIGHT HOLDERS ASSORTED,9,2011-11-16 17:24:00,1.25,12748,United Kingdom,11.25
576890,23349,ROLL WRAP VINTAGE CHRISTMAS,12,2011-11-16 17:25:00,1.25,12662,Germany,15.0
576893,23569,TRADTIONAL ALPHABET STAMP SET,4,2011-11-17 08:29:00,4.95,12481,Germany,19.8
576894,22748,POPPY'S PLAYHOUSE KITCHEN,6,2011-11-17 08:35:00,2.1,12681,France,12.6
576894,22083,PAPER CHAIN KIT RETROSPOT,6,2011-11-17 08:35:00,2.95,12681,France,17.700000000000003
576897,72741,GRAND CHOCOLATECANDLE,45,2011-11-17 08:41:00,1.45,17828,Malta,65.25
576899,15056N,EDWARDIAN PARASOL NATURAL,3,2011-11-17 08:49:00,5.95,14911,EIRE,17.85
576906,20975,12 PENCILS SMALL TUBE RED RETROSPOT,24,2011-11-17 09:33:00,0.65,18225,United Kingdom,15.6
576906,23473,WOODLAND SMALL RED FELT HEART,12,2011-11-17 09:33:00,0.83,18225,United Kingdom,9.96
576910,21908,CHOCOLATE THIS WAY METAL SIGN,12,2011-11-17 09:51:00,2.1,12477,Germany,25.200000000000003
576911,23208,LUNCH BAG VINTAGE LEAF DESIGN,1,2011-11-17 10:01:00,1.65,17461,United Kingdom,1.65
576911,23236,STORAGE TIN VINTAGE DOILY ,1,2011-11-17 10:01:00,2.89,17461,United Kingdom,2.89
576911,23298,SPOTTY BUNTING,1,2011-11-17 10:01:00,4.95,17461,United Kingdom,4.95
576916,22632,HAND WARMER RED RETROSPOT,12,2011-11-17 10:24:00,2.1,14655,United Kingdom,25.200000000000003
576916,23077,DOUGHNUT LIP GLOSS ,20,2011-11-17 10:24:00,1.25,14655,United Kingdom,25.0
576917,22910,PAPER CHAIN KIT VINTAGE CHRISTMAS,6,2011-11-17 10:40:00,2.95,17613,United Kingdom,17.700000000000003
576917,23581,JUMBO BAG PAISLEY PARK,5,2011-11-17 10:40:00,2.08,17613,United Kingdom,10.4
576920,22627,MINT KITCHEN SCALES,2,2011-11-17 10:49:00,8.5,13871,United Kingdom,17.0
576923,23493,VINTAGE DOILY TRAVEL SEWING KIT,100,2011-11-17 10:52:00,1.95,12753,Japan,195.0
576924,22112,CHOCOLATE HOT WATER BOTTLE,3,2011-11-17 10:53:00,4.95,17419,United Kingdom,14.85
576932,23411, TRELLIS COAT RACK,3,2011-11-17 11:12:00,4.95,15443,United Kingdom,14.85
576933,20975,12 PENCILS SMALL TUBE RED RETROSPOT,2,2011-11-17 11:29:00,0.65,15529,United Kingdom,1.3
576933,23203,JUMBO BAG VINTAGE DOILY ,1,2011-11-17 11:29:00,2.08,15529,United Kingdom,2.08
576941,23583,LUNCH BAG PAISLEY PARK  ,10,2011-11-17 11:34:00,1.65,12562,France,16.5
577010,22556,PLASTERS IN TIN CIRCUS PARADE ,4,2011-11-17 12:11:00,1.65,15506,United Kingdom,6.6
577016,21500,PINK POLKADOT WRAP ,25,2011-11-17 12:21:00,0.42,17095,United Kingdom,10.5
577021,23215,JINGLE BELL HEART ANTIQUE SILVER,456,2011-11-17 12:39:00,1.79,12931,United Kingdom,816.24
577022,23331,DECORATIVE WICKER HEART SMALL,12,2011-11-17 12:42:00,0.63,13668,United Kingdom,7.56
577022,20894,HANGING BAUBLE T-LIGHT HOLDER LARGE,4,2011-11-17 12:42:00,2.95,13668,United Kingdom,11.8
577023,22904,CALENDAR PAPER CUT DESIGN,8,2011-11-17 12:43:00,2.95,16186,United Kingdom,23.6
577023,23285,PINK VINTAGE SPOT BEAKER,8,2011-11-17 12:43:00,0.85,16186,United Kingdom,6.8
577031,22027,TEA PARTY BIRTHDAY CARD,12,2011-11-17 13:00:00,0.42,15298,United Kingdom,5.04
577034,22174,PHOTO CUBE,24,2011-11-17 13:16:00,1.65,12847,United Kingdom,39.6
577034,72122,COFFEE SCENT PILLAR CANDLE,1,2011-11-17 13:16:00,0.95,12847,United Kingdom,0.95
577033,23329,DECORATIVE WICKER HEART LARGE,7,2011-11-17 13:16:00,1.65,17797,United Kingdom,11.55
577034,22307,GOLD MUG BONE CHINA TREE OF LIFE,12,2011-11-17 13:16:00,1.06,12847,United Kingdom,12.72
577035,23466,TUSCAN VILLA DOVECOTE BIRD FEEDER,8,2011-11-17 13:21:00,7.5,15187,United Kingdom,60.0
577036,22442,GROW YOUR OWN FLOWERS SET OF 3,1,2011-11-17 13:21:00,7.95,17797,United Kingdom,7.95
577038,22900,SET 2 TEA TOWELS I LOVE LONDON ,4,2011-11-17 13:30:00,3.25,14796,United Kingdom,13.0
577041,84947,ANTIQUE SILVER TEA GLASS ENGRAVED,144,2011-11-17 13:32:00,1.06,15864,United Kingdom,152.64
577050,23581,JUMBO BAG PAISLEY PARK,10,2011-11-17 13:59:00,2.08,14191,United Kingdom,20.8
577052,85123A,WHITE HANGING HEART T-LIGHT HOLDER,5,2011-11-17 14:08:00,2.95,17397,United Kingdom,14.75
577052,21367,MIRRORED WALL ART GENTS,5,2011-11-17 14:08:00,0.75,17397,United Kingdom,3.75
577052,82482,WOODEN PICTURE FRAME WHITE FINISH,6,2011-11-17 14:08:00,2.95,17397,United Kingdom,17.700000000000003
577053,21035,SET/2 RED RETROSPOT TEA TOWELS ,6,2011-11-17 14:17:00,3.25,13001,United Kingdom,19.5
577055,22457,NATURAL SLATE HEART CHALKBOARD ,6,2011-11-17 14:22:00,2.95,15189,United Kingdom,17.700000000000003
577056,90129F,RED GLASS TASSLE BAG CHARM,9,2011-11-17 14:24:00,2.95,17985,United Kingdom,26.55
577057,23489,VINTAGE BELLS GARLAND,2,2011-11-17 14:26:00,2.89,12748,United Kingdom,5.78
577057,21306,SET/4 DAISY MIRROR MAGNETS,1,2011-11-17 14:26:00,0.29,12748,United Kingdom,0.29
577058,84535B,FAIRY CAKES NOTEBOOK A6 SIZE,1,2011-11-17 14:29:00,0.65,18122,United Kingdom,0.65
577058,21929,JUMBO BAG PINK VINTAGE PAISLEY,2,2011-11-17 14:29:00,2.08,18122,United Kingdom,4.16
577059,22941,CHRISTMAS LIGHTS 10 REINDEER,2,2011-11-17 14:30:00,8.5,13704,United Kingdom,17.0
577071,22326,ROUND SNACK BOXES SET OF4 WOODLAND ,5,2011-11-17 14:56:00,2.95,13969,United Kingdom,14.75
577076,21032,SPACE CADET WHITE,1,2011-11-17 15:08:00,1.25,14362,United Kingdom,1.25
577077,85036C,ROSE 1 WICK MORRIS BOXED CANDLE,1,2011-11-17 15:16:00,1.25,17799,United Kingdom,1.25
577077,23583,LUNCH BAG PAISLEY PARK  ,4,2011-11-17 15:16:00,1.65,17799,United Kingdom,6.6
577077,21250,SET OF SKULL WALL STICKERS,2,2011-11-17 15:16:00,2.95,17799,United Kingdom,5.9
577082,22571,ROCKING HORSE RED CHRISTMAS ,12,2011-11-17 15:31:00,0.85,15811,United Kingdom,10.2
577084,71459,HANGING JAM JAR T-LIGHT HOLDERS,12,2011-11-17 15:41:00,0.85,16626,United Kingdom,10.2
577085,21232,STRAWBERRY CERAMIC TRINKET POT,12,2011-11-17 15:47:00,1.25,12997,United Kingdom,15.0
577085,85123A,WHITE HANGING HEART T-LIGHT HOLDER,12,2011-11-17 15:47:00,2.95,12997,United Kingdom,35.400000000000006
577086,22333,RETROSPOT PARTY BAG + STICKER SET,8,2011-11-17 15:50:00,1.65,16070,United Kingdom,13.2
577089,47566,PARTY BUNTING,2,2011-11-17 15:59:00,4.95,12841,United Kingdom,9.9
577094,22629,SPACEBOY LUNCH BOX ,2,2011-11-17 16:39:00,1.95,15435,United Kingdom,3.9
577095,72351B,SET/6 PINK  BUTTERFLY T-LIGHTS,2,2011-11-17 16:39:00,2.1,15867,United Kingdom,4.2
577106,22296,HEART IVORY TRELLIS LARGE,1,2011-11-17 17:18:00,1.65,14456,United Kingdom,1.65
577106,23002,TRAVEL CARD WALLET SKULLS,2,2011-11-17 17:18:00,0.42,14456,United Kingdom,0.84
577106,22551,PLASTERS IN TIN SPACEBOY,1,2011-11-17 17:18:00,1.65,14456,United Kingdom,1.65
577106,21931,JUMBO STORAGE BAG SUKI,4,2011-11-17 17:18:00,2.08,14456,United Kingdom,8.32
577106,21592,RETROSPOT CIGAR BOX MATCHES ,2,2011-11-17 17:18:00,1.25,14456,United Kingdom,2.5
577106,22596,CHRISTMAS STAR WISH LIST CHALKBOARD,1,2011-11-17 17:18:00,1.25,14456,United Kingdom,1.25
577106,22534,MAGIC DRAWING SLATE SPACEBOY ,2,2011-11-17 17:18:00,0.42,14456,United Kingdom,0.84
577108,23330,DECORATIVE WICKER HEART MEDIUM,10,2011-11-17 17:34:00,1.25,15983,United Kingdom,12.5
577108,23192,BUNDLE OF 3 ALPHABET EXERCISE BOOKS,2,2011-11-17 17:34:00,1.65,15983,United Kingdom,3.3
577121,22423,REGENCY CAKESTAND 3 TIER,3,2011-11-17 18:29:00,12.75,12681,France,38.25
577126,84997B,CHILDRENS CUTLERY RETROSPOT RED ,24,2011-11-17 19:22:00,4.15,12406,Denmark,99.6
577128,23084,RABBIT NIGHT LIGHT,4,2011-11-17 19:48:00,2.08,14508,United Kingdom,8.32
577133,85015,SET OF 12  VINTAGE POSTCARD SET,24,2011-11-18 08:47:00,0.65,13962,United Kingdom,15.6
577133,84879,ASSORTED COLOUR BIRD ORNAMENT,8,2011-11-18 08:47:00,1.69,13962,United Kingdom,13.52
577140,23382,BOX OF 6 CHRISTMAS CAKE DECORATIONS,4,2011-11-18 09:10:00,3.75,13269,United Kingdom,15.0
577141,22041,"RECORD FRAME 7"" SINGLE SIZE ",6,2011-11-18 09:11:00,2.55,13269,United Kingdom,15.3
577141,22629,SPACEBOY LUNCH BOX ,12,2011-11-18 09:11:00,1.95,13269,United Kingdom,23.4
577142,21238,RED RETROSPOT CUP,8,2011-11-18 09:19:00,0.85,13985,United Kingdom,6.8
577158,23534,WALL ART STOP FOR TEA ,3,2011-11-18 09:58:00,5.95,16293,United Kingdom,17.85
577161,23177,TREASURE ISLAND BOOK BOX,8,2011-11-18 10:18:00,2.25,18210,United Kingdom,18.0
577167,22556,PLASTERS IN TIN CIRCUS PARADE ,2,2011-11-18 10:41:00,1.65,16511,United Kingdom,3.3
577170,23569,TRADTIONAL ALPHABET STAMP SET,8,2011-11-18 10:46:00,4.95,13456,United Kingdom,39.6
577171,22576,SWALLOW WOODEN CHRISTMAS DECORATION,12,2011-11-18 10:52:00,0.85,17159,United Kingdom,10.2
577172,22561,WOODEN SCHOOL COLOURING SET,2,2011-11-18 10:56:00,1.65,17760,United Kingdom,3.3
577178,22617,BAKING SET SPACEBOY DESIGN,3,2011-11-18 11:10:00,4.95,12618,Italy,14.85
577182,21930,JUMBO STORAGE BAG SKULLS,10,2011-11-18 11:39:00,2.08,16945,United Kingdom,20.8
577209,71477,COLOUR GLASS. STAR T-LIGHT HOLDER,72,2011-11-18 11:49:00,3.29,15621,United Kingdom,236.88
577217,23265,SET OF 3 WOODEN TREE DECORATIONS,2,2011-11-18 11:53:00,1.25,17324,United Kingdom,2.5
577217,23159,SET OF 5 PANCAKE DAY MAGNETS,1,2011-11-18 11:53:00,2.08,17324,United Kingdom,2.08
577217,23319,BOX OF 6 MINI 50'S CRACKERS,5,2011-11-18 11:53:00,2.49,17324,United Kingdom,12.45
577228,22753,SMALL YELLOW BABUSHKA NOTEBOOK ,1,2011-11-18 12:07:00,0.85,12391,Cyprus,0.85
577252,22563,HAPPY STENCIL CRAFT,1,2011-11-18 12:22:00,1.25,18034,United Kingdom,1.25
577258,23207,LUNCH BAG ALPHABET DESIGN,1,2011-11-18 12:27:00,1.65,16764,United Kingdom,1.65
577258,23581,JUMBO BAG PAISLEY PARK,2,2011-11-18 12:27:00,2.08,16764,United Kingdom,4.16
577296,22025,RING OF ROSES BIRTHDAY CARD,12,2011-11-18 12:47:00,0.42,17286,United Kingdom,5.04
577296,84012,MAGIC SHEEP WOOL GROWING FROM PAPER,2,2011-11-18 12:47:00,0.85,17286,United Kingdom,1.7
577299,23204,CHARLOTTE BAG APPLES DESIGN,10,2011-11-18 12:52:00,0.85,12498,Germany,8.5
577300,17091J,VANILLA INCENSE IN TIN,6,2011-11-18 12:53:00,0.38,16924,United Kingdom,2.28
577308,22553,PLASTERS IN TIN SKULLS,12,2011-11-18 13:14:00,1.65,15088,United Kingdom,19.8
577309,22585,PACK OF 6 BIRDY GIFT TAGS,12,2011-11-18 13:14:00,1.25,15933,United Kingdom,15.0
577311,21479,WHITE SKULL HOT WATER BOTTLE ,6,2011-11-18 13:16:00,4.25,18225,United Kingdom,25.5
577312,23203,JUMBO BAG VINTAGE DOILY ,10,2011-11-18 13:18:00,2.08,17049,United Kingdom,20.8
577315,23439,HAND WARMER RED LOVE HEART,1,2011-11-18 13:25:00,2.1,17811,United Kingdom,2.1
577315,22812,PACK 3 BOXES CHRISTMAS PANETTONE,3,2011-11-18 13:25:00,1.95,17811,United Kingdom,5.85
577319,23333,IVORY WICKER HEART MEDIUM,3,2011-11-18 13:43:00,1.25,17301,United Kingdom,3.75
577319,22222,CAKE PLATE LOVEBIRD WHITE,1,2011-11-18 13:43:00,4.95,17301,United Kingdom,4.95
577319,22338,STAR DECORATION PAINTED ZINC ,7,2011-11-18 13:43:00,0.19,17301,United Kingdom,1.33
577319,20712,JUMBO BAG WOODLAND ANIMALS,1,2011-11-18 13:43:00,2.08,17301,United Kingdom,2.08
577320,22722,SET OF 6 SPICE TINS PANTRY DESIGN,4,2011-11-18 13:44:00,3.95,13880,United Kingdom,15.8
577320,22587,FELTCRAFT HAIRBAND RED AND BLUE,12,2011-11-18 13:44:00,0.85,13880,United Kingdom,10.2
577324,22617,BAKING SET SPACEBOY DESIGN,3,2011-11-18 14:01:00,4.95,16463,United Kingdom,14.85
577337,23314,VINTAGE CHRISTMAS TABLECLOTH,1,2011-11-18 14:51:00,12.5,15494,United Kingdom,12.5
577344,22435,SET OF 9 HEART SHAPED BALLOONS,24,2011-11-18 15:14:00,1.25,12437,France,30.0
577344,POST,POSTAGE,1,2011-11-18 15:14:00,18.0,12437,France,18.0
577355,23171,REGENCY TEA PLATE GREEN ,12,2011-11-18 15:53:00,1.65,14911,EIRE,19.8
577355,22940,FELTCRAFT CHRISTMAS FAIRY,4,2011-11-18 15:53:00,4.25,14911,EIRE,17.0
577357,23583,LUNCH BAG PAISLEY PARK  ,20,2011-11-18 15:54:00,1.65,13098,United Kingdom,33.0
577365,23329,DECORATIVE WICKER HEART LARGE,12,2011-11-18 16:19:00,1.65,17063,United Kingdom,19.8
577400,22355,CHARLOTTE BAG SUKI DESIGN,10,2011-11-18 17:20:00,0.85,16201,United Kingdom,8.5
577400,22469,HEART OF WICKER SMALL,12,2011-11-18 17:20:00,1.65,16201,United Kingdom,19.8
577405,23397,FOOT STOOL HOME SWEET HOME ,2,2011-11-20 10:29:00,9.95,14116,United Kingdom,19.9
577406,21479,WHITE SKULL HOT WATER BOTTLE ,4,2011-11-20 10:36:00,4.25,12702,Germany,17.0
577408,22112,CHOCOLATE HOT WATER BOTTLE,1,2011-11-20 10:51:00,4.95,14805,United Kingdom,4.95
577410,72349B,SET/6 PURPLE BUTTERFLY T-LIGHTS,1,2011-11-20 10:59:00,2.1,14664,United Kingdom,2.1
577411,22114,HOT WATER BOTTLE TEA AND SYMPATHY,1,2011-11-20 11:00:00,4.25,17387,United Kingdom,4.25
577438,22558,CLOTHES PEGS RETROSPOT PACK 24 ,2,2011-11-20 11:09:00,1.65,18118,United Kingdom,3.3
577469,21899,GARAGE KEY FOB,3,2011-11-20 11:25:00,0.65,15009,United Kingdom,1.95
577469,22411,JUMBO SHOPPER VINTAGE RED PAISLEY,3,2011-11-20 11:25:00,2.08,15009,United Kingdom,6.24
577469,21314,SMALL GLASS HEART TRINKET POT,4,2011-11-20 11:25:00,2.1,15009,United Kingdom,8.4
577469,21619,4 VANILLA BOTANICAL CANDLES,2,2011-11-20 11:25:00,1.25,15009,United Kingdom,2.5
577473,23570,TRADITIONAL PICK UP STICKS GAME ,2,2011-11-20 11:28:00,1.25,15919,United Kingdom,2.5
577472,21888,BINGO SET,12,2011-11-20 11:28:00,3.75,14503,United Kingdom,45.0
577473,22992,REVOLVER WOODEN RULER ,2,2011-11-20 11:28:00,1.95,15919,United Kingdom,3.9
577476,21172,PARTY METAL SIGN ,12,2011-11-20 11:31:00,1.45,12540,Spain,17.4
577476,22620,4 TRADITIONAL SPINNING TOPS,12,2011-11-20 11:31:00,1.45,12540,Spain,17.4
577479,21429,RED GINGHAM ROSE JEWELLERY BOX,8,2011-11-20 11:34:00,1.95,14911,EIRE,15.6
577480,21012,ANTIQUE ALL GLASS CANDLESTICK,2,2011-11-20 11:37:00,2.1,14525,United Kingdom,4.2
577480,21682,LARGE MEDINA STAMPED METAL BOWL ,2,2011-11-20 11:37:00,4.95,14525,United Kingdom,9.9
577483,20992,JAZZ HEARTS PURSE NOTEBOOK,3,2011-11-20 11:50:00,0.39,14502,United Kingdom,1.17
577484,23294,SET OF 6 SNACK LOAF BAKING CASES,1,2011-11-20 11:52:00,0.83,13536,United Kingdom,0.83
577485,22633,HAND WARMER UNION JACK,2,2011-11-20 11:56:00,2.1,16360,United Kingdom,4.2
577485,23366,SET 12 COLOURING PENCILS DOILY,1,2011-11-20 11:56:00,0.65,16360,United Kingdom,0.65
577485,21116,OWL DOORSTOP,2,2011-11-20 11:56:00,4.95,16360,United Kingdom,9.9
577485,20972,PINK CREAM FELT CRAFT TRINKET BOX ,2,2011-11-20 11:56:00,1.25,16360,United Kingdom,2.5
577485,23265,SET OF 3 WOODEN TREE DECORATIONS,1,2011-11-20 11:56:00,1.25,16360,United Kingdom,1.25
577485,21902,"KEY FOB , FRONT  DOOR ",5,2011-11-20 11:56:00,0.65,16360,United Kingdom,3.25
577490,21975,PACK OF 60 DINOSAUR CAKE CASES,2,2011-11-20 12:11:00,0.55,16464,United Kingdom,1.1
577490,22951,60 CAKE CASES DOLLY GIRL DESIGN,2,2011-11-20 12:11:00,0.55,16464,United Kingdom,1.1
577490,21891,TRADITIONAL WOODEN SKIPPING ROPE,4,2011-11-20 12:11:00,1.45,16464,United Kingdom,5.8
577490,22273,FELTCRAFT DOLL MOLLY,1,2011-11-20 12:11:00,2.95,16464,United Kingdom,2.95
577490,22909,SET OF 20 VINTAGE CHRISTMAS NAPKINS,4,2011-11-20 12:11:00,0.85,16464,United Kingdom,3.4
577491,23046,PAPER LANTERN 9 POINT DELUXE STAR,3,2011-11-20 12:12:00,6.65,14595,United Kingdom,19.950000000000003
577493,22564,ALPHABET STENCIL CRAFT,1,2011-11-20 12:13:00,1.25,17323,United Kingdom,1.25
577495,21365,MIRRORED WALL ART STARS,2,2011-11-20 12:20:00,0.75,14704,United Kingdom,1.5
577497,22563,HAPPY STENCIL CRAFT,2,2011-11-20 12:22:00,1.25,17555,United Kingdom,2.5
577500,23293,SET OF 12 FAIRY CAKE BAKING CASES,1,2011-11-20 12:30:00,0.83,14052,United Kingdom,0.83
577500,23320,GIANT 50'S CHRISTMAS CRACKER,2,2011-11-20 12:30:00,2.89,14052,United Kingdom,5.78
577503,72800B, 4 PURPLE FLOCK DINNER CANDLES,1,2011-11-20 12:34:00,2.55,18110,United Kingdom,2.55
577503,85227,SET OF 6 3D KIT CARDS FOR KIDS,2,2011-11-20 12:34:00,0.85,18110,United Kingdom,1.7
577502,21791,VINTAGE HEADS AND TAILS CARD GAME ,12,2011-11-20 12:34:00,1.25,12598,France,15.0
577504,20723,STRAWBERRY CHARLOTTE BAG,4,2011-11-20 12:36:00,0.85,14159,United Kingdom,3.4
577504,22662,LUNCH BAG DOLLY GIRL DESIGN,4,2011-11-20 12:36:00,1.65,14159,United Kingdom,6.6
577504,23506,MINI PLAYING CARDS SPACEBOY ,2,2011-11-20 12:36:00,0.42,14159,United Kingdom,0.84
577504,23266,SET OF 3 WOODEN STOCKING DECORATION,3,2011-11-20 12:36:00,1.25,14159,United Kingdom,3.75
577504,23582,VINTAGE DOILY JUMBO BAG RED ,2,2011-11-20 12:36:00,2.08,14159,United Kingdom,4.16
577504,22381,TOY TIDY PINK POLKADOT,1,2011-11-20 12:36:00,2.1,14159,United Kingdom,2.1
577504,23681,LUNCH BAG RED VINTAGE DOILY,6,2011-11-20 12:36:00,1.65,14159,United Kingdom,9.9
577504,23581,JUMBO BAG PAISLEY PARK,1,2011-11-20 12:36:00,2.08,14159,United Kingdom,2.08
577504,22408,MONEY BOX CONFECTIONERY DESIGN,1,2011-11-20 12:36:00,1.25,14159,United Kingdom,1.25
577506,23266,SET OF 3 WOODEN STOCKING DECORATION,2,2011-11-20 12:40:00,1.25,13212,United Kingdom,2.5
577506,22158,3 HEARTS HANGING DECORATION RUSTIC,2,2011-11-20 12:40:00,2.95,13212,United Kingdom,5.9
577506,22578,WOODEN STAR CHRISTMAS SCANDINAVIAN,4,2011-11-20 12:40:00,0.29,13212,United Kingdom,1.16
577507,23307,SET OF 60 PANTRY DESIGN CAKE CASES ,1,2011-11-20 12:42:00,0.55,14710,United Kingdom,0.55
577507,22303,COFFEE MUG APPLES DESIGN,6,2011-11-20 12:42:00,2.55,14710,United Kingdom,15.3
577508,85035C,ROSE 3 WICK MORRIS BOX CANDLE,6,2011-11-20 12:45:00,1.25,18127,United Kingdom,7.5
577508,22231,JIGSAW TREE WITH BIRDHOUSE,4,2011-11-20 12:45:00,0.59,18127,United Kingdom,2.36
577508,22292,HANGING CHICK  YELLOW DECORATION,1,2011-11-20 12:45:00,1.45,18127,United Kingdom,1.45
577510,21876,POTTERING MUG,12,2011-11-20 12:46:00,1.65,13118,United Kingdom,19.8
577511,21642,ASSORTED TUTTI FRUTTI PEN,2,2011-11-20 12:53:00,0.29,17561,United Kingdom,0.58
577512,23020,GLASS  SONGBIRD STORAGE JAR,1,2011-11-20 12:55:00,12.5,12523,France,12.5
577512,22294,HEART FILIGREE DOVE  SMALL,24,2011-11-20 12:55:00,1.25,12523,France,30.0
577516,85049E,SCANDINAVIAN REDS RIBBONS,1,2011-11-20 13:08:00,1.25,16533,United Kingdom,1.25
577517,23218,LAUREL STAR ANTIQUE GOLD,3,2011-11-20 13:16:00,1.25,16710,United Kingdom,3.75
577517,23356,LOVE HOT WATER BOTTLE,1,2011-11-20 13:16:00,5.95,16710,United Kingdom,5.95
577517,22910,PAPER CHAIN KIT VINTAGE CHRISTMAS,6,2011-11-20 13:16:00,2.95,16710,United Kingdom,17.700000000000003
577518,22429,ENAMEL MEASURING JUG CREAM,4,2011-11-20 13:17:00,4.25,14359,United Kingdom,17.0
577519,16238,PARTY TIME PENCIL ERASERS,28,2011-11-20 13:20:00,0.21,15044,United Kingdom,5.88
577519,22563,HAPPY STENCIL CRAFT,5,2011-11-20 13:20:00,1.25,15044,United Kingdom,6.25
577520,22197,POPCORN HOLDER,6,2011-11-20 13:20:00,0.85,14553,United Kingdom,5.1
577524,22158,3 HEARTS HANGING DECORATION RUSTIC,8,2011-11-20 13:33:00,2.95,16905,United Kingdom,23.6
577524,22155,STAR DECORATION RUSTIC,2,2011-11-20 13:33:00,0.42,16905,United Kingdom,0.84
577527,22271,FELTCRAFT DOLL ROSIE,3,2011-11-20 13:40:00,2.95,17523,United Kingdom,8.850000000000001
577532,72127,COLUMBIAN CANDLE ROUND ,3,2011-11-20 14:01:00,1.25,16666,United Kingdom,3.75
577535,22456,NATURAL SLATE CHALKBOARD LARGE ,1,2011-11-20 14:07:00,4.95,14071,United Kingdom,4.95
577536,23263,SET OF 3 WOODEN HEART DECORATIONS,1,2011-11-20 14:14:00,1.25,15850,United Kingdom,1.25
577536,23506,MINI PLAYING CARDS SPACEBOY ,1,2011-11-20 14:14:00,0.42,15850,United Kingdom,0.42
577536,22996,TRAVEL CARD WALLET VINTAGE TICKET,2,2011-11-20 14:14:00,0.42,15850,United Kingdom,0.84
577536,22086,PAPER CHAIN KIT 50'S CHRISTMAS ,2,2011-11-20 14:14:00,2.95,15850,United Kingdom,5.9
577537,22599,CHRISTMAS MUSICAL ZINC STAR,72,2011-11-20 14:17:00,0.29,14860,United Kingdom,20.88
577540,48173C,DOORMAT BLACK FLOCK ,1,2011-11-20 14:28:00,8.25,14984,United Kingdom,8.25
577542,21615,4 LAVENDER BOTANICAL DINNER CANDLES,4,2011-11-20 14:33:00,1.25,13565,United Kingdom,5.0
577545,20754,RETROSPOT RED WASHING UP GLOVES,3,2011-11-20 14:43:00,2.1,16931,United Kingdom,6.300000000000001
577545,16237,SLEEPING CAT ERASERS,6,2011-11-20 14:43:00,0.21,16931,United Kingdom,1.26
577549,22382,LUNCH BAG SPACEBOY DESIGN ,1,2011-11-20 15:00:00,1.65,17841,United Kingdom,1.65
577549,22189,CREAM HEART CARD HOLDER,1,2011-11-20 15:00:00,3.95,17841,United Kingdom,3.95
577550,21993,FLORAL FOLK STATIONERY SET,12,2011-11-20 15:05:00,1.25,17738,United Kingdom,15.0
577551,84375,SET OF 20 KIDS COOKIE CUTTERS,12,2011-11-20 15:21:00,2.1,12395,Belgium,25.200000000000003
577554,21126,SET OF 6 GIRLS CELEBRATION CANDLES,2,2011-11-20 15:35:00,1.25,15533,United Kingdom,2.5
577557,23147,SINGLE ANTIQUE ROSE HOOK IVORY,3,2011-11-20 15:36:00,1.45,15426,United Kingdom,4.35
577594,22698,PINK REGENCY TEACUP AND SAUCER,1,2011-11-20 16:07:00,2.95,13142,United Kingdom,2.95
577595,85071D,CHARLIE+LOLA MY ROOM DOOR SIGN,2,2011-11-20 16:12:00,0.39,16399,United Kingdom,0.78
577599,22090,PAPER BUNTING RETROSPOT,6,2011-11-21 08:26:00,2.95,15738,United Kingdom,17.700000000000003
577601,23582,VINTAGE DOILY JUMBO BAG RED ,20,2011-11-21 08:31:00,2.08,17675,United Kingdom,41.6
577601,22993,SET OF 4 PANTRY JELLY MOULDS,24,2011-11-21 08:31:00,1.25,17675,United Kingdom,30.0
577601,22940,FELTCRAFT CHRISTMAS FAIRY,8,2011-11-21 08:31:00,4.25,17675,United Kingdom,34.0
577603,23009,I LOVE LONDON BABY GIFT SET,1,2011-11-21 08:40:00,16.95,15500,United Kingdom,16.95
577604,22081,RIBBON REEL FLORA + FAUNA ,10,2011-11-21 08:57:00,1.65,14300,United Kingdom,16.5
577606,37447,CERAMIC CAKE DESIGN SPOTTED PLATE,12,2011-11-21 09:11:00,1.49,12462,Spain,17.88
577606,22057,CERAMIC PLATE STRAWBERRY DESIGN,12,2011-11-21 09:11:00,1.49,12462,Spain,17.88
577609,22423,REGENCY CAKESTAND 3 TIER,1,2011-11-21 09:51:00,12.75,12349,Italy,12.75
577613,21121,SET/10 RED POLKADOT PARTY CANDLES,24,2011-11-21 10:02:00,1.25,14911,EIRE,30.0
577613,22438,BALLOON ART MAKE YOUR OWN FLOWERS,10,2011-11-21 10:02:00,1.95,14911,EIRE,19.5
577613,84347,ROTATING SILVER ANGELS T-LIGHT HLDR,6,2011-11-21 10:02:00,2.55,14911,EIRE,15.3
577616,21902,"KEY FOB , FRONT  DOOR ",24,2011-11-21 10:22:00,0.65,13823,United Kingdom,15.6
577615,20679,EDWARDIAN PARASOL RED,3,2011-11-21 10:22:00,5.95,12658,Germany,17.85
577633,22730,ALARM CLOCK BAKELIKE IVORY,4,2011-11-21 10:35:00,3.75,14194,United Kingdom,15.0
577633,22993,SET OF 4 PANTRY JELLY MOULDS,12,2011-11-21 10:35:00,1.25,14194,United Kingdom,15.0
577633,79321,CHILLI LIGHTS,4,2011-11-21 10:35:00,5.75,14194,United Kingdom,23.0
577690,23307,SET OF 60 PANTRY DESIGN CAKE CASES ,1,2011-11-21 11:34:00,0.55,12856,United Kingdom,0.55
577690,23314,VINTAGE CHRISTMAS TABLECLOTH,1,2011-11-21 11:34:00,12.5,12856,United Kingdom,12.5
577695,22154,ANGEL DECORATION 3 BUTTONS ,4,2011-11-21 11:55:00,0.42,15645,United Kingdom,1.68
577696,85049C,ROMANTIC PINKS RIBBONS ,1,2011-11-21 11:57:00,1.25,16406,United Kingdom,1.25
577700,84879,ASSORTED COLOUR BIRD ORNAMENT,3,2011-11-21 12:06:00,1.69,14449,United Kingdom,5.07
577700,16225,RATTLE SNAKE EGGS,1,2011-11-21 12:06:00,1.25,14449,United Kingdom,1.25
577711,22560,TRADITIONAL MODELLING CLAY,3,2011-11-21 12:17:00,1.25,15527,United Kingdom,3.75
577711,23553,LANDMARK FRAME CAMDEN TOWN ,3,2011-11-21 12:17:00,12.5,15527,United Kingdom,37.5
577716,85049A,TRADITIONAL CHRISTMAS RIBBONS,12,2011-11-21 12:18:00,1.25,15857,United Kingdom,15.0
577716,23308,SET OF 60 VINTAGE LEAF CAKE CASES ,24,2011-11-21 12:18:00,0.55,15857,United Kingdom,13.2
577719,71477,COLOUR GLASS. STAR T-LIGHT HOLDER,168,2011-11-21 12:20:00,3.29,16013,United Kingdom,552.72
577723,22694,WICKER STAR ,3,2011-11-21 12:36:00,2.1,16713,United Kingdom,6.300000000000001
577723,22045,SPACEBOY GIFT WRAP,25,2011-11-21 12:36:00,0.42,16713,United Kingdom,10.5
577725,23322,LARGE WHITE HEART OF WICKER,6,2011-11-21 12:38:00,2.95,14607,United Kingdom,17.700000000000003
577729,22586,FELTCRAFT HAIRBAND PINK AND BLUE,12,2011-11-21 12:53:00,0.85,15179,United Kingdom,10.2
577732,22684,FRENCH BLUE METAL DOOR SIGN 9,10,2011-11-21 13:09:00,1.25,15093,United Kingdom,12.5
577742,85123A,WHITE HANGING HEART T-LIGHT HOLDER,1,2011-11-21 13:41:00,2.95,13755,United Kingdom,2.95
577744,22846,BREAD BIN DINER STYLE RED ,4,2011-11-21 13:58:00,14.95,18229,United Kingdom,59.8
577744,20725,LUNCH BAG RED RETROSPOT,10,2011-11-21 13:58:00,1.65,18229,United Kingdom,16.5
577751,23469,CARD HOLDER LOVE BIRD SMALL,1,2011-11-21 14:34:00,4.15,12904,United Kingdom,4.15
577751,21818,GLITTER HEART DECORATION,12,2011-11-21 14:34:00,0.39,12904,United Kingdom,4.68
577751,84879,ASSORTED COLOUR BIRD ORNAMENT,8,2011-11-21 14:34:00,1.69,12904,United Kingdom,13.52
577751,21135,VICTORIAN  METAL POSTCARD SPRING,8,2011-11-21 14:34:00,1.69,12904,United Kingdom,13.52
577754,23295,SET OF 12 MINI LOAF BAKING CASES,24,2011-11-21 14:47:00,0.83,18139,United Kingdom,19.92
577755,21912,VINTAGE SNAKES & LADDERS,4,2011-11-21 14:49:00,3.75,17010,United Kingdom,15.0
577756,22029,SPACEBOY BIRTHDAY CARD,12,2011-11-21 14:59:00,0.42,15115,United Kingdom,5.04
577769,23344,JUMBO BAG 50'S CHRISTMAS ,10,2011-11-21 15:27:00,2.08,16379,United Kingdom,20.8
577772,22708,WRAP DOLLY GIRL,25,2011-11-21 15:53:00,0.42,18139,United Kingdom,10.5
577773,20668,DISCO BALL CHRISTMAS DECORATION,24,2011-11-21 15:57:00,0.12,16712,United Kingdom,2.88
577773,22555,PLASTERS IN TIN STRONGMAN,1,2011-11-21 15:57:00,1.65,16712,United Kingdom,1.65
577774,22910,PAPER CHAIN KIT VINTAGE CHRISTMAS,2,2011-11-21 15:57:00,2.95,16712,United Kingdom,5.9
577778,23322,LARGE WHITE HEART OF WICKER,1,2011-11-21 16:10:00,2.95,16549,United Kingdom,2.95
577778,22948,METAL DECORATION NAUGHTY CHILDREN ,2,2011-11-21 16:10:00,0.85,16549,United Kingdom,1.7
577782,23100,SILVER BELLS TABLE DECORATION,1,2011-11-21 16:17:00,1.25,16549,United Kingdom,1.25
577782,23274,STAR T-LIGHT HOLDER WILLIE WINKIE,1,2011-11-21 16:17:00,1.65,16549,United Kingdom,1.65
577782,22997,TRAVEL CARD WALLET UNION JACK,2,2011-11-21 16:17:00,0.42,16549,United Kingdom,0.84
577783,23165,LARGE CERAMIC TOP STORAGE JAR,24,2011-11-21 16:20:00,1.65,18139,United Kingdom,39.6
577784,21212,PACK OF 72 RETROSPOT CAKE CASES,24,2011-11-21 16:24:00,0.55,13862,United Kingdom,13.2
577785,20983,12 PENCILS TALL TUBE RED RETROSPOT,24,2011-11-21 16:25:00,0.85,16369,United Kingdom,20.4
577794,22818,CARD CHRISTMAS VILLAGE,12,2011-11-21 16:48:00,0.42,14030,United Kingdom,5.04
577794,23352,ROLL WRAP 50'S RED CHRISTMAS ,3,2011-11-21 16:48:00,1.25,14030,United Kingdom,3.75
577794,22992,REVOLVER WOODEN RULER ,2,2011-11-21 16:48:00,1.95,14030,United Kingdom,3.9
577794,23490,T-LIGHT HOLDER HANGING LOVE BIRD,6,2011-11-21 16:48:00,3.75,14030,United Kingdom,22.5
577798,22578,WOODEN STAR CHRISTMAS SCANDINAVIAN,20,2011-11-21 16:54:00,0.29,17757,United Kingdom,5.8
577800,22531,MAGIC DRAWING SLATE CIRCUS PARADE  ,24,2011-11-21 17:00:00,0.42,15484,United Kingdom,10.08
577804,23320,GIANT 50'S CHRISTMAS CRACKER,1,2011-11-21 17:33:00,2.89,17432,United Kingdom,2.89
577807,23406,HOME SWEET HOME KEY HOLDER,2,2011-11-22 08:26:00,6.25,15699,United Kingdom,12.5
577826,22422,TOOTHPASTE TUBE PEN,12,2011-11-22 09:43:00,0.65,17600,United Kingdom,7.800000000000001
577827,22784,LANTERN CREAM GAZEBO ,3,2011-11-22 09:53:00,4.95,16782,United Kingdom,14.85
577827,85123A,WHITE HANGING HEART T-LIGHT HOLDER,12,2011-11-22 09:53:00,2.95,16782,United Kingdom,35.400000000000006
577834,23264,SET OF 3 WOODEN SLEIGH DECORATIONS,12,2011-11-22 10:21:00,1.25,17528,United Kingdom,15.0
577845,22951,60 CAKE CASES DOLLY GIRL DESIGN,24,2011-11-22 10:44:00,0.55,18139,United Kingdom,13.2
577850,22846,BREAD BIN DINER STYLE RED ,4,2011-11-22 11:04:00,14.95,14911,EIRE,59.8
577854,23084,RABBIT NIGHT LIGHT,18,2011-11-22 11:14:00,2.08,16128,United Kingdom,37.44
577854,84347,ROTATING SILVER ANGELS T-LIGHT HLDR,12,2011-11-22 11:14:00,2.55,16128,United Kingdom,30.6
577855,22737,RIBBON REEL CHRISTMAS PRESENT ,1,2011-11-22 11:18:00,1.65,15877,United Kingdom,1.65
577855,21327,SKULLS WRITING SET ,1,2011-11-22 11:18:00,1.65,15877,United Kingdom,1.65
577856,20719,WOODLAND CHARLOTTE BAG,10,2011-11-22 11:19:00,0.85,12490,France,8.5
577859,85099F,JUMBO BAG STRAWBERRY,10,2011-11-22 11:24:00,2.08,14534,United Kingdom,20.8
577880,23452,HEART MINI PORTRAIT FRAME,6,2011-11-22 11:37:00,1.95,14515,United Kingdom,11.7
577893,22144,CHRISTMAS CRAFT LITTLE FRIENDS,3,2011-11-22 11:47:00,2.1,17073,United Kingdom,6.300000000000001
577905,85034C,3 ROSE MORRIS BOXED CANDLES,24,2011-11-22 11:51:00,1.25,15497,United Kingdom,30.0
577938,23510,MINI PLAYING CARDS GYMKHANA,1,2011-11-22 12:07:00,0.42,15525,United Kingdom,0.42
577950,22993,SET OF 4 PANTRY JELLY MOULDS,24,2011-11-22 12:09:00,1.25,14129,United Kingdom,30.0
578004,23479,WIRE EGG BASKET ,1,2011-11-22 12:38:00,7.85,17155,United Kingdom,7.85
578005,22112,CHOCOLATE HOT WATER BOTTLE,3,2011-11-22 12:39:00,4.95,16985,United Kingdom,14.85
578008,21239,PINK  POLKADOT CUP,2,2011-11-22 12:47:00,0.85,14657,United Kingdom,1.7
578008,22470,HEART OF WICKER LARGE,1,2011-11-22 12:47:00,2.95,14657,United Kingdom,2.95
578008,84992,72 SWEETHEART FAIRY CAKE CASES,1,2011-11-22 12:47:00,0.55,14657,United Kingdom,0.55
578011,21791,VINTAGE HEADS AND TAILS CARD GAME ,12,2011-11-22 12:52:00,1.25,15150,United Kingdom,15.0
578013,22045,SPACEBOY GIFT WRAP,25,2011-11-22 12:55:00,0.42,17360,United Kingdom,10.5
578019,22633,HAND WARMER UNION JACK,5,2011-11-22 13:11:00,2.1,17360,United Kingdom,10.5
578022,21621,VINTAGE UNION JACK BUNTING,1,2011-11-22 13:25:00,8.5,17371,United Kingdom,8.5
578022,20686,DOLLY MIXTURE CHILDREN'S UMBRELLA,1,2011-11-22 13:25:00,3.25,17371,United Kingdom,3.25
578024,21481,FAWN BLUE HOT WATER BOTTLE,12,2011-11-22 13:27:00,3.75,12705,Germany,45.0
578024,22636,CHILDS BREAKFAST SET CIRCUS PARADE,2,2011-11-22 13:27:00,8.5,12705,Germany,17.0
578025,23549,WRAP BIRD GARDEN ,25,2011-11-22 13:28:00,0.42,16722,United Kingdom,10.5
578036,22650,CERAMIC PIRATE CHEST MONEY BANK,4,2011-11-22 14:04:00,1.45,16474,United Kingdom,5.8
578036,20970,PINK FLORAL FELTCRAFT SHOULDER BAG,1,2011-11-22 14:04:00,3.75,16474,United Kingdom,3.75
578036,21983,PACK OF 12 BLUE PAISLEY TISSUES ,2,2011-11-22 14:04:00,0.39,16474,United Kingdom,0.78
578040,22173,METAL 4 HOOK HANGER FRENCH CHATEAU,2,2011-11-22 14:21:00,3.29,13322,United Kingdom,6.58
578041,21912,VINTAGE SNAKES & LADDERS,3,2011-11-22 14:23:00,3.75,17338,United Kingdom,11.25
578041,22326,ROUND SNACK BOXES SET OF4 WOODLAND ,1,2011-11-22 14:23:00,2.95,17338,United Kingdom,2.95
578041,22966,GINGERBREAD MAN COOKIE CUTTER,2,2011-11-22 14:23:00,1.25,17338,United Kingdom,2.5
578044,23390,DOLLY GIRL MINI BACKPACK,4,2011-11-22 14:41:00,4.15,13488,United Kingdom,16.6
578044,23035,DRAWER KNOB CERAMIC IVORY,24,2011-11-22 14:41:00,1.45,13488,United Kingdom,34.8
578044,20969,RED FLORAL FELTCRAFT SHOULDER BAG,4,2011-11-22 14:41:00,3.75,13488,United Kingdom,15.0
578045,16225,RATTLE SNAKE EGGS,1,2011-11-22 14:43:00,1.25,17297,United Kingdom,1.25
578056,23234,BISCUIT TIN VINTAGE CHRISTMAS,6,2011-11-22 15:04:00,2.89,16164,United Kingdom,17.34
578059,23333,IVORY WICKER HEART MEDIUM,12,2011-11-22 15:15:00,1.25,13940,United Kingdom,15.0
578063,22577,WOODEN HEART CHRISTMAS SCANDINAVIAN,24,2011-11-22 15:36:00,0.29,16929,United Kingdom,6.959999999999999
578068,21485,RETROSPOT HEART HOT WATER BOTTLE,1,2011-11-22 15:45:00,4.95,14505,United Kingdom,4.95
578068,21876,POTTERING MUG,2,2011-11-22 15:45:00,1.65,14505,United Kingdom,3.3
578069,23344,JUMBO BAG 50'S CHRISTMAS ,20,2011-11-22 15:49:00,2.08,14329,United Kingdom,41.6
578072,22851,SET 20 NAPKINS FAIRY CAKES DESIGN ,1,2011-11-22 16:02:00,0.85,17759,United Kingdom,0.85
578072,21821,GLITTER STAR GARLAND WITH BELLS ,6,2011-11-22 16:02:00,3.75,17759,United Kingdom,22.5
578074,23557,LANDMARK FRAME BAKER STREET ,1,2011-11-22 16:06:00,12.5,17590,United Kingdom,12.5
578075,22424,ENAMEL BREAD BIN CREAM,1,2011-11-22 16:11:00,12.75,15039,United Kingdom,12.75
578079,22630,DOLLY GIRL LUNCH BOX,12,2011-11-22 16:26:00,1.95,13985,United Kingdom,23.4
578084,22601,CHRISTMAS RETROSPOT ANGEL WOOD,12,2011-11-22 16:34:00,0.85,12465,Belgium,10.2
578086,23519,EMBROIDERED RIBBON REEL CLAIRE,6,2011-11-22 16:43:00,3.75,17519,United Kingdom,22.5
578088,22285,HANGING HEN ON NEST DECORATION,4,2011-11-22 16:47:00,1.65,16376,United Kingdom,6.6
578088,22155,STAR DECORATION RUSTIC,1,2011-11-22 16:47:00,0.42,16376,United Kingdom,0.42
578088,20971,PINK BLUE FELT CRAFT TRINKET BOX,2,2011-11-22 16:47:00,1.25,16376,United Kingdom,2.5
578092,22467,GUMBALL COAT RACK,6,2011-11-22 17:19:00,2.55,16811,United Kingdom,15.3
578099,22554,PLASTERS IN TIN WOODLAND ANIMALS,12,2011-11-23 08:05:00,1.65,12452,Switzerland,19.8
578105,21791,VINTAGE HEADS AND TAILS CARD GAME ,12,2011-11-23 08:47:00,1.25,14911,EIRE,15.0
578106,23497,CLASSIC CHROME BICYCLE BELL ,12,2011-11-23 09:02:00,1.45,16133,United Kingdom,17.4
578109,23570,TRADITIONAL PICK UP STICKS GAME ,12,2011-11-23 09:22:00,1.25,14020,United Kingdom,15.0
578111,21212,PACK OF 72 RETROSPOT CAKE CASES,24,2011-11-23 09:28:00,0.55,14790,United Kingdom,13.2
578114,22186,RED STAR CARD HOLDER,12,2011-11-23 09:41:00,1.95,16185,United Kingdom,23.4
578120,22578,WOODEN STAR CHRISTMAS SCANDINAVIAN,24,2011-11-23 10:21:00,0.29,14493,United Kingdom,6.959999999999999
578120,22419,LIPSTICK PEN RED,12,2011-11-23 10:21:00,0.42,14493,United Kingdom,5.04
578121,23571,TRADITIONAL NAUGHTS & CROSSES,12,2011-11-23 10:23:00,1.65,14547,United Kingdom,19.8
578125,22578,WOODEN STAR CHRISTMAS SCANDINAVIAN,240,2011-11-23 10:31:00,0.29,17511,United Kingdom,69.6
578128,23109,PACK OF SIX LED TEA LIGHTS,6,2011-11-23 10:38:00,2.89,12919,United Kingdom,17.34
578129,22577,WOODEN HEART CHRISTMAS SCANDINAVIAN,24,2011-11-23 10:39:00,0.29,13502,United Kingdom,6.959999999999999
578140,23110,PARISIENNE KEY CABINET ,16,2011-11-23 10:58:00,4.95,14646,Netherlands,79.2
578140,22356,CHARLOTTE BAG PINK POLKADOT,200,2011-11-23 10:58:00,0.72,14646,Netherlands,144.0
578140,23371,SET 36 COLOUR PENCILS SPACEBOY ,128,2011-11-23 10:58:00,1.06,14646,Netherlands,135.68
578140,22752,SET 7 BABUSHKA NESTING BOXES,24,2011-11-23 10:58:00,7.65,14646,Netherlands,183.6
578146,23397,FOOT STOOL HOME SWEET HOME ,1,2011-11-23 11:07:00,9.95,13742,United Kingdom,9.95
578147,22141,CHRISTMAS CRAFT TREE TOP ANGEL,8,2011-11-23 11:09:00,2.1,12748,United Kingdom,16.8
578151,22720,SET OF 3 CAKE TINS PANTRY DESIGN ,3,2011-11-23 11:18:00,4.95,16020,United Kingdom,14.85
578151,22909,SET OF 20 VINTAGE CHRISTMAS NAPKINS,12,2011-11-23 11:18:00,0.85,16020,United Kingdom,10.2
578153,22749,FELTCRAFT PRINCESS CHARLOTTE DOLL,1,2011-11-23 11:22:00,3.75,12748,United Kingdom,3.75
578155,23319,BOX OF 6 MINI 50'S CRACKERS,2,2011-11-23 11:32:00,2.49,12748,United Kingdom,4.98
578171,23256,CHILDRENS CUTLERY SPACEBOY ,4,2011-11-23 11:36:00,4.15,17685,United Kingdom,16.6
578211,22201,FRYING PAN BLUE POLKADOT,1,2011-11-23 11:47:00,4.25,12748,United Kingdom,4.25
578225,35095A,BLUE VICTORIAN FABRIC OVAL BOX,24,2011-11-23 11:51:00,0.42,17700,United Kingdom,10.08
578225,21813,GARLAND WITH STARS AND BELLS,6,2011-11-23 11:51:00,4.95,17700,United Kingdom,29.700000000000003
578231,22112,CHOCOLATE HOT WATER BOTTLE,2,2011-11-23 12:05:00,4.95,14527,United Kingdom,9.9
578233,22383,LUNCH BAG SUKI DESIGN ,10,2011-11-23 12:20:00,1.65,14049,United Kingdom,16.5
578233,21481,FAWN BLUE HOT WATER BOTTLE,2,2011-11-23 12:20:00,3.75,14049,United Kingdom,7.5
578233,23402,HOME SWEET HOME 3 PEG HANGER ,1,2011-11-23 12:20:00,3.75,14049,United Kingdom,3.75
578233,23524,WALL ART HORSE & PONY ,1,2011-11-23 12:20:00,3.75,14049,United Kingdom,3.75
578233,23314,VINTAGE CHRISTMAS TABLECLOTH,1,2011-11-23 12:20:00,12.5,14049,United Kingdom,12.5
578233,23312,VINTAGE CHRISTMAS GIFT SACK,8,2011-11-23 12:20:00,4.15,14049,United Kingdom,33.2
578243,21485,RETROSPOT HEART HOT WATER BOTTLE,12,2011-11-23 12:33:00,4.95,13448,United Kingdom,59.400000000000006
578244,22383,LUNCH BAG SUKI DESIGN ,10,2011-11-23 12:36:00,1.65,15727,United Kingdom,16.5
578247,22732,3D VINTAGE CHRISTMAS STICKERS ,9,2011-11-23 12:39:00,1.25,14581,United Kingdom,11.25
578247,23344,JUMBO BAG 50'S CHRISTMAS ,10,2011-11-23 12:39:00,2.08,14581,United Kingdom,20.8
578251,85071B,RED CHARLIE+LOLA PERSONAL DOORSIGN,4,2011-11-23 12:45:00,0.39,15993,United Kingdom,1.56
578251,21615,4 LAVENDER BOTANICAL DINNER CANDLES,2,2011-11-23 12:45:00,1.25,15993,United Kingdom,2.5
578255,22690,DOORMAT HOME SWEET HOME BLUE ,2,2011-11-23 12:58:00,8.25,14675,United Kingdom,16.5
578255,23372,SET 36 COLOUR PENCILS DOLLY GIRL,1,2011-11-23 12:58:00,1.25,14675,United Kingdom,1.25
578255,21206,STRAWBERRY HONEYCOMB  GARLAND ,2,2011-11-23 12:58:00,1.65,14675,United Kingdom,3.3
578260,23373,VINTAGE CHRISTMAS PAPER GIFT BAG,20,2011-11-23 13:15:00,0.82,17469,United Kingdom,16.4
578264,23285,PINK VINTAGE SPOT BEAKER,1,2011-11-23 13:27:00,0.85,12748,United Kingdom,0.85
578264,23288,GREEN VINTAGE SPOT BEAKER,1,2011-11-23 13:27:00,0.85,12748,United Kingdom,0.85
578266,22376,AIRLINE BAG VINTAGE JET SET WHITE,1,2011-11-23 13:34:00,4.25,12748,United Kingdom,4.25
578270,82484,WOOD BLACK BOARD ANT WHITE FINISH,1,2011-11-23 13:39:00,16.63,14096,United Kingdom,16.63
578270,22108,PING! MICROWAVE PLATE,2,2011-11-23 13:39:00,3.29,14096,United Kingdom,6.58
578270,22142,CHRISTMAS CRAFT WHITE FAIRY ,3,2011-11-23 13:39:00,3.29,14096,United Kingdom,9.87
578270,21876,POTTERING MUG,5,2011-11-23 13:39:00,3.29,14096,United Kingdom,16.45
578270,90049,IVORY GOLD METAL BAG CHARM,1,2011-11-23 13:39:00,9.96,14096,United Kingdom,9.96
578270,82582,AREA PATROLLED METAL SIGN,1,2011-11-23 13:39:00,4.13,14096,United Kingdom,4.13
578270,20973,12 PENCIL SMALL TUBE WOODLAND,3,2011-11-23 13:39:00,1.25,14096,United Kingdom,3.75
578270,23308,SET OF 60 VINTAGE LEAF CAKE CASES ,1,2011-11-23 13:39:00,1.25,14096,United Kingdom,1.25
578270,15056P,EDWARDIAN PARASOL PINK,1,2011-11-23 13:39:00,12.46,14096,United Kingdom,12.46
578270,21094,SET/6 RED SPOTTY PAPER PLATES,2,2011-11-23 13:39:00,0.83,14096,United Kingdom,1.66
578270,84836,ZINC METAL HEART DECORATION,1,2011-11-23 13:39:00,2.46,14096,United Kingdom,2.46
578270,22810,SET OF 6 T-LIGHTS SNOWMEN,14,2011-11-23 13:39:00,5.79,14096,United Kingdom,81.06
578270,23301,GARDENERS KNEELING PAD KEEP CALM ,22,2011-11-23 13:39:00,3.29,14096,United Kingdom,72.38
578270,21880,RED RETROSPOT TAPE,5,2011-11-23 13:39:00,0.42,14096,United Kingdom,2.1
578270,21356,TOAST ITS - FAIRY FLOWER,2,2011-11-23 13:39:00,0.83,14096,United Kingdom,1.66
578270,23179,CLOCK MAGNET MUM'S KITCHEN,1,2011-11-23 13:39:00,5.79,14096,United Kingdom,5.79
578278,22544,MINI JIGSAW SPACEBOY,10,2011-11-23 13:51:00,0.42,12748,United Kingdom,4.2
578278,23310,BUBBLEGUM RING ASSORTED,36,2011-11-23 13:51:00,0.42,12748,United Kingdom,15.12
578285,23583,LUNCH BAG PAISLEY PARK  ,1,2011-11-23 13:57:00,1.65,12748,United Kingdom,1.65
578285,47590B,PINK HAPPY BIRTHDAY BUNTING,1,2011-11-23 13:57:00,5.45,12748,United Kingdom,5.45
578289,22252,BIRDCAGE DECORATION TEALIGHT HOLDER,6,2011-11-23 14:07:00,1.25,17841,United Kingdom,7.5
578289,22621,TRADITIONAL KNITTING NANCY,5,2011-11-23 14:07:00,1.65,17841,United Kingdom,8.25
578289,23112,PARISIENNE CURIO CABINET,2,2011-11-23 14:07:00,7.5,17841,United Kingdom,15.0
578289,23300,GARDENERS KNEELING PAD CUP OF TEA ,3,2011-11-23 14:07:00,1.65,17841,United Kingdom,4.949999999999999
578289,23226,FILIGREE HEART DAISY WHITE,4,2011-11-23 14:07:00,1.25,17841,United Kingdom,5.0
578292,22261,FELT EGG COSY WHITE RABBIT ,4,2011-11-23 14:35:00,0.85,13174,United Kingdom,3.4
578292,21034,REX CASH+CARRY JUMBO SHOPPER,3,2011-11-23 14:35:00,0.95,13174,United Kingdom,2.85
578293,23497,CLASSIC CHROME BICYCLE BELL ,12,2011-11-23 14:36:00,1.45,15640,United Kingdom,17.4
578298,POST,POSTAGE,3,2011-11-23 14:52:00,18.0,12619,Germany,54.0
578302,23399,HOME SWEET HOME HANGING HEART,12,2011-11-23 15:23:00,0.85,16057,United Kingdom,10.2
578305,22568,FELTCRAFT CUSHION OWL,15,2011-11-23 15:44:00,3.39,14088,United Kingdom,50.85
578305,21484,CHICK GREY HOT WATER BOTTLE,4,2011-11-23 15:44:00,3.75,14088,United Kingdom,15.0
578305,23104,IVORY CAFE HANGING LAMP ,6,2011-11-23 15:44:00,10.4,14088,United Kingdom,62.400000000000006
578305,23073,GEORGIAN TRINKET BOX,12,2011-11-23 15:44:00,11.15,14088,United Kingdom,133.8
578305,23532,WALL ART WORK REST AND PLAY  ,6,2011-11-23 15:44:00,4.15,14088,United Kingdom,24.9
578305,23555,LANDMARK FRAME NOTTING HILL ,3,2011-11-23 15:44:00,10.95,14088,United Kingdom,32.849999999999994
578307,84536B,FAIRY CAKES NOTEBOOK A7 SIZE,4,2011-11-23 15:53:00,0.42,17290,United Kingdom,1.68
578307,21287,SCENTED VELVET LOUNGE CANDLE ,12,2011-11-23 15:53:00,0.38,17290,United Kingdom,4.5600000000000005
578318,35599B,BLACK CHRISTMAS TREE 120CM,6,2011-11-23 16:48:00,1.95,17135,United Kingdom,11.7
578321,84997D,CHILDRENS CUTLERY POLKADOT PINK,360,2011-11-23 16:59:00,3.75,12557,Spain,1350.0
578324,22756,LARGE YELLOW BABUSHKA NOTEBOOK ,2,2011-11-23 17:32:00,1.25,17530,United Kingdom,2.5
578325,21288,STRIPEY CHOCOLATE NESTING BOXES,1,2011-11-23 17:43:00,2.95,16343,United Kingdom,2.95
578326,21705,BAG 500g SWIRLY MARBLES,1,2011-11-23 17:45:00,1.65,16343,United Kingdom,1.65
578331,22423,REGENCY CAKESTAND 3 TIER,2,2011-11-24 08:44:00,12.75,14911,EIRE,25.5
578335,23215,JINGLE BELL HEART ANTIQUE SILVER,12,2011-11-24 09:06:00,2.08,17481,United Kingdom,24.96
578353,22386,JUMBO BAG PINK POLKADOT,10,2011-11-24 10:07:00,2.08,14825,United Kingdom,20.8
578359,23343,JUMBO BAG VINTAGE CHRISTMAS ,100,2011-11-24 10:35:00,1.79,14607,United Kingdom,179.0
578359,21931,JUMBO STORAGE BAG SUKI,100,2011-11-24 10:35:00,1.79,14607,United Kingdom,179.0
578361,22734,SET OF 6 RIBBONS VINTAGE CHRISTMAS,6,2011-11-24 10:38:00,2.89,13638,United Kingdom,17.34
578362,22150,3 STRIPEY MICE FELTCRAFT,12,2011-11-24 10:39:00,1.95,12913,United Kingdom,23.4
578366,20717,STRAWBERRY SHOPPER BAG,10,2011-11-24 10:53:00,1.25,16173,United Kingdom,12.5
578369,23169,CLASSIC GLASS COOKIE JAR,2,2011-11-24 11:10:00,4.15,14698,United Kingdom,8.3
578370,21935,SUKI  SHOULDER BAG,3,2011-11-24 11:11:00,1.65,17346,United Kingdom,4.949999999999999
578427,22467,GUMBALL COAT RACK,6,2011-11-24 12:11:00,2.55,15034,United Kingdom,15.3
578445,35598C,WHITE CHRISTMAS TREE 60CM,1,2011-11-24 12:25:00,2.95,15005,United Kingdom,2.95
578445,23301,GARDENERS KNEELING PAD KEEP CALM ,10,2011-11-24 12:25:00,1.65,15005,United Kingdom,16.5
578463,23238,SET OF 4 KNICK KNACK TINS LONDON ,6,2011-11-24 12:30:00,4.15,12757,Portugal,24.9
578468,21108,FAIRY CAKE FLANNEL ASSORTED COLOUR,18,2011-11-24 12:33:00,0.79,16482,United Kingdom,14.22
578469,23256,CHILDRENS CUTLERY SPACEBOY ,4,2011-11-24 12:36:00,4.15,12471,Germany,16.6
578479,23120,PACK OF 6 SMALL FRUIT STRAWS,3,2011-11-24 12:48:00,0.42,15858,United Kingdom,1.26
578506,23169,CLASSIC GLASS COOKIE JAR,4,2011-11-24 13:01:00,4.15,17458,United Kingdom,16.6
578510,23283,DOORMAT VINTAGE LEAF,1,2011-11-24 13:25:00,8.25,14056,United Kingdom,8.25
578510,22728,ALARM CLOCK BAKELIKE PINK,1,2011-11-24 13:25:00,3.75,14056,United Kingdom,3.75
578511,22851,SET 20 NAPKINS FAIRY CAKES DESIGN ,4,2011-11-24 13:27:00,0.85,17975,United Kingdom,3.4
578513,23358,HOT STUFF HOT WATER BOTTLE,6,2011-11-24 13:32:00,3.75,16609,United Kingdom,22.5
578513,22617,BAKING SET SPACEBOY DESIGN,3,2011-11-24 13:32:00,4.95,16609,United Kingdom,14.85
578513,20727,LUNCH BAG  BLACK SKULL.,20,2011-11-24 13:32:00,1.65,16609,United Kingdom,33.0
578516,22352,LUNCH BOX WITH CUTLERY RETROSPOT ,6,2011-11-24 13:53:00,2.55,14591,United Kingdom,15.3
578517,22411,JUMBO SHOPPER VINTAGE RED PAISLEY,20,2011-11-24 13:53:00,2.08,16523,United Kingdom,41.6
578516,20668,DISCO BALL CHRISTMAS DECORATION,48,2011-11-24 13:53:00,0.12,14591,United Kingdom,5.76
578517,22086,PAPER CHAIN KIT 50'S CHRISTMAS ,12,2011-11-24 13:53:00,2.95,16523,United Kingdom,35.400000000000006
578519,23356,LOVE HOT WATER BOTTLE,1,2011-11-24 13:56:00,5.95,14591,United Kingdom,5.95
578519,22553,PLASTERS IN TIN SKULLS,1,2011-11-24 13:56:00,1.65,14591,United Kingdom,1.65
578519,23541,WALL ART CLASSIC PUDDINGS ,1,2011-11-24 13:56:00,8.25,14591,United Kingdom,8.25
578520,21832,CHOCOLATE CALCULATOR,1,2011-11-24 13:57:00,1.65,14591,United Kingdom,1.65
578522,21263,GREEN GOOSE FEATHER TREE 60CM,2,2011-11-24 14:09:00,1.95,17254,United Kingdom,3.9
578522,20973,12 PENCIL SMALL TUBE WOODLAND,2,2011-11-24 14:09:00,0.65,17254,United Kingdom,1.3
578522,20752,BLUE POLKADOT WASHING UP GLOVES,1,2011-11-24 14:09:00,2.1,17254,United Kingdom,2.1
578523,85053,FRENCH ENAMEL CANDLEHOLDER,2,2011-11-24 14:10:00,2.1,15311,United Kingdom,4.2
578532,23583,LUNCH BAG PAISLEY PARK  ,10,2011-11-24 14:40:00,1.65,18130,United Kingdom,16.5
578532,85111,SILVER GLITTER FLOWER VOTIVE HOLDER,36,2011-11-24 14:40:00,0.29,18130,United Kingdom,10.44
578534,21591,COSY HOUR CIGAR BOX MATCHES ,10,2011-11-24 14:51:00,1.25,15725,United Kingdom,12.5
578541,21430,SET/3 RED GINGHAM ROSE STORAGE BOX,3,2011-11-24 15:01:00,3.75,14277,France,11.25
578541,22505,MEMO BOARD COTTAGE DESIGN,4,2011-11-24 15:01:00,4.95,14277,France,19.8
578541,23146,TRIPLE HOOK ANTIQUE IVORY ROSE,4,2011-11-24 15:01:00,3.29,14277,France,13.16
578541,22625,RED KITCHEN SCALES,2,2011-11-24 15:01:00,8.5,14277,France,17.0
578544,22770,MIRROR CORNICE,2,2011-11-24 15:01:00,14.95,17096,United Kingdom,29.9
578541,22301,COFFEE MUG CAT + BIRD DESIGN,6,2011-11-24 15:01:00,2.55,14277,France,15.3
578544,23442,12 HANGING EGGS HAND PAINTED,10,2011-11-24 15:01:00,2.08,17096,United Kingdom,20.8
578541,23116,VEGETABLE GARDEN CHOPPING BOARD,2,2011-11-24 15:01:00,4.95,14277,France,9.9
578551,85177,BASKET OF FLOWERS SEWING KIT,7,2011-11-24 15:05:00,0.85,12937,United Kingdom,5.95
578551,22945,CHRISTMAS METAL TAGS ASSORTED ,72,2011-11-24 15:05:00,0.85,12937,United Kingdom,61.2
578551,23439,HAND WARMER RED LOVE HEART,6,2011-11-24 15:05:00,2.1,12937,United Kingdom,12.6
578620,22536,MAGIC DRAWING SLATE PURDEY,1,2011-11-24 15:21:00,0.42,17247,United Kingdom,0.42
578633,23371,SET 36 COLOUR PENCILS SPACEBOY ,16,2011-11-24 16:31:00,1.25,16616,United Kingdom,20.0
578633,21509,COWBOYS AND INDIANS BIRTHDAY CARD ,12,2011-11-24 16:31:00,0.42,16616,United Kingdom,5.04
578653,23046,PAPER LANTERN 9 POINT DELUXE STAR,6,2011-11-24 16:40:00,6.65,18161,United Kingdom,39.900000000000006
578661,84997D,CHILDRENS CUTLERY POLKADOT PINK,4,2011-11-24 16:46:00,4.15,18188,United Kingdom,16.6
578664,21889,WOODEN BOX OF DOMINOES,3,2011-11-24 16:59:00,1.25,15910,United Kingdom,3.75
578664,23274,STAR T-LIGHT HOLDER WILLIE WINKIE,4,2011-11-24 16:59:00,1.65,15910,United Kingdom,6.6
578664,23101,SILVER STARS TABLE DECORATION,3,2011-11-24 16:59:00,0.83,15910,United Kingdom,2.49
578666,22982,PANTRY PASTRY BRUSH,12,2011-11-24 17:06:00,1.25,17727,United Kingdom,15.0
578678,23366,SET 12 COLOURING PENCILS DOILY,2,2011-11-24 19:59:00,0.65,17841,United Kingdom,1.3
578678,23225,CHERUB HEART DECORATION SILVER ,1,2011-11-24 19:59:00,0.83,17841,United Kingdom,0.83
578679,22113,GREY HEART HOT WATER BOTTLE,4,2011-11-25 08:12:00,4.25,15117,United Kingdom,17.0
578680,23581,JUMBO BAG PAISLEY PARK,20,2011-11-25 08:23:00,2.08,16458,United Kingdom,41.6
578681,20766,GARDEN PATH SKETCHBOOK,4,2011-11-25 08:41:00,3.75,13579,United Kingdom,15.0
578688,21497,FANCY FONTS BIRTHDAY WRAP,25,2011-11-25 09:27:00,0.42,16719,United Kingdom,10.5
578688,17003,BROCADE RING PURSE ,36,2011-11-25 09:27:00,0.39,16719,United Kingdom,14.04
578688,22684,FRENCH BLUE METAL DOOR SIGN 9,1,2011-11-25 09:27:00,1.25,16719,United Kingdom,1.25
578707,21559,STRAWBERRY LUNCH BOX WITH CUTLERY,1,2011-11-25 11:20:00,2.55,17870,United Kingdom,2.55
578719,23520,EMBROIDERED RIBBON REEL RUBY ,1,2011-11-25 11:25:00,3.75,17348,United Kingdom,3.75
578757,23367,SET 12 COLOUR PENCILS SPACEBOY ,1,2011-11-25 11:41:00,0.65,12748,United Kingdom,0.65
578757,23084,RABBIT NIGHT LIGHT,1,2011-11-25 11:41:00,2.08,12748,United Kingdom,2.08
578757,23156,SET OF 5 MINI GROCERY MAGNETS,3,2011-11-25 11:41:00,2.08,12748,United Kingdom,6.24
578757,22174,PHOTO CUBE,1,2011-11-25 11:41:00,1.65,12748,United Kingdom,1.65
578757,22601,CHRISTMAS RETROSPOT ANGEL WOOD,1,2011-11-25 11:41:00,0.85,12748,United Kingdom,0.85
578757,21064,BOOM BOX SPEAKER BOYS,1,2011-11-25 11:41:00,5.95,12748,United Kingdom,5.95
578781,22333,RETROSPOT PARTY BAG + STICKER SET,1,2011-11-25 11:54:00,1.65,15872,United Kingdom,1.65
578783,20992,JAZZ HEARTS PURSE NOTEBOOK,10,2011-11-25 11:58:00,0.39,12748,United Kingdom,3.9
578794,22866,HAND WARMER SCOTTY DOG DESIGN,5,2011-11-25 12:24:00,2.1,17232,United Kingdom,10.5
578794,20766,GARDEN PATH SKETCHBOOK,3,2011-11-25 12:24:00,3.75,17232,United Kingdom,11.25
578805,22346,PARTY PIZZA DISH GREEN POLKADOT,12,2011-11-25 12:57:00,0.85,16401,United Kingdom,10.2
578808,20972,PINK CREAM FELT CRAFT TRINKET BOX ,7,2011-11-25 13:23:00,1.25,16327,United Kingdom,8.75
578811,21249,WOODLAND  HEIGHT CHART STICKERS ,12,2011-11-25 13:28:00,2.95,12438,Norway,35.400000000000006
578811,22326,ROUND SNACK BOXES SET OF4 WOODLAND ,12,2011-11-25 13:28:00,2.95,12438,Norway,35.400000000000006
578814,22197,POPCORN HOLDER,4,2011-11-25 13:40:00,0.85,12748,United Kingdom,3.4
578814,23123,COCKTAIL SWORDS 50 PIECES,1,2011-11-25 13:40:00,0.83,12748,United Kingdom,0.83
578814,85099B,JUMBO BAG RED RETROSPOT,1,2011-11-25 13:40:00,2.08,12748,United Kingdom,2.08
578817,23211,RED ROCKING HORSE HAND PAINTED,5,2011-11-25 13:45:00,1.25,16764,United Kingdom,6.25
578818,47593B,SCOTTIE DOGS BABY BIB,3,2011-11-25 13:47:00,0.39,17920,United Kingdom,1.17
578822,23247,BISCUIT TIN 50'S CHRISTMAS,6,2011-11-25 14:00:00,2.89,13437,United Kingdom,17.34
578824,21889,WOODEN BOX OF DOMINOES,1,2011-11-25 14:02:00,1.25,17883,United Kingdom,1.25
578836,23200,JUMBO BAG PEARS,3,2011-11-25 15:47:00,2.08,13069,United Kingdom,6.24
578836,22999,TRAVEL CARD WALLET VINTAGE LEAF,5,2011-11-25 15:47:00,0.42,13069,United Kingdom,2.1
578843,23487,SWEET HEART CAKE CARRIER,4,2011-11-25 16:13:00,9.95,17813,United Kingdom,39.8
578846,22620,4 TRADITIONAL SPINNING TOPS,4,2011-11-25 17:27:00,1.45,17757,United Kingdom,5.8
578849,22086,PAPER CHAIN KIT 50'S CHRISTMAS ,3,2011-11-27 10:39:00,2.95,13232,United Kingdom,8.850000000000001
578852,23241,TREASURE TIN GYMKHANA DESIGN,1,2011-11-27 11:12:00,2.08,17841,United Kingdom,2.08
578855,22710,WRAP I LOVE LONDON ,25,2011-11-27 11:15:00,0.42,14878,United Kingdom,10.5
578856,23535,WALL ART BICYCLE SAFETY,4,2011-11-27 11:18:00,5.95,17769,United Kingdom,23.8
578856,22139,RETROSPOT TEA SET CERAMIC 11 PC ,3,2011-11-27 11:18:00,4.95,17769,United Kingdom,14.85
578901,21714,CITRONELLA CANDLE GARDEN POT,6,2011-11-27 11:47:00,1.25,17812,United Kingdom,7.5
578914,23322,LARGE WHITE HEART OF WICKER,4,2011-11-27 11:54:00,2.95,13782,United Kingdom,11.8
578914,23318,BOX OF 6 MINI VINTAGE CRACKERS,2,2011-11-27 11:54:00,2.49,13782,United Kingdom,4.98
578921,23508,MINI PLAYING CARDS DOLLY GIRL ,3,2011-11-27 11:57:00,0.42,13596,United Kingdom,1.26
578922,22866,HAND WARMER SCOTTY DOG DESIGN,1,2011-11-27 12:00:00,2.1,17236,United Kingdom,2.1
578923,22112,CHOCOLATE HOT WATER BOTTLE,6,2011-11-27 12:01:00,4.95,14527,United Kingdom,29.700000000000003
578925,22609,PENS ASSORTED SPACEBALL,36,2011-11-27 12:13:00,0.19,17365,United Kingdom,6.84
578926,22111,SCOTTIE DOG HOT WATER BOTTLE,2,2011-11-27 12:24:00,4.95,18156,United Kingdom,9.9
578927,85099F,JUMBO BAG STRAWBERRY,3,2011-11-27 12:26:00,2.08,15747,United Kingdom,6.24
578931,23581,JUMBO BAG PAISLEY PARK,4,2011-11-27 12:40:00,2.08,16942,United Kingdom,8.32
578931,21755,LOVE BUILDING BLOCK WORD,1,2011-11-27 12:40:00,6.25,16942,United Kingdom,6.25
578934,23357,HOT WATER BOTTLE SEX BOMB,2,2011-11-27 12:47:00,4.95,14577,United Kingdom,9.9
578937,23355,HOT WATER BOTTLE KEEP CALM,4,2011-11-27 13:03:00,4.95,16592,United Kingdom,19.8
578941,21213,PACK OF 72 SKULL CAKE CASES,2,2011-11-27 13:26:00,0.55,16024,United Kingdom,1.1
578941,21403,BLUE EGG  SPOON,48,2011-11-27 13:26:00,0.12,16024,United Kingdom,5.76
578941,15044D,RED PAPER PARASOL,1,2011-11-27 13:26:00,2.95,16024,United Kingdom,2.95
578942,23309,SET OF 60 I LOVE LONDON CAKE CASES ,6,2011-11-27 13:29:00,0.55,17288,United Kingdom,3.3000000000000003
578942,23561,SET OF 6 RIBBONS PARTY,1,2011-11-27 13:29:00,2.89,17288,United Kingdom,2.89
578942,22991,GIRAFFE WOODEN RULER,1,2011-11-27 13:29:00,1.95,17288,United Kingdom,1.95
578942,35967,FOLK ART METAL STAR T-LIGHT HOLDER,12,2011-11-27 13:29:00,0.38,17288,United Kingdom,4.5600000000000005
578944,20972,PINK CREAM FELT CRAFT TRINKET BOX ,1,2011-11-27 13:41:00,1.25,16005,United Kingdom,1.25
578946,23368,SET 12 COLOUR PENCILS DOLLY GIRL ,1,2011-11-27 13:47:00,0.65,16005,United Kingdom,0.65
578947,85049A,TRADITIONAL CHRISTMAS RIBBONS,4,2011-11-27 13:49:00,1.25,14547,United Kingdom,5.0
578947,21620,SET OF 4 ROSE BOTANICAL CANDLES,12,2011-11-27 13:49:00,1.25,14547,United Kingdom,15.0
578947,17091J,VANILLA INCENSE IN TIN,6,2011-11-27 13:49:00,0.38,14547,United Kingdom,2.28
578953,22909,SET OF 20 VINTAGE CHRISTMAS NAPKINS,4,2011-11-27 14:50:00,0.85,13546,United Kingdom,3.4
578953,23319,BOX OF 6 MINI 50'S CRACKERS,5,2011-11-27 14:50:00,2.49,13546,United Kingdom,12.45
578953,21080,SET/20 RED RETROSPOT PAPER NAPKINS ,4,2011-11-27 14:50:00,0.85,13546,United Kingdom,3.4
578954,79063D,"RETRO PILL BOX , REVOLUTIONARY",1,2011-11-27 15:02:00,0.19,15054,United Kingdom,0.19
578954,23090,VINTAGE GLASS T-LIGHT HOLDER,3,2011-11-27 15:02:00,0.83,15054,United Kingdom,2.49
578977,90081A,LILY BROOCH AMETHYST COLOUR,2,2011-11-27 15:18:00,4.95,17231,United Kingdom,9.9
578977,22306,SILVER MUG BONE CHINA TREE OF LIFE,3,2011-11-27 15:18:00,1.06,17231,United Kingdom,3.18
578993,22642,SET OF 4 NAPKIN CHARMS STARS   ,2,2011-11-27 15:38:00,2.55,15987,United Kingdom,5.1
578993,22141,CHRISTMAS CRAFT TREE TOP ANGEL,2,2011-11-27 15:38:00,2.1,15987,United Kingdom,4.2
578994,84509B,SET OF 4 FAIRY CAKE PLACEMATS,12,2011-11-27 15:44:00,3.75,14911,EIRE,45.0
578995,20972,PINK CREAM FELT CRAFT TRINKET BOX ,6,2011-11-27 15:59:00,1.25,15861,United Kingdom,7.5
578995,23344,JUMBO BAG 50'S CHRISTMAS ,4,2011-11-27 15:59:00,2.08,15861,United Kingdom,8.32
578995,85204,HANGING WOOD AND FELT FLOWER,6,2011-11-27 15:59:00,0.12,15861,United Kingdom,0.72
578997,22586,FELTCRAFT HAIRBAND PINK AND BLUE,1,2011-11-27 16:02:00,0.85,18001,United Kingdom,0.85
578998,79063D,"RETRO PILL BOX , REVOLUTIONARY",1,2011-11-27 16:05:00,0.19,15436,United Kingdom,0.19
578998,23349,ROLL WRAP VINTAGE CHRISTMAS,2,2011-11-27 16:05:00,1.25,15436,United Kingdom,2.5
578998,22834,HAND WARMER BABUSHKA DESIGN,1,2011-11-27 16:05:00,2.1,15436,United Kingdom,2.1
578998,22866,HAND WARMER SCOTTY DOG DESIGN,1,2011-11-27 16:05:00,2.1,15436,United Kingdom,2.1
578999,22488,NATURAL SLATE RECTANGLE CHALKBOARD,1,2011-11-27 16:08:00,1.65,17595,United Kingdom,1.65
579001,22531,MAGIC DRAWING SLATE CIRCUS PARADE  ,2,2011-11-27 16:19:00,0.42,15555,United Kingdom,0.84
579001,23370,SET 36 COLOURING PENCILS DOILY,1,2011-11-27 16:19:00,1.25,15555,United Kingdom,1.25
579001,22819,"BIRTHDAY CARD, RETRO SPOT",12,2011-11-27 16:19:00,0.42,15555,United Kingdom,5.04
579002,22417,PACK OF 60 SPACEBOY CAKE CASES,2,2011-11-27 16:27:00,0.55,14093,United Kingdom,1.1
579002,85049A,TRADITIONAL CHRISTMAS RIBBONS,1,2011-11-27 16:27:00,1.25,14093,United Kingdom,1.25
579002,22835,HOT WATER BOTTLE I AM SO POORLY,2,2011-11-27 16:27:00,4.95,14093,United Kingdom,9.9
579062,20725,LUNCH BAG RED RETROSPOT,10,2011-11-28 10:29:00,1.65,17651,United Kingdom,16.5
579087,23169,CLASSIC GLASS COOKIE JAR,6,2011-11-28 10:35:00,4.15,13914,United Kingdom,24.9
579093,23082,SET 6 PAPER TABLE LANTERN HEARTS ,12,2011-11-28 10:54:00,3.75,13081,United Kingdom,45.0
579097,23109,PACK OF SIX LED TEA LIGHTS,12,2011-11-28 11:11:00,2.89,13758,United Kingdom,34.68
579097,22466,FAIRY TALE COTTAGE NIGHT LIGHT,12,2011-11-28 11:11:00,1.95,13758,United Kingdom,23.4
579100,21790,VINTAGE SNAP CARDS,12,2011-11-28 11:27:00,0.85,13004,United Kingdom,10.2
579101,22791,T-LIGHT GLASS FLUTED ANTIQUE,12,2011-11-28 11:27:00,1.25,16364,United Kingdom,15.0
579103,21238,RED RETROSPOT CUP,8,2011-11-28 11:39:00,0.85,18041,United Kingdom,6.8
579106,22625,RED KITCHEN SCALES,2,2011-11-28 11:42:00,8.5,16705,United Kingdom,17.0
579106,82482,WOODEN PICTURE FRAME WHITE FINISH,36,2011-11-28 11:42:00,2.55,16705,United Kingdom,91.8
579116,23199,JUMBO BAG APPLES,2,2011-11-28 11:54:00,2.08,17346,United Kingdom,4.16
579116,85099C,JUMBO  BAG BAROQUE BLACK WHITE,4,2011-11-28 11:54:00,2.08,17346,United Kingdom,8.32
579124,23439,HAND WARMER RED LOVE HEART,2,2011-11-28 12:14:00,2.1,15721,United Kingdom,4.2
579124,47503A,ASS FLORAL PRINT MULTI SCREWDRIVER,2,2011-11-28 12:14:00,0.42,15721,United Kingdom,0.84
579124,22983,CARD BILLBOARD FONT,12,2011-11-28 12:14:00,0.42,15721,United Kingdom,5.04
579125,22734,SET OF 6 RIBBONS VINTAGE CHRISTMAS,6,2011-11-28 12:19:00,2.89,14215,United Kingdom,17.34
579131,22366,DOORMAT AIRMAIL ,2,2011-11-28 12:33:00,8.25,12839,United Kingdom,16.5
579132,23247,BISCUIT TIN 50'S CHRISTMAS,1,2011-11-28 12:35:00,2.89,15022,United Kingdom,2.89
579138,23368,SET 12 COLOUR PENCILS DOLLY GIRL ,24,2011-11-28 12:54:00,0.65,13590,United Kingdom,15.6
579141,47563A,RETRO LONGBOARD IRONING BOARD COVER,3,2011-11-28 13:06:00,1.25,17019,United Kingdom,3.75
579142,22981,PANTRY APPLE CORER,1,2011-11-28 13:06:00,1.45,16744,United Kingdom,1.45
579141,22562,MONSTERS STENCIL CRAFT,1,2011-11-28 13:06:00,1.25,17019,United Kingdom,1.25
579143,21484,CHICK GREY HOT WATER BOTTLE,4,2011-11-28 13:08:00,4.25,13882,United Kingdom,17.0
579143,23355,HOT WATER BOTTLE KEEP CALM,4,2011-11-28 13:08:00,4.95,13882,United Kingdom,19.8
579146,23202,JUMBO BAG VINTAGE LEAF,3,2011-11-28 13:14:00,2.08,16347,United Kingdom,6.24
579147,21818,GLITTER HEART DECORATION,10,2011-11-28 13:20:00,0.39,13263,United Kingdom,3.9
579152,85049E,SCANDINAVIAN REDS RIBBONS,12,2011-11-28 13:26:00,1.25,12479,Germany,15.0
579154,22952,60 CAKE CASES VINTAGE CHRISTMAS,1,2011-11-28 13:27:00,0.55,17218,United Kingdom,0.55
579157,21935,SUKI  SHOULDER BAG,10,2011-11-28 13:51:00,1.65,15540,United Kingdom,16.5
579158,22585,PACK OF 6 BIRDY GIFT TAGS,12,2011-11-28 13:53:00,1.25,17188,United Kingdom,15.0
579161,23310,BUBBLEGUM RING ASSORTED,36,2011-11-28 13:56:00,0.42,17379,United Kingdom,15.12
579162,22631,CIRCUS PARADE LUNCH BOX ,4,2011-11-28 13:58:00,1.95,16393,United Kingdom,7.8
579167,21257,VICTORIAN SEWING BOX MEDIUM,4,2011-11-28 14:06:00,7.95,16800,United Kingdom,31.8
579167,21775,DECORATIVE FLORE BATHROOM BOTTLE,2,2011-11-28 14:06:00,1.25,16800,United Kingdom,2.5
579170,23126,FELTCRAFT GIRL AMELIE KIT,2,2011-11-28 14:26:00,4.95,17811,United Kingdom,9.9
579171,22278,OVERNIGHT BAG VINTAGE ROSE PAISLEY,4,2011-11-28 14:30:00,4.95,13030,United Kingdom,19.8
579175,22916,HERB MARKER THYME,4,2011-11-28 14:39:00,0.65,14562,United Kingdom,2.6
579189,82600,N0 SINGING METAL SIGN,288,2011-11-28 15:34:00,1.85,16684,United Kingdom,532.8000000000001
579188,22382,LUNCH BAG SPACEBOY DESIGN ,3,2011-11-28 15:34:00,1.65,12748,United Kingdom,4.949999999999999
579196,22108,PING! MICROWAVE PLATE,4,2011-11-28 15:54:00,3.29,14096,United Kingdom,13.16
579196,21367,MIRRORED WALL ART GENTS,1,2011-11-28 15:54:00,4.96,14096,United Kingdom,4.96
579196,84988,SET OF 72 PINK HEART PAPER DOILIES,1,2011-11-28 15:54:00,2.92,14096,United Kingdom,2.92
579196,85176,SEWING SUSAN 21 NEEDLE SET,3,2011-11-28 15:54:00,1.63,14096,United Kingdom,4.89
579196,23291,DOLLY GIRL CHILDRENS CUP,2,2011-11-28 15:54:00,2.46,14096,United Kingdom,4.92
579196,22558,CLOTHES PEGS RETROSPOT PACK 24 ,2,2011-11-28 15:54:00,3.29,14096,United Kingdom,6.58
579196,22445,PENCIL CASE LIFE IS BEAUTIFUL,1,2011-11-28 15:54:00,5.79,14096,United Kingdom,5.79
579196,90086,CRYSTAL FROG PHONE CHARM,2,2011-11-28 15:54:00,1.63,14096,United Kingdom,3.26
579196,21090,SET/6 COLLAGE PAPER PLATES,1,2011-11-28 15:54:00,0.83,14096,United Kingdom,0.83
579196,22227,HANGING HEART MIRROR DECORATION ,3,2011-11-28 15:54:00,1.25,14096,United Kingdom,3.75
579196,23199,JUMBO BAG APPLES,2,2011-11-28 15:54:00,4.13,14096,United Kingdom,8.26
579196,23266,SET OF 3 WOODEN STOCKING DECORATION,17,2011-11-28 15:54:00,2.46,14096,United Kingdom,41.82
579196,22186,RED STAR CARD HOLDER,1,2011-11-28 15:54:00,5.79,14096,United Kingdom,5.79
579196,22617,BAKING SET SPACEBOY DESIGN,1,2011-11-28 15:54:00,10.79,14096,United Kingdom,10.79
579259,23569,TRADTIONAL ALPHABET STAMP SET,4,2011-11-29 08:40:00,4.95,12451,Switzerland,19.8
579268,16011,ANIMAL STICKERS,24,2011-11-29 09:47:00,0.21,14321,United Kingdom,5.04
579270,22338,STAR DECORATION PAINTED ZINC ,96,2011-11-29 09:50:00,0.19,15783,United Kingdom,18.24
579273,84347,ROTATING SILVER ANGELS T-LIGHT HLDR,30,2011-11-29 10:00:00,2.55,15197,United Kingdom,76.5
579273,22460,EMBOSSED GLASS TEALIGHT HOLDER,12,2011-11-29 10:00:00,1.25,15197,United Kingdom,15.0
579293,23439,HAND WARMER RED LOVE HEART,1,2011-11-29 11:22:00,2.1,14419,United Kingdom,2.1
579345,22466,FAIRY TALE COTTAGE NIGHT LIGHT,12,2011-11-29 11:46:00,1.95,12727,France,23.4
579350,23581,JUMBO BAG PAISLEY PARK,40,2011-11-29 11:48:00,2.08,15218,United Kingdom,83.2
579387,84997D,CHILDRENS CUTLERY POLKADOT PINK,2,2011-11-29 12:06:00,4.15,14452,United Kingdom,8.3
579391,22731,3D CHRISTMAS STAMPS STICKERS ,18,2011-11-29 12:07:00,1.25,14251,United Kingdom,22.5
579393,POST,POSTAGE,3,2011-11-29 12:07:00,18.0,12627,Germany,54.0
579399,22966,GINGERBREAD MAN COOKIE CUTTER,2,2011-11-29 12:09:00,1.25,13137,United Kingdom,2.5
579402,23157,SET OF 6 NATIVITY MAGNETS ,115,2011-11-29 12:14:00,1.85,17306,United Kingdom,212.75
579408,23082,SET 6 PAPER TABLE LANTERN HEARTS ,1,2011-11-29 12:34:00,3.75,14701,United Kingdom,3.75
579412,22374,AIRLINE BAG VINTAGE JET SET RED,8,2011-11-29 12:47:00,4.25,14125,United Kingdom,34.0
579413,21181,PLEASE ONE PERSON METAL SIGN,8,2011-11-29 12:50:00,2.1,13668,United Kingdom,16.8
579413,23406,HOME SWEET HOME KEY HOLDER,2,2011-11-29 12:50:00,6.25,13668,United Kingdom,12.5
579413,23215,JINGLE BELL HEART ANTIQUE SILVER,4,2011-11-29 12:50:00,2.08,13668,United Kingdom,8.32
579413,22577,WOODEN HEART CHRISTMAS SCANDINAVIAN,10,2011-11-29 12:50:00,0.29,13668,United Kingdom,2.9
579414,22633,HAND WARMER UNION JACK,2,2011-11-29 12:52:00,2.1,14719,United Kingdom,4.2
579416,23084,RABBIT NIGHT LIGHT,72,2011-11-29 13:00:00,1.79,12471,Germany,128.88
579427,23169,CLASSIC GLASS COOKIE JAR,6,2011-11-29 13:04:00,4.15,16479,United Kingdom,24.9
579430,22632,HAND WARMER RED RETROSPOT,2,2011-11-29 13:06:00,2.1,12748,United Kingdom,4.2
579430,23310,BUBBLEGUM RING ASSORTED,30,2011-11-29 13:06:00,0.42,12748,United Kingdom,12.6
579433,22434,BALLOON PUMP WITH 10 BALLOONS,8,2011-11-29 13:15:00,1.95,17466,United Kingdom,15.6
579437,22784,LANTERN CREAM GAZEBO ,3,2011-11-29 13:22:00,4.95,16852,United Kingdom,14.85
579444,22083,PAPER CHAIN KIT RETROSPOT,6,2011-11-29 13:40:00,2.95,13999,United Kingdom,17.700000000000003
579443,23503,PLAYING CARDS KEEP CALM & CARRY ON,3,2011-11-29 13:40:00,1.25,16479,United Kingdom,3.75
579447,20970,PINK FLORAL FELTCRAFT SHOULDER BAG,1,2011-11-29 13:46:00,3.75,14390,United Kingdom,3.75
579456,22576,SWALLOW WOODEN CHRISTMAS DECORATION,3,2011-11-29 14:20:00,0.85,13428,United Kingdom,2.55
579456,22624,IVORY KITCHEN SCALES,1,2011-11-29 14:20:00,8.5,13428,United Kingdom,8.5
579456,22551,PLASTERS IN TIN SPACEBOY,1,2011-11-29 14:20:00,1.65,13428,United Kingdom,1.65
579458,22988,SOLDIERS EGG CUP ,1,2011-11-29 14:38:00,1.25,16549,United Kingdom,1.25
579458,85199S,SMALL HANGING IVORY/RED WOOD BIRD,1,2011-11-29 14:38:00,0.42,16549,United Kingdom,0.42
579465,21907,I'M ON HOLIDAY METAL SIGN,1,2011-11-29 14:53:00,2.1,15790,United Kingdom,2.1
579468,46000M,POLYESTER FILLER PAD 45x45cm,6,2011-11-29 14:58:00,1.55,14711,United Kingdom,9.3
579468,84879,ASSORTED COLOUR BIRD ORNAMENT,8,2011-11-29 14:58:00,1.69,14711,United Kingdom,13.52
579470,85199S,SMALL HANGING IVORY/RED WOOD BIRD,3,2011-11-29 15:06:00,0.42,16549,United Kingdom,1.26
579470,21034,REX CASH+CARRY JUMBO SHOPPER,6,2011-11-29 15:06:00,0.95,16549,United Kingdom,5.699999999999999
579470,23367,SET 12 COLOUR PENCILS SPACEBOY ,3,2011-11-29 15:06:00,0.65,16549,United Kingdom,1.95
579470,85099F,JUMBO BAG STRAWBERRY,2,2011-11-29 15:06:00,2.08,16549,United Kingdom,4.16
579470,22630,DOLLY GIRL LUNCH BOX,1,2011-11-29 15:06:00,1.95,16549,United Kingdom,1.95
579472,23535,WALL ART BICYCLE SAFETY,1,2011-11-29 15:09:00,5.95,13521,United Kingdom,5.95
579472,23382,BOX OF 6 CHRISTMAS CAKE DECORATIONS,1,2011-11-29 15:09:00,3.75,13521,United Kingdom,3.75
579492,POST,POSTAGE,3,2011-11-29 15:23:00,18.0,12670,France,54.0
579491,23501,KEY RING BASEBALL BOOT UNION JACK,5,2011-11-29 15:23:00,1.25,14723,United Kingdom,6.25
579491,22094,RED RETROSPOT TISSUE BOX,2,2011-11-29 15:23:00,0.39,14723,United Kingdom,0.78
579491,23503,PLAYING CARDS KEEP CALM & CARRY ON,7,2011-11-29 15:23:00,1.25,14723,United Kingdom,8.75
579493,85048,15CM CHRISTMAS GLASS BALL 20 LIGHTS,4,2011-11-29 15:24:00,7.95,15570,United Kingdom,31.8
579499,22382,LUNCH BAG SPACEBOY DESIGN ,10,2011-11-29 15:59:00,1.65,17682,United Kingdom,16.5
579516,20726,LUNCH BAG WOODLAND,2,2011-11-29 17:52:00,1.65,17841,United Kingdom,3.3
579516,21629,SQUARE FLOOR CUSHION VINTAGE RED,1,2011-11-29 17:52:00,7.95,17841,United Kingdom,7.95
579517,23301,GARDENERS KNEELING PAD KEEP CALM ,1,2011-11-29 18:02:00,1.65,12748,United Kingdom,1.65
579520,22229,BUNNY WOODEN PAINTED WITH FLOWER ,1,2011-11-29 18:14:00,0.39,12748,United Kingdom,0.39
579520,23263,SET OF 3 WOODEN HEART DECORATIONS,1,2011-11-29 18:14:00,1.25,12748,United Kingdom,1.25
579524,20685,DOORMAT RED RETROSPOT,2,2011-11-30 08:17:00,8.25,16295,United Kingdom,16.5
579524,21314,SMALL GLASS HEART TRINKET POT,8,2011-11-30 08:17:00,2.1,16295,United Kingdom,16.8
579525,21733,RED HANGING HEART T-LIGHT HOLDER,32,2011-11-30 08:23:00,2.55,15113,United Kingdom,81.6
579527,23360,SET 8 CANDLES VINTAGE DOILY,12,2011-11-30 08:43:00,1.95,18210,United Kingdom,23.4
579527,22866,HAND WARMER SCOTTY DOG DESIGN,36,2011-11-30 08:43:00,2.1,18210,United Kingdom,75.60000000000001
579527,23188,VINTAGE  2 METRE FOLDING RULER,12,2011-11-30 08:43:00,1.65,18210,United Kingdom,19.8
579530,84926F,PSYCHEDELIC TILE COASTER,24,2011-11-30 09:00:00,0.29,14794,United Kingdom,6.959999999999999
579531,23552,BICYCLE PUNCTURE REPAIR KIT ,36,2011-11-30 09:18:00,2.08,17017,United Kingdom,74.88
579531,23190,BUNDLE OF 3 SCHOOL EXERCISE BOOKS  ,12,2011-11-30 09:18:00,1.65,17017,United Kingdom,19.8
579533,85123A,WHITE HANGING HEART T-LIGHT HOLDER,12,2011-11-30 09:24:00,2.95,12953,United Kingdom,35.400000000000006
579533,72800B, 4 PURPLE FLOCK DINNER CANDLES,6,2011-11-30 09:24:00,2.55,12953,United Kingdom,15.3
579536,21680,WOODLAND  STICKERS,12,2011-11-30 09:53:00,0.85,12957,United Kingdom,10.2
579536,23552,BICYCLE PUNCTURE REPAIR KIT ,6,2011-11-30 09:53:00,2.08,12957,United Kingdom,12.48
579541,23339,EGG FRYING PAN BLUE ,1,2011-11-30 10:12:00,2.08,14653,United Kingdom,2.08
579550,22544,MINI JIGSAW SPACEBOY,24,2011-11-30 10:48:00,0.42,12630,Finland,10.08
579551,22158,3 HEARTS HANGING DECORATION RUSTIC,12,2011-11-30 10:49:00,2.95,15782,United Kingdom,35.400000000000006
579553,23283,DOORMAT VINTAGE LEAF,2,2011-11-30 10:54:00,8.25,14156,EIRE,16.5
579555,21164,HOME SWEET HOME METAL SIGN ,2,2011-11-30 11:08:00,2.95,16241,United Kingdom,5.9
579555,84992,72 SWEETHEART FAIRY CAKE CASES,1,2011-11-30 11:08:00,0.55,16241,United Kingdom,0.55
579555,84951A,SET OF 4 PISTACHIO LOVEBIRD COASTER,2,2011-11-30 11:08:00,0.79,16241,United Kingdom,1.58
579555,21042,RED RETROSPOT APRON ,2,2011-11-30 11:08:00,5.95,16241,United Kingdom,11.9
579555,22189,CREAM HEART CARD HOLDER,1,2011-11-30 11:08:00,3.95,16241,United Kingdom,3.95
579555,22141,CHRISTMAS CRAFT TREE TOP ANGEL,6,2011-11-30 11:08:00,2.1,16241,United Kingdom,12.6
579556,84950,ASSORTED COLOUR T-LIGHT HOLDER,12,2011-11-30 11:17:00,0.65,17835,United Kingdom,7.800000000000001
579559,23210,WHITE ROCKING HORSE HAND PAINTED,4,2011-11-30 11:30:00,1.25,16764,United Kingdom,5.0
579559,21899,GARAGE KEY FOB,1,2011-11-30 11:30:00,0.65,16764,United Kingdom,0.65
579559,23323,WHITE WICKER STAR ,1,2011-11-30 11:30:00,2.1,16764,United Kingdom,2.1
579560,21239,PINK  POLKADOT CUP,1,2011-11-30 11:31:00,0.85,15039,United Kingdom,0.85
579560,84997B,CHILDRENS CUTLERY RETROSPOT RED ,1,2011-11-30 11:31:00,4.15,15039,United Kingdom,4.15
579600,21181,PLEASE ONE PERSON METAL SIGN,12,2011-11-30 12:00:00,2.1,13647,United Kingdom,25.200000000000003
579600,23209,LUNCH BAG VINTAGE DOILY ,10,2011-11-30 12:00:00,1.65,13647,United Kingdom,16.5
579629,22481,BLACK TEA TOWEL CLASSIC DESIGN,2,2011-11-30 12:16:00,1.25,14963,United Kingdom,2.5
579629,23229,VINTAGE DONKEY TAIL GAME ,2,2011-11-30 12:16:00,3.75,14963,United Kingdom,7.5
579629,23206,LUNCH BAG APPLE DESIGN,1,2011-11-30 12:16:00,1.65,14963,United Kingdom,1.65
579634,84535B,FAIRY CAKES NOTEBOOK A6 SIZE,16,2011-11-30 12:18:00,0.65,12598,France,10.4
579668,23575,SNACK TRAY PAISLEY PARK,8,2011-11-30 12:32:00,1.95,15152,United Kingdom,15.6
579669,84347,ROTATING SILVER ANGELS T-LIGHT HLDR,36,2011-11-30 12:36:00,2.55,14673,United Kingdom,91.8
579669,22791,T-LIGHT GLASS FLUTED ANTIQUE,12,2011-11-30 12:36:00,1.25,14673,United Kingdom,15.0
579671,23073,GEORGIAN TRINKET BOX,1,2011-11-30 12:38:00,12.5,12966,United Kingdom,12.5
579671,21615,4 LAVENDER BOTANICAL DINNER CANDLES,12,2011-11-30 12:38:00,1.25,12966,United Kingdom,15.0
579673,22663,JUMBO BAG DOLLY GIRL DESIGN,3,2011-11-30 12:59:00,2.08,18283,United Kingdom,6.24
579676,22141,CHRISTMAS CRAFT TREE TOP ANGEL,18,2011-11-30 13:13:00,2.1,17502,United Kingdom,37.8
579677,23080,RED METAL BOX TOP SECRET,2,2011-11-30 13:14:00,8.25,13255,United Kingdom,16.5
579677,23312,VINTAGE CHRISTMAS GIFT SACK,4,2011-11-30 13:14:00,4.15,13255,United Kingdom,16.6
579690,22952,60 CAKE CASES VINTAGE CHRISTMAS,1,2011-11-30 14:03:00,0.55,15060,United Kingdom,0.55
579690,22734,SET OF 6 RIBBONS VINTAGE CHRISTMAS,2,2011-11-30 14:03:00,2.89,15060,United Kingdom,5.78
579690,85183A,CHARLIE & LOLA WASTEPAPER BIN BLUE,1,2011-11-30 14:03:00,1.25,15060,United Kingdom,1.25
579692,23429,RED RETRO KITCHEN WALL CLOCK,2,2011-11-30 14:05:00,8.15,12433,Norway,16.3
579692,23243,SET OF TEA COFFEE SUGAR TINS PANTRY,12,2011-11-30 14:05:00,4.95,12433,Norway,59.400000000000006
579693,84970S,HANGING HEART ZINC T-LIGHT HOLDER,12,2011-11-30 14:09:00,0.85,15712,United Kingdom,10.2
579712,23103,JINGLE BELL HEART DECORATION,4,2011-11-30 14:17:00,1.65,15467,United Kingdom,6.6
579711,22348,TEA BAG PLATE RED RETROSPOT,1,2011-11-30 14:17:00,0.85,15060,United Kingdom,0.85
579711,22348,TEA BAG PLATE RED RETROSPOT,3,2011-11-30 14:17:00,0.85,15060,United Kingdom,2.55
579711,22378,WALL TIDY RETROSPOT ,1,2011-11-30 14:17:00,2.1,15060,United Kingdom,2.1
579741,22696,WICKER WREATH LARGE,1,2011-11-30 14:33:00,1.95,16910,United Kingdom,1.95
579754,23286,BLUE VINTAGE SPOT BEAKER,3,2011-11-30 14:52:00,0.85,17911,United Kingdom,2.55
579786,POST,POSTAGE,2,2011-11-30 15:31:00,18.0,12524,Germany,36.0
579789,21485,RETROSPOT HEART HOT WATER BOTTLE,3,2011-11-30 15:36:00,4.95,14385,United Kingdom,14.85
579792,22578,WOODEN STAR CHRISTMAS SCANDINAVIAN,24,2011-11-30 15:43:00,0.29,12714,France,6.959999999999999
579792,POST,POSTAGE,5,2011-11-30 15:43:00,18.0,12714,France,90.0
579807,23131,MISTLETOE HEART WREATH CREAM,24,2011-11-30 15:50:00,4.15,15046,United Kingdom,99.6
579854,23199,JUMBO BAG APPLES,2,2011-11-30 16:26:00,2.08,14713,United Kingdom,4.16
579868,85049C,ROMANTIC PINKS RIBBONS ,12,2011-11-30 16:43:00,1.25,15544,United Kingdom,15.0
579881,21615,4 LAVENDER BOTANICAL DINNER CANDLES,12,2011-11-30 17:22:00,1.25,12429,Denmark,15.0
579885,22960,JAM MAKING SET WITH JARS,2,2011-11-30 17:37:00,4.25,15444,United Kingdom,8.5
579885,21733,RED HANGING HEART T-LIGHT HOLDER,1,2011-11-30 17:37:00,2.95,15444,United Kingdom,2.95
579885,85185B,PINK HORSE SOCK PUPPET KIT,2,2011-11-30 17:37:00,2.95,15444,United Kingdom,5.9
579885,23275,SET OF 3 HANGING OWLS OLLIE BEAK,12,2011-11-30 17:37:00,1.25,15444,United Kingdom,15.0
579885,23407,SET OF 2 TRAYS HOME SWEET HOME,1,2011-11-30 17:37:00,9.95,15444,United Kingdom,9.95
579899,23562,SET OF 6 RIBBONS PERFECTLY PRETTY  ,6,2011-12-01 08:33:00,2.89,15687,United Kingdom,17.34
579900,23583,LUNCH BAG PAISLEY PARK  ,10,2011-12-01 08:34:00,1.65,15951,United Kingdom,16.5
579900,82494L,WOODEN FRAME ANTIQUE WHITE ,6,2011-12-01 08:34:00,2.95,15951,United Kingdom,17.700000000000003
579920,22791,T-LIGHT GLASS FLUTED ANTIQUE,144,2011-12-01 09:02:00,1.06,16839,United Kingdom,152.64
579927,23170,REGENCY TEA PLATE ROSES ,12,2011-12-01 09:20:00,1.65,12572,Germany,19.8
579927,22699,ROSES REGENCY TEACUP AND SAUCER ,6,2011-12-01 09:20:00,2.95,12572,Germany,17.700000000000003
579927,22727,ALARM CLOCK BAKELIKE RED ,4,2011-12-01 09:20:00,3.75,12572,Germany,15.0
579937,22090,PAPER BUNTING RETROSPOT,12,2011-12-01 10:10:00,2.95,13509,United Kingdom,35.400000000000006
579938,22114,HOT WATER BOTTLE TEA AND SYMPATHY,4,2011-12-01 10:18:00,4.25,14146,United Kingdom,17.0
580021,22467,GUMBALL COAT RACK,12,2011-12-01 11:43:00,2.55,14047,United Kingdom,30.6
580022,48184,DOORMAT ENGLISH ROSE ,2,2011-12-01 11:44:00,8.25,14289,United Kingdom,16.5
580024,21463,MIRRORED DISCO BALL ,2,2011-12-01 11:51:00,5.95,15172,United Kingdom,11.9
580024,22730,ALARM CLOCK BAKELIKE IVORY,4,2011-12-01 11:51:00,3.75,15172,United Kingdom,15.0
580024,21615,4 LAVENDER BOTANICAL DINNER CANDLES,12,2011-12-01 11:51:00,1.25,15172,United Kingdom,15.0
580025,85123A,WHITE HANGING HEART T-LIGHT HOLDER,3,2011-12-01 11:53:00,2.95,15021,United Kingdom,8.850000000000001
580027,23084,RABBIT NIGHT LIGHT,2,2011-12-01 12:01:00,2.08,14178,United Kingdom,4.16
580027,22097,SWALLOW SQUARE TISSUE BOX,2,2011-12-01 12:01:00,0.39,14178,United Kingdom,0.78
580029,22727,ALARM CLOCK BAKELIKE RED ,4,2011-12-01 12:13:00,3.75,15380,United Kingdom,15.0
580033,20713,JUMBO BAG OWLS,10,2011-12-01 12:18:00,2.08,14282,United Kingdom,20.8
580044,84926A,WAKE UP COCKEREL TILE COASTER,24,2011-12-01 12:36:00,0.29,14869,United Kingdom,6.959999999999999
580044,82483,WOOD 2 DRAWER CABINET WHITE FINISH,2,2011-12-01 12:36:00,6.95,14869,United Kingdom,13.9
580047,22563,HAPPY STENCIL CRAFT,1,2011-12-01 12:44:00,1.25,12989,United Kingdom,1.25
580048,16225,RATTLE SNAKE EGGS,6,2011-12-01 12:53:00,1.25,12748,United Kingdom,7.5
580048,21389,IVORY HANGING DECORATION  BIRD,2,2011-12-01 12:53:00,0.85,12748,United Kingdom,1.7
580050,22619,SET OF 6 SOLDIER SKITTLES,1,2011-12-01 12:54:00,3.75,14960,United Kingdom,3.75
580054,85227,SET OF 6 3D KIT CARDS FOR KIDS,6,2011-12-01 13:08:00,0.85,18122,United Kingdom,5.1
580054,85123A,WHITE HANGING HEART T-LIGHT HOLDER,4,2011-12-01 13:08:00,2.95,18122,United Kingdom,11.8
580054,11001,ASSTD DESIGN RACING CAR PEN,1,2011-12-01 13:08:00,1.69,18122,United Kingdom,1.69
580057,23483,HANGING  BUTTERFLY T-LIGHT HOLDER,24,2011-12-01 13:18:00,1.25,12955,United Kingdom,30.0
580058,47566,PARTY BUNTING,4,2011-12-01 13:19:00,4.95,14367,United Kingdom,19.8
580059,22474,SPACEBOY TV DINNER TRAY,4,2011-12-01 13:22:00,4.95,17768,United Kingdom,19.8
580064,22300,COFFEE MUG DOG + BALL DESIGN,6,2011-12-01 13:32:00,2.55,18077,United Kingdom,15.3
580064,22910,PAPER CHAIN KIT VINTAGE CHRISTMAS,5,2011-12-01 13:32:00,2.95,18077,United Kingdom,14.75
580066,22940,FELTCRAFT CHRISTMAS FAIRY,4,2011-12-01 13:33:00,4.25,14309,United Kingdom,17.0
580068,23080,RED METAL BOX TOP SECRET,5,2011-12-01 13:41:00,8.25,17321,United Kingdom,41.25
580069,23292,SPACEBOY CHILDRENS CUP,1,2011-12-01 13:47:00,1.25,15060,United Kingdom,1.25
580071,84708B,PINK JEWELLED PHOTO FRAME ,4,2011-12-01 13:47:00,4.95,15500,United Kingdom,19.8
580073,21876,POTTERING MUG,3,2011-12-01 14:03:00,1.65,16813,United Kingdom,4.949999999999999
580075,22037,ROBOT BIRTHDAY CARD,12,2011-12-01 14:09:00,0.42,17014,United Kingdom,5.04
580089,23582,VINTAGE DOILY JUMBO BAG RED ,10,2011-12-01 14:34:00,2.08,14732,United Kingdom,20.8
580089,23112,PARISIENNE CURIO CABINET,4,2011-12-01 14:34:00,7.5,14732,United Kingdom,30.0
580091,21833,CAMOUFLAGE LED TORCH,4,2011-12-01 14:37:00,1.69,17293,United Kingdom,6.76
580092,22142,CHRISTMAS CRAFT WHITE FAIRY ,7,2011-12-01 14:38:00,1.45,13969,United Kingdom,10.15
580092,23313,VINTAGE CHRISTMAS BUNTING,50,2011-12-01 14:38:00,4.15,13969,United Kingdom,207.50000000000003
580092,23209,LUNCH BAG VINTAGE DOILY ,5,2011-12-01 14:38:00,1.65,13969,United Kingdom,8.25
580094,22557,PLASTERS IN TIN VINTAGE PAISLEY ,1,2011-12-01 14:50:00,1.65,15904,United Kingdom,1.65
580096,21172,PARTY METAL SIGN ,12,2011-12-01 14:55:00,1.45,13408,United Kingdom,17.4
580101,22991,GIRAFFE WOODEN RULER,12,2011-12-01 15:12:00,1.95,15144,United Kingdom,23.4
580103,23322,LARGE WHITE HEART OF WICKER,3,2011-12-01 15:12:00,2.95,16242,United Kingdom,8.850000000000001
580103,20727,LUNCH BAG  BLACK SKULL.,10,2011-12-01 15:12:00,1.65,16242,United Kingdom,16.5
580105,23245,SET OF 3 REGENCY CAKE TINS,4,2011-12-01 15:24:00,4.95,17675,United Kingdom,19.8
580107,22144,CHRISTMAS CRAFT LITTLE FRIENDS,6,2011-12-01 15:32:00,2.1,15948,United Kingdom,12.6
580113,23271,CHRISTMAS TABLE SILVER CANDLE SPIKE,16,2011-12-01 16:05:00,0.83,14766,United Kingdom,13.28
580116,22573,STAR WOODEN CHRISTMAS DECORATION,96,2011-12-01 16:28:00,0.85,15290,United Kingdom,81.6
580116,35961,FOLKART ZINC HEART CHRISTMAS DEC,48,2011-12-01 16:28:00,0.85,15290,United Kingdom,40.8
580117,23355,HOT WATER BOTTLE KEEP CALM,8,2011-12-01 16:28:00,4.95,14655,United Kingdom,39.6
580119,85099F,JUMBO BAG STRAWBERRY,1,2011-12-01 16:37:00,2.08,17920,United Kingdom,2.08
580119,23493,VINTAGE DOILY TRAVEL SEWING KIT,3,2011-12-01 16:37:00,1.95,17920,United Kingdom,5.85
580126,23545,WRAP RED VINTAGE DOILY,25,2011-12-01 17:20:00,0.42,12562,France,10.5
580126,23437, 50'S CHRISTMAS GIFT BAG LARGE,12,2011-12-01 17:20:00,1.25,12562,France,15.0
580128,85123A,WHITE HANGING HEART T-LIGHT HOLDER,4,2011-12-01 17:56:00,2.95,17576,United Kingdom,11.8
580128,22470,HEART OF WICKER LARGE,2,2011-12-01 17:56:00,2.95,17576,United Kingdom,5.9
580129,84997D,CHILDRENS CUTLERY POLKADOT PINK,4,2011-12-01 18:03:00,4.15,17426,United Kingdom,16.6
580132,22726,ALARM CLOCK BAKELIKE GREEN,12,2011-12-01 18:16:00,3.75,15694,United Kingdom,45.0
580136,82581,TOILET METAL SIGN,2,2011-12-01 19:42:00,0.55,17841,United Kingdom,1.1
580136,22886,NUMBER TILE VINTAGE FONT 7,1,2011-12-01 19:42:00,1.95,17841,United Kingdom,1.95
580136,84519B,CARROT CHARLIE+LOLA COASTER SET,2,2011-12-01 19:42:00,1.25,17841,United Kingdom,2.5
580136,23275,SET OF 3 HANGING OWLS OLLIE BEAK,2,2011-12-01 19:42:00,1.25,17841,United Kingdom,2.5
580137,85053,FRENCH ENAMEL CANDLEHOLDER,2,2011-12-01 19:54:00,2.1,17566,United Kingdom,4.2
580137,21034,REX CASH+CARRY JUMBO SHOPPER,3,2011-12-01 19:54:00,0.95,17566,United Kingdom,2.85
580137,22217,T-LIGHT HOLDER HANGING LACE,6,2011-12-01 19:54:00,1.25,17566,United Kingdom,7.5
580140,21166,COOK WITH WINE METAL SIGN ,12,2011-12-02 09:19:00,2.08,14895,United Kingdom,24.96
580143,23239,SET OF 4 KNICK KNACK TINS POPPIES,6,2011-12-02 09:32:00,4.15,13297,United Kingdom,24.9
580151,22307,GOLD MUG BONE CHINA TREE OF LIFE,24,2011-12-02 10:21:00,1.06,17811,United Kingdom,25.44
580156,22772,PINK DRAWER KNOB ACRYLIC EDWARDIAN,12,2011-12-02 10:32:00,1.25,14897,United Kingdom,15.0
580156,22771,CLEAR DRAWER KNOB ACRYLIC EDWARDIAN,12,2011-12-02 10:32:00,1.25,14897,United Kingdom,15.0
580158,23344,JUMBO BAG 50'S CHRISTMAS ,10,2011-12-02 10:41:00,2.08,12558,USA,20.8
580159,21034,REX CASH+CARRY JUMBO SHOPPER,2,2011-12-02 10:45:00,0.95,17942,United Kingdom,1.9
580160,22730,ALARM CLOCK BAKELIKE IVORY,8,2011-12-02 10:47:00,3.75,12700,France,30.0
580160,21559,STRAWBERRY LUNCH BOX WITH CUTLERY,6,2011-12-02 10:47:00,2.55,12700,France,15.3
580162,23369,SET 36 COLOUR PENCILS LOVE LONDON,2,2011-12-02 10:52:00,1.25,12856,United Kingdom,2.5
580163,22867,HAND WARMER BIRD DESIGN,12,2011-12-02 11:12:00,2.1,12828,United Kingdom,25.200000000000003
580164,21232,STRAWBERRY CERAMIC TRINKET POT,12,2011-12-02 11:16:00,1.25,18097,United Kingdom,15.0
580164,22738,RIBBON REEL SNOWY VILLAGE,10,2011-12-02 11:16:00,1.65,18097,United Kingdom,16.5
580188,23569,TRADTIONAL ALPHABET STAMP SET,4,2011-12-02 12:02:00,4.95,16440,United Kingdom,19.8
580188,23328,SET 6 SCHOOL MILK BOTTLES IN CRATE,6,2011-12-02 12:02:00,3.75,16440,United Kingdom,22.5
580193,21238,RED RETROSPOT CUP,5,2011-12-02 12:03:00,0.85,16899,United Kingdom,4.25
580193,21523,DOORMAT FANCY FONT HOME SWEET HOME,5,2011-12-02 12:03:00,8.25,16899,United Kingdom,41.25
580213,22301,COFFEE MUG CAT + BIRD DESIGN,6,2011-12-02 12:08:00,2.55,17495,United Kingdom,15.3
580213,22300,COFFEE MUG DOG + BALL DESIGN,12,2011-12-02 12:08:00,2.55,17495,United Kingdom,30.6
580221,84978,HANGING HEART JAR T-LIGHT HOLDER,12,2011-12-02 12:13:00,1.25,14092,United Kingdom,15.0
580256,22467,GUMBALL COAT RACK,12,2011-12-02 12:24:00,2.55,14688,United Kingdom,30.6
580262,23077,DOUGHNUT LIP GLOSS ,20,2011-12-02 12:42:00,1.25,16759,United Kingdom,25.0
580272,22273,FELTCRAFT DOLL MOLLY,1,2011-12-02 12:52:00,2.95,15547,United Kingdom,2.95
580272,22835,HOT WATER BOTTLE I AM SO POORLY,1,2011-12-02 12:52:00,4.95,15547,United Kingdom,4.95
580276,22554,PLASTERS IN TIN WOODLAND ANIMALS,4,2011-12-02 12:59:00,1.65,16426,United Kingdom,6.6
580276,22534,MAGIC DRAWING SLATE SPACEBOY ,10,2011-12-02 12:59:00,0.42,16426,United Kingdom,4.2
580279,22616,PACK OF 12 LONDON TISSUES ,24,2011-12-02 13:12:00,0.39,15123,United Kingdom,9.36
580279,20682,RED RETROSPOT CHILDRENS UMBRELLA,6,2011-12-02 13:12:00,3.25,15123,United Kingdom,19.5
580286,23213,STAR WREATH DECORATION WITH BELL,12,2011-12-02 13:28:00,1.25,17611,United Kingdom,15.0
580286,23212,HEART WREATH DECORATION WITH BELL,12,2011-12-02 13:28:00,1.25,17611,United Kingdom,15.0
580289,82551,LAUNDRY 15C METAL SIGN,24,2011-12-02 13:32:00,1.45,15856,United Kingdom,34.8
580290,22513,DOORSTOP FOOTBALL DESIGN,1,2011-12-02 13:35:00,0.79,17221,United Kingdom,0.79
580295,22555,PLASTERS IN TIN STRONGMAN,1,2011-12-02 13:49:00,1.65,17841,United Kingdom,1.65
580296,23345, DOLLY GIRL BEAKER,3,2011-12-02 13:49:00,1.25,13780,United Kingdom,3.75
580296,23389,SPACEBOY MINI BACKPACK,3,2011-12-02 13:49:00,4.15,13780,United Kingdom,12.45
580296,22328,ROUND SNACK BOXES SET OF 4 FRUITS ,3,2011-12-02 13:49:00,2.95,13780,United Kingdom,8.850000000000001
580299,22620,4 TRADITIONAL SPINNING TOPS,12,2011-12-02 13:58:00,1.45,14023,United Kingdom,17.4
580301,22952,60 CAKE CASES VINTAGE CHRISTMAS,24,2011-12-02 14:11:00,0.55,15271,United Kingdom,13.2
580304,23355,HOT WATER BOTTLE KEEP CALM,4,2011-12-02 14:25:00,4.95,18055,United Kingdom,19.8
580305,22974,CHILDRENS DOLLY GIRL MUG,1,2011-12-02 14:26:00,1.65,12970,United Kingdom,1.65
580307,23552,BICYCLE PUNCTURE REPAIR KIT ,1,2011-12-02 14:30:00,2.08,12970,United Kingdom,2.08
580309,22726,ALARM CLOCK BAKELIKE GREEN,8,2011-12-02 14:46:00,3.75,14503,United Kingdom,30.0
580309,22605,WOODEN CROQUET GARDEN SET,4,2011-12-02 14:46:00,12.75,14503,United Kingdom,51.0
580311,22776,SWEETHEART 3 TIER CAKE STAND ,3,2011-12-02 14:48:00,9.95,18245,United Kingdom,29.85
580311,22423,REGENCY CAKESTAND 3 TIER,2,2011-12-02 14:48:00,12.75,18245,United Kingdom,25.5
580314,21810,CHRISTMAS HANGING STAR WITH BELL,11,2011-12-02 15:11:00,0.39,13969,United Kingdom,4.29
580316,22169,FAMILY ALBUM WHITE PICTURE FRAME,2,2011-12-02 15:25:00,8.5,18109,United Kingdom,17.0
580318,23430,BLUE RETRO KITCHEN WALL CLOCK,2,2011-12-02 15:39:00,8.15,17686,United Kingdom,16.3
580318,23203,JUMBO BAG VINTAGE DOILY ,10,2011-12-02 15:39:00,2.08,17686,United Kingdom,20.8
580318,22411,JUMBO SHOPPER VINTAGE RED PAISLEY,10,2011-12-02 15:39:00,2.08,17686,United Kingdom,20.8
580357,22197,POPCORN HOLDER,100,2011-12-02 16:07:00,0.72,15856,United Kingdom,72.0
580357,23154,SET OF 4 JAM JAR MAGNETS,12,2011-12-02 16:07:00,2.08,15856,United Kingdom,24.96
580374,22682,FRENCH BLUE METAL DOOR SIGN 7,10,2011-12-02 17:12:00,1.25,17584,United Kingdom,12.5
580386,23424,GINGHAM RECIPE BOOK BOX,4,2011-12-04 10:29:00,4.95,18065,United Kingdom,19.8
580389,23406,HOME SWEET HOME KEY HOLDER,2,2011-12-04 10:35:00,6.25,12952,United Kingdom,12.5
580393,21733,RED HANGING HEART T-LIGHT HOLDER,1,2011-12-04 10:51:00,2.95,16438,United Kingdom,2.95
580393,21109,LARGE CAKE TOWEL CHOCOLATE SPOTS,3,2011-12-04 10:51:00,1.95,16438,United Kingdom,5.85
580396,20985,HEART CALCULATOR,2,2011-12-04 11:00:00,1.25,13838,United Kingdom,2.5
580397,23399,HOME SWEET HOME HANGING HEART,1,2011-12-04 11:24:00,0.85,13558,United Kingdom,0.85
580398,72819,CUPID DESIGN SCENTED CANDLES,12,2011-12-04 11:32:00,1.25,14354,United Kingdom,15.0
580399,23576,SNACK TRAY RED VINTAGE DOILY,2,2011-12-04 11:45:00,1.95,13471,United Kingdom,3.9
580399,22417,PACK OF 60 SPACEBOY CAKE CASES,24,2011-12-04 11:45:00,0.55,13471,United Kingdom,13.2
580399,22150,3 STRIPEY MICE FELTCRAFT,2,2011-12-04 11:45:00,1.95,13471,United Kingdom,3.9
580399,21975,PACK OF 60 DINOSAUR CAKE CASES,4,2011-12-04 11:45:00,0.55,13471,United Kingdom,2.2
580399,22745,POPPY'S PLAYHOUSE BEDROOM ,3,2011-12-04 11:45:00,2.1,13471,United Kingdom,6.300000000000001
580399,21989,PACK OF 20 SKULL PAPER NAPKINS,3,2011-12-04 11:45:00,0.85,13471,United Kingdom,2.55
580402,22867,HAND WARMER BIRD DESIGN,5,2011-12-04 11:55:00,2.1,13536,United Kingdom,10.5
580402,22499,WOODEN UNION JACK BUNTING,6,2011-12-04 11:55:00,5.95,13536,United Kingdom,35.7
580403,23556,LANDMARK FRAME COVENT GARDEN ,1,2011-12-04 11:56:00,12.5,17858,United Kingdom,12.5
580404,23190,BUNDLE OF 3 SCHOOL EXERCISE BOOKS  ,12,2011-12-04 12:01:00,1.65,13596,United Kingdom,19.8
580469,21137,BLACK RECORD COVER FRAME,2,2011-12-04 12:32:00,3.75,14583,United Kingdom,7.5
580469,22595,GINGHAM HEART DECORATION,1,2011-12-04 12:32:00,0.85,14583,United Kingdom,0.85
580482,84987,SET OF 36 TEATIME PAPER DOILIES,2,2011-12-04 12:44:00,1.45,16033,United Kingdom,2.9
580502,23083,SET 6 PAPER TABLE LANTERN STARS ,1,2011-12-04 13:15:00,3.75,16931,United Kingdom,3.75
580504,23349,ROLL WRAP VINTAGE CHRISTMAS,1,2011-12-04 13:32:00,1.25,17936,United Kingdom,1.25
580511,23237,SET OF 4 KNICK KNACK TINS LEAF,6,2011-12-04 13:54:00,4.15,12560,Germany,24.9
580513,20992,JAZZ HEARTS PURSE NOTEBOOK,2,2011-12-04 13:59:00,0.39,14456,United Kingdom,0.78
580513,22703,PINK CAT BOWL,6,2011-12-04 13:59:00,0.59,14456,United Kingdom,3.54
580514,21034,REX CASH+CARRY JUMBO SHOPPER,1,2011-12-04 14:01:00,0.95,16905,United Kingdom,0.95
580516,22578,WOODEN STAR CHRISTMAS SCANDINAVIAN,10,2011-12-04 14:15:00,0.29,17954,United Kingdom,2.9
580516,22646,CERAMIC STRAWBERRY CAKE MONEY BANK,1,2011-12-04 14:15:00,0.39,17954,United Kingdom,0.39
580517,20969,RED FLORAL FELTCRAFT SHOULDER BAG,8,2011-12-04 14:40:00,3.75,17173,United Kingdom,30.0
580520,23526,WALL ART DOG LICENCE ,1,2011-12-04 14:55:00,5.95,13521,United Kingdom,5.95
580520,23356,LOVE HOT WATER BOTTLE,1,2011-12-04 14:55:00,5.95,13521,United Kingdom,5.95
580520,21916,SET 12 RETRO WHITE CHALK STICKS,2,2011-12-04 14:55:00,0.42,13521,United Kingdom,0.84
580523,23214,JINGLE BELL HEART ANTIQUE GOLD,5,2011-12-04 15:00:00,2.08,17827,United Kingdom,10.4
580523,22867,HAND WARMER BIRD DESIGN,1,2011-12-04 15:00:00,2.1,17827,United Kingdom,2.1
580526,22078,RIBBON REEL LACE DESIGN ,10,2011-12-04 15:18:00,2.1,16535,United Kingdom,21.0
580527,84997B,CHILDRENS CUTLERY RETROSPOT RED ,1,2011-12-04 15:19:00,4.15,13736,United Kingdom,4.15
580527,22233,JIGSAW RABBIT AND BIRDHOUSE,2,2011-12-04 15:19:00,0.59,13736,United Kingdom,1.18
580527,22723,SET OF 6 HERB TINS SKETCHBOOK,1,2011-12-04 15:19:00,1.25,13736,United Kingdom,1.25
580530,22775,PURPLE DRAWERKNOB ACRYLIC EDWARDIAN,36,2011-12-04 15:38:00,1.25,14102,United Kingdom,45.0
580534,POST,POSTAGE,1,2011-12-04 16:02:00,18.0,12724,France,18.0
580539,22372,AIRLINE BAG VINTAGE WORLD CHAMPION ,4,2011-12-05 08:39:00,4.25,18180,United Kingdom,17.0
580541,22617,BAKING SET SPACEBOY DESIGN,3,2011-12-05 09:03:00,4.95,15358,United Kingdom,14.85
580545,23571,TRADITIONAL NAUGHTS & CROSSES,12,2011-12-05 09:16:00,1.65,12782,Portugal,19.8
580545,23108,SET OF 10 LED DOLLY LIGHTS,2,2011-12-05 09:16:00,6.25,12782,Portugal,12.5
580555,22767,TRIPLE PHOTO FRAME CORNICE ,2,2011-12-05 10:18:00,9.95,14911,EIRE,19.9
580599,23084,RABBIT NIGHT LIGHT,6,2011-12-05 11:11:00,2.08,12925,United Kingdom,12.48
580599,21791,VINTAGE HEADS AND TAILS CARD GAME ,12,2011-12-05 11:11:00,1.25,12925,United Kingdom,15.0
580600,23264,SET OF 3 WOODEN SLEIGH DECORATIONS,1,2011-12-05 11:13:00,1.25,12841,United Kingdom,1.25
580611,23356,LOVE HOT WATER BOTTLE,1,2011-12-05 11:49:00,5.95,12748,United Kingdom,5.95
580613,23349,ROLL WRAP VINTAGE CHRISTMAS,12,2011-12-05 12:03:00,1.25,14759,United Kingdom,15.0
580613,22602,RETROSPOT WOODEN HEART DECORATION,12,2011-12-05 12:03:00,0.85,14759,United Kingdom,10.2
580615,82494L,WOODEN FRAME ANTIQUE WHITE ,6,2011-12-05 12:05:00,2.95,16873,United Kingdom,17.700000000000003
580619,23247,BISCUIT TIN 50'S CHRISTMAS,1,2011-12-05 12:08:00,2.89,15053,United Kingdom,2.89
580619,23353,6 GIFT TAGS VINTAGE CHRISTMAS ,3,2011-12-05 12:08:00,0.83,15053,United Kingdom,2.49
580622,21588,RETROSPOT GIANT TUBE MATCHES,12,2011-12-05 12:09:00,2.55,17006,United Kingdom,30.6
580630,22155,STAR DECORATION RUSTIC,96,2011-12-05 12:11:00,0.42,12913,United Kingdom,40.32
580631,21833,CAMOUFLAGE LED TORCH,12,2011-12-05 12:13:00,1.69,16682,United Kingdom,20.28
580632,21990,MODERN FLORAL STATIONERY SET,2,2011-12-05 12:16:00,1.25,16360,United Kingdom,2.5
580632,23208,LUNCH BAG VINTAGE LEAF DESIGN,2,2011-12-05 12:16:00,1.65,16360,United Kingdom,3.3
580632,23503,PLAYING CARDS KEEP CALM & CARRY ON,2,2011-12-05 12:16:00,1.25,16360,United Kingdom,2.5
580632,22210,WOOD STAMP SET BEST WISHES,1,2011-12-05 12:16:00,0.83,16360,United Kingdom,0.83
580634,22970,LONDON BUS COFFEE MUG,18,2011-12-05 12:29:00,2.55,14060,United Kingdom,45.9
580635,23354,6 GIFT TAGS 50'S CHRISTMAS ,4,2011-12-05 12:30:00,0.83,14649,United Kingdom,3.32
580635,21519,GIN & TONIC DIET GREETING CARD ,12,2011-12-05 12:30:00,0.42,14649,United Kingdom,5.04
580639,85034B,3 WHITE CHOC MORRIS BOXED CANDLES,1,2011-12-05 12:46:00,1.25,17254,United Kingdom,1.25
580639,82482,WOODEN PICTURE FRAME WHITE FINISH,1,2011-12-05 12:46:00,2.95,17254,United Kingdom,2.95
580640,23295,SET OF 12 MINI LOAF BAKING CASES,1,2011-12-05 12:51:00,0.83,16910,United Kingdom,0.83
580644,85227,SET OF 6 3D KIT CARDS FOR KIDS,8,2011-12-05 13:10:00,0.85,16904,United Kingdom,6.8
580645,M,Manual,1,2011-12-05 13:11:00,219.5,17857,United Kingdom,219.5
580647,21411,GINGHAM HEART  DOORSTOP RED,1,2011-12-05 13:14:00,1.95,14083,United Kingdom,1.95
580647,22508,DOORSTOP RETROSPOT HEART,1,2011-12-05 13:14:00,3.75,14083,United Kingdom,3.75
580647,16225,RATTLE SNAKE EGGS,5,2011-12-05 13:14:00,0.39,14083,United Kingdom,1.95
580647,23079,TOADSTOOL BEDSIDE LIGHT ,2,2011-12-05 13:14:00,8.95,14083,United Kingdom,17.9
580648,23582,VINTAGE DOILY JUMBO BAG RED ,10,2011-12-05 13:15:00,2.08,12628,Germany,20.8
580650,22755,SMALL PURPLE BABUSHKA NOTEBOOK ,24,2011-12-05 13:30:00,0.21,14401,United Kingdom,5.04
580659,22852,DOG BOWL VINTAGE CREAM,1,2011-12-05 13:46:00,4.25,17811,United Kingdom,4.25
580661,23356,LOVE HOT WATER BOTTLE,2,2011-12-05 13:52:00,5.95,17218,United Kingdom,11.9
580661,22866,HAND WARMER SCOTTY DOG DESIGN,1,2011-12-05 13:52:00,2.1,17218,United Kingdom,2.1
580664,84832,ZINC WILLIE WINKIE  CANDLE STICK,6,2011-12-05 14:03:00,0.85,15097,United Kingdom,5.1
580665,22993,SET OF 4 PANTRY JELLY MOULDS,72,2011-12-05 14:06:00,1.06,16684,United Kingdom,76.32000000000001
580665,23167,SMALL CERAMIC TOP STORAGE JAR ,192,2011-12-05 14:06:00,0.69,16684,United Kingdom,132.48
580665,22698,PINK REGENCY TEACUP AND SAUCER,72,2011-12-05 14:06:00,2.55,16684,United Kingdom,183.6
580667,23118,PARISIENNE JEWELLERY DRAWER ,1,2011-12-05 14:19:00,7.5,15031,United Kingdom,7.5
580669,22191,IVORY DINER WALL CLOCK,4,2011-12-05 14:25:00,8.5,15159,United Kingdom,34.0
580669,23208,LUNCH BAG VINTAGE LEAF DESIGN,30,2011-12-05 14:25:00,1.65,15159,United Kingdom,49.5
580672,22745,POPPY'S PLAYHOUSE BEDROOM ,2,2011-12-05 14:29:00,2.1,17920,United Kingdom,4.2
580673,21175,GIN AND TONIC DIET METAL SIGN,12,2011-12-05 14:30:00,2.55,13089,United Kingdom,30.6
580673,84378,SET OF 3 HEART COOKIE CUTTERS,24,2011-12-05 14:30:00,1.45,13089,United Kingdom,34.8
580673,22699,ROSES REGENCY TEACUP AND SAUCER ,24,2011-12-05 14:30:00,2.55,13089,United Kingdom,61.2
580675,23344,JUMBO BAG 50'S CHRISTMAS ,10,2011-12-05 14:35:00,2.08,15640,United Kingdom,20.8
580677,21524,DOORMAT SPOTTY HOME SWEET HOME,1,2011-12-05 14:40:00,8.25,16200,United Kingdom,8.25
580677,84879,ASSORTED COLOUR BIRD ORNAMENT,16,2011-12-05 14:40:00,1.69,16200,United Kingdom,27.04
580677,20726,LUNCH BAG WOODLAND,2,2011-12-05 14:40:00,1.65,16200,United Kingdom,3.3
580677,23312,VINTAGE CHRISTMAS GIFT SACK,1,2011-12-05 14:40:00,4.15,16200,United Kingdom,4.15
580677,23210,WHITE ROCKING HORSE HAND PAINTED,1,2011-12-05 14:40:00,1.25,16200,United Kingdom,1.25
580678,16237,SLEEPING CAT ERASERS,1,2011-12-05 14:49:00,0.21,18015,United Kingdom,0.21
580678,21819,GLITTER CHRISTMAS STAR ,11,2011-12-05 14:49:00,0.39,18015,United Kingdom,4.29
580680,22139,RETROSPOT TEA SET CERAMIC 11 PC ,3,2011-12-05 14:51:00,4.95,13001,United Kingdom,14.85
580682,21285,RETROSPOT CANDLE  MEDIUM,12,2011-12-05 15:02:00,0.39,16968,United Kingdom,4.68
580685,22867,HAND WARMER BIRD DESIGN,24,2011-12-05 15:16:00,2.1,17676,United Kingdom,50.400000000000006
580690,22758,LARGE PURPLE BABUSHKA NOTEBOOK  ,12,2011-12-05 15:44:00,0.39,16597,United Kingdom,4.68
580690,22220,CAKE STAND LOVEBIRD 2 TIER WHITE,6,2011-12-05 15:44:00,2.95,16597,United Kingdom,17.700000000000003
580694,22758,LARGE PURPLE BABUSHKA NOTEBOOK  ,12,2011-12-05 16:00:00,0.39,16600,United Kingdom,4.68
580695,22072,RED RETROSPOT TEA CUP AND SAUCER ,1,2011-12-05 16:03:00,1.25,13230,United Kingdom,1.25
580695,84535B,FAIRY CAKES NOTEBOOK A6 SIZE,2,2011-12-05 16:03:00,0.65,13230,United Kingdom,1.3
580695,22942,CHRISTMAS LIGHTS 10 SANTAS ,1,2011-12-05 16:03:00,2.95,13230,United Kingdom,2.95
580695,22974,CHILDRENS DOLLY GIRL MUG,1,2011-12-05 16:03:00,1.65,13230,United Kingdom,1.65
580695,23332,IVORY WICKER HEART LARGE,2,2011-12-05 16:03:00,1.65,13230,United Kingdom,3.3
580695,22910,PAPER CHAIN KIT VINTAGE CHRISTMAS,1,2011-12-05 16:03:00,2.95,13230,United Kingdom,2.95
580696,22320,BIRDS MOBILE VINTAGE DESIGN,1,2011-12-05 16:04:00,5.95,17757,United Kingdom,5.95
580712,21181,PLEASE ONE PERSON METAL SIGN,24,2011-12-05 16:37:00,2.1,13021,United Kingdom,50.400000000000006
580716,22629,SPACEBOY LUNCH BOX ,12,2011-12-05 16:48:00,1.95,12367,Denmark,23.4
580716,22708,WRAP DOLLY GIRL,25,2011-12-05 16:48:00,0.42,12367,Denmark,10.5
580723,84509G,SET OF 4 FAIRY CAKE PLACEMATS ,3,2011-12-05 17:09:00,1.25,15856,United Kingdom,3.75
580725,22075,6 RIBBONS ELEGANT CHRISTMAS ,24,2011-12-05 17:13:00,0.39,15932,United Kingdom,9.36
580727,22075,6 RIBBONS ELEGANT CHRISTMAS ,5,2011-12-05 17:17:00,3.29,14096,United Kingdom,16.45
580727,21901,"KEY FOB , BACK DOOR ",2,2011-12-05 17:17:00,1.63,14096,United Kingdom,3.26
580727,23225,CHERUB HEART DECORATION SILVER ,1,2011-12-05 17:17:00,1.63,14096,United Kingdom,1.63
580727,22797,CHEST OF DRAWERS GINGHAM HEART ,1,2011-12-05 17:17:00,33.29,14096,United Kingdom,33.29
580727,21625,VINTAGE UNION JACK APRON,3,2011-12-05 17:17:00,14.13,14096,United Kingdom,42.39
580727,21220,SET/4 BADGES DOGS,4,2011-12-05 17:17:00,2.46,14096,United Kingdom,9.84
580727,23207,LUNCH BAG ALPHABET DESIGN,1,2011-12-05 17:17:00,4.13,14096,United Kingdom,4.13
580727,22308,TEA COSY BLUE STRIPE,1,2011-12-05 17:17:00,4.96,14096,United Kingdom,4.96
580727,85095,THREE CANVAS LUGGAGE TAGS,1,2011-12-05 17:17:00,4.13,14096,United Kingdom,4.13
580727,16258A,SWIRLY CIRCULAR RUBBERS IN BAG,3,2011-12-05 17:17:00,0.83,14096,United Kingdom,2.49
580727,84536A,ENGLISH ROSE NOTEBOOK A7 SIZE,1,2011-12-05 17:17:00,0.83,14096,United Kingdom,0.83
580733,20712,JUMBO BAG WOODLAND ANIMALS,10,2011-12-06 08:37:00,2.08,16929,United Kingdom,20.8
580735,85099B,JUMBO BAG RED RETROSPOT,10,2011-12-06 08:52:00,2.08,17728,United Kingdom,20.8
580756,23254,CHILDRENS CUTLERY DOLLY GIRL ,4,2011-12-06 10:19:00,4.15,12723,France,16.6
580759,22406,MONEY BOX KINGS CHOICE DESIGN,12,2011-12-06 10:30:00,0.39,17593,United Kingdom,4.68
580759,23583,LUNCH BAG PAISLEY PARK  ,10,2011-12-06 10:30:00,1.65,17593,United Kingdom,16.5
580771,23151,ZINC SWEETHEART SOAP DISH,4,2011-12-06 10:58:00,0.79,16015,United Kingdom,3.16
580808,22185,SLATE TILE NATURAL HANGING,24,2011-12-06 11:24:00,0.79,16133,United Kingdom,18.96
580816,22915,ASSORTED BOTTLE TOP  MAGNETS ,24,2011-12-06 11:28:00,0.19,15157,United Kingdom,4.5600000000000005
580819,22644,CERAMIC CHERRY CAKE MONEY BANK,36,2011-12-06 11:30:00,0.39,15318,United Kingdom,14.04
580831,22025,RING OF ROSES BIRTHDAY CARD,12,2011-12-06 11:39:00,0.42,14418,United Kingdom,5.04
580831,22367,CHILDRENS APRON SPACEBOY DESIGN,8,2011-12-06 11:39:00,1.95,14418,United Kingdom,15.6
580833,20725,LUNCH BAG RED RETROSPOT,1,2011-12-06 11:41:00,1.65,16764,United Kingdom,1.65
580833,23494,VINTAGE DOILY DELUXE SEWING KIT ,2,2011-12-06 11:41:00,5.95,16764,United Kingdom,11.9
580865,23389,SPACEBOY MINI BACKPACK,1,2011-12-06 11:58:00,4.15,17914,United Kingdom,4.15
580865,23481,PEARLISED IVORY HEART SMALL ,1,2011-12-06 11:58:00,1.25,17914,United Kingdom,1.25
580872,20726,LUNCH BAG WOODLAND,3,2011-12-06 12:02:00,1.65,18283,United Kingdom,4.949999999999999
580872,22616,PACK OF 12 LONDON TISSUES ,2,2011-12-06 12:02:00,0.39,18283,United Kingdom,0.78
580872,23200,JUMBO BAG PEARS,3,2011-12-06 12:02:00,2.08,18283,United Kingdom,6.24
580875,21408,SPOTTY PINK DUCK DOORSTOP,8,2011-12-06 12:11:00,1.95,17744,United Kingdom,15.6
580875,21705,BAG 500g SWIRLY MARBLES,48,2011-12-06 12:11:00,0.39,17744,United Kingdom,18.72
580876,72800B, 4 PURPLE FLOCK DINNER CANDLES,1,2011-12-06 12:12:00,0.79,14071,United Kingdom,0.79
580876,22695,WICKER WREATH SMALL,2,2011-12-06 12:12:00,0.59,14071,United Kingdom,1.18
580876,23284,DOORMAT KEEP CALM AND COME IN,2,2011-12-06 12:12:00,8.25,14071,United Kingdom,16.5
580876,22394,PAPERWEIGHT KINGS CHOICE ,1,2011-12-06 12:12:00,0.39,14071,United Kingdom,0.39
580880,84951B,SET OF 4 BLACK LOVEBIRD COASTERS,24,2011-12-06 12:19:00,0.79,14121,United Kingdom,18.96
580880,23310,BUBBLEGUM RING ASSORTED,36,2011-12-06 12:19:00,0.42,14121,United Kingdom,15.12
580884,22121,NOEL WOODEN BLOCK LETTERS ,1,2011-12-06 12:21:00,5.95,15907,United Kingdom,5.95
580884,21914,BLUE HARMONICA IN BOX ,1,2011-12-06 12:21:00,1.25,15907,United Kingdom,1.25
580893,23580,SNACK TRAY HAPPY FOREST  ,1,2011-12-06 12:38:00,1.95,17290,United Kingdom,1.95
580901,22791,T-LIGHT GLASS FLUTED ANTIQUE,12,2011-12-06 12:45:00,1.25,16528,United Kingdom,15.0
580911,23493,VINTAGE DOILY TRAVEL SEWING KIT,10,2011-12-06 13:30:00,1.95,14503,United Kingdom,19.5
580914,82483,WOOD 2 DRAWER CABINET WHITE FINISH,2,2011-12-06 13:42:00,6.95,14871,United Kingdom,13.9
580914,23389,SPACEBOY MINI BACKPACK,1,2011-12-06 13:42:00,4.15,14871,United Kingdom,4.15
580915,23209,LUNCH BAG VINTAGE DOILY ,10,2011-12-06 13:45:00,1.65,17705,United Kingdom,16.5
580939,84879,ASSORTED COLOUR BIRD ORNAMENT,8,2011-12-06 14:14:00,1.69,14907,United Kingdom,13.52
580956,22357,KINGS CHOICE BISCUIT TIN,1,2011-12-06 14:23:00,4.25,17841,United Kingdom,4.25
580956,20829,GLITTER HANGING BUTTERFLY STRING,3,2011-12-06 14:23:00,2.1,17841,United Kingdom,6.300000000000001
580958,20781,GOLD EAR MUFF HEADPHONES,1,2011-12-06 14:30:00,1.95,17266,United Kingdom,1.95
580961,22423,REGENCY CAKESTAND 3 TIER,8,2011-12-06 14:40:00,12.75,14572,United Kingdom,102.0
580964,21385,IVORY HANGING DECORATION  HEART,24,2011-12-06 14:50:00,0.85,15822,United Kingdom,20.4
580965,23243,SET OF TEA COFFEE SUGAR TINS PANTRY,4,2011-12-06 14:52:00,4.95,12417,Belgium,19.8
580967,84347,ROTATING SILVER ANGELS T-LIGHT HLDR,10,2011-12-06 14:56:00,2.55,14216,United Kingdom,25.5
580972,21930,JUMBO STORAGE BAG SKULLS,10,2011-12-06 15:10:00,2.08,15194,United Kingdom,20.8
580972,23455,SMALL PARLOUR PICTURE FRAME,6,2011-12-06 15:10:00,2.89,15194,United Kingdom,17.34
580972,22216,T-LIGHT HOLDER WHITE LACE,48,2011-12-06 15:10:00,0.29,15194,United Kingdom,13.919999999999998
580979,23389,SPACEBOY MINI BACKPACK,4,2011-12-06 15:40:00,4.15,12362,Belgium,16.6
580979,22328,ROUND SNACK BOXES SET OF 4 FRUITS ,6,2011-12-06 15:40:00,2.95,12362,Belgium,17.700000000000003
580980,22577,WOODEN HEART CHRISTMAS SCANDINAVIAN,12,2011-12-06 15:43:00,0.29,17730,United Kingdom,3.4799999999999995
580998,22114,HOT WATER BOTTLE TEA AND SYMPATHY,4,2011-12-06 17:26:00,4.25,16987,United Kingdom,17.0
580999,22232,JIGSAW TOADSTOOLS 3 PIECE,6,2011-12-06 17:49:00,0.59,17883,United Kingdom,3.54
580999,85173,SET/6 FROG PRINCE T-LIGHT CANDLES,4,2011-12-06 17:49:00,0.79,17883,United Kingdom,3.16
580999,23058,CHRISTMAS HANGING SNOWFLAKE,20,2011-12-06 17:49:00,0.79,17883,United Kingdom,15.8
581002,23525,WALL ART BUFFALO BILL ,6,2011-12-07 08:21:00,3.75,14708,United Kingdom,22.5
581003,22725,ALARM CLOCK BAKELIKE CHOCOLATE,4,2011-12-07 08:38:00,3.75,14911,EIRE,15.0
581003,21975,PACK OF 60 DINOSAUR CAKE CASES,24,2011-12-07 08:38:00,0.55,14911,EIRE,13.2
581013,22993,SET OF 4 PANTRY JELLY MOULDS,24,2011-12-07 09:32:00,1.25,17017,United Kingdom,30.0
581017,23335,EGG FRYING PAN IVORY ,6,2011-12-07 10:06:00,2.08,14910,United Kingdom,12.48
581018,84077,WORLD WAR 2 GLIDERS ASSTD DESIGNS,144,2011-12-07 10:09:00,0.29,13743,United Kingdom,41.76
581019,23202,JUMBO BAG VINTAGE LEAF,10,2011-12-07 10:11:00,2.08,14794,United Kingdom,20.8
581034,22578,WOODEN STAR CHRISTMAS SCANDINAVIAN,24,2011-12-07 10:48:00,0.29,17049,United Kingdom,6.959999999999999
581034,22114,HOT WATER BOTTLE TEA AND SYMPATHY,4,2011-12-07 10:48:00,4.25,17049,United Kingdom,17.0
581059,23290,SPACEBOY CHILDRENS BOWL,8,2011-12-07 11:12:00,1.25,13267,United Kingdom,10.0
581064,22338,STAR DECORATION PAINTED ZINC ,24,2011-12-07 11:16:00,0.19,13882,United Kingdom,4.5600000000000005
581096,21481,FAWN BLUE HOT WATER BOTTLE,4,2011-12-07 11:36:00,3.75,17412,United Kingdom,15.0
581098,22791,T-LIGHT GLASS FLUTED ANTIQUE,12,2011-12-07 11:42:00,1.25,14911,EIRE,15.0
581098,48129,DOORMAT TOPIARY,10,2011-12-07 11:42:00,7.08,14911,EIRE,70.8
581098,21524,DOORMAT SPOTTY HOME SWEET HOME,10,2011-12-07 11:42:00,7.08,14911,EIRE,70.8
581098,23499,SET 12 VINTAGE DOILY CHALK ,24,2011-12-07 11:42:00,0.42,14911,EIRE,10.08
581098,23103,JINGLE BELL HEART DECORATION,24,2011-12-07 11:42:00,1.65,14911,EIRE,39.6
581098,23035,DRAWER KNOB CERAMIC IVORY,12,2011-12-07 11:42:00,1.45,14911,EIRE,17.4
581104,23090,VINTAGE GLASS T-LIGHT HOLDER,12,2011-12-07 12:11:00,0.83,13668,United Kingdom,9.96
581104,21916,SET 12 RETRO WHITE CHALK STICKS,4,2011-12-07 12:11:00,0.42,13668,United Kingdom,1.68
581108,22086,PAPER CHAIN KIT 50'S CHRISTMAS ,4,2011-12-07 12:16:00,2.95,15984,United Kingdom,11.8
581114,23344,JUMBO BAG 50'S CHRISTMAS ,2,2011-12-07 12:19:00,2.08,14527,United Kingdom,4.16
581118,22079,RIBBON REEL HEARTS DESIGN ,10,2011-12-07 12:26:00,1.65,15136,United Kingdom,16.5
581122,22699,ROSES REGENCY TEACUP AND SAUCER ,6,2011-12-07 12:33:00,2.95,12839,United Kingdom,17.700000000000003
581125,85040A,S/4 PINK FLOWER CANDLES IN BOWL,1,2011-12-07 12:41:00,1.65,14087,United Kingdom,1.65
581126,22666,RECIPE BOX PANTRY YELLOW DESIGN,6,2011-12-07 12:43:00,2.95,18272,United Kingdom,17.700000000000003
581126,22965,3 TRADITIONAl BISCUIT CUTTERS  SET,6,2011-12-07 12:43:00,2.1,18272,United Kingdom,12.6
581129,22178,VICTORIAN GLASS HANGING T-LIGHT,6,2011-12-07 12:48:00,1.95,15498,United Kingdom,11.7
581129,22464,HANGING METAL HEART LANTERN,12,2011-12-07 12:48:00,0.79,15498,United Kingdom,9.48
581132,22784,LANTERN CREAM GAZEBO ,4,2011-12-07 12:55:00,4.95,17590,United Kingdom,19.8
581133,22664,TOY TIDY DOLLY GIRL DESIGN,20,2011-12-07 12:55:00,0.79,14904,United Kingdom,15.8
581134,23307,SET OF 60 PANTRY DESIGN CAKE CASES ,1,2011-12-07 13:12:00,0.55,16368,United Kingdom,0.55
581135,23245,SET OF 3 REGENCY CAKE TINS,8,2011-12-07 13:14:00,4.95,18092,United Kingdom,39.6
581135,23173,REGENCY TEAPOT ROSES ,12,2011-12-07 13:14:00,8.15,18092,United Kingdom,97.8
581137,85032C,CURIOUS IMAGES GIFT WRAP SET,12,2011-12-07 13:16:00,0.65,17434,United Kingdom,7.800000000000001
581139,21166,COOK WITH WINE METAL SIGN ,48,2011-12-07 13:21:00,1.85,13798,United Kingdom,88.80000000000001
581142,21481,FAWN BLUE HOT WATER BOTTLE,2,2011-12-07 13:38:00,3.75,14204,United Kingdom,7.5
581142,21012,ANTIQUE ALL GLASS CANDLESTICK,1,2011-12-07 13:38:00,2.1,14204,United Kingdom,2.1
581142,23388,WOODLAND MINI BACKPACK,2,2011-12-07 13:38:00,4.15,14204,United Kingdom,8.3
581144,22983,CARD BILLBOARD FONT,24,2011-12-07 13:46:00,0.42,14085,United Kingdom,10.08
581144,21497,FANCY FONTS BIRTHDAY WRAP,25,2011-12-07 13:46:00,0.42,14085,United Kingdom,10.5
581146,23077,DOUGHNUT LIP GLOSS ,40,2011-12-07 13:53:00,1.25,17602,United Kingdom,50.0
581146,21218,RED SPOTTY BISCUIT TIN,1,2011-12-07 13:53:00,3.75,17602,United Kingdom,3.75
581146,23084,RABBIT NIGHT LIGHT,24,2011-12-07 13:53:00,1.79,17602,United Kingdom,42.96
581147,20728,LUNCH BAG CARS BLUE,5,2011-12-07 14:01:00,1.65,16426,United Kingdom,8.25
581147,23332,IVORY WICKER HEART LARGE,5,2011-12-07 14:01:00,1.65,16426,United Kingdom,8.25
581149,72741,GRAND CHOCOLATECANDLE,9,2011-12-07 14:12:00,1.45,15471,United Kingdom,13.05
581165,22192,BLUE DINER WALL CLOCK,2,2011-12-07 14:39:00,8.5,15701,United Kingdom,17.0
581166,23511,EMBROIDERED RIBBON REEL EMILY ,1,2011-12-07 14:43:00,2.08,15525,United Kingdom,2.08
581166,22643,SET OF 4 NAPKIN CHARMS LEAVES   ,3,2011-12-07 14:43:00,0.79,15525,United Kingdom,2.37
581166,23494,VINTAGE DOILY DELUXE SEWING KIT ,1,2011-12-07 14:43:00,5.95,15525,United Kingdom,5.95
581166,22434,BALLOON PUMP WITH 10 BALLOONS,1,2011-12-07 14:43:00,1.95,15525,United Kingdom,1.95
581173,22578,WOODEN STAR CHRISTMAS SCANDINAVIAN,11,2011-12-07 15:07:00,0.29,17870,United Kingdom,3.19
581175,22960,JAM MAKING SET WITH JARS,24,2011-12-07 15:16:00,3.75,14646,Netherlands,90.0
581175,84805B,BLUE CLIMBING HYDRANGA ART FLOWER,24,2011-12-07 15:16:00,1.25,14646,Netherlands,30.0
581175,23209,LUNCH BAG VINTAGE DOILY ,100,2011-12-07 15:16:00,1.45,14646,Netherlands,145.0
581179,23480,MINI LIGHTS WOODLAND MUSHROOMS,24,2011-12-07 15:43:00,3.75,12471,Germany,90.0
581182,21907,I'M ON HOLIDAY METAL SIGN,12,2011-12-07 15:56:00,2.1,12783,Portugal,25.200000000000003
581193,72349B,SET/6 PURPLE BUTTERFLY T-LIGHTS,1,2011-12-07 17:05:00,2.1,17097,Spain,2.1
581193,22469,HEART OF WICKER SMALL,1,2011-12-07 17:05:00,1.65,17097,Spain,1.65
581194,22807,SET OF 6 T-LIGHTS TOADSTOOLS,12,2011-12-07 17:17:00,1.25,15298,United Kingdom,15.0
581216,23283,DOORMAT VINTAGE LEAF,2,2011-12-08 09:06:00,8.25,16523,United Kingdom,16.5
581216,48194,DOORMAT HEARTS,4,2011-12-08 09:06:00,8.25,16523,United Kingdom,33.0
581218,21285,RETROSPOT CANDLE  MEDIUM,12,2011-12-08 09:23:00,0.39,14191,United Kingdom,4.68
581218,22220,CAKE STAND LOVEBIRD 2 TIER WHITE,6,2011-12-08 09:23:00,2.95,14191,United Kingdom,17.700000000000003
581218,22204,MILK PAN BLUE POLKADOT,6,2011-12-08 09:23:00,1.25,14191,United Kingdom,7.5
581224,21485,RETROSPOT HEART HOT WATER BOTTLE,3,2011-12-08 09:47:00,4.95,17631,United Kingdom,14.85
581246,23322,LARGE WHITE HEART OF WICKER,1,2011-12-08 10:59:00,2.95,15453,United Kingdom,2.95
581246,23301,GARDENERS KNEELING PAD KEEP CALM ,6,2011-12-08 10:59:00,1.65,15453,United Kingdom,9.9
581253,23413,DECORATIVE VINTAGE COFFEE  BOX,3,2011-12-08 11:15:00,4.95,16891,United Kingdom,14.85
581310,23579,SNACK TRAY I LOVE LONDON,1,2011-12-08 11:43:00,1.95,16442,United Kingdom,1.95
581325,22627,MINT KITCHEN SCALES,1,2011-12-08 11:53:00,8.5,15877,United Kingdom,8.5
581335,22806,SET OF 6 T-LIGHTS WEDDING CAKE ,12,2011-12-08 12:07:00,1.25,15214,United Kingdom,15.0
581334,21174,POTTERING IN THE SHED METAL SIGN,1,2011-12-08 12:07:00,2.08,17841,United Kingdom,2.08
581334,23266,SET OF 3 WOODEN STOCKING DECORATION,12,2011-12-08 12:07:00,1.25,17841,United Kingdom,15.0
581334,85199S,SMALL HANGING IVORY/RED WOOD BIRD,5,2011-12-08 12:07:00,0.42,17841,United Kingdom,2.1
581334,23213,STAR WREATH DECORATION WITH BELL,2,2011-12-08 12:07:00,1.25,17841,United Kingdom,2.5
581334,22918,HERB MARKER PARSLEY,2,2011-12-08 12:07:00,0.65,17841,United Kingdom,1.3
581336,23444,Next Day Carriage,1,2011-12-08 12:10:00,15.0,16161,United Kingdom,15.0
581352,23457,LARGE PARLOUR PICTURE FRAME,1,2011-12-08 12:26:00,4.95,14698,United Kingdom,4.95
581357,23205,CHARLOTTE BAG VINTAGE ALPHABET ,10,2011-12-08 12:29:00,0.85,13314,United Kingdom,8.5
581376,22555,PLASTERS IN TIN STRONGMAN,4,2011-12-08 12:43:00,1.65,14719,United Kingdom,6.6
581376,22668,PINK BABY BUNTING,5,2011-12-08 12:43:00,2.95,14719,United Kingdom,14.75
581376,22360,GLASS JAR ENGLISH CONFECTIONERY,4,2011-12-08 12:43:00,2.95,14719,United Kingdom,11.8
581381,23534,WALL ART STOP FOR TEA ,1,2011-12-08 12:54:00,5.95,16933,United Kingdom,5.95
581383,22910,PAPER CHAIN KIT VINTAGE CHRISTMAS,6,2011-12-08 13:04:00,2.95,15399,United Kingdom,17.700000000000003
581383,23301,GARDENERS KNEELING PAD KEEP CALM ,12,2011-12-08 13:04:00,1.65,15399,United Kingdom,19.8
581395,22982,PANTRY PASTRY BRUSH,2,2011-12-08 13:18:00,1.25,16892,United Kingdom,2.5
581395,22753,SMALL YELLOW BABUSHKA NOTEBOOK ,1,2011-12-08 13:18:00,0.21,16892,United Kingdom,0.21
581396,22138,BAKING SET 9 PIECE RETROSPOT ,48,2011-12-08 13:22:00,4.25,15189,United Kingdom,204.0
581400,21891,TRADITIONAL WOODEN SKIPPING ROPE,3,2011-12-08 13:36:00,1.45,14056,United Kingdom,4.35
581400,22619,SET OF 6 SOLDIER SKITTLES,6,2011-12-08 13:36:00,3.75,14056,United Kingdom,22.5
581403,23575,SNACK TRAY PAISLEY PARK,8,2011-12-08 13:46:00,1.95,13510,United Kingdom,15.6
581404,22513,DOORSTOP FOOTBALL DESIGN,1,2011-12-08 13:47:00,0.79,13680,United Kingdom,0.79
581404,85123A,CREAM HANGING HEART T-LIGHT HOLDER,4,2011-12-08 13:47:00,2.95,13680,United Kingdom,11.8
581404,22866,HAND WARMER SCOTTY DOG DESIGN,9,2011-12-08 13:47:00,2.1,13680,United Kingdom,18.9
581405,21977,PACK OF 60 PINK PAISLEY CAKE CASES,2,2011-12-08 13:50:00,0.55,13521,United Kingdom,1.1
581405,21313,GLASS HEART T-LIGHT HOLDER ,2,2011-12-08 13:50:00,0.85,13521,United Kingdom,1.7
581405,22557,PLASTERS IN TIN VINTAGE PAISLEY ,2,2011-12-08 13:50:00,1.65,13521,United Kingdom,3.3
581407,23356,LOVE HOT WATER BOTTLE,1,2011-12-08 13:59:00,5.95,13263,United Kingdom,5.95
581410,23576,SNACK TRAY RED VINTAGE DOILY,8,2011-12-08 14:14:00,1.95,13098,United Kingdom,15.6
581410,23575,SNACK TRAY PAISLEY PARK,8,2011-12-08 14:14:00,1.95,13098,United Kingdom,15.6
581412,22597,MUSICAL ZINC HEART DECORATION ,27,2011-12-08 14:38:00,0.29,14415,United Kingdom,7.829999999999999
581412,22203,MILK PAN RED RETROSPOT,3,2011-12-08 14:38:00,1.25,14415,United Kingdom,3.75
581412,22571,ROCKING HORSE RED CHRISTMAS ,31,2011-12-08 14:38:00,0.85,14415,United Kingdom,26.35
581412,22866,HAND WARMER SCOTTY DOG DESIGN,6,2011-12-08 14:38:00,2.1,14415,United Kingdom,12.6
581414,90214R,"LETTER ""R"" BLING KEY RING",1,2011-12-08 14:39:00,0.29,14730,United Kingdom,0.29
581414,22988,SOLDIERS EGG CUP ,1,2011-12-08 14:39:00,1.25,14730,United Kingdom,1.25
581413,22662,LUNCH BAG DOLLY GIRL DESIGN,10,2011-12-08 14:39:00,1.65,16833,United Kingdom,16.5
581415,21563,RED HEART SHAPE LOVE BUCKET ,24,2011-12-08 14:53:00,0.79,13269,United Kingdom,18.96
581418,23313,VINTAGE CHRISTMAS BUNTING,5,2011-12-08 15:02:00,4.95,17451,United Kingdom,24.75
581419,23313,VINTAGE CHRISTMAS BUNTING,15,2011-12-08 15:03:00,4.95,15484,United Kingdom,74.25
581419,22899,CHILDREN'S APRON DOLLY GIRL ,6,2011-12-08 15:03:00,2.1,15484,United Kingdom,12.6
581421,21524,DOORMAT SPOTTY HOME SWEET HOME,1,2011-12-08 15:23:00,8.25,15898,United Kingdom,8.25
581425,22064,PINK DOUGHNUT TRINKET POT ,4,2011-12-08 15:31:00,0.39,14796,United Kingdom,1.56
581426,84012,MAGIC SHEEP WOOL GROWING FROM PAPER,2,2011-12-08 15:31:00,0.85,17757,United Kingdom,1.7
581425,23156,SET OF 5 MINI GROCERY MAGNETS,1,2011-12-08 15:31:00,2.08,14796,United Kingdom,2.08
581433,22914,BLUE COAT RACK PARIS FASHION,3,2011-12-08 15:54:00,4.95,14911,EIRE,14.85
581433,22192,BLUE DINER WALL CLOCK,2,2011-12-08 15:54:00,8.5,14911,EIRE,17.0
581433,22699,ROSES REGENCY TEACUP AND SAUCER ,6,2011-12-08 15:54:00,2.95,14911,EIRE,17.700000000000003
581433,23358,HOT STUFF HOT WATER BOTTLE,18,2011-12-08 15:54:00,1.25,14911,EIRE,22.5
581433,22390,PAPERWEIGHT CHILDHOOD MEMORIES,12,2011-12-08 15:54:00,0.39,14911,EIRE,4.68
581448,22193,RED DINER WALL CLOCK,4,2011-12-08 17:24:00,8.5,15208,United Kingdom,34.0
581449,23462,ROCOCO WALL MIRROR WHITE,1,2011-12-08 17:37:00,19.95,12748,United Kingdom,19.95
581449,23083,SET 6 PAPER TABLE LANTERN STARS ,2,2011-12-08 17:37:00,3.75,12748,United Kingdom,7.5
581450,23198,PANTRY MAGNETIC  SHOPPING LIST,2,2011-12-08 17:54:00,1.45,16794,United Kingdom,2.9
581450,23209,LUNCH BAG VINTAGE DOILY ,4,2011-12-08 17:54:00,1.65,16794,United Kingdom,6.6
581453,22344,PARTY PIZZA DISH PINK POLKADOT,24,2011-12-08 18:15:00,0.19,16401,United Kingdom,4.5600000000000005
581453,22197,POPCORN HOLDER,100,2011-12-08 18:15:00,0.72,16401,United Kingdom,72.0
581454,22446,PIN CUSHION BABUSHKA PINK,12,2011-12-08 18:22:00,1.25,15156,United Kingdom,15.0
581455,23531,WALL ART BIG LOVE ,12,2011-12-08 18:25:00,4.76,18102,United Kingdom,57.12
581457,23401,RUSTIC MIRROR WITH LACE HEART,126,2011-12-08 18:43:00,4.15,18102,United Kingdom,522.9000000000001
581467,22758,LARGE PURPLE BABUSHKA NOTEBOOK  ,2,2011-12-08 19:24:00,0.39,13077,United Kingdom,0.78
581473,22989,SET 2 PANTRY DESIGN TEA TOWELS,1,2011-12-08 19:57:00,3.25,12748,United Kingdom,3.25
581476,23358,HOT STUFF HOT WATER BOTTLE,18,2011-12-09 08:48:00,1.25,12433,Norway,22.5
581476,47504H,ENGLISH ROSE SPIRIT LEVEL ,36,2011-12-09 08:48:00,0.79,12433,Norway,28.44
581480,23463,VINTAGE ZINC WATERING CAN,2,2011-12-09 09:07:00,9.95,14441,United Kingdom,19.9
581493,71459,HANGING JAM JAR T-LIGHT HOLDERS,12,2011-12-09 10:10:00,0.85,12423,Belgium,10.2
581494,23389,SPACEBOY MINI BACKPACK,4,2011-12-09 10:13:00,4.15,12518,Germany,16.6
581496,22632,HAND WARMER RED RETROSPOT,12,2011-12-09 10:20:00,2.1,16558,United Kingdom,25.200000000000003
581496,23313,VINTAGE CHRISTMAS BUNTING,10,2011-12-09 10:20:00,4.95,16558,United Kingdom,49.5
581567,22624,IVORY KITCHEN SCALES,2,2011-12-09 11:56:00,8.5,16626,United Kingdom,17.0
581570,20750,RED RETROSPOT MINI CASES,2,2011-12-09 11:59:00,7.95,12662,Germany,15.9
581578,23205,CHARLOTTE BAG VINTAGE ALPHABET ,10,2011-12-09 12:16:00,0.85,12713,Germany,8.5
581585,22727,ALARM CLOCK BAKELIKE RED ,4,2011-12-09 12:31:00,3.75,15804,United Kingdom,15.0
