CustomerID,Recency,Frequency,Monetary,R_Score,F_Score,M_Score,RFM_Score,RFM_Total,Recency_scaled,Frequency_scaled,Monetary_scaled,Cluster,Segment,Marketing_Recommendation
12346,326,1,77183.6,1,1,5,115,7,1.4619928068665424,-0.9552142636712972,3.707716304393321,3,Loyal Customers,"Use cross-selling, upselling, and exclusive member offers."
12347,2,7,4310.0,5,5,5,555,15,-2.038734417842785,1.0744251947249353,1.4149034409922063,0,Champions,"Target with premium products, exclusive offers, and loyalty rewards."
12348,75,4,1797.24,2,4,4,244,10,0.3731042355677808,0.3863044476016776,0.7200242808941862,3,Loyal Customers,"Use cross-selling, upselling, and exclusive member offers."
12349,19,1,1757.55,4,1,4,414,9,-0.6230859205766931,-0.9552142636712972,0.7022869133754331,2,New Customers,Use welcome offers and second-purchase incentives to build loyalty.
12350,310,1,334.4,1,1,2,112,4,1.4245575339360348,-0.9552142636712972,-0.6145138773809342,1,At Risk,Launch win-back campaigns with personalized offers and re-engagement discounts.
12352,36,8,2506.04,3,5,5,355,13,-0.164028700972232,1.2468684386726128,0.9841077670757192,3,Loyal Customers,"Use cross-selling, upselling, and exclusive member offers."
12353,204,1,89.0,1,1,1,111,3,1.1135502505032524,-0.9552142636712972,-1.659989234491792,1,At Risk,Launch win-back campaigns with personalized offers and re-engagement discounts.
12354,232,1,1079.4,1,1,4,114,6,1.2090862834765006,-0.9552142636712972,0.3151288218867015,1,At Risk,Launch win-back campaigns with personalized offers and re-engagement discounts.
12355,214,1,459.4,1,1,2,112,4,1.1490907416248033,-0.9552142636712972,-0.3627665798551163,1,At Risk,Launch win-back campaigns with personalized offers and re-engagement discounts.
12356,23,3,2811.43,4,3,5,435,12,-0.4870358868672529,0.0596054655268191,1.075458602358939,3,Loyal Customers,"Use cross-selling, upselling, and exclusive member offers."
12357,33,1,6207.67,4,1,5,415,10,-0.2271262067959733,-0.9552142636712972,1.7048016178150551,3,Loyal Customers,"Use cross-selling, upselling, and exclusive member offers."
12358,2,2,1168.06,5,2,4,524,11,-2.038734417842785,-0.3615827770984003,0.3778079219192159,2,New Customers,Use welcome offers and second-purchase incentives to build loyalty.
12359,58,4,6310.03,3,4,5,345,12,0.1841671134665053,0.3863044476016776,1.7177971567525194,3,Loyal Customers,"Use cross-selling, upselling, and exclusive member offers."
12360,52,3,2662.06,3,3,5,335,11,0.10413950578058,0.0596054655268191,1.0320879035098578,3,Loyal Customers,"Use cross-selling, upselling, and exclusive member offers."
12361,287,1,189.9,1,1,1,111,3,1.3672244617898772,-0.9552142636712972,-1.062401754487148,1,At Risk,Launch win-back campaigns with personalized offers and re-engagement discounts.
12362,3,10,5226.23,5,5,5,555,15,-1.824063391865872,1.54066546553549,1.5680566624251784,0,Champions,"Target with premium products, exclusive offers, and loyalty rewards."
12363,110,2,552.0,2,2,3,223,7,0.6557659603678762,-0.3615827770984003,-0.2171229620332055,1,At Risk,Launch win-back campaigns with personalized offers and re-engagement discounts.
12364,8,4,1313.1,5,4,4,544,13,-1.2189397565026774,0.3863044476016776,0.4707529088327745,2,New Customers,Use welcome offers and second-purchase incentives to build loyalty.
12365,291,2,641.38,1,2,3,123,6,1.377517166470927,-0.3615827770984003,-0.0980552696687796,1,At Risk,Launch win-back campaigns with personalized offers and re-engagement discounts.
12367,4,1,168.9,5,1,1,511,7,-1.6575516078937147,-0.9552142636712972,-1.1550190660766535,2,New Customers,Use welcome offers and second-purchase incentives to build loyalty.
12370,51,4,3541.94,3,4,5,345,12,0.0899255663351436,0.3863044476016776,1.2589675608961863,3,Loyal Customers,"Use cross-selling, upselling, and exclusive member offers."
12371,45,2,1887.96,3,2,4,324,9,-0.0015614215275583,-0.3615827770984003,0.7591391847260899,3,Loyal Customers,"Use cross-selling, upselling, and exclusive member offers."
12372,72,3,1298.04,3,3,4,334,10,0.343051479153905,0.0596054655268191,0.4615924892792484,3,Loyal Customers,"Use cross-selling, upselling, and exclusive member offers."
12373,311,1,364.6,1,1,2,112,4,1.4269530713337628,-0.9552142636712972,-0.5459956549487215,1,At Risk,Launch win-back campaigns with personalized offers and re-engagement discounts.
12374,25,1,742.93,4,1,3,413,8,-0.4273072773233673,-0.9552142636712972,0.0185844411181184,2,New Customers,Use welcome offers and second-purchase incentives to build loyalty.
12375,11,2,457.5,5,2,2,522,9,-1.0042687305257638,-0.3615827770984003,-0.3660530843539457,2,New Customers,Use welcome offers and second-purchase incentives to build loyalty.
12377,315,2,1628.12,1,2,4,124,7,1.4364590503135464,-0.3615827770984003,0.6415302990453884,3,Loyal Customers,"Use cross-selling, upselling, and exclusive member offers."
12378,130,1,4008.62,2,1,5,215,8,0.7793883005555002,-0.9552142636712972,1.3573068160503747,3,Loyal Customers,"Use cross-selling, upselling, and exclusive member offers."
12379,82,2,852.24,2,2,3,223,7,0.4388506943278125,-0.3615827770984003,0.1275367586575833,3,Loyal Customers,"Use cross-selling, upselling, and exclusive member offers."
12380,22,4,2724.81,4,4,5,445,13,-0.5187942651860693,0.3863044476016776,1.0505969444501086,3,Loyal Customers,"Use cross-selling, upselling, and exclusive member offers."
12381,5,5,1845.31,5,4,4,544,13,-1.5215015741842748,0.6532369520997158,0.7409897052842175,0,Champions,"Target with premium products, exclusive offers, and loyalty rewards."
12383,185,5,1850.56,1,4,4,144,9,1.0409714714796316,0.6532369520997158,0.7432463137789651,3,Loyal Customers,"Use cross-selling, upselling, and exclusive member offers."
12384,29,2,585.27,4,2,3,423,9,-0.3205241028950956,-0.3615827770984003,-0.1706930453042452,2,New Customers,Use welcome offers and second-purchase incentives to build loyalty.
12386,338,2,401.9,1,2,2,122,5,1.488886141147174,-0.3615827770984003,-0.4687890239924175,1,At Risk,Launch win-back campaigns with personalized offers and re-engagement discounts.
12388,16,6,2780.66,4,4,5,445,13,-0.7443590504544844,0.8789251688960832,1.066715799417257,0,Champions,"Target with premium products, exclusive offers, and loyalty rewards."
12390,80,1,549.84,2,1,3,213,6,0.4206495661775393,-0.9552142636712972,-0.2202332202109055,1,At Risk,Launch win-back campaigns with personalized offers and re-engagement discounts.
12391,22,1,439.66,4,1,2,412,7,-0.5187942651860693,-0.9552142636712972,-0.3975931890980416,2,New Customers,Use welcome offers and second-purchase incentives to build loyalty.
12393,72,4,1582.6,3,4,4,344,11,0.343051479153905,0.3863044476016776,0.6190083120406632,3,Loyal Customers,"Use cross-selling, upselling, and exclusive member offers."
12394,64,2,1272.48,3,2,4,324,9,0.2564373503073006,-0.3615827770984003,0.4457994889598108,3,Loyal Customers,"Use cross-selling, upselling, and exclusive member offers."
12395,19,12,3018.63,4,5,5,455,14,-0.6230859205766931,1.7852452398084837,1.1319521509992123,0,Champions,"Target with premium products, exclusive offers, and loyalty rewards."
12397,36,2,2409.9,3,2,5,325,10,-0.164028700972232,-0.3615827770984003,0.9530318118768965,3,Loyal Customers,"Use cross-selling, upselling, and exclusive member offers."
12398,46,1,1635.66,3,1,4,314,8,0.0144867079241929,-0.9552142636712972,0.6452000234939276,3,Loyal Customers,"Use cross-selling, upselling, and exclusive member offers."
12399,119,4,1108.65,2,4,4,244,10,0.713941584421926,0.3863044476016776,0.3363586231204853,3,Loyal Customers,"Use cross-selling, upselling, and exclusive member offers."
12401,303,1,84.3,1,1,1,111,3,1.4075699228848029,-0.9552142636712972,-1.7026146180254422,1,At Risk,Launch win-back campaigns with personalized offers and re-engagement discounts.
12402,323,1,225.6,1,1,1,111,3,1.4551152534945606,-0.9552142636712972,-0.9261563516366872,1,At Risk,Launch win-back campaigns with personalized offers and re-engagement discounts.
12403,50,1,427.7,3,1,2,312,6,0.0754356108856238,-0.9552142636712972,-0.4194610946286848,1,At Risk,Launch win-back campaigns with personalized offers and re-engagement discounts.
12405,149,1,1710.39,2,1,4,214,7,0.8804533683940834,-0.9552142636712972,0.680683278116104,3,Loyal Customers,"Use cross-selling, upselling, and exclusive member offers."
12406,22,2,3415.3,4,2,5,425,11,-0.5187942651860693,-0.3615827770984003,1.2300404343430742,3,Loyal Customers,"Use cross-selling, upselling, and exclusive member offers."
12407,50,5,1708.12,3,4,4,344,11,0.0754356108856238,0.6532369520997158,0.6796284460603733,3,Loyal Customers,"Use cross-selling, upselling, and exclusive member offers."
12408,33,5,2888.55,4,4,5,445,13,-0.2271262067959733,0.6532369520997158,1.0969574943472709,3,Loyal Customers,"Use cross-selling, upselling, and exclusive member offers."
12409,79,3,11072.67,2,3,5,235,10,0.4113797667403285,0.0596054655268191,2.164649665649763,3,Loyal Customers,"Use cross-selling, upselling, and exclusive member offers."
12410,309,2,693.33,1,2,3,123,6,1.4221542814287025,-0.3615827770984003,-0.036251435859147,1,At Risk,Launch win-back campaigns with personalized offers and re-engagement discounts.
12412,75,3,1226.88,2,3,4,234,9,0.3731042355677808,0.0596054655268191,0.4168203803679154,3,Loyal Customers,"Use cross-selling, upselling, and exclusive member offers."
12413,67,3,758.1,3,3,3,333,9,0.2901066368625376,0.0596054655268191,0.0346272696599118,3,Loyal Customers,"Use cross-selling, upselling, and exclusive member offers."
12414,217,3,562.41,1,3,3,133,7,1.159430989184945,0.0596054655268191,-0.202301608668576,1,At Risk,Launch win-back campaigns with personalized offers and re-engagement discounts.
12415,24,21,124914.53,4,5,5,455,14,-0.4565741366045358,2.555485194733606,4.090328181338927,0,Champions,"Target with premium products, exclusive offers, and loyalty rewards."
12417,3,9,3649.1,5,5,5,555,15,-1.824063391865872,1.4011241767997944,1.282648592907612,0,Champions,"Target with premium products, exclusive offers, and loyalty rewards."
12418,113,1,668.58,2,1,3,213,6,0.6756660532493783,-0.9552142636712972,-0.0650974245504034,1,At Risk,Launch win-back campaigns with personalized offers and re-engagement discounts.
12420,64,1,600.39,3,1,3,313,7,0.2564373503073006,-0.9552142636712972,-0.1504567322777843,1,At Risk,Launch win-back campaigns with personalized offers and re-engagement discounts.
12421,16,4,807.04,4,4,3,443,11,-0.7443590504544844,0.3863044476016776,0.0842802901286819,2,New Customers,Use welcome offers and second-purchase incentives to build loyalty.
12422,96,3,803.56,2,3,3,233,8,0.5551626080798789,0.0596054655268191,0.0808502316415014,3,Loyal Customers,"Use cross-selling, upselling, and exclusive member offers."
12423,1,8,1859.31,5,5,4,554,14,-2.341296235524383,1.2468684386726128,0.746993147003457,0,Champions,"Target with premium products, exclusive offers, and loyalty rewards."
12424,163,2,1760.96,2,2,4,224,8,0.947038466531095,-0.3615827770984003,0.7038264754185446,3,Loyal Customers,"Use cross-selling, upselling, and exclusive member offers."
12425,78,1,777.2,2,1,3,213,6,0.4019933629965244,-0.9552142636712972,0.0543762806269091,1,At Risk,Launch win-back campaigns with personalized offers and re-engagement discounts.
12426,195,1,582.73,1,1,3,113,5,1.0800489471232713,-0.9552142636712972,-0.1741436626404147,1,At Risk,Launch win-back campaigns with personalized offers and re-engagement discounts.
12427,22,3,825.8,4,3,3,433,10,-0.5187942651860693,0.0596054655268191,0.1025202931182862,2,New Customers,Use welcome offers and second-purchase incentives to build loyalty.
12428,26,9,7956.46,4,5,5,455,14,-0.3991450951625692,1.4011241767997944,1.902023710280471,0,Champions,"Target with premium products, exclusive offers, and loyalty rewards."
12429,9,4,3750.4,5,4,5,545,14,-1.1403187642352035,0.3863044476016776,1.304403893279565,0,Champions,"Target with premium products, exclusive offers, and loyalty rewards."
12430,43,1,256.4,3,1,2,312,6,-0.0347317383159377,-0.9552142636712972,-0.8248723418203856,1,At Risk,Launch win-back campaigns with personalized offers and re-engagement discounts.
12431,36,15,6419.95,3,5,5,355,13,-0.164028700972232,2.089244923923052,1.7315198648444616,0,Champions,"Target with premium products, exclusive offers, and loyalty rewards."
12432,43,5,5059.32,3,4,5,345,12,-0.0347317383159377,0.6532369520997158,1.5422663399678556,3,Loyal Customers,"Use cross-selling, upselling, and exclusive member offers."
12433,1,7,13375.87,5,5,5,555,15,-2.341296235524383,1.0744251947249353,2.3148189016048657,0,Champions,"Target with premium products, exclusive offers, and loyalty rewards."
12434,85,2,806.14,2,2,3,223,7,0.4653461139941349,-0.3615827770984003,0.0833946242998607,3,Loyal Customers,"Use cross-selling, upselling, and exclusive member offers."
12435,80,2,7829.89,2,2,5,225,9,0.4206495661775393,-0.3615827770984003,1.889281299502482,3,Loyal Customers,"Use cross-selling, upselling, and exclusive member offers."
12436,100,1,509.01,2,1,3,213,6,0.5853165797205673,-0.9552142636712972,-0.2814384092623623,1,At Risk,Launch win-back campaigns with personalized offers and re-engagement discounts.
12437,2,18,4951.41,5,5,5,555,15,-2.038734417842785,2.340846655976633,1.52513567327238,0,Champions,"Target with premium products, exclusive offers, and loyalty rewards."
12438,14,2,2906.85,4,2,5,425,11,-0.8377569465536066,-0.3615827770984003,1.1019747649934308,3,Loyal Customers,"Use cross-selling, upselling, and exclusive member offers."
12441,367,1,173.55,1,1,1,111,3,1.5501371094479746,-0.9552142636712972,-1.133560464750604,1,At Risk,Launch win-back campaigns with personalized offers and re-engagement discounts.
12442,3,1,172.06,5,1,1,511,7,-1.824063391865872,-0.9552142636712972,-1.1403735673538156,2,New Customers,Use welcome offers and second-purchase incentives to build loyalty.
12444,21,5,5005.46,4,4,5,445,13,-0.5519645819744484,0.6532369520997158,1.5337622434964655,0,Champions,"Target with premium products, exclusive offers, and loyalty rewards."
12445,22,1,133.4,4,1,1,411,6,-0.5187942651860693,-0.9552142636712972,-1.3412949384918038,2,New Customers,Use welcome offers and second-purchase incentives to build loyalty.
12446,58,1,1002.31,3,1,4,314,8,0.1841671134665053,-0.9552142636712972,0.2562976775845005,1,At Risk,Launch win-back campaigns with personalized offers and re-engagement discounts.
12447,243,1,476.49,1,1,2,112,4,1.2435087462334855,-0.9552142636712972,-0.3338007154277082,1,At Risk,Launch win-back campaigns with personalized offers and re-engagement discounts.
12448,44,1,449.45,3,1,2,312,6,-0.0179622852134984,-0.9552142636712972,-0.3801302591807048,1,At Risk,Launch win-back campaigns with personalized offers and re-engagement discounts.
12449,22,4,4067.29,4,4,5,445,13,-0.5187942651860693,0.3863044476016776,1.3688512588844637,3,Loyal Customers,"Use cross-selling, upselling, and exclusive member offers."
12450,156,2,197.88,2,2,1,221,5,0.9144883541766984,-0.3615827770984003,-1.0298561537980184,1,At Risk,Launch win-back campaigns with personalized offers and re-engagement discounts.
12451,11,5,9035.52,5,4,5,545,14,-1.0042687305257638,0.6532369520997158,2.0030846754492506,0,Champions,"Target with premium products, exclusive offers, and loyalty rewards."
12452,17,2,430.57,4,2,2,422,8,-0.7017069128441668,-0.3615827770984003,-0.4141583954223074,2,New Customers,Use welcome offers and second-purchase incentives to build loyalty.
12453,134,1,707.09,2,1,3,213,6,0.8018323761266101,-0.9552142636712972,-0.0206558197341902,1,At Risk,Launch win-back campaigns with personalized offers and re-engagement discounts.
12454,56,1,3528.34,3,1,5,315,9,0.1584332095908674,-0.9552142636712972,1.2559110337316428,3,Loyal Customers,"Use cross-selling, upselling, and exclusive member offers."
12455,73,6,2466.86,2,4,5,245,11,0.3532041426862792,0.8789251688960832,0.9715896987374352,3,Loyal Customers,"Use cross-selling, upselling, and exclusive member offers."
12456,44,3,3181.04,3,3,5,335,11,-0.0179622852134984,0.0596054655268191,1.1735864913120333,3,Loyal Customers,"Use cross-selling, upselling, and exclusive member offers."
12457,66,7,2363.23,3,5,5,355,13,0.2790514826837337,1.0744251947249353,0.9374966889886828,3,Loyal Customers,"Use cross-selling, upselling, and exclusive member offers."
12458,71,2,947.4,3,2,4,324,9,0.3327587744728552,-0.3615827770984003,0.2115676624130852,3,Loyal Customers,"Use cross-selling, upselling, and exclusive member offers."
12461,94,2,826.88,2,2,3,223,7,0.5396160195399382,-0.3615827770984003,0.1035577213498345,3,Loyal Customers,"Use cross-selling, upselling, and exclusive member offers."
12462,19,2,1189.59,4,2,4,424,10,-0.6230859205766931,-0.3615827770984003,0.3923108854476246,2,New Customers,Use welcome offers and second-purchase incentives to build loyalty.
12463,53,4,1344.78,3,4,4,344,11,0.1180877484959417,0.3863044476016776,0.4896847097416638,3,Loyal Customers,"Use cross-selling, upselling, and exclusive member offers."
12464,10,8,1212.05,5,5,4,554,14,-1.0691974256329595,1.2468684386726128,0.4071634426062324,0,Champions,"Target with premium products, exclusive offers, and loyalty rewards."
12465,17,2,742.19,4,2,3,423,9,-0.7017069128441668,-0.3615827770984003,0.0177935184842677,2,New Customers,Use welcome offers and second-purchase incentives to build loyalty.
12468,188,2,729.54,1,2,3,123,6,1.0529110743320027,-0.3615827770984003,0.0041498383090424,1,At Risk,Launch win-back campaigns with personalized offers and re-engagement discounts.
12471,2,30,19788.65,5,5,5,555,15,-2.038734417842785,3.057582165231702,2.6260596227031834,0,Champions,"Target with premium products, exclusive offers, and loyalty rewards."
12472,32,7,6572.11,4,5,5,455,14,-0.2494027642928512,1.0744251947249353,1.7501331806695333,0,Champions,"Target with premium products, exclusive offers, and loyalty rewards."
12473,29,5,3928.05,4,4,5,445,13,-0.3205241028950956,0.6532369520997158,1.3411747946648431,3,Loyal Customers,"Use cross-selling, upselling, and exclusive member offers."
12474,17,18,7324.09,4,5,5,455,14,-0.7017069128441668,2.340846655976633,1.836216763064363,0,Champions,"Target with premium products, exclusive offers, and loyalty rewards."
12475,54,1,723.38,3,1,3,313,7,0.1317800456562198,-0.9552142636712972,-0.0025798113551887,1,At Risk,Launch win-back campaigns with personalized offers and re-engagement discounts.
12476,16,11,6816.42,4,5,5,455,14,-0.7443590504544844,1.668056681297832,1.7791359812093777,0,Champions,"Target with premium products, exclusive offers, and loyalty rewards."
12477,23,6,13219.74,4,4,5,445,13,-0.4870358868672529,0.8789251688960832,2.305488571760128,0,Champions,"Target with premium products, exclusive offers, and loyalty rewards."
12478,4,1,680.99,5,1,3,513,9,-1.6575516078937147,-0.9552142636712972,-0.0505027738250539,2,New Customers,Use welcome offers and second-purchase incentives to build loyalty.
12479,11,1,527.2,5,1,3,513,9,-1.0042687305257638,-0.9552142636712972,-0.2535874474098637,2,New Customers,Use welcome offers and second-purchase incentives to build loyalty.
12480,28,4,3281.63,4,4,5,445,13,-0.3458217546340572,0.3863044476016776,1.198320343635735,3,Loyal Customers,"Use cross-selling, upselling, and exclusive member offers."
12481,23,10,5579.82,4,5,5,455,14,-0.4870358868672529,1.54066546553549,1.6200749325190014,0,Champions,"Target with premium products, exclusive offers, and loyalty rewards."
12483,17,8,2484.98,4,5,5,455,14,-0.7017069128441668,1.2468684386726128,0.9774035834742086,0,Champions,"Target with premium products, exclusive offers, and loyalty rewards."
12484,33,6,4527.32,4,4,5,445,13,-0.2271262067959733,0.8789251688960832,1.4539890271138889,3,Loyal Customers,"Use cross-selling, upselling, and exclusive member offers."
12488,10,3,1298.66,5,3,4,534,12,-1.0691974256329595,0.0596054655268191,0.461971702800429,2,New Customers,Use welcome offers and second-purchase incentives to build loyalty.
12489,336,1,334.93,1,1,2,112,4,1.4844706888644472,-0.9552142636712972,-0.6132590379200492,1,At Risk,Launch win-back campaigns with personalized offers and re-engagement discounts.
12490,5,10,5417.93,5,5,5,555,15,-1.5215015741842748,1.54066546553549,1.5966802674876588,0,Champions,"Target with premium products, exclusive offers, and loyalty rewards."
12491,39,1,460.4,3,1,2,312,6,-0.1058530769181821,-0.9552142636712972,-0.3610422842179376,2,New Customers,Use welcome offers and second-purchase incentives to build loyalty.
12492,63,2,263.21,3,2,2,322,7,0.2448679827681711,-0.3615827770984003,-0.8041196640330142,1,At Risk,Launch win-back campaigns with personalized offers and re-engagement discounts.
12493,166,2,433.74,2,2,2,222,6,0.9605652887470136,-0.3615827770984003,-0.4083422382278166,1,At Risk,Launch win-back campaigns with personalized offers and re-engagement discounts.
12494,16,7,1246.1,4,5,4,454,13,-0.7443590504544844,1.0744251947249353,0.4291638906392698,3,Loyal Customers,"Use cross-selling, upselling, and exclusive member offers."
12497,82,1,1043.1,2,1,4,214,7,0.4388506943278125,-0.9552142636712972,0.2879681555112861,1,At Risk,Launch win-back campaigns with personalized offers and re-engagement discounts.
12498,21,3,403.7,4,3,2,432,9,-0.5519645819744484,0.0596054655268191,-0.4652463990441374,2,New Customers,Use welcome offers and second-purchase incentives to build loyalty.
12500,23,11,4257.82,4,5,5,455,14,-0.4870358868672529,1.668056681297832,1.4052254323753757,0,Champions,"Target with premium products, exclusive offers, and loyalty rewards."
12501,337,1,2169.39,1,1,5,115,7,1.4866816808776484,-0.9552142636712972,0.8695113135447609,1,At Risk,Launch win-back campaigns with personalized offers and re-engagement discounts.
12502,96,5,3723.87,2,4,5,245,11,0.5551626080798789,0.6532369520997158,1.2987635912753224,3,Loyal Customers,"Use cross-selling, upselling, and exclusive member offers."
12504,18,2,482.05,4,2,2,422,8,-0.6613614517492411,-0.3615827770984003,-0.3246001938148922,2,New Customers,Use welcome offers and second-purchase incentives to build loyalty.
12506,233,1,73.5,1,1,1,111,3,1.2122820453568492,-0.9552142636712972,-1.8102011213109857,1,At Risk,Launch win-back campaigns with personalized offers and re-engagement discounts.
12507,134,3,1304.81,2,3,4,234,9,0.8018323761266101,0.0596054655268191,0.4657234892295849,3,Loyal Customers,"Use cross-selling, upselling, and exclusive member offers."
12508,26,2,397.88,4,2,2,422,8,-0.3991450951625692,-0.3615827770984003,-0.4767583709754155,2,New Customers,Use welcome offers and second-purchase incentives to build loyalty.
12509,284,1,176.5,1,1,1,111,3,1.3594106808800466,-0.9552142636712972,-1.1202413274710556,1,At Risk,Launch win-back campaigns with personalized offers and re-engagement discounts.
12510,143,2,982.57,2,2,4,224,8,0.8499916181313663,-0.3615827770984003,0.2405056438538389,3,Loyal Customers,"Use cross-selling, upselling, and exclusive member offers."
12512,66,2,132.18,3,2,1,321,6,0.2790514826837337,-0.3615827770984003,-1.3485419250108248,1,At Risk,Launch win-back campaigns with personalized offers and re-engagement discounts.
12513,113,1,612.29,2,1,3,213,6,0.6756660532493783,-0.9552142636712972,-0.1348846303357573,1,At Risk,Launch win-back campaigns with personalized offers and re-engagement discounts.
12514,267,1,1017.68,1,1,4,114,6,1.3135171700007555,-0.9552142636712972,0.2683800298005637,1,At Risk,Launch win-back campaigns with personalized offers and re-engagement discounts.
12515,353,1,383.7,1,1,2,112,4,1.5211946184651242,-0.9552142636712972,-0.5055249730244095,1,At Risk,Launch win-back campaigns with personalized offers and re-engagement discounts.
12516,78,2,1312.06,2,2,4,224,8,0.4019933629965244,-0.3615827770984003,0.4701236995783067,3,Loyal Customers,"Use cross-selling, upselling, and exclusive member offers."
12517,28,5,2481.6,4,4,5,445,13,-0.3458217546340572,0.6532369520997158,0.976322316985746,3,Loyal Customers,"Use cross-selling, upselling, and exclusive member offers."
12518,1,5,2056.89,5,4,5,545,14,-2.341296235524383,0.6532369520997158,0.8272113923662335,0,Champions,"Target with premium products, exclusive offers, and loyalty rewards."
12519,64,1,330.84,3,1,2,312,6,0.2564373503073006,-0.9552142636712972,-0.6229943549166101,1,At Risk,Launch win-back campaigns with personalized offers and re-engagement discounts.
12520,79,5,2634.26,2,4,5,245,11,0.4113797667403285,0.6532369520997158,1.023748041603172,3,Loyal Customers,"Use cross-selling, upselling, and exclusive member offers."
12521,143,1,599.68,2,1,3,213,6,0.8499916181313663,-0.9552142636712972,-0.1513955405406637,1,At Risk,Launch win-back campaigns with personalized offers and re-engagement discounts.
12522,39,2,192.72,3,2,1,321,6,-0.1058530769181821,-0.3615827770984003,-1.050747800746885,2,New Customers,Use welcome offers and second-purchase incentives to build loyalty.
12523,19,11,1789.77,4,5,4,454,13,-0.6230859205766931,1.668056681297832,0.7167160575391445,0,Champions,"Target with premium products, exclusive offers, and loyalty rewards."
12524,9,8,4485.72,5,5,5,555,15,-1.1403187642352035,1.2468684386726128,1.4466544172537414,0,Champions,"Target with premium products, exclusive offers, and loyalty rewards."
12526,1,3,1316.66,5,3,4,534,12,-2.341296235524383,0.0596054655268191,0.4729029770718619,2,New Customers,Use welcome offers and second-purchase incentives to build loyalty.
12527,82,3,348.71,2,3,2,232,7,0.4388506943278125,0.0596054655268191,-0.5813098503387805,1,At Risk,Launch win-back campaigns with personalized offers and re-engagement discounts.
12528,9,6,1933.48,5,5,4,554,14,-1.1403187642352035,0.8789251688960832,0.7780633510855962,0,Champions,"Target with premium products, exclusive offers, and loyalty rewards."
12530,60,4,1662.28,3,4,4,344,11,0.2090430589164636,0.3863044476016776,0.6580221391812259,3,Loyal Customers,"Use cross-selling, upselling, and exclusive member offers."
12531,15,1,125.22,4,1,1,411,6,-0.7895977045488505,-0.9552142636712972,-1.391199069587523,2,New Customers,Use welcome offers and second-purchase incentives to build loyalty.
12532,30,1,349.83,4,1,2,412,7,-0.2960560335189878,-0.9552142636712972,-0.5787686803513961,2,New Customers,Use welcome offers and second-purchase incentives to build loyalty.
12534,131,1,1089.18,2,1,4,214,7,0.7850629230241704,-0.9552142636712972,0.3222904911285308,1,At Risk,Launch win-back campaigns with personalized offers and re-engagement discounts.
12535,92,2,716.35,2,2,3,223,7,0.5237386278211207,-0.3615827770984003,-0.0103301931016642,3,Loyal Customers,"Use cross-selling, upselling, and exclusive member offers."
12536,43,3,12601.83,3,3,5,335,11,-0.0347317383159377,0.0596054655268191,2.267448606509476,3,Loyal Customers,"Use cross-selling, upselling, and exclusive member offers."
12538,29,1,363.95,4,1,2,412,7,-0.3205241028950956,-0.9552142636712972,-0.547409858061806,2,New Customers,Use welcome offers and second-purchase incentives to build loyalty.
12539,22,4,5568.35,4,4,5,445,13,-0.5187942651860693,0.3863044476016776,1.6184398851279478,3,Loyal Customers,"Use cross-selling, upselling, and exclusive member offers."
12540,20,17,13400.24,4,5,5,455,14,-0.5866782483482139,2.2616881678707283,2.316265420099068,0,Champions,"Target with premium products, exclusive offers, and loyalty rewards."
12541,30,3,981.18,4,3,4,434,11,-0.2960560335189878,0.0596054655268191,0.2393817252731259,3,Loyal Customers,"Use cross-selling, upselling, and exclusive member offers."
12544,36,1,372.7,3,1,2,312,6,-0.164028700972232,-0.9552142636712972,-0.5285803952930413,2,New Customers,Use welcome offers and second-purchase incentives to build loyalty.
12545,75,2,1000.39,2,2,4,224,8,0.3731042355677808,-0.3615827770984003,0.2547753776318019,3,Loyal Customers,"Use cross-selling, upselling, and exclusive member offers."
12546,47,2,1161.5,3,2,4,324,9,0.030196956791258,-0.3615827770984003,0.3733358719030631,3,Loyal Customers,"Use cross-selling, upselling, and exclusive member offers."
12547,198,2,207.8,1,2,1,121,4,1.0913839892534942,-0.3615827770984003,-0.9911726090342264,1,At Risk,Launch win-back campaigns with personalized offers and re-engagement discounts.
12548,166,1,95.2,2,1,1,211,4,0.9605652887470136,-0.9552142636712972,-1.6070447337615237,1,At Risk,Launch win-back campaigns with personalized offers and re-engagement discounts.
12550,79,1,964.83,2,1,4,214,7,0.4113797667403285,-0.9552142636712972,0.2260408281204747,1,At Risk,Launch win-back campaigns with personalized offers and re-engagement discounts.
12551,358,1,168.0,1,1,1,111,3,1.531660558029954,-0.9552142636712972,-1.1592401134305588,1,At Risk,Launch win-back campaigns with personalized offers and re-engagement discounts.
12552,39,2,437.82,3,2,2,322,7,-0.1058530769181821,-0.3615827770984003,-0.4009185650492283,2,New Customers,Use welcome offers and second-purchase incentives to build loyalty.
12553,8,10,3692.28,5,5,5,555,15,-1.2189397565026774,1.54066546553549,1.2919948969287491,0,Champions,"Target with premium products, exclusive offers, and loyalty rewards."
12556,50,2,599.56,3,2,3,323,8,0.0754356108856238,-0.3615827770984003,-0.1515543219765247,3,Loyal Customers,"Use cross-selling, upselling, and exclusive member offers."
12557,16,5,11990.96,4,4,5,445,13,-0.7443590504544844,0.6532369520997158,2.227962594800681,0,Champions,"Target with premium products, exclusive offers, and loyalty rewards."
12558,8,1,269.96,5,1,2,512,8,-1.2189397565026774,-0.9552142636712972,-0.7840710984013237,2,New Customers,Use welcome offers and second-purchase incentives to build loyalty.
12559,311,2,561.71,1,2,3,123,6,1.4269530713337628,-0.3615827770984003,-0.2032896194575505,1,At Risk,Launch win-back campaigns with personalized offers and re-engagement discounts.
12560,5,3,2134.01,5,3,5,535,13,-1.5215015741842748,0.0596054655268191,0.8564495336565487,2,New Customers,Use welcome offers and second-purchase incentives to build loyalty.
12561,303,1,238.85,1,1,1,111,3,1.4075699228848029,-0.9552142636712972,-0.8809940678166248,1,At Risk,Launch win-back campaigns with personalized offers and re-engagement discounts.
12562,8,7,3781.74,5,5,5,555,15,-1.2189397565026774,1.0744251947249353,1.3110156379496576,0,Champions,"Target with premium products, exclusive offers, and loyalty rewards."
12564,261,1,456.9,1,1,2,112,4,1.2966211442140112,-0.9552142636712972,-0.3670937578515109,1,At Risk,Launch win-back campaigns with personalized offers and re-engagement discounts.
12565,289,1,145.92,1,1,1,111,3,1.3723885603136328,-0.9552142636712972,-1.2705103099167387,1,At Risk,Launch win-back campaigns with personalized offers and re-engagement discounts.
12566,86,1,351.65,2,1,2,212,5,0.473972906706051,-0.9552142636712972,-0.5746565311407015,1,At Risk,Launch win-back campaigns with personalized offers and re-engagement discounts.
12567,23,10,9401.28,4,5,5,455,14,-0.4870358868672529,1.54066546553549,2.034617929529288,0,Champions,"Target with premium products, exclusive offers, and loyalty rewards."
12569,2,32,4124.69,5,5,5,555,15,-2.038734417842785,3.1491166813065026,1.379985800931739,0,Champions,"Target with premium products, exclusive offers, and loyalty rewards."
12571,40,2,519.61,3,2,3,323,8,-0.0874272207859269,-0.3615827770984003,-0.2650901740967866,2,New Customers,Use welcome offers and second-purchase incentives to build loyalty.
12572,9,2,1020.42,5,2,4,524,11,-1.1403187642352035,-0.3615827770984003,0.2705147827923131,2,New Customers,Use welcome offers and second-purchase incentives to build loyalty.
12573,227,1,160.54,1,1,1,111,3,1.1928988969078893,-0.9552142636712972,-1.1951188236091326,1,At Risk,Launch win-back campaigns with personalized offers and re-engagement discounts.
12574,316,1,218.45,1,1,1,111,3,1.438816743455106,-0.9552142636712972,-0.951636852585686,1,At Risk,Launch win-back campaigns with personalized offers and re-engagement discounts.
12576,36,5,1315.83,3,4,4,344,11,-0.164028700972232,0.6532369520997158,0.4724022168593139,3,Loyal Customers,"Use cross-selling, upselling, and exclusive member offers."
12577,35,3,626.6,3,3,3,333,9,-0.1844740691856557,0.0596054655268191,-0.1165541491785065,3,Loyal Customers,"Use cross-selling, upselling, and exclusive member offers."
12578,21,2,2794.51,4,2,5,425,11,-0.5519645819744484,-0.3615827770984003,1.070662962282409,3,Loyal Customers,"Use cross-selling, upselling, and exclusive member offers."
12579,78,1,440.42,2,1,2,212,5,0.4019933629965244,-0.9552142636712972,-0.3962237144801083,1,At Risk,Launch win-back campaigns with personalized offers and re-engagement discounts.
12580,247,1,415.7,1,1,2,112,4,1.2556424974565452,-0.9552142636712972,-0.4420240734367445,1,At Risk,Launch win-back campaigns with personalized offers and re-engagement discounts.
12581,40,1,197.71,3,1,1,311,5,-0.0874272207859269,-0.9552142636712972,-1.0305357669235675,1,At Risk,Launch win-back campaigns with personalized offers and re-engagement discounts.
12582,239,2,511.36,1,2,3,123,6,1.231174428080437,-0.3615827770984003,-0.2777849119461517,1,At Risk,Launch win-back campaigns with personalized offers and re-engagement discounts.
12583,3,15,7281.38,5,5,5,555,15,-1.824063391865872,2.089244923923052,1.8315694271088767,0,Champions,"Target with premium products, exclusive offers, and loyalty rewards."
12584,4,9,2338.15,5,5,5,555,15,-1.6575516078937147,1.4011241767997944,0.9290211008778702,0,Champions,"Target with premium products, exclusive offers, and loyalty rewards."
12585,234,2,2040.1,1,2,4,124,7,1.2154641792133722,-0.3615827770984003,0.8207007396694876,3,Loyal Customers,"Use cross-selling, upselling, and exclusive member offers."
12586,17,1,196.94,4,1,1,411,6,-0.7017069128441668,-0.9552142636712972,-1.0336213132752905,2,New Customers,Use welcome offers and second-purchase incentives to build loyalty.
12587,8,1,144.0,5,1,1,511,7,-1.2189397565026774,-0.9552142636712972,-1.2809645363770958,2,New Customers,Use welcome offers and second-purchase incentives to build loyalty.
12588,39,1,214.9,3,1,1,311,5,-0.1058530769181821,-0.9552142636712972,-0.964598126632749,1,At Risk,Launch win-back campaigns with personalized offers and re-engagement discounts.
12589,29,2,646.68,4,2,3,423,9,-0.3205241028950956,-0.3615827770984003,-0.0915252172694277,2,New Customers,Use welcome offers and second-purchase incentives to build loyalty.
12590,211,2,9864.26,1,2,5,125,8,1.1386051930976016,-0.3615827770984003,2.0728183225641823,3,Loyal Customers,"Use cross-selling, upselling, and exclusive member offers."
12591,317,1,452.85,1,1,2,112,4,1.4411670107791992,-0.9552142636712972,-0.374154175151805,1,At Risk,Launch win-back campaigns with personalized offers and re-engagement discounts.
12592,92,2,437.6,2,2,2,222,6,0.5237386278211207,-0.3615827770984003,-0.4013170972552302,1,At Risk,Launch win-back campaigns with personalized offers and re-engagement discounts.
12593,109,3,418.1,2,3,2,232,7,0.6490128893147309,0.0596054655268191,-0.4374599400168643,1,At Risk,Launch win-back campaigns with personalized offers and re-engagement discounts.
12594,38,10,3338.22,3,5,5,355,13,-0.1247454596417701,1.54066546553549,1.2119040783362012,0,Champions,"Target with premium products, exclusive offers, and loyalty rewards."
12596,51,2,618.27,3,2,3,323,8,0.0899255663351436,-0.3615827770984003,-0.1271730251832697,3,Loyal Customers,"Use cross-selling, upselling, and exclusive member offers."
12597,19,4,3811.22,4,4,5,445,13,-0.6230859205766931,0.3863044476016776,1.31718517294621,3,Loyal Customers,"Use cross-selling, upselling, and exclusive member offers."
12598,10,8,3023.08,5,5,5,555,15,-1.0691974256329595,1.2468684386726128,1.1331224712909178,0,Champions,"Target with premium products, exclusive offers, and loyalty rewards."
12599,29,7,1032.58,4,5,4,454,13,-0.3205241028950956,1.0744251947249353,0.2799201353663486,3,Loyal Customers,"Use cross-selling, upselling, and exclusive member offers."
12600,29,10,2599.04,4,5,5,455,14,-0.3205241028950956,1.54066546553549,1.0130549670923372,0,Champions,"Target with premium products, exclusive offers, and loyalty rewards."
12601,190,5,577.06,1,4,3,143,8,1.060765981162014,0.6532369520997158,-0.1819009009886076,3,Loyal Customers,"Use cross-selling, upselling, and exclusive member offers."
12602,59,1,153.12,3,1,1,311,5,0.196708740763415,-0.9552142636712972,-1.2324879223960952,1,At Risk,Launch win-back campaigns with personalized offers and re-engagement discounts.
12603,22,1,739.2,4,1,3,413,8,-0.5187942651860693,-0.9552142636712972,0.0145897236833373,2,New Customers,Use welcome offers and second-purchase incentives to build loyalty.
12604,79,2,254.18,2,2,2,222,6,0.4113797667403285,-0.3615827770984003,-0.8317563645556939,1,At Risk,Launch win-back campaigns with personalized offers and re-engagement discounts.
12607,60,1,1579.51,3,1,4,314,8,0.2090430589164636,-0.9552142636712972,0.6174560847779061,3,Loyal Customers,"Use cross-selling, upselling, and exclusive member offers."
12609,78,3,1126.85,2,3,4,234,9,0.4019933629965244,0.0596054655268191,0.3492876603240397,3,Loyal Customers,"Use cross-selling, upselling, and exclusive member offers."
12610,23,5,2099.54,4,4,5,445,13,-0.4870358868672529,0.6532369520997158,0.843513851929885,3,Loyal Customers,"Use cross-selling, upselling, and exclusive member offers."
12611,52,1,1193.32,3,1,4,314,8,0.10413950578058,-0.9552142636712972,0.3947967957493726,3,Loyal Customers,"Use cross-selling, upselling, and exclusive member offers."
12612,74,1,704.04,2,1,3,213,6,0.3632205247355723,-0.9552142636712972,-0.0240863926941738,1,At Risk,Launch win-back campaigns with personalized offers and re-engagement discounts.
12613,57,5,3344.38,3,4,5,345,12,0.1714110890244534,0.6532369520997158,1.2133687951712635,3,Loyal Customers,"Use cross-selling, upselling, and exclusive member offers."
12614,278,1,315.6,1,1,2,112,4,1.3435332891612286,-0.9552142636712972,-0.6603574990787237,1,At Risk,Launch win-back campaigns with personalized offers and re-engagement discounts.
12615,2,4,2291.19,5,4,5,545,14,-2.038734417842785,0.3863044476016776,0.9129040873579024,0,Champions,"Target with premium products, exclusive offers, and loyalty rewards."
12616,95,2,713.3,2,2,3,223,7,0.5474298004497687,-0.3615827770984003,-0.0137163876138997,1,At Risk,Launch win-back campaigns with personalized offers and re-engagement discounts.
12617,29,1,352.98,4,1,2,412,7,-0.3205241028950956,-0.9552142636712972,-0.5716648979345953,2,New Customers,Use welcome offers and second-purchase incentives to build loyalty.
12618,22,1,177.31,4,1,1,411,6,-0.5187942651860693,-0.9552142636712972,-1.1166229332413469,2,New Customers,Use welcome offers and second-purchase incentives to build loyalty.
12619,16,9,3641.24,4,5,5,455,14,-0.7443590504544844,1.4011241767997944,1.280935408678231,0,Champions,"Target with premium products, exclusive offers, and loyalty rewards."
12620,15,3,1339.41,4,3,4,434,11,-0.7895977045488505,0.0596054655268191,0.4865072035973988,2,New Customers,Use welcome offers and second-purchase incentives to build loyalty.
12621,2,20,13689.67,5,5,5,555,15,-2.038734417842785,2.487376384667096,2.3332466329747943,0,Champions,"Target with premium products, exclusive offers, and loyalty rewards."
12622,232,1,180.1,1,1,1,111,3,1.2090862834765006,-0.9552142636712972,-1.1042841869808098,1,At Risk,Launch win-back campaigns with personalized offers and re-engagement discounts.
12623,276,1,305.1,1,1,2,112,4,1.3381648540746935,-0.9552142636712972,-0.687161514677147,1,At Risk,Launch win-back campaigns with personalized offers and re-engagement discounts.
12624,106,2,641.13,2,2,3,223,7,0.6283790606233428,-0.3615827770984003,-0.0983646201438438,1,At Risk,Launch win-back campaigns with personalized offers and re-engagement discounts.
12625,212,2,2683.82,1,2,5,125,8,1.1421167725593575,-0.3615827770984003,1.0385552763260972,3,Loyal Customers,"Use cross-selling, upselling, and exclusive member offers."
12626,23,9,6620.48,4,5,5,455,14,-0.4870358868672529,1.4011241767997944,1.7559599844838083,0,Champions,"Target with premium products, exclusive offers, and loyalty rewards."
12627,11,7,4478.53,5,5,5,555,15,-1.0042687305257638,1.0744251947249353,1.445379839299594,0,Champions,"Target with premium products, exclusive offers, and loyalty rewards."
12628,4,3,786.46,5,3,3,533,11,-1.6575516078937147,0.0596054655268191,0.0637771248718749,2,New Customers,Use welcome offers and second-purchase incentives to build loyalty.
12630,10,2,1270.88,5,2,4,524,11,-1.0691974256329595,-0.3615827770984003,0.444800365658321,2,New Customers,Use welcome offers and second-purchase incentives to build loyalty.
12631,57,1,640.5,3,1,3,313,7,0.1714110890244534,-0.9552142636712972,-0.0991447178278671,1,At Risk,Launch win-back campaigns with personalized offers and re-engagement discounts.
12633,59,4,2163.98,3,4,5,345,12,0.196708740763415,0.3863044476016776,0.8675278711796518,3,Loyal Customers,"Use cross-selling, upselling, and exclusive member offers."
12635,90,2,1689.18,2,2,4,224,8,0.5075160485126933,-0.3615827770984003,0.670772331265192,3,Loyal Customers,"Use cross-selling, upselling, and exclusive member offers."
12637,67,8,6002.9,3,5,5,355,13,0.2901066368625376,1.2468684386726128,1.678148487003251,3,Loyal Customers,"Use cross-selling, upselling, and exclusive member offers."
12638,33,1,671.69,4,1,3,413,8,-0.2271262067959733,-0.9552142636712972,-0.0614146973862998,2,New Customers,Use welcome offers and second-purchase incentives to build loyalty.
12639,239,1,486.1,1,1,2,112,4,1.231174428080437,-0.9552142636712972,-0.3179647966809387,1,At Risk,Launch win-back campaigns with personalized offers and re-engagement discounts.
12640,24,3,1174.58,4,3,4,434,11,-0.4565741366045358,0.0596054655268191,0.3822279070474543,3,Loyal Customers,"Use cross-selling, upselling, and exclusive member offers."
12641,115,1,185.9,2,1,1,211,4,0.6886439326829644,-0.9552142636712972,-1.0792309179615365,1,At Risk,Launch win-back campaigns with personalized offers and re-engagement discounts.
12642,25,3,1013.26,4,3,4,434,11,-0.4273072773233673,0.0596054655268191,0.2649242452771201,3,Loyal Customers,"Use cross-selling, upselling, and exclusive member offers."
12643,128,6,3344.64,2,5,5,255,12,0.7679079316757323,0.8789251688960832,1.2134305582992857,3,Loyal Customers,"Use cross-selling, upselling, and exclusive member offers."
12644,130,1,477.91,2,1,2,212,5,0.7793883005555002,-0.9552142636712972,-0.3314407950040925,1,At Risk,Launch win-back campaigns with personalized offers and re-engagement discounts.
12645,34,4,1775.18,3,4,4,344,11,-0.2054954383991431,0.3863044476016776,0.7102146265786073,3,Loyal Customers,"Use cross-selling, upselling, and exclusive member offers."
12646,5,2,1346.97,5,2,4,524,11,-1.5215015741842748,-0.3615827770984003,0.4909769259549658,2,New Customers,Use welcome offers and second-purchase incentives to build loyalty.
12647,22,12,3722.82,4,5,5,455,14,-0.5187942651860693,1.7852452398084837,1.2985395347149569,0,Champions,"Target with premium products, exclusive offers, and loyalty rewards."
12648,155,1,318.05,2,1,2,212,5,0.9097202276752518,-0.9552142636712972,-0.6542311964496926,1,At Risk,Launch win-back campaigns with personalized offers and re-engagement discounts.
12649,107,3,623.51,2,3,3,233,8,0.6353205921544528,0.0596054655268191,-0.1204766689360063,3,Loyal Customers,"Use cross-selling, upselling, and exclusive member offers."
12650,3,1,314.44,5,1,2,512,8,-1.824063391865872,-0.9552142636712972,-0.6632746720111341,2,New Customers,Use welcome offers and second-purchase incentives to build loyalty.
12651,335,1,114.0,1,1,1,111,3,1.4822531262858296,-0.9552142636712972,-1.4651836646033176,1,At Risk,Launch win-back campaigns with personalized offers and re-engagement discounts.
12652,331,1,919.98,1,1,3,113,5,1.4733163816448338,-0.9552142636712972,0.1882519188460823,1,At Risk,Launch win-back campaigns with personalized offers and re-engagement discounts.
12653,149,2,2209.85,2,2,5,225,9,0.8804533683940834,-0.3615827770984003,0.8841900760354895,3,Loyal Customers,"Use cross-selling, upselling, and exclusive member offers."
12654,11,5,601.98,5,4,3,543,12,-1.0042687305257638,0.6532369520997158,-0.1483583446817622,2,New Customers,Use welcome offers and second-purchase incentives to build loyalty.
12656,17,5,4051.17,4,4,5,445,13,-0.7017069128441668,0.6532369520997158,1.3656960127796174,0,Champions,"Target with premium products, exclusive offers, and loyalty rewards."
12657,11,4,1643.18,5,4,4,544,13,-1.0042687305257638,0.3863044476016776,0.6488432134224662,3,Loyal Customers,"Use cross-selling, upselling, and exclusive member offers."
12658,19,1,686.05,4,1,3,413,8,-0.6230859205766931,-0.9552142636712972,-0.0446280883502105,2,New Customers,Use welcome offers and second-purchase incentives to build loyalty.
12659,30,1,91.68,4,1,1,411,6,-0.2960560335189878,-0.9552142636712972,-1.6366695208350497,1,At Risk,Launch win-back campaigns with personalized offers and re-engagement discounts.
12660,11,1,245.1,5,1,1,511,7,-1.0042687305257638,-0.9552142636712972,-0.8605503140375738,2,New Customers,Use welcome offers and second-purchase incentives to build loyalty.
12662,1,11,3849.78,5,5,5,555,15,-2.341296235524383,1.668056681297832,1.3251833336876873,0,Champions,"Target with premium products, exclusive offers, and loyalty rewards."
12664,8,9,4881.88,5,5,5,555,15,-1.2189397565026774,1.4011241767997944,1.5138989274454135,0,Champions,"Target with premium products, exclusive offers, and loyalty rewards."
12665,325,1,63.0,1,1,1,111,3,1.4597073249619177,-0.9552142636712972,-1.9309329848029195,1,At Risk,Launch win-back campaigns with personalized offers and re-engagement discounts.
12667,58,1,620.13,3,1,3,313,7,0.1841671134665053,-0.9552142636712972,-0.1247896095977809,1,At Risk,Launch win-back campaigns with personalized offers and re-engagement discounts.
12668,12,4,3807.15,5,4,5,545,14,-0.9445401209818785,0.3863044476016776,1.3163362531626484,0,Champions,"Target with premium products, exclusive offers, and loyalty rewards."
12669,151,3,2744.03,2,3,5,235,10,0.8903370792262918,0.0596054655268191,1.05618099600476,3,Loyal Customers,"Use cross-selling, upselling, and exclusive member offers."
12670,10,5,2996.05,5,4,5,545,14,-1.0691974256329595,0.6532369520997158,1.1259870565390084,0,Champions,"Target with premium products, exclusive offers, and loyalty rewards."
12672,330,1,225.9,1,1,1,111,3,1.4710653716164896,-0.9552142636712972,-0.9251048927656744,1,At Risk,Launch win-back campaigns with personalized offers and re-engagement discounts.
12673,5,2,610.52,5,2,3,523,10,-1.5215015741842748,-0.3615827770984003,-0.1371815886201286,2,New Customers,Use welcome offers and second-purchase incentives to build loyalty.
12674,39,4,1970.6,3,4,4,344,11,-0.1058530769181821,0.3863044476016776,0.7931686098926958,3,Loyal Customers,"Use cross-selling, upselling, and exclusive member offers."
12676,25,6,1331.39,4,5,4,454,13,-0.4273072773233673,0.8789251688960832,0.4817378725145386,3,Loyal Customers,"Use cross-selling, upselling, and exclusive member offers."
12678,42,12,17628.46,3,5,5,355,13,-0.0518867296643757,1.7852452398084837,2.5341988874692563,0,Champions,"Target with premium products, exclusive offers, and loyalty rewards."
12679,59,4,1113.02,3,4,4,344,11,0.196708740763415,0.3863044476016776,0.3394822555418116,3,Loyal Customers,"Use cross-selling, upselling, and exclusive member offers."
12680,1,4,862.81,5,4,3,543,12,-2.341296235524383,0.3863044476016776,0.1373214198946076,2,New Customers,Use welcome offers and second-purchase incentives to build loyalty.
12681,15,22,13787.54,4,5,5,455,14,-0.7895977045488505,2.6205659263872656,2.3389076628186447,0,Champions,"Target with premium products, exclusive offers, and loyalty rewards."
12682,4,31,12279.82,5,5,5,555,15,-1.6575516078937147,3.104064653121168,2.2468789148550203,0,Champions,"Target with premium products, exclusive offers, and loyalty rewards."
12683,4,15,8476.57,5,5,5,555,15,-1.6575516078937147,2.089244923923052,1.9523410891665605,0,Champions,"Target with premium products, exclusive offers, and loyalty rewards."
12684,8,7,2283.63,5,5,5,555,15,-1.2189397565026774,1.0744251947249353,0.910278620014745,0,Champions,"Target with premium products, exclusive offers, and loyalty rewards."
12685,28,6,2863.08,4,5,5,455,14,-0.3458217546340572,0.8789251688960832,1.0899212953372424,3,Loyal Customers,"Use cross-selling, upselling, and exclusive member offers."
12686,372,1,89.14,1,1,1,111,3,1.5602075626728675,-0.9552142636712972,-1.6587539521665056,1,At Risk,Launch win-back campaigns with personalized offers and re-engagement discounts.
12688,114,1,4873.81,2,1,5,215,8,0.68218320610311,-0.9552142636712972,1.5125843841939102,3,Loyal Customers,"Use cross-selling, upselling, and exclusive member offers."
12689,26,2,1247.61,4,2,4,424,10,-0.3991450951625692,-0.3615827770984003,0.4301255718786984,3,Loyal Customers,"Use cross-selling, upselling, and exclusive member offers."
12690,206,1,389.01,1,1,2,112,4,1.120795057494147,-0.9552142636712972,-0.4946303947602086,1,At Risk,Launch win-back campaigns with personalized offers and re-engagement discounts.
12691,28,6,1035.8,4,5,4,454,13,-0.3458217546340572,0.8789251688960832,0.2823921692596279,3,Loyal Customers,"Use cross-selling, upselling, and exclusive member offers."
12693,127,4,855.91,2,4,3,243,9,0.7621008264266822,0.3863044476016776,0.1309477513499531,3,Loyal Customers,"Use cross-selling, upselling, and exclusive member offers."
12694,70,2,869.67,3,2,3,323,8,0.322322111219249,-0.3615827770984003,0.143607868170177,3,Loyal Customers,"Use cross-selling, upselling, and exclusive member offers."
12695,7,4,582.1,5,4,3,543,12,-1.3068305482073614,0.3863044476016776,-0.1750018483290282,2,New Customers,Use welcome offers and second-purchase incentives to build loyalty.
12697,29,3,957.59,4,3,4,434,11,-0.3205241028950956,0.0596054655268191,0.2200609956619165,3,Loyal Customers,"Use cross-selling, upselling, and exclusive member offers."
12700,8,4,4939.99,5,4,5,545,14,-1.2189397565026774,0.3863044476016776,1.52330095666891,0,Champions,"Target with premium products, exclusive offers, and loyalty rewards."
12701,80,2,797.71,2,2,3,223,7,0.4206495661775393,-0.3615827770984003,0.0750506136295571,3,Loyal Customers,"Use cross-selling, upselling, and exclusive member offers."
12702,20,1,219.0,4,1,1,411,6,-0.5866782483482139,-0.9552142636712972,-0.9496475460465844,2,New Customers,Use welcome offers and second-purchase incentives to build loyalty.
12703,71,1,283.55,3,1,2,312,6,0.3327587744728552,-0.9552142636712972,-0.7451788992761337,1,At Risk,Launch win-back campaigns with personalized offers and re-engagement discounts.
12704,7,8,2340.84,5,5,5,555,15,-1.3068305482073614,1.2468684386726128,0.929934504810744,0,Champions,"Target with premium products, exclusive offers, and loyalty rewards."
12705,15,9,6868.29,4,5,5,455,14,-0.7895977045488505,1.4011241767997944,1.785159739328136,0,Champions,"Target with premium products, exclusive offers, and loyalty rewards."
12707,292,1,603.42,1,1,3,113,5,1.3800683117199994,-0.9552142636712972,-0.1464626875492814,1,At Risk,Launch win-back campaigns with personalized offers and re-engagement discounts.
12708,30,10,2712.91,4,5,5,455,14,-0.2960560335189878,1.54066546553549,1.0471198269144146,0,Champions,"Target with premium products, exclusive offers, and loyalty rewards."
12709,15,15,9706.52,4,5,5,455,14,-0.7895977045488505,2.089244923923052,2.0600083857557627,0,Champions,"Target with premium products, exclusive offers, and loyalty rewards."
12710,97,3,1149.02,2,3,4,234,9,0.5628161034647609,0.0596054655268191,0.3647579602907354,3,Loyal Customers,"Use cross-selling, upselling, and exclusive member offers."
12712,29,13,4396.13,4,5,5,455,14,-0.3205241028950956,1.8937448980941995,1.430624868181234,0,Champions,"Target with premium products, exclusive offers, and loyalty rewards."
12713,1,1,848.55,5,1,3,513,9,-2.341296235524383,-0.9552142636712972,0.1240923536042247,2,New Customers,Use welcome offers and second-purchase incentives to build loyalty.
12714,9,5,4708.86,5,4,5,545,14,-1.1403187642352035,0.6532369520997158,1.485227520954188,0,Champions,"Target with premium products, exclusive offers, and loyalty rewards."
12715,106,1,343.36,2,1,2,212,5,0.6283790606233428,-0.9552142636712972,-0.5935618612004067,1,At Risk,Launch win-back campaigns with personalized offers and re-engagement discounts.
12716,4,2,1053.49,5,2,4,524,11,-1.6575516078937147,-0.3615827770984003,0.2958375217859366,2,New Customers,Use welcome offers and second-purchase incentives to build loyalty.
12717,151,2,1030.98,2,2,4,224,8,0.8903370792262918,-0.3615827770984003,0.2786889299497238,3,Loyal Customers,"Use cross-selling, upselling, and exclusive member offers."
12718,71,1,238.25,3,1,1,311,5,0.3327587744728552,-0.9552142636712972,-0.8829846200092132,1,At Risk,Launch win-back campaigns with personalized offers and re-engagement discounts.
12719,5,2,644.95,5,2,3,523,10,-1.5215015741842748,-0.3615827770984003,-0.0936508319763386,2,New Customers,Use welcome offers and second-purchase incentives to build loyalty.
12720,3,25,5781.73,5,5,5,555,15,-1.824063391865872,2.8000649690066,1.6483196850666768,0,Champions,"Target with premium products, exclusive offers, and loyalty rewards."
12721,32,6,2656.13,4,5,5,455,14,-0.2494027642928512,0.8789251688960832,1.0303162614039052,3,Loyal Customers,"Use cross-selling, upselling, and exclusive member offers."
12722,85,4,997.63,2,4,4,244,10,0.4653461139941349,0.3863044476016776,0.2525819501428413,3,Loyal Customers,"Use cross-selling, upselling, and exclusive member offers."
12723,4,5,725.07,5,4,3,543,12,-1.6575516078937147,0.6532369520997158,-0.0007278479467068,2,New Customers,Use welcome offers and second-purchase incentives to build loyalty.
12724,5,4,1031.41,5,4,4,544,13,-1.5215015741842748,0.3863044476016776,0.2790200038750285,2,New Customers,Use welcome offers and second-purchase incentives to build loyalty.
12725,371,1,427.8,1,1,2,112,4,1.558204315138142,-0.9552142636712972,-0.4192757354331127,1,At Risk,Launch win-back campaigns with personalized offers and re-engagement discounts.
12726,28,7,2609.1,4,5,5,455,14,-0.3458217546340572,1.0744251947249353,1.0161239706364096,3,Loyal Customers,"Use cross-selling, upselling, and exclusive member offers."
12727,11,7,3980.7,5,5,5,555,15,-1.0042687305257638,1.0744251947249353,1.3517535699264585,0,Champions,"Target with premium products, exclusive offers, and loyalty rewards."
12728,71,4,836.33,3,4,3,343,10,0.3327587744728552,0.3863044476016776,0.1125779121327043,3,Loyal Customers,"Use cross-selling, upselling, and exclusive member offers."
12729,114,1,453.01,2,1,2,212,5,0.68218320610311,-0.9552142636712972,-0.3738740517651538,1,At Risk,Launch win-back campaigns with personalized offers and re-engagement discounts.
12731,24,12,18895.91,4,5,5,455,14,-0.4565741366045358,1.7852452398084837,2.5893744768813023,0,Champions,"Target with premium products, exclusive offers, and loyalty rewards."
12732,180,1,236.26,1,1,1,111,3,1.02063753599374,-0.9552142636712972,-0.8896225374237975,1,At Risk,Launch win-back campaigns with personalized offers and re-engagement discounts.
12733,234,1,383.95,1,1,2,112,4,1.2154641792133722,-0.9552142636712972,-0.5050086814793151,1,At Risk,Launch win-back campaigns with personalized offers and re-engagement discounts.
12734,353,1,110.4,1,1,1,111,3,1.5211946184651242,-0.9552142636712972,-1.490459815994754,1,At Risk,Launch win-back campaigns with personalized offers and re-engagement discounts.
12735,315,2,779.57,1,2,3,123,6,1.4364590503135464,-0.3615827770984003,0.0567929370146262,1,At Risk,Launch win-back campaigns with personalized offers and re-engagement discounts.
12736,333,1,234.0,1,1,1,111,3,1.4777981324055245,-0.9552142636712972,-0.8972289320710439,1,At Risk,Launch win-back campaigns with personalized offers and re-engagement discounts.
12738,372,1,155.35,1,1,1,111,3,1.5602075626728675,-0.9552142636712972,-1.221071212835221,1,At Risk,Launch win-back campaigns with personalized offers and re-engagement discounts.
12739,78,2,1013.04,2,2,4,224,8,0.4019933629965244,-0.3615827770984003,0.2647518446843901,3,Loyal Customers,"Use cross-selling, upselling, and exclusive member offers."
12740,64,1,427.6,3,1,2,312,6,0.2564373503073006,-0.9552142636712972,-0.4196464970668088,1,At Risk,Launch win-back campaigns with personalized offers and re-engagement discounts.
12743,134,2,540.13,2,2,3,223,7,0.8018323761266101,-0.3615827770984003,-0.2343673225887402,1,At Risk,Launch win-back campaigns with personalized offers and re-engagement discounts.
12744,52,7,21279.29,3,5,5,355,13,0.10413950578058,1.0744251947249353,2.683774500253229,0,Champions,"Target with premium products, exclusive offers, and loyalty rewards."
12747,2,11,4196.01,5,5,5,555,15,-2.038734417842785,1.668056681297832,1.3936067066823603,0,Champions,"Target with premium products, exclusive offers, and loyalty rewards."
12748,1,209,33053.19,5,5,5,555,15,-2.341296235524383,5.858534554336304,3.033746320832038,0,Champions,"Target with premium products, exclusive offers, and loyalty rewards."
12749,4,5,4090.88,5,4,5,545,14,-1.6575516078937147,0.6532369520997158,1.373446181556226,0,Champions,"Target with premium products, exclusive offers, and loyalty rewards."
12750,129,1,275.88,2,1,2,212,5,0.7736701939658116,-0.9552142636712972,-0.7668946592166076,1,At Risk,Launch win-back campaigns with personalized offers and re-engagement discounts.
12752,81,1,4366.78,2,1,5,215,8,0.429805622872584,-0.9552142636712972,1.4253024311683984,3,Loyal Customers,"Use cross-selling, upselling, and exclusive member offers."
12753,23,6,21429.39,4,5,5,455,14,-0.4870358868672529,0.8789251688960832,2.6893604144070684,0,Champions,"Target with premium products, exclusive offers, and loyalty rewards."
12754,236,3,3010.74,1,3,5,135,9,1.2217880243366328,0.0596054655268191,1.1298728874402182,3,Loyal Customers,"Use cross-selling, upselling, and exclusive member offers."
12755,281,2,3811.95,1,2,5,125,8,1.3515142129228124,-0.3615827770984003,1.31733734033694,3,Loyal Customers,"Use cross-selling, upselling, and exclusive member offers."
12756,87,1,112.08,2,1,1,211,4,0.4825011053425735,-0.9552142636712972,-1.4785641708819113,1,At Risk,Launch win-back campaigns with personalized offers and re-engagement discounts.
12757,16,13,7834.65,4,5,5,455,14,-0.7443590504544844,1.8937448980941995,1.8897642272251445,0,Champions,"Target with premium products, exclusive offers, and loyalty rewards."
12758,117,2,2791.59,2,2,5,225,9,0.7013999571250162,-0.3615827770984003,1.0698324099838972,3,Loyal Customers,"Use cross-selling, upselling, and exclusive member offers."
12759,52,3,1531.44,3,3,4,334,10,0.10413950578058,0.0596054655268191,0.5929098568261061,3,Loyal Customers,"Use cross-selling, upselling, and exclusive member offers."
12762,8,2,1898.52,5,2,4,524,11,-1.2189397565026774,-0.3615827770984003,0.7635696394919812,2,New Customers,Use welcome offers and second-purchase incentives to build loyalty.
12763,138,2,494.08,2,2,3,223,7,0.8236210556992557,-0.3615827770984003,-0.3050505337518374,1,At Risk,Launch win-back campaigns with personalized offers and re-engagement discounts.
12764,317,1,1693.88,1,1,4,114,6,1.4411670107791992,-0.9552142636712972,0.6729792179219148,1,At Risk,Launch win-back campaigns with personalized offers and re-engagement discounts.
12766,4,7,6989.63,5,5,5,555,15,-1.6575516078937147,1.0744251947249353,1.799075361411787,0,Champions,"Target with premium products, exclusive offers, and loyalty rewards."
12769,239,1,1143.6,1,1,4,114,6,1.231174428080437,-0.9552142636712972,0.3610035858690366,1,At Risk,Launch win-back campaigns with personalized offers and re-engagement discounts.
12770,211,1,1351.45,1,1,4,114,6,1.1386051930976016,-0.9552142636712972,0.4936138362717386,1,At Risk,Launch win-back campaigns with personalized offers and re-engagement discounts.
12772,60,1,892.47,3,1,3,313,7,0.2090430589164636,-0.9552142636712972,0.1641513591093626,1,At Risk,Launch win-back campaigns with personalized offers and re-engagement discounts.
12775,17,5,1386.04,4,4,4,444,12,-0.7017069128441668,0.6532369520997158,0.5136840587343199,3,Loyal Customers,"Use cross-selling, upselling, and exclusive member offers."
12778,20,6,822.23,4,5,3,453,12,-0.5866782483482139,0.8789251688960832,0.0990813474368579,3,Loyal Customers,"Use cross-selling, upselling, and exclusive member offers."
12779,38,8,3981.36,3,5,5,355,13,-0.1247454596417701,1.2468684386726128,1.3518852917322943,0,Champions,"Target with premium products, exclusive offers, and loyalty rewards."
12781,64,2,826.74,3,2,3,323,8,0.2564373503073006,-0.3615827770984003,0.1034233162847791,3,Loyal Customers,"Use cross-selling, upselling, and exclusive member offers."
12782,5,5,2330.92,5,4,5,545,14,-1.5215015741842748,0.6532369520997158,0.92656090021447,0,Champions,"Target with premium products, exclusive offers, and loyalty rewards."
12783,2,6,2225.91,5,5,5,555,15,-2.038734417842785,0.8789251688960832,0.8899422483617272,0,Champions,"Target with premium products, exclusive offers, and loyalty rewards."
12784,9,2,532.82,5,2,3,523,10,-1.1403187642352035,-0.3615827770984003,-0.2451762865880415,2,New Customers,Use welcome offers and second-purchase incentives to build loyalty.
12785,364,1,311.95,1,1,2,112,4,1.5440289504430844,-0.9552142636712972,-0.6695729324870092,1,At Risk,Launch win-back campaigns with personalized offers and re-engagement discounts.
12787,10,3,463.66,5,3,2,532,10,-1.0691974256329595,0.0596054655268191,-0.3554469178122835,2,New Customers,Use welcome offers and second-purchase incentives to build loyalty.
12789,65,1,91.85,3,1,1,311,5,0.2678300793656594,-0.9552142636712972,-1.6352131124819955,1,At Risk,Launch win-back campaigns with personalized offers and re-engagement discounts.
12790,192,1,324.92,1,1,2,112,4,1.068539064558348,-0.9552142636712972,-0.6373002236923924,1,At Risk,Launch win-back campaigns with personalized offers and re-engagement discounts.
12791,374,1,192.6,1,1,1,111,3,1.5641979960247516,-0.9552142636712972,-1.0512402478642089,1,At Risk,Launch win-back campaigns with personalized offers and re-engagement discounts.
12792,257,1,400.54,1,1,2,112,4,1.2851407753342434,-0.9552142636712972,-0.4714761864761858,1,At Risk,Launch win-back campaigns with personalized offers and re-engagement discounts.
12793,335,2,545.48,1,2,3,123,6,1.4822531262858296,-0.3615827770984003,-0.2265486620897158,1,At Risk,Launch win-back campaigns with personalized offers and re-engagement discounts.
12794,53,2,860.41,3,2,3,323,8,0.1180877484959417,-0.3615827770984003,0.1351102846838165,3,Loyal Customers,"Use cross-selling, upselling, and exclusive member offers."
12795,19,1,430.48,4,1,2,412,7,-0.6230859205766931,-0.9552142636712972,-0.4143241459107528,2,New Customers,Use welcome offers and second-purchase incentives to build loyalty.
12797,366,1,254.03,1,1,2,112,4,1.5481066068113414,-0.9552142636712972,-0.8322236589464221,1,At Risk,Launch win-back campaigns with personalized offers and re-engagement discounts.
12798,10,3,6977.04,5,3,5,535,13,-1.0691974256329595,0.0596054655268191,1.7976427808538271,0,Champions,"Target with premium products, exclusive offers, and loyalty rewards."
12802,187,1,427.58,1,1,2,112,4,1.048952395241215,-0.9552142636712972,-0.4196835827453153,1,At Risk,Launch win-back campaigns with personalized offers and re-engagement discounts.
12808,37,3,483.65,3,3,2,332,8,-0.1441286080907301,0.0596054655268191,-0.3219721784494372,2,New Customers,Use welcome offers and second-purchase incentives to build loyalty.
12809,178,1,489.31,2,1,3,213,6,1.0123462367079263,-0.9552142636712972,-0.3127447056257212,1,At Risk,Launch win-back campaigns with personalized offers and re-engagement discounts.
12811,261,3,514.85,1,3,3,133,7,1.2966211442140112,0.0596054655268191,-0.272389886042847,1,At Risk,Launch win-back campaigns with personalized offers and re-engagement discounts.
12812,45,1,229.64,3,1,1,311,5,-0.0015614215275583,-0.9552142636712972,-0.9121121610730424,1,At Risk,Launch win-back campaigns with personalized offers and re-engagement discounts.
12814,102,1,125.92,2,1,1,211,4,0.5999486026162144,-0.9552142636712972,-1.3868037887060023,1,At Risk,Launch win-back campaigns with personalized offers and re-engagement discounts.
12815,148,2,1063.46,2,2,4,224,8,0.8754619835057548,-0.3615827770984003,0.3033162184230075,3,Loyal Customers,"Use cross-selling, upselling, and exclusive member offers."
12816,96,2,572.2,2,2,3,223,7,0.5551626080798789,-0.3615827770984003,-0.1886107646582185,1,At Risk,Launch win-back campaigns with personalized offers and re-engagement discounts.
12817,281,1,166.04,1,1,1,111,3,1.3515142129228124,-0.9552142636712972,-1.1685109362912625,1,At Risk,Launch win-back campaigns with personalized offers and re-engagement discounts.
12818,262,1,1542.08,1,1,4,114,6,1.2994638495891662,-0.9552142636712972,0.5984087219546278,1,At Risk,Launch win-back campaigns with personalized offers and re-engagement discounts.
12820,3,4,942.34,5,4,4,544,13,-1.824063391865872,0.3863044476016776,0.2073161997595402,2,New Customers,Use welcome offers and second-purchase incentives to build loyalty.
12821,214,1,92.72,1,1,1,111,3,1.1490907416248033,-0.9552142636712972,-1.6278012244200954,1,At Risk,Launch win-back campaigns with personalized offers and re-engagement discounts.
12822,71,2,948.88,3,2,4,324,9,0.3327587744728552,-0.3615827770984003,0.2128068863510632,3,Loyal Customers,"Use cross-selling, upselling, and exclusive member offers."
12823,75,5,1759.5,2,4,4,244,10,0.3731042355677808,0.6532369520997158,0.7031676731691688,3,Loyal Customers,"Use cross-selling, upselling, and exclusive member offers."
12824,60,1,397.12,3,1,2,312,6,0.2090430589164636,-0.9552142636712972,-0.4782740375227324,1,At Risk,Launch win-back campaigns with personalized offers and re-engagement discounts.
12826,3,7,1474.72,5,5,4,554,14,-1.824063391865872,1.0744251947249353,0.5629365245377611,0,Champions,"Target with premium products, exclusive offers, and loyalty rewards."
12827,6,3,430.15,5,3,2,532,10,-1.4064729096883222,0.0596054655268191,-0.4149321936332757,2,New Customers,Use welcome offers and second-purchase incentives to build loyalty.
12828,3,6,1018.71,5,5,4,554,14,-1.824063391865872,0.8789251688960832,0.2691831827237079,0,Champions,"Target with premium products, exclusive offers, and loyalty rewards."
12829,337,2,293.0,1,2,2,122,5,1.4866816808776484,-0.3615827770984003,-0.719214528595087,1,At Risk,Launch win-back campaigns with personalized offers and re-engagement discounts.
12830,38,6,6814.64,3,5,5,355,13,-0.1247454596417701,0.8789251688960832,1.7789284540595776,3,Loyal Customers,"Use cross-selling, upselling, and exclusive member offers."
12831,262,1,215.05,1,1,1,111,3,1.2994638495891662,-0.9552142636712972,-0.964046168596384,1,At Risk,Launch win-back campaigns with personalized offers and re-engagement discounts.
12832,32,2,383.03,4,2,2,422,8,-0.2494027642928512,-0.3615827770984003,-0.506910290604296,2,New Customers,Use welcome offers and second-purchase incentives to build loyalty.
12833,145,1,417.38,2,1,2,212,5,0.8602843228124161,-0.9552142636712972,-0.4388264299034616,1,At Risk,Launch win-back campaigns with personalized offers and re-engagement discounts.
12834,283,1,312.38,1,1,2,112,4,1.356787798536271,-0.9552142636712972,-0.6684817093328312,1,At Risk,Launch win-back campaigns with personalized offers and re-engagement discounts.
12836,59,4,2610.36,3,4,5,345,12,0.196708740763415,0.3863044476016776,1.016507524940829,3,Loyal Customers,"Use cross-selling, upselling, and exclusive member offers."
12837,173,1,134.1,2,1,1,211,4,0.991205750364562,-0.9552142636712972,-1.3371664744158016,1,At Risk,Launch win-back campaigns with personalized offers and re-engagement discounts.
12838,34,2,671.95,3,2,3,323,8,-0.2054954383991431,-0.3615827770984003,-0.0611075882562223,2,New Customers,Use welcome offers and second-purchase incentives to build loyalty.
12839,3,14,5591.42,5,5,5,555,15,-1.824063391865872,1.9947556633726904,1.621725097173509,0,Champions,"Target with premium products, exclusive offers, and loyalty rewards."
12840,144,4,2726.77,2,4,5,245,11,0.8551557166551218,0.3863044476016776,1.051168189782531,3,Loyal Customers,"Use cross-selling, upselling, and exclusive member offers."
12841,5,25,3991.58,5,5,5,555,15,-1.5215015741842748,2.8000649690066,1.3539222023500113,0,Champions,"Target with premium products, exclusive offers, and loyalty rewards."
12842,70,2,1118.99,3,2,4,324,9,0.322322111219249,-0.3615827770984003,0.3437298056889973,3,Loyal Customers,"Use cross-selling, upselling, and exclusive member offers."
12843,66,8,1702.26,3,5,4,354,12,0.2790514826837337,1.2468684386726128,0.6768989094871648,3,Loyal Customers,"Use cross-selling, upselling, and exclusive member offers."
12844,29,2,325.96,4,2,2,422,8,-0.3205241028950956,-0.3615827770984003,-0.6347683117073532,2,New Customers,Use welcome offers and second-purchase incentives to build loyalty.
12845,267,4,354.09,1,4,2,142,7,1.3135171700007555,0.3863044476016776,-0.5691767139803487,1,At Risk,Launch win-back campaigns with personalized offers and re-engagement discounts.
12847,22,1,843.64,4,1,3,413,8,-0.5187942651860693,-0.9552142636712972,0.1194858771373009,2,New Customers,Use welcome offers and second-purchase incentives to build loyalty.
12849,31,2,1010.29,4,2,4,424,10,-0.2723648608903394,-0.3615827770984003,0.2625936757949029,3,Loyal Customers,"Use cross-selling, upselling, and exclusive member offers."
12851,97,1,131.81,2,1,1,211,4,0.5628161034647609,-0.9552142636712972,-1.350752905740937,1,At Risk,Launch win-back campaigns with personalized offers and re-engagement discounts.
12852,295,1,311.55,1,1,2,112,4,1.3876698300033006,-0.9552142636712972,-0.6705893707357655,1,At Risk,Launch win-back campaigns with personalized offers and re-engagement discounts.
12853,135,6,1957.1,2,5,4,254,11,0.8073394805210485,0.8789251688960832,0.7877082113396782,3,Loyal Customers,"Use cross-selling, upselling, and exclusive member offers."
12854,79,3,1316.25,2,3,4,234,9,0.4113797667403285,0.0596054655268191,0.4726556530288623,3,Loyal Customers,"Use cross-selling, upselling, and exclusive member offers."
12855,373,1,38.1,1,1,1,111,3,1.5622054467539612,-0.9552142636712972,-2.3225434209112064,1,At Risk,Launch win-back campaigns with personalized offers and re-engagement discounts.
12856,8,6,2170.78,5,5,5,555,15,-1.2189397565026774,0.8789251688960832,0.8700201242678036,0,Champions,"Target with premium products, exclusive offers, and loyalty rewards."
12857,211,2,1106.4,1,2,4,124,7,1.1386051930976016,-0.3615827770984003,0.3347455448447817,3,Loyal Customers,"Use cross-selling, upselling, and exclusive member offers."
12863,52,1,521.2,3,1,3,313,7,0.10413950578058,-0.9552142636712972,-0.2626666879783117,1,At Risk,Launch win-back campaigns with personalized offers and re-engagement discounts.
12864,138,1,147.12,2,1,1,211,4,0.8236210556992557,-0.9552142636712972,-1.2640455707921805,1,At Risk,Launch win-back campaigns with personalized offers and re-engagement discounts.
12865,26,2,1568.23,4,2,4,424,10,-0.3991450951625692,-0.3615827770984003,0.6117638276014563,3,Loyal Customers,"Use cross-selling, upselling, and exclusive member offers."
12866,283,1,559.12,1,1,3,113,5,1.356787798536271,-0.9552142636712972,-0.206955976784031,1,At Risk,Launch win-back campaigns with personalized offers and re-engagement discounts.
12867,26,7,4009.34,4,5,5,455,14,-0.3991450951625692,1.0744251947249353,1.35744951098543,0,Champions,"Target with premium products, exclusive offers, and loyalty rewards."
12868,186,6,1607.06,1,5,4,154,10,1.0449726030954505,0.8789251688960832,0.6311896950149747,3,Loyal Customers,"Use cross-selling, upselling, and exclusive member offers."
12871,84,2,380.64,2,2,2,222,6,0.4566184208346949,-0.3615827770984003,-0.5118717100336841,1,At Risk,Launch win-back campaigns with personalized offers and re-engagement discounts.
12872,327,2,599.97,1,2,3,123,6,1.464271310189606,-0.3615827770984003,-0.1510119496560897,1,At Risk,Launch win-back campaigns with personalized offers and re-engagement discounts.
12873,282,1,374.0,1,1,2,112,4,1.354155664383771,-0.9552142636712972,-0.5258205533004899,1,At Risk,Launch win-back campaigns with personalized offers and re-engagement discounts.
12875,143,2,343.23,2,2,2,222,6,0.8499916181313663,-0.3615827770984003,-0.5938619369563463,1,At Risk,Launch win-back campaigns with personalized offers and re-engagement discounts.
12876,58,2,2218.02,3,2,5,325,10,0.1841671134665053,-0.3615827770984003,0.8871215080748652,3,Loyal Customers,"Use cross-selling, upselling, and exclusive member offers."
12877,4,12,1535.77,5,5,4,554,14,-1.6575516078937147,1.7852452398084837,0.5951522400864956,0,Champions,"Target with premium products, exclusive offers, and loyalty rewards."
12878,236,2,854.99,1,2,3,123,6,1.2217880243366328,-0.3615827770984003,0.1300940536280465,1,At Risk,Launch win-back campaigns with personalized offers and re-engagement discounts.
12879,45,3,573.22,3,3,3,333,9,-0.0015614215275583,0.0596054655268191,-0.1871978168067109,3,Loyal Customers,"Use cross-selling, upselling, and exclusive member offers."
12881,276,1,298.0,1,1,2,112,4,1.3381648540746935,-0.9552142636712972,-0.7058123973713232,1,At Risk,Launch win-back campaigns with personalized offers and re-engagement discounts.
12882,9,2,1463.04,5,2,4,524,11,-1.1403187642352035,-0.3615827770984003,0.5566214058905324,2,New Customers,Use welcome offers and second-purchase incentives to build loyalty.
12883,25,4,703.47,4,4,3,443,11,-0.4273072773233673,0.3863044476016776,-0.0247291617794861,3,Loyal Customers,"Use cross-selling, upselling, and exclusive member offers."
12884,88,1,309.05,2,1,2,212,5,0.4909329380903411,-0.9552142636712972,-0.6769717335589428,1,At Risk,Launch win-back campaigns with personalized offers and re-engagement discounts.
12885,63,3,1175.22,3,3,4,334,10,0.2448679827681711,0.0596054655268191,0.3826604486265857,3,Loyal Customers,"Use cross-selling, upselling, and exclusive member offers."
12886,68,2,1378.4,3,2,4,324,9,0.3010003961540392,-0.3615827770984003,0.5092944938796321,3,Loyal Customers,"Use cross-selling, upselling, and exclusive member offers."
12888,214,2,354.12,1,2,2,122,5,1.1490907416248033,-0.3615827770984003,-0.569109573764253,1,At Risk,Launch win-back campaigns with personalized offers and re-engagement discounts.
12890,24,1,376.72,4,1,2,412,7,-0.4565741366045358,-0.9552142636712972,-0.5200769345899636,2,New Customers,Use welcome offers and second-purchase incentives to build loyalty.
12891,186,3,331.0,1,3,2,132,6,1.0449726030954505,0.0596054655268191,-0.6226112613698271,1,At Risk,Launch win-back campaigns with personalized offers and re-engagement discounts.
12893,31,1,176.55,4,1,1,411,6,-0.2723648608903394,-0.9552142636712972,-1.1200174920809227,2,New Customers,Use welcome offers and second-purchase incentives to build loyalty.
12895,42,2,372.8,3,2,2,322,7,-0.0518867296643757,-0.3615827770984003,-0.5283677591586858,2,New Customers,Use welcome offers and second-purchase incentives to build loyalty.
12897,205,2,216.5,1,2,1,121,4,1.1171814462747254,-0.3615827770984003,-0.958730245448625,1,At Risk,Launch win-back campaigns with personalized offers and re-engagement discounts.
12901,9,28,17654.54,5,5,5,555,15,-1.1403187642352035,2.959940965055545,2.535373692525845,0,Champions,"Target with premium products, exclusive offers, and loyalty rewards."
12902,265,1,138.68,1,1,1,111,3,1.307927561403842,-0.9552142636712972,-1.3106711742064534,1,At Risk,Launch win-back campaigns with personalized offers and re-engagement discounts.
12904,18,2,496.06,4,2,3,423,9,-0.6613614517492411,-0.3615827770984003,-0.3018784761129497,2,New Customers,Use welcome offers and second-purchase incentives to build loyalty.
12906,12,5,2919.81,5,4,5,545,14,-0.9445401209818785,0.6532369520997158,1.105508917264502,0,Champions,"Target with premium products, exclusive offers, and loyalty rewards."
12908,176,2,750.0,2,2,3,223,7,1.0039617748066132,-0.3615827770984003,0.0261015364350636,1,At Risk,Launch win-back campaigns with personalized offers and re-engagement discounts.
12909,40,5,2178.67,3,4,5,345,12,-0.0874272207859269,0.6532369520997158,0.8729021094546906,3,Loyal Customers,"Use cross-selling, upselling, and exclusive member offers."
12910,23,8,3075.04,4,5,5,455,14,-0.4870358868672529,1.2468684386726128,1.1466615630104686,0,Champions,"Target with premium products, exclusive offers, and loyalty rewards."
12912,3,5,1662.3,5,4,4,544,13,-1.824063391865872,0.6532369520997158,0.6580316952724359,0,Champions,"Target with premium products, exclusive offers, and loyalty rewards."
12913,5,5,2483.63,5,4,5,545,14,-1.5215015741842748,0.6532369520997158,0.976971893112105,0,Champions,"Target with premium products, exclusive offers, and loyalty rewards."
12915,149,2,363.65,2,2,2,222,6,0.8804533683940834,-0.3615827770984003,-0.5480634169369721,1,At Risk,Launch win-back campaigns with personalized offers and re-engagement discounts.
12916,139,4,2944.95,2,4,5,245,11,0.8289702489178785,0.3863044476016776,1.1123200269178006,3,Loyal Customers,"Use cross-selling, upselling, and exclusive member offers."
12917,128,1,594.0,2,1,3,213,6,0.7679079316757323,-0.9552142636712972,-0.1589462002914671,1,At Risk,Launch win-back campaigns with personalized offers and re-engagement discounts.
12919,8,6,1335.19,5,5,4,554,14,-1.2189397565026774,0.8789251688960832,0.4840012236011703,0,Champions,"Target with premium products, exclusive offers, and loyalty rewards."
12920,17,1,162.78,4,1,1,411,6,-0.7017069128441668,-0.9552142636712972,-1.184174412935135,2,New Customers,Use welcome offers and second-purchase incentives to build loyalty.
12921,9,37,16587.09,5,5,5,555,15,-1.1403187642352035,3.3556663851747497,2.4858107894347343,0,Champions,"Target with premium products, exclusive offers, and loyalty rewards."
12922,161,1,405.38,2,1,2,212,5,0.9378824098360496,-0.9552142636712972,-0.4619541364089797,1,At Risk,Launch win-back campaigns with personalized offers and re-engagement discounts.
12923,64,1,172.82,3,1,1,311,5,0.2564373503073006,-0.9552142636712972,-1.1368911301854197,1,At Risk,Launch win-back campaigns with personalized offers and re-engagement discounts.
12924,88,4,933.7,2,4,4,244,10,0.4909329380903411,0.3863044476016776,0.2000037948555006,3,Loyal Customers,"Use cross-selling, upselling, and exclusive member offers."
12925,5,2,694.05,5,2,3,523,10,-1.5215015741842748,-0.3615827770984003,-0.0354277535183058,2,New Customers,Use welcome offers and second-purchase incentives to build loyalty.
12928,35,5,2062.7,3,4,5,345,12,-0.1844740691856557,0.6532369520997158,0.8294519694779242,3,Loyal Customers,"Use cross-selling, upselling, and exclusive member offers."
12929,312,1,117.85,1,1,1,111,3,1.4293409429987136,-0.9552142636712972,-1.4390132344576805,1,At Risk,Launch win-back campaigns with personalized offers and re-engagement discounts.
12930,78,2,415.8,2,2,2,222,6,0.4019933629965244,-0.3615827770984003,-0.4418333769637443,1,At Risk,Launch win-back campaigns with personalized offers and re-engagement discounts.
12931,22,15,42055.96,4,5,5,455,14,-0.5187942651860693,2.089244923923052,3.225177553895015,0,Champions,"Target with premium products, exclusive offers, and loyalty rewards."
12933,24,3,607.53,4,3,3,433,10,-0.4565741366045358,0.0596054655268191,-0.1410769045891886,2,New Customers,Use welcome offers and second-purchase incentives to build loyalty.
12935,2,7,2160.7,5,5,5,555,15,-2.038734417842785,1.0744251947249353,0.8663229256533493,0,Champions,"Target with premium products, exclusive offers, and loyalty rewards."
12936,17,4,1063.9,4,4,4,444,12,-0.7017069128441668,0.3863044476016776,0.30364465525458,3,Loyal Customers,"Use cross-selling, upselling, and exclusive member offers."
12937,15,4,1504.27,4,4,4,444,12,-0.7895977045488505,0.3863044476016776,0.5786930136823956,3,Loyal Customers,"Use cross-selling, upselling, and exclusive member offers."
12938,26,1,114.14,4,1,1,411,6,-0.3991450951625692,-0.9552142636712972,-1.4642167586298895,2,New Customers,Use welcome offers and second-purchase incentives to build loyalty.
12939,64,8,11581.8,3,5,5,355,13,0.2564373503073006,1.2468684386726128,2.200373480077148,0,Champions,"Target with premium products, exclusive offers, and loyalty rewards."
12940,55,2,899.69,3,2,3,323,8,0.1452256212872108,-0.3615827770984003,0.1705476268511902,3,Loyal Customers,"Use cross-selling, upselling, and exclusive member offers."
12942,131,3,675.6,2,3,3,233,8,0.7850629230241704,0.0596054655268191,-0.05680872919803,3,Loyal Customers,"Use cross-selling, upselling, and exclusive member offers."
12944,36,2,604.51,3,2,3,323,8,-0.164028700972232,-0.3615827770984003,-0.1450307811397774,2,New Customers,Use welcome offers and second-purchase incentives to build loyalty.
12945,288,1,462.95,1,1,2,112,4,1.3698109782739254,-0.9552142636712972,-0.3566621893872528,1,At Risk,Launch win-back campaigns with personalized offers and re-engagement discounts.
12947,144,6,1603.99,2,5,4,254,11,0.8551557166551218,0.8789251688960832,0.6296710044791748,3,Loyal Customers,"Use cross-selling, upselling, and exclusive member offers."
12948,16,7,2064.95,4,5,5,455,14,-0.7443590504544844,1.0744251947249353,0.8303179688525039,0,Champions,"Target with premium products, exclusive offers, and loyalty rewards."
12949,31,8,4167.22,4,5,5,455,14,-0.2723648608903394,1.2468684386726128,1.3881363737858865,0,Champions,"Target with premium products, exclusive offers, and loyalty rewards."
12950,2,3,1843.0,5,3,4,534,12,-2.038734417842785,0.0596054655268191,0.7399947640059503,2,New Customers,Use welcome offers and second-purchase incentives to build loyalty.
12951,9,6,1064.07,5,5,4,554,14,-1.1403187642352035,0.8789251688960832,0.3037715149599723,0,Champions,"Target with premium products, exclusive offers, and loyalty rewards."
12952,6,4,1387.79,5,4,4,544,13,-1.4064729096883222,0.3863044476016776,0.514686118220838,2,New Customers,Use welcome offers and second-purchase incentives to build loyalty.
12953,10,1,329.85,5,1,2,512,8,-1.0691974256329595,-0.9552142636712972,-0.6253688614196339,2,New Customers,Use welcome offers and second-purchase incentives to build loyalty.
12955,1,11,4757.16,5,5,5,555,15,-2.341296235524383,1.668056681297832,1.4933360111193403,0,Champions,"Target with premium products, exclusive offers, and loyalty rewards."
12956,306,1,108.07,1,1,1,111,3,1.4148977322642486,-0.9552142636712972,-1.5072583294362103,1,At Risk,Launch win-back campaigns with personalized offers and re-engagement discounts.
12957,10,8,4017.54,5,5,5,555,15,-1.0691974256329595,1.2468684386726128,1.3590728427962506,0,Champions,"Target with premium products, exclusive offers, and loyalty rewards."
12962,7,2,266.39,5,2,2,522,9,-1.3068305482073614,-0.3615827770984003,-0.794611523529081,2,New Customers,Use welcome offers and second-purchase incentives to build loyalty.
12963,8,8,1856.63,5,5,4,554,14,-1.2189397565026774,1.2468684386726128,0.7458474210391017,0,Champions,"Target with premium products, exclusive offers, and loyalty rewards."
12965,89,1,769.81,2,1,3,213,6,0.4992705584450125,-0.9552142636712972,0.0467932680787622,1,At Risk,Launch win-back campaigns with personalized offers and re-engagement discounts.
12966,10,1,160.18,5,1,1,511,7,-1.0691974256329595,-0.9552142636712972,-1.1968918902659376,2,New Customers,Use welcome offers and second-purchase incentives to build loyalty.
12967,358,2,1660.9,1,2,4,124,7,1.531660558029954,-0.3615827770984003,0.6573624912353129,3,Loyal Customers,"Use cross-selling, upselling, and exclusive member offers."
12968,112,1,135.95,2,1,1,211,4,0.6690914798070661,-0.9552142636712972,-1.3263576626076452,1,At Risk,Launch win-back campaigns with personalized offers and re-engagement discounts.
12970,7,4,405.47,5,4,2,542,11,-1.3068305482073614,0.3863044476016776,-0.4617781494998097,2,New Customers,Use welcome offers and second-purchase incentives to build loyalty.
12971,4,86,11189.91,5,5,5,555,15,-1.6575516078937147,4.5683921808265575,2.173019436726156,0,Champions,"Target with premium products, exclusive offers, and loyalty rewards."
12974,198,1,144.8,1,1,1,111,3,1.0913839892534942,-0.9552142636712972,-1.2765918840948318,1,At Risk,Launch win-back campaigns with personalized offers and re-engagement discounts.
12976,212,1,738.6,1,1,3,113,5,1.1421167725593575,-0.9552142636712972,0.013945262871635,1,At Risk,Launch win-back campaigns with personalized offers and re-engagement discounts.
12977,156,1,39.24,2,1,1,211,4,0.9144883541766984,-0.9552142636712972,-2.2997036991959856,1,At Risk,Launch win-back campaigns with personalized offers and re-engagement discounts.
12980,158,9,7374.9,2,5,5,255,12,0.9239341671206882,1.4011241767997944,1.841710307032817,3,Loyal Customers,"Use cross-selling, upselling, and exclusive member offers."
12981,30,2,372.22,4,2,2,422,8,-0.2960560335189878,-0.3615827770984003,-0.5296018414325799,2,New Customers,Use welcome offers and second-purchase incentives to build loyalty.
12982,243,1,390.54,1,1,2,112,4,1.2435087462334855,-0.9552142636712972,-0.4915187967796449,1,At Risk,Launch win-back campaigns with personalized offers and re-engagement discounts.
12984,19,1,97.5,4,1,1,411,6,-0.6230859205766931,-0.9552142636712972,-1.5882675545981195,2,New Customers,Use welcome offers and second-purchase incentives to build loyalty.
12985,1,2,1239.38,5,2,4,524,11,-2.341296235524383,-0.3615827770984003,0.4248699207492911,2,New Customers,Use welcome offers and second-purchase incentives to build loyalty.
12987,74,2,558.7,2,2,3,223,7,0.3632205247355723,-0.3615827770984003,-0.2075521182809943,1,At Risk,Launch win-back campaigns with personalized offers and re-engagement discounts.
12988,292,1,505.82,1,1,3,113,5,1.3800683117199994,-0.9552142636712972,-0.2864248655891934,1,At Risk,Launch win-back campaigns with personalized offers and re-engagement discounts.
12989,3,15,6924.11,5,5,5,555,15,-1.824063391865872,2.089244923923052,1.791591615138006,0,Champions,"Target with premium products, exclusive offers, and loyalty rewards."
12990,31,3,409.5,4,3,2,432,9,-0.2723648608903394,0.0596054655268191,-0.4539375237874599,2,New Customers,Use welcome offers and second-purchase incentives to build loyalty.
12991,23,2,503.76,4,2,3,423,9,-0.4870358868672529,-0.3615827770984003,-0.2896616654680925,2,New Customers,Use welcome offers and second-purchase incentives to build loyalty.
12993,23,4,414.76,4,4,2,442,10,-0.4870358868672529,0.3863044476016776,-0.4438188604825506,2,New Customers,Use welcome offers and second-purchase incentives to build loyalty.
12994,4,3,974.42,5,3,4,534,12,-1.6575516078937147,0.0596054655268191,0.2338929843912752,2,New Customers,Use welcome offers and second-purchase incentives to build loyalty.
12995,85,1,211.32,2,1,1,211,4,0.4653461139941349,-0.9552142636712972,-0.9778865807313528,1,At Risk,Launch win-back campaigns with personalized offers and re-engagement discounts.
12997,22,4,1226.89,4,4,4,444,12,-0.5187942651860693,0.3863044476016776,0.4168268526967363,3,Loyal Customers,"Use cross-selling, upselling, and exclusive member offers."
12999,196,3,455.88,1,3,2,132,6,1.0838464579070546,0.0596054655268191,-0.3688660362885209,1,At Risk,Launch win-back campaigns with personalized offers and re-engagement discounts.
13000,107,3,534.85,2,3,3,233,8,0.6353205921544528,0.0596054655268191,-0.2421598443992237,3,Loyal Customers,"Use cross-selling, upselling, and exclusive member offers."
13001,4,13,9785.97,5,5,5,555,15,-1.6575516078937147,1.8937448980941995,2.0664862626565914,0,Champions,"Target with premium products, exclusive offers, and loyalty rewards."
13002,318,1,120.95,1,1,1,111,3,1.4435098989158772,-0.9552142636712972,-1.4185498497901938,1,At Risk,Launch win-back campaigns with personalized offers and re-engagement discounts.
13003,106,3,149.05,2,3,1,231,6,0.6283790606233428,0.0596054655268191,-1.253757174319626,1,At Risk,Launch win-back campaigns with personalized offers and re-engagement discounts.
13004,12,18,5655.91,5,5,5,555,15,-0.9445401209818785,2.340846655976633,1.6308372026955895,0,Champions,"Target with premium products, exclusive offers, and loyalty rewards."
13005,174,2,513.7,2,2,3,223,7,0.9954820328900365,-0.3615827770984003,-0.2741635739937204,1,At Risk,Launch win-back campaigns with personalized offers and re-engagement discounts.
13006,56,1,81.57,3,1,1,311,5,0.1584332095908674,-0.9552142636712972,-1.7284655443521706,1,At Risk,Launch win-back campaigns with personalized offers and re-engagement discounts.
13008,323,1,229.47,1,1,1,111,3,1.4551152534945606,-0.9552142636712972,-0.9126981543899576,1,At Risk,Launch win-back campaigns with personalized offers and re-engagement discounts.
13011,372,1,50.55,1,1,1,111,3,1.5602075626728675,-0.9552142636712972,-2.1028570888498943,1,At Risk,Launch win-back campaigns with personalized offers and re-engagement discounts.
13012,9,8,1646.84,5,5,4,554,14,-1.1403187642352035,1.2468684386726128,0.6506103375723621,0,Champions,"Target with premium products, exclusive offers, and loyalty rewards."
13013,1,13,4810.94,5,5,5,555,15,-2.341296235524383,1.8937448980941995,1.502268184747464,0,Champions,"Target with premium products, exclusive offers, and loyalty rewards."
13014,11,10,3466.28,5,5,5,555,15,-1.0042687305257638,1.54066546553549,1.2418122016893929,0,Champions,"Target with premium products, exclusive offers, and loyalty rewards."
13015,53,5,3339.64,3,4,5,345,12,0.1180877484959417,0.6532369520997158,1.2122419636015582,3,Loyal Customers,"Use cross-selling, upselling, and exclusive member offers."
13016,73,3,789.89,2,3,3,233,8,0.3532041426862792,0.0596054655268191,0.067231263407409,3,Loyal Customers,"Use cross-selling, upselling, and exclusive member offers."
13017,7,1,204.0,5,1,1,511,7,-1.3068305482073614,-0.9552142636712972,-1.0057692720428235,2,New Customers,Use welcome offers and second-purchase incentives to build loyalty.
13018,16,28,7277.7,4,5,5,455,14,-0.7443590504544844,2.959940965055545,1.831167726488216,0,Champions,"Target with premium products, exclusive offers, and loyalty rewards."
13021,4,9,2616.38,5,5,5,555,15,-1.6575516078937147,1.4011241767997944,1.0183375114956654,0,Champions,"Target with premium products, exclusive offers, and loyalty rewards."
13023,64,2,689.9,3,2,3,323,8,0.2564373503073006,-0.3615827770984003,-0.0401871303772838,3,Loyal Customers,"Use cross-selling, upselling, and exclusive member offers."
13026,1,5,975.36,5,4,4,544,13,-2.341296235524383,0.6532369520997158,0.2346584845524891,2,New Customers,Use welcome offers and second-purchase incentives to build loyalty.
13027,114,6,6912.0,2,5,5,255,12,0.68218320610311,0.8789251688960832,1.7902006516240565,3,Loyal Customers,"Use cross-selling, upselling, and exclusive member offers."
13028,23,2,661.32,4,2,3,423,9,-0.4870358868672529,-0.3615827770984003,-0.0737614070390565,2,New Customers,Use welcome offers and second-purchase incentives to build loyalty.
13029,31,3,1247.5,4,3,4,434,11,-0.2723648608903394,0.0596054655268191,0.4300555549148709,3,Loyal Customers,"Use cross-selling, upselling, and exclusive member offers."
13030,11,2,752.44,5,2,3,523,10,-1.0042687305257638,-0.3615827770984003,0.0286794217823781,2,New Customers,Use welcome offers and second-purchase incentives to build loyalty.
13032,52,2,1010.18,3,2,4,324,9,0.10413950578058,-0.3615827770984003,0.2625072270166254,3,Loyal Customers,"Use cross-selling, upselling, and exclusive member offers."
13033,357,1,190.55,1,1,1,111,3,1.5295790803664373,-0.9552142636712972,-1.0597003639618563,1,At Risk,Launch win-back campaigns with personalized offers and re-engagement discounts.
13034,55,2,642.77,3,2,3,323,8,0.1452256212872108,-0.3615827770984003,-0.0963374735781316,3,Loyal Customers,"Use cross-selling, upselling, and exclusive member offers."
13035,74,2,921.88,2,2,3,223,7,0.3632205247355723,-0.3615827770984003,0.1898897686552101,3,Loyal Customers,"Use cross-selling, upselling, and exclusive member offers."
13037,138,3,881.07,2,3,3,233,8,0.8236210556992557,0.0596054655268191,0.1539459922483192,3,Loyal Customers,"Use cross-selling, upselling, and exclusive member offers."
13038,80,3,908.46,2,3,3,233,8,0.4206495661775393,0.0596054655268191,0.1782484418394466,3,Loyal Customers,"Use cross-selling, upselling, and exclusive member offers."
13040,9,2,676.99,5,2,3,523,10,-1.1403187642352035,-0.3615827770984003,-0.0551777239807593,2,New Customers,Use welcome offers and second-purchase incentives to build loyalty.
13043,273,1,516.42,1,1,3,113,5,1.3300390831246338,-0.9552142636712972,-0.2699747898731044,1,At Risk,Launch win-back campaigns with personalized offers and re-engagement discounts.
13044,291,1,560.47,1,1,3,113,5,1.377517166470927,-0.9552142636712972,-0.2050428307910601,1,At Risk,Launch win-back campaigns with personalized offers and re-engagement discounts.
13045,99,1,305.28,2,1,2,212,5,0.5778915507124864,-0.9552142636712972,-0.6866943179605522,1,At Risk,Launch win-back campaigns with personalized offers and re-engagement discounts.
13046,31,2,629.31,4,2,3,423,9,-0.2723648608903394,-0.3615827770984003,-0.1131298740149334,2,New Customers,Use welcome offers and second-purchase incentives to build loyalty.
13047,32,10,3237.54,4,5,5,455,14,-0.2494027642928512,1.54066546553549,1.1875737838963338,0,Champions,"Target with premium products, exclusive offers, and loyalty rewards."
13048,14,4,1819.41,4,4,4,444,12,-0.8377569465536066,0.3863044476016776,0.7297623490557726,3,Loyal Customers,"Use cross-selling, upselling, and exclusive member offers."
13049,64,2,656.68,3,2,3,323,8,0.2564373503073006,-0.3615827770984003,-0.0793486055363258,3,Loyal Customers,"Use cross-selling, upselling, and exclusive member offers."
13050,15,17,5836.86,4,5,5,455,14,-0.7895977045488505,2.2616881678707283,1.6558603793682685,0,Champions,"Target with premium products, exclusive offers, and loyalty rewards."
13052,212,1,348.15,1,1,2,112,4,1.1421167725593575,-0.9552142636712972,-0.5825834888981626,1,At Risk,Launch win-back campaigns with personalized offers and re-engagement discounts.
13055,78,3,1214.41,2,3,4,234,9,0.4019933629965244,0.0596054655268191,0.4087080903272814,3,Loyal Customers,"Use cross-selling, upselling, and exclusive member offers."
13058,25,3,271.4,4,3,2,432,9,-0.4273072773233673,0.0596054655268191,-0.7798587517158436,2,New Customers,Use welcome offers and second-purchase incentives to build loyalty.
13059,250,1,183.4,1,1,1,111,3,1.2646150615747358,-0.9552142636712972,-1.0899330396596367,1,At Risk,Launch win-back campaigns with personalized offers and re-engagement discounts.
13060,254,1,307.53,1,1,2,112,4,1.2764130821748028,-0.9552142636712972,-0.680877415292471,1,At Risk,Launch win-back campaigns with personalized offers and re-engagement discounts.
13061,72,1,248.61,3,1,1,311,5,0.343051479153905,-0.9552142636712972,-0.8492955872342888,1,At Risk,Launch win-back campaigns with personalized offers and re-engagement discounts.
13062,191,1,346.98,1,1,2,112,4,1.0646626441082796,-0.9552142636712972,-0.5852510892123104,1,At Risk,Launch win-back campaigns with personalized offers and re-engagement discounts.
13064,13,4,1105.59,5,4,4,544,13,-0.8892400660298114,0.3863044476016776,0.3341640342307984,2,New Customers,Use welcome offers and second-purchase incentives to build loyalty.
13065,373,1,205.86,1,1,1,111,3,1.5622054467539612,-0.9552142636712972,-0.9985910887396126,1,At Risk,Launch win-back campaigns with personalized offers and re-engagement discounts.
13066,24,2,470.8,4,2,2,422,8,-0.4565741366045358,-0.3615827770984003,-0.3433279492564222,2,New Customers,Use welcome offers and second-purchase incentives to build loyalty.
13067,82,1,115.46,2,1,1,211,4,0.4388506943278125,-0.9552142636712972,-1.4551575900474312,1,At Risk,Launch win-back campaigns with personalized offers and re-engagement discounts.
13068,10,2,344.0,5,2,2,522,9,-1.0691974256329595,-0.3615827770984003,-0.5920862148719965,2,New Customers,Use welcome offers and second-purchase incentives to build loyalty.
13069,1,24,4431.44,5,5,5,555,15,-2.341296235524383,2.7426428880727687,1.436981231921149,0,Champions,"Target with premium products, exclusive offers, and loyalty rewards."
13070,192,1,228.8,1,1,1,111,3,1.068539064558348,-0.9552142636712972,-0.9150118738713978,1,At Risk,Launch win-back campaigns with personalized offers and re-engagement discounts.
13072,267,1,177.15,1,1,1,111,3,1.3135171700007555,-0.9552142636712972,-1.1173363732689838,1,At Risk,Launch win-back campaigns with personalized offers and re-engagement discounts.
13075,130,1,919.61,2,1,3,213,6,0.7793883005555002,-0.9552142636712972,0.1879325761080137,1,At Risk,Launch win-back campaigns with personalized offers and re-engagement discounts.
13077,1,4,728.02,5,4,3,543,12,-2.341296235524383,0.3863044476016776,0.0024945636937211,2,New Customers,Use welcome offers and second-purchase incentives to build loyalty.
13078,3,26,12627.94,5,5,5,555,15,-1.824063391865872,2.855319654443625,2.2690933855851907,0,Champions,"Target with premium products, exclusive offers, and loyalty rewards."
13079,4,5,220.1,5,4,1,541,10,-1.6575516078937147,0.6532369520997158,-0.9456838094138946,2,New Customers,Use welcome offers and second-purchase incentives to build loyalty.
13080,179,1,58.08,2,1,1,211,4,1.0165034021035235,-0.9552142636712972,-1.994503738578748,1,At Risk,Launch win-back campaigns with personalized offers and re-engagement discounts.
13081,12,11,28337.38,5,5,5,555,15,-0.9445401209818785,1.668056681297832,2.911412903124164,0,Champions,"Target with premium products, exclusive offers, and loyalty rewards."
13082,126,9,3613.63,2,5,5,255,12,0.7562481747889629,1.4011241767997944,1.2748880264153537,3,Loyal Customers,"Use cross-selling, upselling, and exclusive member offers."
13083,4,2,303.75,5,2,2,522,9,-1.6575516078937147,-0.3615827770984003,-0.6906742720996127,2,New Customers,Use welcome offers and second-purchase incentives to build loyalty.
13085,158,2,416.08,2,2,2,222,6,0.9239341671206882,-0.3615827770984003,-0.4412996701434853,1,At Risk,Launch win-back campaigns with personalized offers and re-engagement discounts.
13089,3,97,58762.08,5,5,5,555,15,-1.824063391865872,4.742704059859697,3.4910050784149145,0,Champions,"Target with premium products, exclusive offers, and loyalty rewards."
13090,9,14,8910.82,5,5,5,555,15,-1.1403187642352035,1.9947556633726904,1.9920414124183443,0,Champions,"Target with premium products, exclusive offers, and loyalty rewards."
13091,28,1,345.82,4,1,2,412,7,-0.3458217546340572,-0.9552142636712972,-0.587904758790745,2,New Customers,Use welcome offers and second-purchase incentives to build loyalty.
13092,71,5,477.83,3,4,2,342,9,0.3327587744728552,0.6532369520997158,-0.3315735621516294,3,Loyal Customers,"Use cross-selling, upselling, and exclusive member offers."
13093,276,8,7832.47,1,5,5,155,11,1.3381648540746935,1.2468684386726128,1.8895430908671933,3,Loyal Customers,"Use cross-selling, upselling, and exclusive member offers."
13094,21,12,1927.32,4,5,4,454,13,-0.5519645819744484,1.7852452398084837,0.7755286478434172,0,Champions,"Target with premium products, exclusive offers, and loyalty rewards."
13095,71,1,74.4,3,1,1,311,5,0.3327587744728552,-0.9552142636712972,-1.800657914007838,1,At Risk,Launch win-back campaigns with personalized offers and re-engagement discounts.
13097,33,10,6003.22,4,5,5,455,14,-0.2271262067959733,1.54066546553549,1.678190843811017,0,Champions,"Target with premium products, exclusive offers, and loyalty rewards."
13098,1,28,28882.44,5,5,5,555,15,-2.341296235524383,2.959940965055545,2.9265535364969493,0,Champions,"Target with premium products, exclusive offers, and loyalty rewards."
13099,99,1,207.36,2,1,1,211,4,0.5778915507124864,-0.9552142636712972,-0.9928490892841784,1,At Risk,Launch win-back campaigns with personalized offers and re-engagement discounts.
13101,234,1,101.19,1,1,1,111,3,1.2154641792133722,-0.9552142636712972,-1.5590396390928618,1,At Risk,Launch win-back campaigns with personalized offers and re-engagement discounts.
13102,1,24,6424.09,5,5,5,555,15,-2.341296235524383,2.7426428880727687,1.7320321117563815,0,Champions,"Target with premium products, exclusive offers, and loyalty rewards."
13103,40,1,243.94,3,1,1,311,5,-0.0874272207859269,-0.9552142636712972,-0.8643051432567781,1,At Risk,Launch win-back campaigns with personalized offers and re-engagement discounts.
13104,3,6,1098.48,5,5,4,554,14,-1.824063391865872,0.8789251688960832,0.3290413206027976,0,Champions,"Target with premium products, exclusive offers, and loyalty rewards."
13106,133,1,76.5,2,1,1,211,4,0.7962843263422448,-0.9552142636712972,-1.778826222690994,1,At Risk,Launch win-back campaigns with personalized offers and re-engagement discounts.
13107,44,4,1531.62,3,4,4,344,11,-0.0179622852134984,0.3863044476016776,0.5930031998332241,3,Loyal Customers,"Use cross-selling, upselling, and exclusive member offers."
13108,373,1,350.06,1,1,2,112,4,1.5622054467539612,-0.9552142636712972,-0.5782478370783832,1,At Risk,Launch win-back campaigns with personalized offers and re-engagement discounts.
13109,60,2,786.54,3,2,3,323,8,0.2090430589164636,-0.3615827770984003,0.0638578590989832,3,Loyal Customers,"Use cross-selling, upselling, and exclusive member offers."
13110,31,7,1488.67,4,5,4,454,13,-0.2723648608903394,1.0744251947249353,0.5704138081794919,3,Loyal Customers,"Use cross-selling, upselling, and exclusive member offers."
13113,1,24,12245.96,5,5,5,555,15,-2.341296235524383,2.7426428880727687,2.2446847096029066,0,Champions,"Target with premium products, exclusive offers, and loyalty rewards."
13115,12,4,2294.78,5,4,5,545,14,-0.9445401209818785,0.3863044476016776,0.9141478062477404,3,Loyal Customers,"Use cross-selling, upselling, and exclusive member offers."
13116,138,1,501.14,2,1,3,213,6,0.8236210556992557,-0.9552142636712972,-0.2937975098885674,1,At Risk,Launch win-back campaigns with personalized offers and re-engagement discounts.
13117,22,8,984.91,4,5,4,454,13,-0.5187942651860693,1.2468684386726128,0.242394125418531,3,Loyal Customers,"Use cross-selling, upselling, and exclusive member offers."
13118,20,5,1197.81,4,4,4,444,12,-0.5866782483482139,0.6532369520997158,0.3977789412031503,3,Loyal Customers,"Use cross-selling, upselling, and exclusive member offers."
13120,239,1,30.6,1,1,1,111,3,1.231174428080437,-0.9552142636712972,-2.491792848338473,1,At Risk,Launch win-back campaigns with personalized offers and re-engagement discounts.
13121,269,1,283.73,1,1,2,112,4,1.3190652197851211,-0.9552142636712972,-0.7446763312487955,1,At Risk,Launch win-back campaigns with personalized offers and re-engagement discounts.
13122,94,2,922.39,2,2,3,223,7,0.5396160195399382,-0.3615827770984003,0.1903288280121728,3,Loyal Customers,"Use cross-selling, upselling, and exclusive member offers."
13124,90,3,3756.33,2,3,5,235,10,0.5075160485126933,0.0596054655268191,1.3056591615701925,3,Loyal Customers,"Use cross-selling, upselling, and exclusive member offers."
13126,5,8,2099.64,5,5,5,555,15,-1.5215015741842748,1.2468684386726128,0.8435516854693935,0,Champions,"Target with premium products, exclusive offers, and loyalty rewards."
13127,78,1,259.17,2,1,2,212,5,0.4019933629965244,-0.9552142636712972,-0.8163656033114987,1,At Risk,Launch win-back campaigns with personalized offers and re-engagement discounts.
13130,94,1,64.0,2,1,1,211,4,0.5396160195399382,-0.9552142636712972,-1.918611380662553,1,At Risk,Launch win-back campaigns with personalized offers and re-engagement discounts.
13131,23,3,1073.3,4,3,4,434,11,-0.4870358868672529,0.0596054655268191,0.31062902981303,3,Loyal Customers,"Use cross-selling, upselling, and exclusive member offers."
13132,262,1,77.3,1,1,1,111,3,1.2994638495891662,-0.9552142636712972,-1.7706646357114562,1,At Risk,Launch win-back campaigns with personalized offers and re-engagement discounts.
13133,274,2,109.8,1,2,1,121,4,1.3327575169453991,-0.3615827770984003,-1.4947517843781708,1,At Risk,Launch win-back campaigns with personalized offers and re-engagement discounts.
13134,86,4,1793.58,2,4,4,244,10,0.473972906706051,0.3863044476016776,0.7184051049656967,3,Loyal Customers,"Use cross-selling, upselling, and exclusive member offers."
13135,197,1,3096.0,1,1,5,115,7,1.087624740705768,-0.9552142636712972,1.1520584350242211,3,Loyal Customers,"Use cross-selling, upselling, and exclusive member offers."
13136,56,5,2607.61,3,4,5,345,12,0.1584332095908674,0.6532369520997158,1.01567016343968,3,Loyal Customers,"Use cross-selling, upselling, and exclusive member offers."
13137,11,8,3603.29,5,5,5,555,15,-1.0042687305257638,1.2468684386726128,1.2726113732705682,0,Champions,"Target with premium products, exclusive offers, and loyalty rewards."
13138,22,6,962.39,4,5,4,454,13,-0.5187942651860693,0.8789251688960832,0.2240305480594678,3,Loyal Customers,"Use cross-selling, upselling, and exclusive member offers."
13139,16,7,5064.94,4,5,5,455,14,-0.7443590504544844,1.0744251947249353,1.5431484759736536,0,Champions,"Target with premium products, exclusive offers, and loyalty rewards."
13140,108,3,422.47,2,3,2,232,7,0.642198145526434,0.0596054655268191,-0.4292161370723773,1,At Risk,Launch win-back campaigns with personalized offers and re-engagement discounts.
13141,85,5,2388.75,2,4,5,245,11,0.4653461139941349,0.6532369520997158,0.9460291783257102,3,Loyal Customers,"Use cross-selling, upselling, and exclusive member offers."
13142,19,1,307.09,4,1,2,412,7,-0.6230859205766931,-0.9552142636712972,-0.682011599004358,2,New Customers,Use welcome offers and second-purchase incentives to build loyalty.
13144,333,1,110.95,1,1,1,111,3,1.4777981324055245,-0.9552142636712972,-1.486545770464474,1,At Risk,Launch win-back campaigns with personalized offers and re-engagement discounts.
13145,40,4,618.52,3,4,3,343,10,-0.0874272207859269,0.3863044476016776,-0.1268522575155447,3,Loyal Customers,"Use cross-selling, upselling, and exclusive member offers."
13146,26,1,228.91,4,1,1,411,6,-0.3991450951625692,-0.9552142636712972,-0.914631547004965,2,New Customers,Use welcome offers and second-purchase incentives to build loyalty.
13147,10,4,712.8,5,4,3,543,12,-1.0691974256329595,0.3863044476016776,-0.0142728805624931,2,New Customers,Use welcome offers and second-purchase incentives to build loyalty.
13148,29,12,3683.26,4,5,5,455,14,-0.3205241028950956,1.7852452398084837,1.2900515808506203,0,Champions,"Target with premium products, exclusive offers, and loyalty rewards."
13149,14,4,1676.06,4,4,4,444,12,-0.8377569465536066,0.3863044476016776,0.6645792008746753,3,Loyal Customers,"Use cross-selling, upselling, and exclusive member offers."
13151,296,1,1257.87,1,1,4,114,6,1.3901865583873654,-0.9552142636712972,0.4366292729191403,1,At Risk,Launch win-back campaigns with personalized offers and re-engagement discounts.
13153,6,1,486.22,5,1,2,512,8,-1.4064729096883222,-0.9552142636712972,-0.3177690349062206,2,New Customers,Use welcome offers and second-purchase incentives to build loyalty.
13155,33,4,971.76,4,4,4,444,12,-0.2271262067959733,0.3863044476016776,0.2317227777473473,3,Loyal Customers,"Use cross-selling, upselling, and exclusive member offers."
13157,49,4,1741.22,3,4,4,344,11,0.0606587070539751,0.3863044476016776,0.6948725474041958,3,Loyal Customers,"Use cross-selling, upselling, and exclusive member offers."
13158,95,4,1201.06,2,4,4,244,10,0.5474298004497687,0.3863044476016776,0.3999305496673671,3,Loyal Customers,"Use cross-selling, upselling, and exclusive member offers."
13159,9,4,1429.35,5,4,4,544,13,-1.1403187642352035,0.3863044476016776,0.5381196971804318,2,New Customers,Use welcome offers and second-purchase incentives to build loyalty.
13160,22,1,91.8,4,1,1,411,6,-0.5187942651860693,-0.9552142636712972,-1.635641190891168,2,New Customers,Use welcome offers and second-purchase incentives to build loyalty.
13161,313,1,112.75,1,1,1,111,3,1.4317211978352091,-0.9552142636712972,-1.4738692980228725,1,At Risk,Launch win-back campaigns with personalized offers and re-engagement discounts.
13162,122,4,1688.29,2,4,4,244,10,0.7323674405541809,0.3863044476016776,0.6703537404603911,3,Loyal Customers,"Use cross-selling, upselling, and exclusive member offers."
13165,46,2,1021.48,3,2,4,324,9,0.0144867079241929,-0.3615827770984003,0.2713391002988288,3,Loyal Customers,"Use cross-selling, upselling, and exclusive member offers."
13166,283,1,417.2,1,1,2,112,4,1.356787798536271,-0.9552142636712972,-0.4391684198165406,1,At Risk,Launch win-back campaigns with personalized offers and re-engagement discounts.
13167,19,4,791.33,4,4,3,443,11,-0.6230859205766931,0.3863044476016776,0.0686769348666501,2,New Customers,Use welcome offers and second-purchase incentives to build loyalty.
13168,36,4,1299.59,3,4,4,344,11,-0.164028700972232,0.3863044476016776,0.4625401840238567,3,Loyal Customers,"Use cross-selling, upselling, and exclusive member offers."
13169,64,2,712.88,3,2,3,323,8,0.2564373503073006,-0.3615827770984003,-0.0141838155004906,3,Loyal Customers,"Use cross-selling, upselling, and exclusive member offers."
13170,27,1,108.81,4,1,1,411,6,-0.3720072223713004,-0.9552142636712972,-1.501884602957938,2,New Customers,Use welcome offers and second-purchase incentives to build loyalty.
13171,22,3,468.41,4,3,2,432,9,-0.5187942651860693,0.0596054655268191,-0.3473640366774081,2,New Customers,Use welcome offers and second-purchase incentives to build loyalty.
13173,4,2,353.65,5,2,2,522,9,-1.6575516078937147,-0.3615827770984003,-0.5701620893731952,2,New Customers,Use welcome offers and second-purchase incentives to build loyalty.
13174,16,3,2742.82,4,3,5,435,12,-0.7443590504544844,0.0596054655268191,1.055830605541203,3,Loyal Customers,"Use cross-selling, upselling, and exclusive member offers."
13176,46,1,481.49,3,1,2,312,6,0.0144867079241929,-0.9552142636712972,-0.3255220561436484,1,At Risk,Launch win-back campaigns with personalized offers and re-engagement discounts.
13177,65,1,282.45,3,1,2,312,6,0.2678300793656594,-0.9552142636712972,-0.7482570732023734,1,At Risk,Launch win-back campaigns with personalized offers and re-engagement discounts.
13178,26,11,5725.47,4,5,5,455,14,-0.3991450951625692,1.668056681297832,1.6405499481691668,0,Champions,"Target with premium products, exclusive offers, and loyalty rewards."
13182,45,1,121.18,3,1,1,311,5,-0.0015614215275583,-0.9552142636712972,-1.417052390321999,1,At Risk,Launch win-back campaigns with personalized offers and re-engagement discounts.
13183,8,9,3957.78,5,5,5,555,15,-1.2189397565026774,1.4011241767997944,1.3471656341908484,0,Champions,"Target with premium products, exclusive offers, and loyalty rewards."
13184,15,10,1668.95,4,5,4,454,13,-0.7895977045488505,1.54066546553549,0.6612027416698326,0,Champions,"Target with premium products, exclusive offers, and loyalty rewards."
13185,268,1,71.4,1,1,1,111,3,1.3162963510849115,-0.9552142636712972,-1.832924627786688,1,At Risk,Launch win-back campaigns with personalized offers and re-engagement discounts.
13186,40,3,1575.89,3,3,4,334,10,-0.0874272207859269,0.0596054655268191,0.6156337531238889,3,Loyal Customers,"Use cross-selling, upselling, and exclusive member offers."
13187,337,1,236.02,1,1,1,111,3,1.4866816808776484,-0.9552142636712972,-0.8904268497610642,1,At Risk,Launch win-back campaigns with personalized offers and re-engagement discounts.
13188,11,1,114.6,5,1,1,511,7,-1.0042687305257638,-0.9552142636712972,-1.4610480392390364,2,New Customers,Use welcome offers and second-purchase incentives to build loyalty.
13189,19,2,260.68,4,2,2,422,8,-0.6230859205766931,-0.3615827770984003,-0.8117664198458459,2,New Customers,Use welcome offers and second-purchase incentives to build loyalty.
13192,95,2,911.94,2,2,3,223,7,0.5474298004497687,-0.3615827770984003,0.1812836209731334,3,Loyal Customers,"Use cross-selling, upselling, and exclusive member offers."
13193,61,1,112.08,3,1,1,311,5,0.2211768101395232,-0.9552142636712972,-1.4785641708819113,1,At Risk,Launch win-back campaigns with personalized offers and re-engagement discounts.
13194,136,1,60.7,2,1,1,211,4,0.8128062394661227,-0.9552142636712972,-1.9600193394655856,1,At Risk,Launch win-back campaigns with personalized offers and re-engagement discounts.
13196,11,4,1797.78,5,4,4,544,13,-1.0042687305257638,0.3863044476016776,0.7202628966810468,3,Loyal Customers,"Use cross-selling, upselling, and exclusive member offers."
13198,10,6,3401.24,5,5,5,555,15,-1.0691974256329595,0.8789251688960832,1.2267629335427352,0,Champions,"Target with premium products, exclusive offers, and loyalty rewards."
13199,4,38,9817.12,5,5,5,555,15,-1.6575516078937147,3.393696455579496,2.0690117072155387,0,Champions,"Target with premium products, exclusive offers, and loyalty rewards."
13200,19,4,870.09,4,4,3,443,11,-0.6230859205766931,0.3863044476016776,0.1439911420728765,3,Loyal Customers,"Use cross-selling, upselling, and exclusive member offers."
13203,10,4,869.46,5,4,3,543,12,-1.0691974256329595,0.3863044476016776,0.1434161618808522,2,New Customers,Use welcome offers and second-purchase incentives to build loyalty.
13207,15,2,250.26,4,2,2,422,8,-0.7895977045488505,-0.3615827770984003,-0.8440594772785642,2,New Customers,Use welcome offers and second-purchase incentives to build loyalty.
13208,59,6,1217.65,3,5,4,354,12,0.196708740763415,0.8789251688960832,0.4108238300990304,3,Loyal Customers,"Use cross-selling, upselling, and exclusive member offers."
13209,30,8,5891.61,4,5,5,455,14,-0.2960560335189878,1.2468684386726128,1.6632789481340806,0,Champions,"Target with premium products, exclusive offers, and loyalty rewards."
13210,94,1,353.48,2,1,2,212,5,0.5396160195399382,-0.9552142636712972,-0.5705431300445767,1,At Risk,Launch win-back campaigns with personalized offers and re-engagement discounts.
13211,10,3,1095.42,5,3,4,534,12,-1.0691974256329595,0.0596054655268191,0.3268264038313596,2,New Customers,Use welcome offers and second-purchase incentives to build loyalty.
13212,20,3,786.83,4,3,3,433,10,-0.5866782483482139,0.0596054655268191,0.064150451939209,2,New Customers,Use welcome offers and second-purchase incentives to build loyalty.
13213,57,5,1520.58,3,4,4,344,11,0.1714110890244534,0.6532369520997158,0.5872577801903852,3,Loyal Customers,"Use cross-selling, upselling, and exclusive member offers."
13216,268,1,333.74,1,1,2,112,4,1.3162963510849115,-0.9552142636712972,-0.6160792826720133,1,At Risk,Launch win-back campaigns with personalized offers and re-engagement discounts.
13217,122,3,533.98,2,3,3,233,8,0.7323674405541809,0.0596054655268191,-0.2434512036595721,3,Loyal Customers,"Use cross-selling, upselling, and exclusive member offers."
13218,127,1,62.64,2,1,1,211,4,0.7621008264266822,-0.9552142636712972,-1.93541594744322,1,At Risk,Launch win-back campaigns with personalized offers and re-engagement discounts.
13220,78,4,819.29,2,4,3,243,9,0.4019933629965244,0.3863044476016776,0.0962380580559738,3,Loyal Customers,"Use cross-selling, upselling, and exclusive member offers."
13221,240,2,847.41,1,2,3,123,6,1.2342771737504357,-0.3615827770984003,0.1230252029761979,1,At Risk,Launch win-back campaigns with personalized offers and re-engagement discounts.
13223,200,2,163.2,1,2,1,121,4,1.0988461440238422,-0.3615827770984003,-1.1821390098473463,1,At Risk,Launch win-back campaigns with personalized offers and re-engagement discounts.
13224,60,2,2155.95,3,2,5,325,10,0.2090430589164636,-0.3615827770984003,0.8645747138869645,3,Loyal Customers,"Use cross-selling, upselling, and exclusive member offers."
13225,3,7,6463.84,5,5,5,555,15,-1.824063391865872,1.0744251947249353,1.7369336930916066,0,Champions,"Target with premium products, exclusive offers, and loyalty rewards."
13226,273,1,108.21,1,1,1,111,3,1.3300390831246338,-0.9552142636712972,-1.5062388876926305,1,At Risk,Launch win-back campaigns with personalized offers and re-engagement discounts.
13227,202,1,257.7,1,1,2,112,4,1.1062344148605143,-0.9552142636712972,-0.8208686681265844,1,At Risk,Launch win-back campaigns with personalized offers and re-engagement discounts.
13228,81,1,358.0,2,1,2,212,5,0.429805622872584,-0.9552142636712972,-0.5604735651749634,1,At Risk,Launch win-back campaigns with personalized offers and re-engagement discounts.
13229,226,1,160.95,1,1,1,111,3,1.1896188509298031,-0.9552142636712972,-1.1931043040325642,1,At Risk,Launch win-back campaigns with personalized offers and re-engagement discounts.
13230,4,14,2755.63,5,5,5,555,15,-1.6575516078937147,1.9947556633726904,1.0595322947804249,0,Champions,"Target with premium products, exclusive offers, and loyalty rewards."
13232,13,7,1328.35,5,5,4,554,14,-0.8892400660298114,1.0744251947249353,0.4799225390900764,0,Champions,"Target with premium products, exclusive offers, and loyalty rewards."
13233,74,2,605.12,2,2,3,223,7,0.3632205247355723,-0.3615827770984003,-0.1442305635075282,1,At Risk,Launch win-back campaigns with personalized offers and re-engagement discounts.
13235,212,1,1031.07,1,1,4,114,6,1.1421167725593575,-0.9552142636712972,0.2787582359057933,1,At Risk,Launch win-back campaigns with personalized offers and re-engagement discounts.
13236,25,2,744.85,4,2,3,423,9,-0.4273072773233673,-0.3615827770984003,0.0206329016100555,2,New Customers,Use welcome offers and second-purchase incentives to build loyalty.
13238,17,4,700.73,4,4,3,443,11,-0.7017069128441668,0.3863044476016776,-0.0278262407664895,2,New Customers,Use welcome offers and second-purchase incentives to build loyalty.
13239,262,1,329.56,1,1,2,112,4,1.2994638495891662,-0.9552142636712972,-0.6260657695508045,1,At Risk,Launch win-back campaigns with personalized offers and re-engagement discounts.
13240,96,4,663.65,2,4,3,243,9,0.5551626080798789,0.3863044476016776,-0.0709705118590704,3,Loyal Customers,"Use cross-selling, upselling, and exclusive member offers."
13242,112,3,270.4,2,3,2,232,7,0.6690914798070661,0.0596054655268191,-0.7827816220476957,1,At Risk,Launch win-back campaigns with personalized offers and re-engagement discounts.
13243,203,1,585.12,1,1,3,113,5,1.1099012982026455,-0.9552142636712972,-0.1708964061871631,1,At Risk,Launch win-back campaigns with personalized offers and re-engagement discounts.
13244,93,1,121.74,2,1,1,211,4,0.5317195515827039,-0.9552142636712972,-1.4134181570857671,1,At Risk,Launch win-back campaigns with personalized offers and re-engagement discounts.
13245,51,1,430.5,3,1,2,312,6,0.0899255663351436,-0.9552142636712972,-0.4142873094812854,1,At Risk,Launch win-back campaigns with personalized offers and re-engagement discounts.
13246,18,6,1961.52,4,5,4,454,13,-0.6613614517492411,0.8789251688960832,0.7895001203988294,3,Loyal Customers,"Use cross-selling, upselling, and exclusive member offers."
13247,18,4,501.12,4,4,3,443,11,-0.6613614517492411,0.3863044476016776,-0.293829164143343,2,New Customers,Use welcome offers and second-purchase incentives to build loyalty.
13248,125,2,465.68,2,2,2,222,6,0.7503492566504052,-0.3615827770984003,-0.3519995147949541,1,At Risk,Launch win-back campaigns with personalized offers and re-engagement discounts.
13249,92,3,711.41,2,3,3,233,8,0.5237386278211207,0.0596054655268191,-0.0158219815233169,3,Loyal Customers,"Use cross-selling, upselling, and exclusive member offers."
13253,157,2,1030.4,2,2,4,224,8,0.9192262066550354,-0.3615827770984003,0.2782421465267576,3,Loyal Customers,"Use cross-selling, upselling, and exclusive member offers."
13255,9,2,399.51,5,2,2,522,9,-1.1403187642352035,-0.3615827770984003,-0.4735173804761338,2,New Customers,Use welcome offers and second-purchase incentives to build loyalty.
13258,12,3,672.83,5,3,3,533,11,-0.9445401209818785,0.0596054655268191,-0.060069021688181,2,New Customers,Use welcome offers and second-purchase incentives to build loyalty.
13259,62,1,283.18,3,1,2,312,6,0.2331164129918942,-0.9552142636712972,-0.7462129549230233,1,At Risk,Launch win-back campaigns with personalized offers and re-engagement discounts.
13260,61,1,557.62,3,1,3,313,7,0.2211768101395232,-0.9552142636712972,-0.2090871100866267,1,At Risk,Launch win-back campaigns with personalized offers and re-engagement discounts.
13261,269,2,944.1,1,2,4,124,7,1.3190652197851211,-0.3615827770984003,0.2087975503859017,1,At Risk,Launch win-back campaigns with personalized offers and re-engagement discounts.
13262,263,1,200.29,1,1,1,111,3,1.302295766682681,-0.9552142636712972,-1.0202836393889805,1,At Risk,Launch win-back campaigns with personalized offers and re-engagement discounts.
13263,1,35,7436.93,5,5,5,555,15,-2.341296235524383,3.276507897068845,1.8483658765763125,0,Champions,"Target with premium products, exclusive offers, and loyalty rewards."
13265,53,5,2092.66,3,4,5,345,12,0.1180877484959417,0.6532369520997158,0.8409065702407116,3,Loyal Customers,"Use cross-selling, upselling, and exclusive member offers."
13266,11,12,3834.26,5,5,5,555,15,-1.0042687305257638,1.7852452398084837,1.3219738296259134,0,Champions,"Target with premium products, exclusive offers, and loyalty rewards."
13267,3,19,4521.49,5,5,5,555,15,-1.824063391865872,2.41594390599791,1.452965193392436,0,Champions,"Target with premium products, exclusive offers, and loyalty rewards."
13268,18,11,3174.75,4,5,5,455,14,-0.6613614517492411,1.668056681297832,1.1720139832851368,0,Champions,"Target with premium products, exclusive offers, and loyalty rewards."
13269,1,15,5343.28,5,5,5,555,15,-2.341296235524383,2.089244923923052,1.5856561654382304,0,Champions,"Target with premium products, exclusive offers, and loyalty rewards."
13270,366,1,590.0,1,1,3,113,5,1.5481066068113414,-0.9552142636712972,-0.1643069460639479,1,At Risk,Launch win-back campaigns with personalized offers and re-engagement discounts.
13271,37,1,211.49,3,1,1,311,5,-0.1441286080907301,-0.9552142636712972,-0.9772505143003724,1,At Risk,Launch win-back campaigns with personalized offers and re-engagement discounts.
13272,31,2,276.56,4,2,2,422,8,-0.2723648608903394,-0.3615827770984003,-0.7649452507929473,2,New Customers,Use welcome offers and second-purchase incentives to build loyalty.
13273,113,1,138.98,2,1,1,211,4,0.6756660532493783,-0.9552142636712972,-1.3089661155232126,1,At Risk,Launch win-back campaigns with personalized offers and re-engagement discounts.
13276,64,2,590.93,3,2,3,323,8,0.2564373503073006,-0.3615827770984003,-0.1630573425009834,3,Loyal Customers,"Use cross-selling, upselling, and exclusive member offers."
13277,16,4,258.4,4,4,2,442,10,-0.7443590504544844,0.3863044476016776,-0.818721169104412,2,New Customers,Use welcome offers and second-purchase incentives to build loyalty.
13278,41,1,542.73,3,1,3,313,7,-0.0694454046897029,-0.9552142636712972,-0.2305579912844058,2,New Customers,Use welcome offers and second-purchase incentives to build loyalty.
13279,78,1,137.75,2,1,1,211,4,0.4019933629965244,-0.9552142636712972,-1.3159802240051608,1,At Risk,Launch win-back campaigns with personalized offers and re-engagement discounts.
13280,122,3,798.46,2,3,3,233,8,0.7323674405541809,0.0596054655268191,0.0757965238948172,3,Loyal Customers,"Use cross-selling, upselling, and exclusive member offers."
13282,18,3,1132.14,4,3,4,434,11,-0.6613614517492411,0.0596054655268191,0.3530064882685265,2,New Customers,Use welcome offers and second-purchase incentives to build loyalty.
13283,60,2,93.66,3,2,1,321,6,0.2090430589164636,-0.3615827770984003,-1.6198699143560058,1,At Risk,Launch win-back campaigns with personalized offers and re-engagement discounts.
13284,331,1,201.19,1,1,1,111,3,1.4733163816448338,-0.9552142636712972,-1.016738204775432,1,At Risk,Launch win-back campaigns with personalized offers and re-engagement discounts.
13285,23,4,2709.12,4,4,5,445,13,-0.4870358868672529,0.3863044476016776,1.046009206989785,3,Loyal Customers,"Use cross-selling, upselling, and exclusive member offers."
13291,156,1,361.11,2,1,2,212,5,0.9144883541766984,-0.9552142636712972,-0.553618527811087,1,At Risk,Launch win-back campaigns with personalized offers and re-engagement discounts.
13292,39,2,578.94,3,2,3,323,8,-0.1058530769181821,-0.3615827770984003,-0.1793204362186548,2,New Customers,Use welcome offers and second-purchase incentives to build loyalty.
13294,190,2,873.74,1,2,3,123,6,1.060765981162014,-0.3615827770984003,0.1473142145077423,1,At Risk,Launch win-back campaigns with personalized offers and re-engagement discounts.
13295,360,1,201.2,1,1,1,111,3,1.535806175684412,-0.9552142636712972,-1.0166988997704824,1,At Risk,Launch win-back campaigns with personalized offers and re-engagement discounts.
13296,137,1,87.4,2,1,1,211,4,0.8182332398125501,-0.9552142636712972,-1.6742448193647406,1,At Risk,Launch win-back campaigns with personalized offers and re-engagement discounts.
13297,8,4,2089.85,5,4,5,545,14,-1.2189397565026774,0.3863044476016776,0.839839212416779,0,Champions,"Target with premium products, exclusive offers, and loyalty rewards."
13298,1,1,360.0,5,1,2,512,8,-2.341296235524383,-0.9552142636712972,-0.5560584007778796,2,New Customers,Use welcome offers and second-purchase incentives to build loyalty.
13299,268,1,142.5,1,1,1,111,3,1.3162963510849115,-0.9552142636712972,-1.289228675463029,1,At Risk,Launch win-back campaigns with personalized offers and re-engagement discounts.
13300,169,1,371.89,2,1,2,212,5,0.973851264493206,-0.9552142636712972,-0.5303048479805365,1,At Risk,Launch win-back campaigns with personalized offers and re-engagement discounts.
13301,104,4,618.09,2,4,3,243,9,0.6142992229409651,0.3863044476016776,-0.1274040580970298,3,Loyal Customers,"Use cross-selling, upselling, and exclusive member offers."
13302,155,1,63.75,2,1,1,211,4,0.9097202276752518,-0.9552142636712972,-1.9216739183538367,1,At Risk,Launch win-back campaigns with personalized offers and re-engagement discounts.
13304,351,1,300.42,1,1,2,112,4,1.5169667926595949,-0.9552142636712972,-0.6994060448873718,1,At Risk,Launch win-back campaigns with personalized offers and re-engagement discounts.
13305,4,10,2000.86,5,5,4,554,14,-1.6575516078937147,1.54066546553549,0.80527338533169,0,Champions,"Target with premium products, exclusive offers, and loyalty rewards."
13307,120,1,15.0,2,1,1,211,4,0.7201342279169752,-0.9552142636712972,-3.03265930240862,1,At Risk,Launch win-back campaigns with personalized offers and re-engagement discounts.
13308,23,3,1385.51,4,3,4,434,11,-0.4870358868672529,0.0596054655268191,0.5133803284209983,3,Loyal Customers,"Use cross-selling, upselling, and exclusive member offers."
13309,7,5,1456.79,5,4,4,544,13,-1.3068305482073614,0.6532369520997158,0.553221444395763,0,Champions,"Target with premium products, exclusive offers, and loyalty rewards."
13310,28,3,1132.03,4,3,4,434,11,-0.3458217546340572,0.0596054655268191,0.3529293360422733,3,Loyal Customers,"Use cross-selling, upselling, and exclusive member offers."
13311,4,2,598.57,5,2,3,523,10,-1.6575516078937147,-0.3615827770984003,-0.1528654806850002,2,New Customers,Use welcome offers and second-purchase incentives to build loyalty.
13313,22,5,1555.32,4,4,4,444,12,-0.5187942651860693,0.6532369520997158,0.6051985888528959,3,Loyal Customers,"Use cross-selling, upselling, and exclusive member offers."
13314,2,3,775.94,5,3,3,533,11,-2.038734417842785,0.0596054655268191,0.0530884776910259,2,New Customers,Use welcome offers and second-purchase incentives to build loyalty.
13316,37,4,5732.93,3,4,5,345,12,-0.1441286080907301,0.3863044476016776,1.6415845836689869,3,Loyal Customers,"Use cross-selling, upselling, and exclusive member offers."
13317,66,6,2273.68,3,5,5,355,13,0.2790514826837337,0.8789251688960832,0.906809870730142,3,Loyal Customers,"Use cross-selling, upselling, and exclusive member offers."
13318,1,3,640.76,5,3,3,533,11,-2.341296235524383,0.0596054655268191,-0.0988226799475387,2,New Customers,Use welcome offers and second-purchase incentives to build loyalty.
13319,5,26,10845.55,5,5,5,555,15,-1.5215015741842748,2.855319654443625,2.148180398452236,0,Champions,"Target with premium products, exclusive offers, and loyalty rewards."
13320,78,4,1532.2,2,4,4,244,10,0.4019933629965244,0.3863044476016776,0.5933038971885801,3,Loyal Customers,"Use cross-selling, upselling, and exclusive member offers."
13321,72,2,567.36,3,2,3,323,8,0.343051479153905,-0.3615827770984003,-0.1953497961201737,1,At Risk,Launch win-back campaigns with personalized offers and re-engagement discounts.
13322,17,1,199.48,4,1,1,411,6,-0.7017069128441668,-0.9552142636712972,-1.0234881105320155,2,New Customers,Use welcome offers and second-purchase incentives to build loyalty.
13323,3,5,787.85,5,4,3,543,12,-1.824063391865872,0.6532369520997158,0.0651787166618515,2,New Customers,Use welcome offers and second-purchase incentives to build loyalty.
13324,36,10,7121.95,3,5,5,355,13,-0.164028700972232,1.54066546553549,1.813977523767307,0,Champions,"Target with premium products, exclusive offers, and loyalty rewards."
13325,82,1,675.3,2,1,3,213,6,0.4388506943278125,-0.9552142636712972,-0.057161184321294,1,At Risk,Launch win-back campaigns with personalized offers and re-engagement discounts.
13327,39,8,3627.77,3,5,5,355,13,-0.1058530769181821,1.2468684386726128,1.277990840506785,0,Champions,"Target with premium products, exclusive offers, and loyalty rewards."
13328,316,1,1308.48,1,1,4,114,6,1.438816743455106,-0.9552142636712972,0.4679539508713224,1,At Risk,Launch win-back campaigns with personalized offers and re-engagement discounts.
13329,32,2,789.0,4,2,3,423,9,-0.2494027642928512,-0.3615827770984003,0.0663364413870001,2,New Customers,Use welcome offers and second-purchase incentives to build loyalty.
13330,93,3,1140.93,2,3,4,234,9,0.5317195515827039,0.0596054655268191,0.3591475651598937,3,Loyal Customers,"Use cross-selling, upselling, and exclusive member offers."
13332,14,1,350.9,4,1,2,412,7,-0.8377569465536066,-0.9552142636712972,-0.5763485214485645,2,New Customers,Use welcome offers and second-purchase incentives to build loyalty.
13334,82,3,3502.32,2,3,5,235,10,0.4388506943278125,0.0596054655268191,1.2500302133471313,3,Loyal Customers,"Use cross-selling, upselling, and exclusive member offers."
13336,77,1,795.12,2,1,3,213,6,0.3924873840167408,-0.9552142636712972,0.0724693401930892,1,At Risk,Launch win-back campaigns with personalized offers and re-engagement discounts.
13338,158,1,487.02,2,1,2,212,5,0.9239341671206882,-0.9552142636712972,-0.3164651872778651,1,At Risk,Launch win-back campaigns with personalized offers and re-engagement discounts.
13339,201,1,860.12,1,1,3,113,5,1.1025494233790782,-0.9552142636712972,0.1348426887743959,1,At Risk,Launch win-back campaigns with personalized offers and re-engagement discounts.
13340,45,7,10736.48,3,5,5,355,13,-0.0015614215275583,1.0744251947249353,2.140148379276636,0,Champions,"Target with premium products, exclusive offers, and loyalty rewards."
13341,261,1,775.85,1,1,3,113,5,1.2966211442140112,-0.9552142636712972,0.0529964118657247,1,At Risk,Launch win-back campaigns with personalized offers and re-engagement discounts.
13343,178,1,353.43,2,1,2,212,5,1.0123462367079263,-0.9552142636712972,-0.5706552356078687,1,At Risk,Launch win-back campaigns with personalized offers and re-engagement discounts.
13344,68,3,2511.69,3,3,5,335,11,0.3010003961540392,0.0596054655268191,0.985896792596644,3,Loyal Customers,"Use cross-selling, upselling, and exclusive member offers."
13345,288,1,389.5,1,1,2,112,4,1.3698109782739254,-0.9552142636712972,-0.4936325432287934,1,At Risk,Launch win-back campaigns with personalized offers and re-engagement discounts.
13347,70,1,341.36,3,1,2,312,6,0.322322111219249,-0.9552142636712972,-0.5981909956039276,1,At Risk,Launch win-back campaigns with personalized offers and re-engagement discounts.
13348,64,1,233.76,3,1,1,311,5,0.2564373503073006,-0.9552142636712972,-0.8980409834503622,1,At Risk,Launch win-back campaigns with personalized offers and re-engagement discounts.
13349,11,1,247.32,5,1,1,511,7,-1.0042687305257638,-0.9552142636712972,-0.8534134384576937,2,New Customers,Use welcome offers and second-purchase incentives to build loyalty.
13350,16,2,979.12,4,2,4,424,10,-0.7443590504544844,-0.3615827770984003,0.2377131329589253,2,New Customers,Use welcome offers and second-purchase incentives to build loyalty.
13351,66,1,373.94,3,1,2,312,6,0.2790514826837337,-0.9552142636712972,-0.5259477198816738,1,At Risk,Launch win-back campaigns with personalized offers and re-engagement discounts.
13352,60,1,397.98,3,1,2,312,6,0.2090430589164636,-0.9552142636712972,-0.4765591561879653,1,At Risk,Launch win-back campaigns with personalized offers and re-engagement discounts.
13354,71,1,743.53,3,1,3,313,7,0.3327587744728552,-0.9552142636712972,0.0192251523959153,1,At Risk,Launch win-back campaigns with personalized offers and re-engagement discounts.
13355,122,1,674.7,2,1,3,213,6,0.7323674405541809,-0.9552142636712972,-0.0578665638475537,1,At Risk,Launch win-back campaigns with personalized offers and re-engagement discounts.
13356,80,1,768.24,2,1,3,213,6,0.4206495661775393,-0.9552142636712972,0.0451729016209454,1,At Risk,Launch win-back campaigns with personalized offers and re-engagement discounts.
13357,257,1,609.4,1,1,3,113,5,1.2851407753342434,-0.9552142636712972,-0.1386384681251216,1,At Risk,Launch win-back campaigns with personalized offers and re-engagement discounts.
13358,269,1,439.03,1,1,2,112,4,1.3190652197851211,-0.9552142636712972,-0.3987302031217577,1,At Risk,Launch win-back campaigns with personalized offers and re-engagement discounts.
13359,64,1,439.56,3,1,2,312,6,0.2564373503073006,-0.9552142636712972,-0.397773558937769,1,At Risk,Launch win-back campaigns with personalized offers and re-engagement discounts.
13362,9,4,3090.74,5,4,5,545,14,-1.1403187642352035,0.3863044476016776,1.150707508048462,0,Champions,"Target with premium products, exclusive offers, and loyalty rewards."
13363,18,2,992.5,4,2,4,424,10,-0.6613614517492411,-0.3615827770984003,0.2484888825919166,2,New Customers,Use welcome offers and second-purchase incentives to build loyalty.
13364,71,1,134.96,3,1,1,311,5,0.3327587744728552,-0.9552142636712972,-1.3321235467681027,1,At Risk,Launch win-back campaigns with personalized offers and re-engagement discounts.
13365,34,2,2225.37,3,2,5,325,10,-0.2054954383991431,-0.3615827770984003,0.8897495127252045,3,Loyal Customers,"Use cross-selling, upselling, and exclusive member offers."
13366,50,1,56.16,3,1,1,311,5,0.0754356108856238,-0.9552142636712972,-2.0207600304198925,1,At Risk,Launch win-back campaigns with personalized offers and re-engagement discounts.
13368,257,2,623.4,1,2,3,123,6,1.2851407753342434,-0.3615827770984003,-0.120616663059588,1,At Risk,Launch win-back campaigns with personalized offers and re-engagement discounts.
13369,366,1,308.28,1,1,2,112,4,1.5481066068113414,-0.9552142636712972,-0.6789478707614338,1,At Risk,Launch win-back campaigns with personalized offers and re-engagement discounts.
13370,372,1,754.87,1,1,3,113,5,1.5602075626728675,-0.9552142636712972,0.0312384581749585,1,At Risk,Launch win-back campaigns with personalized offers and re-engagement discounts.
13372,90,1,378.64,2,1,2,212,5,0.5075160485126933,-0.9552142636712972,-0.5160474633744161,1,At Risk,Launch win-back campaigns with personalized offers and re-engagement discounts.
13373,61,3,3312.25,3,3,5,335,11,0.2211768101395232,0.0596054655268191,1.2056991110828026,3,Loyal Customers,"Use cross-selling, upselling, and exclusive member offers."
13375,89,1,778.65,2,1,3,213,6,0.4992705584450125,-0.9552142636712972,0.0558556981273404,1,At Risk,Launch win-back campaigns with personalized offers and re-engagement discounts.
13376,99,3,1019.76,2,3,4,234,9,0.5778915507124864,0.0596054655268191,0.2700010962421025,3,Loyal Customers,"Use cross-selling, upselling, and exclusive member offers."
13379,26,3,572.56,4,3,3,433,10,-0.3991450951625692,0.0596054655268191,-0.1881117902843877,2,New Customers,Use welcome offers and second-purchase incentives to build loyalty.
13381,32,6,3639.31,4,5,5,455,14,-0.2494027642928512,0.8789251688960832,1.2805141759500205,3,Loyal Customers,"Use cross-selling, upselling, and exclusive member offers."
13382,281,1,222.99,1,1,1,111,3,1.3515142129228124,-0.9552142636712972,-0.9353632230607182,1,At Risk,Launch win-back campaigns with personalized offers and re-engagement discounts.
13384,31,7,4151.93,4,5,5,455,14,-0.2723648608903394,1.0744251947249353,1.3852157683705824,0,Champions,"Target with premium products, exclusive offers, and loyalty rewards."
13385,330,1,534.57,1,1,3,113,5,1.4710653716164896,-0.9552142636712972,-0.2425752253298421,1,At Risk,Launch win-back campaigns with personalized offers and re-engagement discounts.
13388,131,2,677.1,2,2,3,223,7,0.7850629230241704,-0.3615827770984003,-0.0550487944400836,1,At Risk,Launch win-back campaigns with personalized offers and re-engagement discounts.
13389,11,3,797.96,5,3,3,533,11,-1.0042687305257638,0.0596054655268191,0.0752993281807157,2,New Customers,Use welcome offers and second-purchase incentives to build loyalty.
13390,75,1,544.08,2,1,3,213,6,0.3731042355677808,-0.9552142636712972,-0.2285872475572266,1,At Risk,Launch win-back campaigns with personalized offers and re-engagement discounts.
13391,204,1,59.8,1,1,1,111,3,1.1135502505032524,-0.9552142636712972,-1.9716971788502853,1,At Risk,Launch win-back campaigns with personalized offers and re-engagement discounts.
13394,2,8,2520.02,5,5,5,555,15,-2.038734417842785,1.2468684386726128,0.988527093711728,0,Champions,"Target with premium products, exclusive offers, and loyalty rewards."
13395,185,1,307.72,1,1,2,112,4,1.0409714714796316,-0.9552142636712972,-0.6803881540894655,1,At Risk,Launch win-back campaigns with personalized offers and re-engagement discounts.
13396,29,2,1360.99,4,2,4,424,10,-0.3205241028950956,-0.3615827770984003,0.499200058121453,3,Loyal Customers,"Use cross-selling, upselling, and exclusive member offers."
13397,73,5,1544.13,2,4,4,244,10,0.3532041426862792,0.6532369520997158,0.5994638261810235,3,Loyal Customers,"Use cross-selling, upselling, and exclusive member offers."
13398,192,1,457.34,1,1,2,112,4,1.068539064558348,-0.9552142636712972,-0.3663304640687855,1,At Risk,Launch win-back campaigns with personalized offers and re-engagement discounts.
13402,127,2,621.23,2,2,3,223,7,0.7621008264266822,-0.3615827770984003,-0.1233834190653015,1,At Risk,Launch win-back campaigns with personalized offers and re-engagement discounts.
13403,18,1,75.0,4,1,1,411,6,-0.6613614517492411,-0.9552142636712972,-1.7943588515932494,2,New Customers,Use welcome offers and second-purchase incentives to build loyalty.
13404,1,2,252.49,5,2,2,522,9,-2.341296235524383,-0.3615827770984003,-0.8370371733195608,2,New Customers,Use welcome offers and second-purchase incentives to build loyalty.
13405,74,3,572.45,2,3,3,233,8,0.3632205247355723,0.0596054655268191,-0.1882642214410182,3,Loyal Customers,"Use cross-selling, upselling, and exclusive member offers."
13408,2,62,28117.04,5,5,5,555,15,-2.038734417842785,4.095827600438109,2.9052094932407644,0,Champions,"Target with premium products, exclusive offers, and loyalty rewards."
13410,24,5,1003.06,4,4,4,444,12,-0.4565741366045358,0.6532369520997158,0.2568915349085561,3,Loyal Customers,"Use cross-selling, upselling, and exclusive member offers."
13411,107,1,213.55,2,1,1,211,4,0.6353205921544528,-0.9552142636712972,-0.9695830759029586,1,At Risk,Launch win-back campaigns with personalized offers and re-engagement discounts.
13414,134,3,1390.5,2,3,4,234,9,0.8018323761266101,0.0596054655268191,0.5162353899410931,3,Loyal Customers,"Use cross-selling, upselling, and exclusive member offers."
13416,44,2,712.5,3,2,3,323,8,-0.0179622852134984,-0.3615827770984003,-0.0146069634711106,3,Loyal Customers,"Use cross-selling, upselling, and exclusive member offers."
13417,5,2,640.83,5,2,3,523,10,-1.5215015741842748,-0.3615827770984003,-0.0987359997328693,2,New Customers,Use welcome offers and second-purchase incentives to build loyalty.
13418,12,18,6127.43,5,5,5,555,15,-0.9445401209818785,2.340846655976633,1.694463720318727,0,Champions,"Target with premium products, exclusive offers, and loyalty rewards."
13419,64,1,221.06,3,1,1,311,5,0.2564373503073006,-0.9552142636712972,-0.9422406302509284,1,At Risk,Launch win-back campaigns with personalized offers and re-engagement discounts.
13420,150,2,159.85,2,2,1,221,5,0.8854115876894589,-0.3615827770984003,-1.1985206837475837,1,At Risk,Launch win-back campaigns with personalized offers and re-engagement discounts.
13421,40,2,1833.71,3,2,4,324,9,-0.0874272207859269,-0.3615827770984003,0.7359808381405077,3,Loyal Customers,"Use cross-selling, upselling, and exclusive member offers."
13422,64,1,2626.3,3,1,5,315,9,0.2564373503073006,-0.9552142636712972,1.0213438747711348,3,Loyal Customers,"Use cross-selling, upselling, and exclusive member offers."
13425,108,3,1624.21,2,3,4,234,9,0.642198145526434,0.0596054655268191,0.639620605679563,3,Loyal Customers,"Use cross-selling, upselling, and exclusive member offers."
13426,1,10,3641.32,5,5,5,555,15,-2.341296235524383,1.54066546553549,1.2809528642840036,0,Champions,"Target with premium products, exclusive offers, and loyalty rewards."
13427,19,3,582.6,4,3,3,433,10,-0.6230859205766931,0.0596054655268191,-0.1743206727088452,2,New Customers,Use welcome offers and second-purchase incentives to build loyalty.
13428,10,1,201.78,5,1,1,511,7,-1.0691974256329595,-0.9552142636712972,-1.0144225291218203,2,New Customers,Use welcome offers and second-purchase incentives to build loyalty.
13429,11,4,1006.8,5,4,4,544,13,-1.0042687305257638,0.3863044476016776,0.2598462976168915,2,New Customers,Use welcome offers and second-purchase incentives to build loyalty.
13430,19,2,679.45,4,2,3,423,9,-0.6230859205766931,-0.3615827770984003,-0.0522993754284138,2,New Customers,Use welcome offers and second-purchase incentives to build loyalty.
13431,67,2,1269.1,3,2,4,324,9,0.2901066368625376,-0.3615827770984003,0.4436873629866958,3,Loyal Customers,"Use cross-selling, upselling, and exclusive member offers."
13434,74,2,534.24,2,2,3,223,7,0.3632205247355723,-0.3615827770984003,-0.2430650603126106,1,At Risk,Launch win-back campaigns with personalized offers and re-engagement discounts.
13435,5,7,3809.89,5,5,5,555,15,-1.5215015741842748,1.0744251947249353,1.3169078615473762,0,Champions,"Target with premium products, exclusive offers, and loyalty rewards."
13436,2,1,196.89,5,1,1,511,7,-2.038734417842785,-0.9552142636712972,-1.0338220882422304,2,New Customers,Use welcome offers and second-purchase incentives to build loyalty.
13437,14,7,3408.06,4,5,5,455,14,-0.8377569465536066,1.0744251947249353,1.2283544193632567,0,Champions,"Target with premium products, exclusive offers, and loyalty rewards."
13439,255,1,283.71,1,1,2,112,4,1.2793336700851932,-0.9552142636712972,-0.7447321564488336,1,At Risk,Launch win-back campaigns with personalized offers and re-engagement discounts.
13441,92,1,296.64,2,1,2,212,5,0.5237386278211207,-0.9552142636712972,-0.7094354576301577,1,At Risk,Launch win-back campaigns with personalized offers and re-engagement discounts.
13447,23,3,1129.14,4,3,4,434,11,-0.4870358868672529,0.0596054655268191,0.3508996486034748,3,Loyal Customers,"Use cross-selling, upselling, and exclusive member offers."
13448,17,6,3534.69,4,5,5,455,14,-0.7017069128441668,0.8789251688960832,1.257339625339882,0,Champions,"Target with premium products, exclusive offers, and loyalty rewards."
13449,24,1,291.88,4,1,2,412,7,-0.4565741366045358,-0.9552142636712972,-0.7222478435271823,2,New Customers,Use welcome offers and second-purchase incentives to build loyalty.
13450,27,6,2043.72,4,5,4,454,13,-0.3720072223713004,0.8789251688960832,0.8221089830450692,3,Loyal Customers,"Use cross-selling, upselling, and exclusive member offers."
13451,26,5,2898.26,4,4,5,445,13,-0.3991450951625692,0.6532369520997158,1.0996236076668258,3,Loyal Customers,"Use cross-selling, upselling, and exclusive member offers."
13452,259,2,590.0,1,2,3,123,6,1.290903037624323,-0.3615827770984003,-0.1643069460639479,1,At Risk,Launch win-back campaigns with personalized offers and re-engagement discounts.
13453,166,2,356.98,2,2,2,222,6,0.9605652887470136,-0.3615827770984003,-0.5627347792819991,1,At Risk,Launch win-back campaigns with personalized offers and re-engagement discounts.
13455,25,2,1058.34,4,2,4,424,10,-0.4273072773233673,-0.3615827770984003,0.2994843953459114,2,New Customers,Use welcome offers and second-purchase incentives to build loyalty.
13456,18,6,1766.72,4,5,4,454,13,-0.6613614517492411,0.8789251688960832,0.7064202713074336,3,Loyal Customers,"Use cross-selling, upselling, and exclusive member offers."
13458,7,14,9646.57,5,5,5,555,15,-1.3068305482073614,1.9947556633726904,2.055085229229038,0,Champions,"Target with premium products, exclusive offers, and loyalty rewards."
13460,29,2,183.44,4,2,1,421,7,-0.3205241028950956,-0.3615827770984003,-1.0897606662618426,2,New Customers,Use welcome offers and second-purchase incentives to build loyalty.
13461,39,3,1445.0,3,3,4,334,10,-0.1058530769181821,0.0596054655268191,0.5467678859271764,3,Loyal Customers,"Use cross-selling, upselling, and exclusive member offers."
13462,253,1,151.5,1,1,1,111,3,1.273481018447474,-0.9552142636712972,-1.2408857477602366,1,At Risk,Launch win-back campaigns with personalized offers and re-engagement discounts.
13464,58,1,674.68,3,1,3,313,7,0.1841671134665053,-0.9552142636712972,-0.0578900872842619,1,At Risk,Launch win-back campaigns with personalized offers and re-engagement discounts.
13466,184,1,307.9,1,1,2,112,4,1.0369487703169469,-0.9552142636712972,-0.6799249211547014,1,At Risk,Launch win-back campaigns with personalized offers and re-engagement discounts.
13467,11,2,1071.91,5,2,4,524,11,-1.0042687305257638,-0.3615827770984003,0.3096000932439814,2,New Customers,Use welcome offers and second-purchase incentives to build loyalty.
13468,2,37,5704.97,5,5,5,555,15,-2.038734417842785,3.3556663851747497,1.637699824803818,0,Champions,"Target with premium products, exclusive offers, and loyalty rewards."
13470,99,2,165.0,2,2,1,221,5,0.5778915507124864,-0.3615827770984003,-1.1734744201726768,1,At Risk,Launch win-back campaigns with personalized offers and re-engagement discounts.
13471,1,4,2501.84,5,4,5,545,14,-2.341296235524383,0.3863044476016776,0.9827752575221548,0,Champions,"Target with premium products, exclusive offers, and loyalty rewards."
13473,61,2,422.64,3,2,2,322,7,0.2211768101395232,-0.3615827770984003,-0.4288971615323084,1,At Risk,Launch win-back campaigns with personalized offers and re-engagement discounts.
13474,236,1,226.84,1,1,1,111,3,1.2217880243366328,-0.9552142636712972,-0.9218193011810232,1,At Risk,Launch win-back campaigns with personalized offers and re-engagement discounts.
13475,191,4,1431.78,1,4,4,144,9,1.0646626441082796,0.3863044476016776,0.5394687022231026,3,Loyal Customers,"Use cross-selling, upselling, and exclusive member offers."
13476,179,2,1238.47,2,2,4,224,8,1.0165034021035235,-0.3615827770984003,0.4242866579708104,3,Loyal Customers,"Use cross-selling, upselling, and exclusive member offers."
13477,38,6,1454.58,3,5,4,354,12,-0.1247454596417701,0.8789251688960832,0.5520157285294848,3,Loyal Customers,"Use cross-selling, upselling, and exclusive member offers."
13479,201,2,300.95,1,2,2,122,5,1.1025494233790782,-0.3615827770984003,-0.6980098677209199,1,At Risk,Launch win-back campaigns with personalized offers and re-engagement discounts.
13481,46,5,1804.56,3,4,4,344,11,0.0144867079241929,0.6532369520997158,0.7232527695158819,3,Loyal Customers,"Use cross-selling, upselling, and exclusive member offers."
13482,232,1,184.64,1,1,1,111,3,1.2090862834765006,-0.9552142636712972,-1.0846067730536255,1,At Risk,Launch win-back campaigns with personalized offers and re-engagement discounts.
13483,66,1,140.34,3,1,1,311,5,0.2790514826837337,-0.9552142636712972,-1.301282069706289,1,At Risk,Launch win-back campaigns with personalized offers and re-engagement discounts.
13484,241,1,313.8,1,1,2,112,4,1.237367071575486,-0.9552142636712972,-0.6648887422230483,1,At Risk,Launch win-back campaigns with personalized offers and re-engagement discounts.
13485,233,1,454.24,1,1,2,112,4,1.2122820453568492,-0.9552142636712972,-0.3717238939876602,1,At Risk,Launch win-back campaigns with personalized offers and re-engagement discounts.
13486,78,3,1122.41,2,3,4,234,9,0.4019933629965244,0.0596054655268191,0.3461528870099287,3,Loyal Customers,"Use cross-selling, upselling, and exclusive member offers."
13487,58,3,575.4,3,3,3,333,9,0.1841671134665053,0.0596054655268191,-0.1841863827513642,3,Loyal Customers,"Use cross-selling, upselling, and exclusive member offers."
13488,17,13,8968.31,4,5,5,455,14,-0.7017069128441668,1.8937448980941995,1.997151720785936,0,Champions,"Target with premium products, exclusive offers, and loyalty rewards."
13489,105,4,449.52,2,4,2,242,8,0.6213723494390907,0.3863044476016776,-0.3800067679913625,3,Loyal Customers,"Use cross-selling, upselling, and exclusive member offers."
13491,52,10,1215.82,3,5,4,354,12,0.10413950578058,1.54066546553549,0.4096295212506584,3,Loyal Customers,"Use cross-selling, upselling, and exclusive member offers."
13492,136,3,1269.84,2,3,4,234,9,0.8128062394661227,0.0596054655268191,0.4441502612855244,3,Loyal Customers,"Use cross-selling, upselling, and exclusive member offers."
13493,275,2,618.63,1,2,3,123,6,1.3354660834710603,-0.3615827770984003,-0.1267111607468806,1,At Risk,Launch win-back campaigns with personalized offers and re-engagement discounts.
13494,312,1,316.26,1,1,2,112,4,1.4293409429987136,-0.9552142636712972,-0.6587024952266083,1,At Risk,Launch win-back campaigns with personalized offers and re-engagement discounts.
13495,8,5,2044.87,5,4,4,544,13,-1.2189397565026774,0.6532369520997158,0.8225558313987806,0,Champions,"Target with premium products, exclusive offers, and loyalty rewards."
13496,11,2,653.33,5,2,3,523,10,-1.0042687305257638,-0.3615827770984003,-0.0834070244044344,2,New Customers,Use welcome offers and second-purchase incentives to build loyalty.
13497,283,2,348.05,1,2,2,122,5,1.356787798536271,-0.3615827770984003,-0.5828111393000094,1,At Risk,Launch win-back campaigns with personalized offers and re-engagement discounts.
13499,18,5,1159.11,4,4,4,444,12,-0.6613614517492411,0.6532369520997158,0.3717002985534917,3,Loyal Customers,"Use cross-selling, upselling, and exclusive member offers."
13500,23,3,1166.77,4,3,4,434,11,-0.4870358868672529,0.0596054655268191,0.3769304951142695,3,Loyal Customers,"Use cross-selling, upselling, and exclusive member offers."
13501,288,1,1340.32,1,1,4,114,6,1.3698109782739254,-0.9552142636712972,0.4870465584883869,1,At Risk,Launch win-back campaigns with personalized offers and re-engagement discounts.
13502,17,3,292.0,4,3,2,432,9,-0.7017069128441668,0.0596054655268191,-0.721922291171672,2,New Customers,Use welcome offers and second-purchase incentives to build loyalty.
13503,71,1,216.85,3,1,1,311,5,0.3327587744728552,-0.9552142636712972,-0.957452401408097,1,At Risk,Launch win-back campaigns with personalized offers and re-engagement discounts.
13504,64,1,295.93,3,1,2,312,6,0.2564373503073006,-0.9552142636712972,-0.7113334909209998,1,At Risk,Launch win-back campaigns with personalized offers and re-engagement discounts.
13505,73,4,4393.63,2,4,5,245,11,0.3532041426862792,0.3863044476016776,1.4301728952151649,3,Loyal Customers,"Use cross-selling, upselling, and exclusive member offers."
13506,316,2,458.52,1,2,2,122,5,1.438816743455106,-0.3615827770984003,-0.3642870608861853,1,At Risk,Launch win-back campaigns with personalized offers and re-engagement discounts.
13507,3,4,2479.16,5,4,5,545,14,-1.824063391865872,0.3863044476016776,0.9755408424143628,0,Champions,"Target with premium products, exclusive offers, and loyalty rewards."
13508,244,1,110.97,1,1,1,111,3,1.2465607310954292,-0.9552142636712972,-1.4864038041283678,1,At Risk,Launch win-back campaigns with personalized offers and re-engagement discounts.
13509,9,7,979.72,5,5,4,554,14,-1.1403187642352035,1.0744251947249353,0.2381994924205139,0,Champions,"Target with premium products, exclusive offers, and loyalty rewards."
13510,1,4,1791.56,5,4,4,544,13,-2.341296235524383,0.3863044476016776,0.7175100466097561,0,Champions,"Target with premium products, exclusive offers, and loyalty rewards."
13512,261,1,251.21,1,1,2,112,4,1.2966211442140112,-0.9552142636712972,-0.841060323143976,1,At Risk,Launch win-back campaigns with personalized offers and re-engagement discounts.
13513,127,1,205.1,2,1,1,211,4,0.7621008264266822,-0.9552142636712972,-1.0015162806126137,1,At Risk,Launch win-back campaigns with personalized offers and re-engagement discounts.
13514,74,1,152.2,2,1,1,211,4,0.3632205247355723,-0.9552142636712972,-1.2372461647998687,1,At Risk,Launch win-back campaigns with personalized offers and re-engagement discounts.
13515,73,4,891.12,2,4,3,243,9,0.3532041426862792,0.3863044476016776,0.1629496471895676,3,Loyal Customers,"Use cross-selling, upselling, and exclusive member offers."
13516,21,3,1389.41,4,3,4,434,11,-0.5519645819744484,0.0596054655268191,0.5156126141712011,3,Loyal Customers,"Use cross-selling, upselling, and exclusive member offers."
13517,60,3,2128.42,3,3,5,335,11,0.2090430589164636,0.0596054655268191,0.8543660057127952,3,Loyal Customers,"Use cross-selling, upselling, and exclusive member offers."
13518,86,1,627.16,2,1,3,213,6,0.473972906706051,-0.9552142636712972,-0.1158453394440777,1,At Risk,Launch win-back campaigns with personalized offers and re-engagement discounts.
13519,78,1,122.75,2,1,1,211,4,0.4019933629965244,-0.9552142636712972,-1.406905281795344,1,At Risk,Launch win-back campaigns with personalized offers and re-engagement discounts.
13520,59,6,3624.35,3,5,5,355,13,0.196708740763415,0.8789251688960832,1.27724148195922,3,Loyal Customers,"Use cross-selling, upselling, and exclusive member offers."
13521,1,3,1071.73,5,3,4,534,12,-2.341296235524383,0.0596054655268191,0.3094667521812962,2,New Customers,Use welcome offers and second-purchase incentives to build loyalty.
13522,30,1,125.8,4,1,1,411,6,-0.2960560335189878,-0.9552142636712972,-1.3875555411323042,2,New Customers,Use welcome offers and second-purchase incentives to build loyalty.
13523,33,5,3964.88,4,4,5,445,13,-0.2271262067959733,0.6532369520997158,1.348589686982112,3,Loyal Customers,"Use cross-selling, upselling, and exclusive member offers."
13524,41,5,680.18,3,4,3,343,10,-0.0694454046897029,0.6532369520997158,-0.0514472332676279,3,Loyal Customers,"Use cross-selling, upselling, and exclusive member offers."
13525,15,2,628.78,4,2,3,423,9,-0.7895977045488505,-0.3615827770984003,-0.113798406619695,2,New Customers,Use welcome offers and second-purchase incentives to build loyalty.
13527,34,7,2242.36,3,5,5,355,13,-0.2054954383991431,1.0744251947249353,0.8957912584508918,3,Loyal Customers,"Use cross-selling, upselling, and exclusive member offers."
13529,79,2,307.76,2,2,2,222,6,0.4113797667403285,-0.3615827770984003,-0.6802851901005401,1,At Risk,Launch win-back campaigns with personalized offers and re-engagement discounts.
13531,205,2,483.8,1,2,2,122,5,1.1171814462747254,-0.3615827770984003,-0.3217262469768227,1,At Risk,Launch win-back campaigns with personalized offers and re-engagement discounts.
13532,34,1,210.31,3,1,1,311,5,-0.2054954383991431,-0.9552142636712972,-0.9816760967889844,2,New Customers,Use welcome offers and second-purchase incentives to build loyalty.
13533,183,3,269.09,1,3,2,132,6,1.0329042657894636,0.0596054655268191,-0.7866269197197212,1,At Risk,Launch win-back campaigns with personalized offers and re-engagement discounts.
13534,2,25,5870.08,5,5,5,555,15,-2.038734417842785,2.8000649690066,1.660369911394653,0,Champions,"Target with premium products, exclusive offers, and loyalty rewards."
13536,1,7,3444.39,5,5,5,555,15,-2.341296235524383,1.0744251947249353,1.2367789383736905,0,Champions,"Target with premium products, exclusive offers, and loyalty rewards."
13538,43,7,1280.85,3,5,4,354,12,-0.0347317383159377,1.0744251947249353,0.4510057780584226,3,Loyal Customers,"Use cross-selling, upselling, and exclusive member offers."
13539,86,3,631.34,2,3,3,233,8,0.473972906706051,0.0596054655268191,-0.1105744575317187,3,Loyal Customers,"Use cross-selling, upselling, and exclusive member offers."
13544,40,2,276.06,3,2,2,322,7,-0.0874272207859269,-0.3615827770984003,-0.7663781738081906,2,New Customers,Use welcome offers and second-purchase incentives to build loyalty.
13546,12,3,621.09,5,3,3,533,11,-0.9445401209818785,0.0596054655268191,-0.1235622506473822,2,New Customers,Use welcome offers and second-purchase incentives to build loyalty.
13548,96,2,678.16,2,2,3,223,7,0.5551626080798789,-0.3615827770984003,-0.0538074532504357,1,At Risk,Launch win-back campaigns with personalized offers and re-engagement discounts.
13549,26,7,918.2,4,5,3,453,12,-0.3991450951625692,1.0744251947249353,0.1867144437343028,3,Loyal Customers,"Use cross-selling, upselling, and exclusive member offers."
13551,319,1,91.8,1,1,1,111,3,1.4458454540573504,-0.9552142636712972,-1.635641190891168,1,At Risk,Launch win-back campaigns with personalized offers and re-engagement discounts.
13552,66,12,3740.07,3,5,5,355,13,0.2790514826837337,1.7852452398084837,1.3022124822318022,0,Champions,"Target with premium products, exclusive offers, and loyalty rewards."
13555,74,4,4098.88,2,4,5,245,11,0.3632205247355723,0.3863044476016776,1.3749984297667508,3,Loyal Customers,"Use cross-selling, upselling, and exclusive member offers."
13557,28,2,584.06,4,2,3,423,9,-0.3458217546340572,-0.3615827770984003,-0.1723349748619684,2,New Customers,Use welcome offers and second-purchase incentives to build loyalty.
13558,6,4,594.52,5,4,3,543,12,-1.4064729096883222,0.3863044476016776,-0.15825195181024,2,New Customers,Use welcome offers and second-purchase incentives to build loyalty.
13560,7,1,171.42,5,1,1,511,7,-1.3068305482073614,-0.9552142636712972,-1.143318028463976,2,New Customers,Use welcome offers and second-purchase incentives to build loyalty.
13561,216,1,141.86,1,1,1,111,3,1.1560001359755845,-0.9552142636712972,-1.2927810324766364,1,At Risk,Launch win-back campaigns with personalized offers and re-engagement discounts.
13562,82,3,1799.33,2,3,4,234,9,0.4388506943278125,0.0596054655268191,0.7209474146727988,3,Loyal Customers,"Use cross-selling, upselling, and exclusive member offers."
13563,84,2,777.53,2,2,3,223,7,0.4566184208346949,-0.3615827770984003,0.0547132177895186,3,Loyal Customers,"Use cross-selling, upselling, and exclusive member offers."
13564,144,3,1724.67,2,3,4,234,9,0.8551557166551218,0.0596054655268191,0.6872870468468627,3,Loyal Customers,"Use cross-selling, upselling, and exclusive member offers."
13565,19,2,240.22,4,2,1,421,7,-0.6230859205766931,-0.3615827770984003,-0.8764675761072177,2,New Customers,Use welcome offers and second-purchase incentives to build loyalty.
13566,41,2,856.84,3,2,3,323,8,-0.0694454046897029,-0.3615827770984003,0.1318097973526499,3,Loyal Customers,"Use cross-selling, upselling, and exclusive member offers."
13568,173,1,187.05,2,1,1,211,4,0.991205750364562,-0.9552142636712972,-1.074355923720555,1,At Risk,Launch win-back campaigns with personalized offers and re-engagement discounts.
13569,17,2,338.62,4,2,2,422,8,-0.7017069128441668,-0.3615827770984003,-0.6045770045682051,2,New Customers,Use welcome offers and second-purchase incentives to build loyalty.
13570,243,1,239.49,1,1,1,111,3,1.2435087462334855,-0.9552142636712972,-0.8788762931931243,1,At Risk,Launch win-back campaigns with personalized offers and re-engagement discounts.
13571,13,12,2088.94,5,5,5,555,15,-0.8892400660298114,1.7852452398084837,0.8394932480992375,0,Champions,"Target with premium products, exclusive offers, and loyalty rewards."
13572,206,1,1384.25,1,1,4,114,6,1.120795057494147,-0.9552142636712972,0.512657786224909,1,At Risk,Launch win-back campaigns with personalized offers and re-engagement discounts.
13573,50,2,290.25,3,2,2,322,7,0.0754356108856238,-0.3615827770984003,-0.7266831893051187,1,At Risk,Launch win-back campaigns with personalized offers and re-engagement discounts.
13575,23,5,732.07,4,4,3,443,11,-0.4870358868672529,0.6532369520997158,0.0068973771993508,3,Loyal Customers,"Use cross-selling, upselling, and exclusive member offers."
13576,10,18,6717.34,5,5,5,555,15,-1.0691974256329595,2.340846655976633,1.7675011691587896,0,Champions,"Target with premium products, exclusive offers, and loyalty rewards."
13577,25,4,1687.6,4,4,4,444,12,-0.4273072773233673,0.3863044476016776,0.6700290632119654,3,Loyal Customers,"Use cross-selling, upselling, and exclusive member offers."
13579,15,2,467.04,4,2,2,422,8,-0.7895977045488505,-0.3615827770984003,-0.3496868859281752,2,New Customers,Use welcome offers and second-purchase incentives to build loyalty.
13581,309,1,118.0,1,1,1,111,3,1.4221542814287025,-0.9552142636712972,-1.438010845154204,1,At Risk,Launch win-back campaigns with personalized offers and re-engagement discounts.
13583,156,1,781.03,2,1,3,213,6,0.9144883541766984,-0.9552142636712972,0.0582780292415147,1,At Risk,Launch win-back campaigns with personalized offers and re-engagement discounts.
13584,307,1,142.4,1,1,1,111,3,1.417324431178634,-0.9552142636712972,-1.2897826856265688,1,At Risk,Launch win-back campaigns with personalized offers and re-engagement discounts.
13587,64,1,712.4,3,1,3,313,7,0.2564373503073006,-0.9552142636712972,-0.0147183556567878,1,At Risk,Launch win-back campaigns with personalized offers and re-engagement discounts.
13588,16,9,2478.95,4,5,5,455,14,-0.7443590504544844,1.4011241767997944,0.9754735484289248,0,Champions,"Target with premium products, exclusive offers, and loyalty rewards."
13589,15,2,379.65,4,2,2,422,8,-0.7895977045488505,-0.3615827770984003,-0.5139359656694287,2,New Customers,Use welcome offers and second-purchase incentives to build loyalty.
13590,11,6,1981.92,5,5,4,554,14,-1.0042687305257638,0.8789251688960832,0.7977185124898782,0,Champions,"Target with premium products, exclusive offers, and loyalty rewards."
13591,65,3,1117.13,3,3,4,334,10,0.2678300793656594,0.0596054655268191,0.3424088813609952,3,Loyal Customers,"Use cross-selling, upselling, and exclusive member offers."
13592,36,4,247.96,3,4,1,341,8,-0.164028700972232,0.3863044476016776,-0.8513678065755783,2,New Customers,Use welcome offers and second-purchase incentives to build loyalty.
13593,108,5,2011.88,2,4,4,244,10,0.642198145526434,0.6532369520997158,0.8096362678933231,3,Loyal Customers,"Use cross-selling, upselling, and exclusive member offers."
13594,53,1,396.97,3,1,2,312,6,0.1180877484959417,-0.9552142636712972,-0.4785735240971717,1,At Risk,Launch win-back campaigns with personalized offers and re-engagement discounts.
13596,6,2,664.11,5,2,3,523,10,-1.4064729096883222,-0.3615827770984003,-0.0704206762701031,2,New Customers,Use welcome offers and second-purchase incentives to build loyalty.
13598,47,1,160.04,3,1,1,311,5,0.030196956791258,-0.9552142636712972,-1.197582485906426,1,At Risk,Launch win-back campaigns with personalized offers and re-engagement discounts.
13599,1,21,5149.92,5,5,5,555,15,-2.341296235524383,2.555485194733606,1.5563692707163357,0,Champions,"Target with premium products, exclusive offers, and loyalty rewards."
13600,312,1,219.52,1,1,1,111,3,1.4293409429987136,-0.9552142636712972,-0.9477713156071056,1,At Risk,Launch win-back campaigns with personalized offers and re-engagement discounts.
13601,45,2,693.32,3,2,3,323,8,-0.0015614215275583,-0.3615827770984003,-0.0362628819045495,3,Loyal Customers,"Use cross-selling, upselling, and exclusive member offers."
13602,65,1,428.89,3,1,2,312,6,0.2678300793656594,-0.9552142636712972,-0.4172581190827432,1,At Risk,Launch win-back campaigns with personalized offers and re-engagement discounts.
13603,26,1,164.34,4,1,1,411,6,-0.3991450951625692,-0.9552142636712972,-1.1766404784512396,2,New Customers,Use welcome offers and second-purchase incentives to build loyalty.
13606,29,3,276.75,4,3,2,432,9,-0.3205241028950956,0.0596054655268191,-0.7644014167546592,2,New Customers,Use welcome offers and second-purchase incentives to build loyalty.
13607,40,1,675.51,3,1,3,313,7,-0.0874272207859269,-0.9552142636712972,-0.0569144493233307,2,New Customers,Use welcome offers and second-purchase incentives to build loyalty.
13610,12,7,1082.33,5,5,4,554,14,-0.9445401209818785,1.0744251947249353,0.317281172815157,0,Champions,"Target with premium products, exclusive offers, and loyalty rewards."
13611,89,3,1154.4,2,3,4,234,9,0.4992705584450125,0.0596054655268191,0.3684671689959385,3,Loyal Customers,"Use cross-selling, upselling, and exclusive member offers."
13614,24,4,1585.46,4,4,4,444,12,-0.4565741366045358,0.3863044476016776,0.620442304711012,3,Loyal Customers,"Use cross-selling, upselling, and exclusive member offers."
13615,319,1,417.69,1,1,2,112,4,1.4458454540573504,-0.9552142636712972,-0.4382377920333641,1,At Risk,Launch win-back campaigns with personalized offers and re-engagement discounts.
13617,40,3,544.18,3,3,3,333,9,-0.0874272207859269,0.0596054655268191,-0.2284414607633164,3,Loyal Customers,"Use cross-selling, upselling, and exclusive member offers."
13618,174,1,177.34,2,1,1,211,4,0.9954820328900365,-0.9552142636712972,-1.1164892345088158,1,At Risk,Launch win-back campaigns with personalized offers and re-engagement discounts.
13621,117,1,213.85,2,1,1,211,4,0.7013999571250162,-0.9552142636712972,-0.9684726040677673,1,At Risk,Launch win-back campaigns with personalized offers and re-engagement discounts.
13623,31,5,727.74,4,4,3,443,11,-0.2723648608903394,0.6532369520997158,0.0021892682870531,3,Loyal Customers,"Use cross-selling, upselling, and exclusive member offers."
13626,253,1,257.23,1,1,2,112,4,1.273481018447474,-0.9552142636712972,-0.8223138233708566,1,At Risk,Launch win-back campaigns with personalized offers and re-engagement discounts.
13627,59,5,1638.47,3,4,4,344,11,0.196708740763415,0.6532369520997158,0.6465633301733749,3,Loyal Customers,"Use cross-selling, upselling, and exclusive member offers."
13629,23,11,7792.36,4,5,5,455,14,-0.4870358868672529,1.668056681297832,1.8854633649177244,0,Champions,"Target with premium products, exclusive offers, and loyalty rewards."
13630,5,7,2031.78,5,5,4,554,14,-1.5215015741842748,1.0744251947249353,0.8174546242280121,0,Champions,"Target with premium products, exclusive offers, and loyalty rewards."
13631,100,11,3070.42,2,5,5,255,12,0.5853165797205673,1.668056681297832,1.1454670397568671,3,Loyal Customers,"Use cross-selling, upselling, and exclusive member offers."
13632,25,5,2118.93,4,4,5,445,13,-0.4273072773233673,0.6532369520997158,0.8508162971862506,3,Loyal Customers,"Use cross-selling, upselling, and exclusive member offers."
13634,33,5,1547.36,4,4,4,444,12,-0.2271262067959733,0.6532369520997158,0.601123421596548,3,Loyal Customers,"Use cross-selling, upselling, and exclusive member offers."
13635,68,1,1071.03,3,1,4,314,8,0.3010003961540392,-0.9552142636712972,0.3089479908253005,1,At Risk,Launch win-back campaigns with personalized offers and re-engagement discounts.
13636,37,5,949.12,3,4,4,344,11,-0.1441286080907301,0.6532369520997158,0.2130076596272669,3,Loyal Customers,"Use cross-selling, upselling, and exclusive member offers."
13637,52,3,804.3,3,3,3,333,9,0.10413950578058,0.0596054655268191,0.0815808522252872,3,Loyal Customers,"Use cross-selling, upselling, and exclusive member offers."
13638,16,1,122.64,4,1,1,411,6,-0.7443590504544844,-0.9552142636712972,-1.40761202043455,2,New Customers,Use welcome offers and second-purchase incentives to build loyalty.
13639,74,1,1033.34,2,1,4,214,7,0.3632205247355723,-0.9552142636712972,0.2805042904238248,1,At Risk,Launch win-back campaigns with personalized offers and re-engagement discounts.
13642,216,1,312.28,1,1,2,112,4,1.1560001359755845,-0.9552142636712972,-0.6687353484845753,1,At Risk,Launch win-back campaigns with personalized offers and re-engagement discounts.
13643,31,3,519.44,4,3,3,433,10,-0.2723648608903394,0.0596054655268191,-0.265349726825784,2,New Customers,Use welcome offers and second-purchase incentives to build loyalty.
13644,16,4,2624.26,4,4,5,445,13,-0.7443590504544844,0.3863044476016776,1.020726558918202,3,Loyal Customers,"Use cross-selling, upselling, and exclusive member offers."
13645,120,1,252.1,2,1,2,212,5,0.7201342279169752,-0.9552142636712972,-0.8382608208638197,1,At Risk,Launch win-back campaigns with personalized offers and re-engagement discounts.
13647,10,4,1648.12,5,4,4,544,13,-1.0691974256329595,0.3863044476016776,0.6512274219845472,3,Loyal Customers,"Use cross-selling, upselling, and exclusive member offers."
13649,257,2,346.6,1,2,2,122,5,1.2851407753342434,-0.3615827770984003,-0.5861194192334744,1,At Risk,Launch win-back campaigns with personalized offers and re-engagement discounts.
13650,17,6,1836.34,4,5,4,454,13,-0.7017069128441668,0.8789251688960832,0.737119239745655,3,Loyal Customers,"Use cross-selling, upselling, and exclusive member offers."
13651,35,2,94.2,3,2,1,321,6,-0.1844740691856557,-0.3615827770984003,-1.61534917241124,2,New Customers,Use welcome offers and second-purchase incentives to build loyalty.
13652,46,3,1095.08,3,3,4,334,10,0.0144867079241929,0.0596054655268191,0.3265799204851458,3,Loyal Customers,"Use cross-selling, upselling, and exclusive member offers."
13654,43,6,2707.33,3,5,5,355,13,-0.0347317383159377,0.8789251688960832,1.0454841260675216,3,Loyal Customers,"Use cross-selling, upselling, and exclusive member offers."
13655,114,2,932.97,2,2,3,223,7,0.68218320610311,-0.3615827770984003,0.1993828707339343,3,Loyal Customers,"Use cross-selling, upselling, and exclusive member offers."
13656,165,2,379.65,2,2,2,222,6,0.9560835379863236,-0.3615827770984003,-0.5139359656694287,1,At Risk,Launch win-back campaigns with personalized offers and re-engagement discounts.
13657,11,2,382.14,5,2,2,522,9,-1.0042687305257638,-0.3615827770984003,-0.5087542308900422,2,New Customers,Use welcome offers and second-purchase incentives to build loyalty.
13658,10,5,2639.17,5,4,5,545,14,-1.0691974256329595,0.6532369520997158,1.0252273952803297,0,Champions,"Target with premium products, exclusive offers, and loyalty rewards."
13659,206,2,1563.0,1,2,4,124,7,1.120795057494147,-0.3615827770984003,0.6091107003600815,3,Loyal Customers,"Use cross-selling, upselling, and exclusive member offers."
13662,86,3,881.26,2,3,3,233,8,0.473972906706051,0.0596054655268191,0.154117160039597,3,Loyal Customers,"Use cross-selling, upselling, and exclusive member offers."
13663,179,1,189.47,2,1,1,211,4,1.0165034021035235,-0.9552142636712972,-1.0641938880592774,1,At Risk,Launch win-back campaigns with personalized offers and re-engagement discounts.
13666,60,3,84.65,3,3,1,331,7,0.2090430589164636,0.0596054655268191,-1.6993603912895607,1,At Risk,Launch win-back campaigns with personalized offers and re-engagement discounts.
13667,149,1,299.05,2,1,2,212,5,0.8804533683940834,-0.9552142636712972,-0.7030264370029463,1,At Risk,Launch win-back campaigns with personalized offers and re-engagement discounts.
13668,3,21,6309.83,5,5,5,555,15,-1.824063391865872,2.555485194733606,1.7177719710018455,0,Champions,"Target with premium products, exclusive offers, and loyalty rewards."
13669,51,2,218.55,3,2,1,321,6,0.0899255663351436,-0.3615827770984003,-0.9512747899154544,1,At Risk,Launch win-back campaigns with personalized offers and re-engagement discounts.
13670,75,1,349.7,2,1,2,212,5,0.3731042355677808,-0.9552142636712972,-0.5790632210904846,1,At Risk,Launch win-back campaigns with personalized offers and re-engagement discounts.
13672,301,2,186.39,1,2,1,121,4,1.4026444313479698,-0.3615827770984003,-1.077150089081783,1,At Risk,Launch win-back campaigns with personalized offers and re-engagement discounts.
13673,19,2,387.44,4,2,2,422,8,-0.6230859205766931,-0.3615827770984003,-0.4978360571436277,2,New Customers,Use welcome offers and second-purchase incentives to build loyalty.
13675,151,2,486.82,2,2,2,222,6,0.8903370792262918,-0.3615827770984003,-0.3167909486971721,1,At Risk,Launch win-back campaigns with personalized offers and re-engagement discounts.
13678,152,1,232.6,2,1,1,211,4,0.895230272225732,-0.9552142636712972,-0.9019776383312508,1,At Risk,Launch win-back campaigns with personalized offers and re-engagement discounts.
13680,1,4,3719.12,5,4,5,545,14,-2.341296235524383,0.3863044476016776,1.2977494982107438,0,Champions,"Target with premium products, exclusive offers, and loyalty rewards."
13681,18,4,827.83,4,4,3,443,11,-0.6613614517492411,0.3863044476016776,0.1044691557623672,2,New Customers,Use welcome offers and second-purchase incentives to build loyalty.
13682,187,1,59.5,1,1,1,111,3,1.048952395241215,-0.9552142636712972,-1.9756282382128727,1,At Risk,Launch win-back campaigns with personalized offers and re-engagement discounts.
13684,286,1,65.13,1,1,1,111,3,1.3646289487086452,-0.9552142636712972,-1.904914067172244,1,At Risk,Launch win-back campaigns with personalized offers and re-engagement discounts.
13685,3,7,3119.44,5,5,5,555,15,-1.824063391865872,1.0744251947249353,1.1580507733398635,0,Champions,"Target with premium products, exclusive offers, and loyalty rewards."
13686,183,1,72.0,1,1,1,111,3,1.0329042657894636,-0.9552142636712972,-1.826365628679916,1,At Risk,Launch win-back campaigns with personalized offers and re-engagement discounts.
13689,63,1,910.0,3,1,3,313,7,0.2448679827681711,-0.9552142636712972,0.1795930258621204,1,At Risk,Launch win-back campaigns with personalized offers and re-engagement discounts.
13690,59,1,172.25,3,1,1,311,5,0.196708740763415,-0.9552142636712972,-1.1395015264126993,1,At Risk,Launch win-back campaigns with personalized offers and re-engagement discounts.
13692,25,3,1488.32,4,3,4,434,11,-0.4273072773233673,0.0596054655268191,0.5702270639186017,3,Loyal Customers,"Use cross-selling, upselling, and exclusive member offers."
13694,4,50,65039.62,5,5,5,555,15,-1.6575516078937147,3.786455156566632,3.571668518801056,0,Champions,"Target with premium products, exclusive offers, and loyalty rewards."
13695,31,15,2504.13,4,5,5,455,14,-0.2723648608903394,2.089244923923052,0.9835020694680824,0,Champions,"Target with premium products, exclusive offers, and loyalty rewards."
13697,39,1,151.3,3,1,1,311,5,-0.1058530769181821,-0.9552142636712972,-1.2419286974472072,1,At Risk,Launch win-back campaigns with personalized offers and re-engagement discounts.
13699,155,1,308.58,2,1,2,212,5,0.9097202276752518,-0.9552142636712972,-0.6781773627858025,1,At Risk,Launch win-back campaigns with personalized offers and re-engagement discounts.
13700,26,10,2248.63,4,5,5,455,14,-0.3991450951625692,1.54066546553549,0.8980093559569827,0,Champions,"Target with premium products, exclusive offers, and loyalty rewards."
13703,318,1,99.5,1,1,1,111,3,1.4435098989158772,-0.9552142636712972,-1.5722925936561567,1,At Risk,Launch win-back campaigns with personalized offers and re-engagement discounts.
13704,5,9,2308.06,5,5,5,555,15,-1.5215015741842748,1.4011241767997944,0.9187316836849474,0,Champions,"Target with premium products, exclusive offers, and loyalty rewards."
13705,8,3,711.86,5,3,3,533,11,-1.2189397565026774,0.0596054655268191,-0.0153201434039153,2,New Customers,Use welcome offers and second-purchase incentives to build loyalty.
13706,303,1,330.79,1,1,2,112,4,1.4075699228848029,-0.9552142636712972,-0.6231141095312176,1,At Risk,Launch win-back campaigns with personalized offers and re-engagement discounts.
13707,267,2,806.41,1,2,3,123,6,1.3135171700007555,-0.3615827770984003,0.0836604276999435,1,At Risk,Launch win-back campaigns with personalized offers and re-engagement discounts.
13708,271,1,285.33,1,1,2,112,4,1.3245723241795595,-0.9552142636712972,-0.7402229729215146,1,At Risk,Launch win-back campaigns with personalized offers and re-engagement discounts.
13709,4,13,6307.65,5,5,5,555,15,-1.6575516078937147,1.8937448980941995,1.717497394542182,0,Champions,"Target with premium products, exclusive offers, and loyalty rewards."
13710,32,1,180.48,4,1,1,411,6,-0.2494027642928512,-0.9552142636712972,-1.1026183665903426,2,New Customers,Use welcome offers and second-purchase incentives to build loyalty.
13711,219,2,252.06,1,2,2,122,5,1.166245732973242,-0.3615827770984003,-0.838386429769947,1,At Risk,Launch win-back campaigns with personalized offers and re-engagement discounts.
13712,247,1,228.84,1,1,1,111,3,1.2556424974565452,-0.9552142636712972,-0.9148735521327468,1,At Risk,Launch win-back campaigns with personalized offers and re-engagement discounts.
13715,281,5,1077.39,1,4,4,144,9,1.3515142129228124,0.6532369520997158,0.3136489161692396,3,Loyal Customers,"Use cross-selling, upselling, and exclusive member offers."
13716,269,1,138.28,1,1,1,111,3,1.3190652197851211,-0.9552142636712972,-1.3129502911897728,1,At Risk,Launch win-back campaigns with personalized offers and re-engagement discounts.
13717,32,6,1445.01,4,5,4,454,13,-0.2494027642928512,0.8789251688960832,0.5467733819493021,3,Loyal Customers,"Use cross-selling, upselling, and exclusive member offers."
13718,246,2,306.55,1,2,2,122,5,1.252627506451775,-0.3615827770984003,-0.6834057676277803,1,At Risk,Launch win-back campaigns with personalized offers and re-engagement discounts.
13719,15,5,1041.68,4,4,4,444,12,-0.7895977045488505,0.6532369520997158,0.2868865721229925,3,Loyal Customers,"Use cross-selling, upselling, and exclusive member offers."
13720,117,4,799.9,2,4,3,243,9,0.7013999571250162,0.3863044476016776,0.0772267120738853,3,Loyal Customers,"Use cross-selling, upselling, and exclusive member offers."
13721,36,1,524.14,3,1,3,313,7,-0.164028700972232,-0.9552142636712972,-0.2582048988238252,2,New Customers,Use welcome offers and second-purchase incentives to build loyalty.
13722,132,3,2375.41,2,3,5,235,10,0.7906947177453308,0.0596054655268191,0.9415804425860272,3,Loyal Customers,"Use cross-selling, upselling, and exclusive member offers."
13723,217,1,199.85,1,1,1,111,3,1.159430989184945,-0.9552142636712972,-1.022022736521335,1,At Risk,Launch win-back campaigns with personalized offers and re-engagement discounts.
13725,50,8,1980.56,3,5,4,354,12,0.0754356108856238,1.2468684386726128,0.7971732558575436,3,Loyal Customers,"Use cross-selling, upselling, and exclusive member offers."
13726,39,2,1079.66,3,2,4,324,9,-0.1058530769181821,-0.3615827770984003,0.3153200513419917,3,Loyal Customers,"Use cross-selling, upselling, and exclusive member offers."
13727,29,2,333.48,4,2,2,422,8,-0.3205241028950956,-0.3615827770984003,-0.6166968050793643,2,New Customers,Use welcome offers and second-purchase incentives to build loyalty.
13728,37,6,1016.14,3,5,4,354,12,-0.1441286080907301,0.8789251688960832,0.2671776831722182,3,Loyal Customers,"Use cross-selling, upselling, and exclusive member offers."
13730,136,2,752.6,2,2,3,223,7,0.8128062394661227,-0.3615827770984003,0.0288481716603693,1,At Risk,Launch win-back campaigns with personalized offers and re-engagement discounts.
13731,219,2,610.59,1,2,3,123,6,1.166245732973242,-0.3615827770984003,-0.1370906222665226,1,At Risk,Launch win-back campaigns with personalized offers and re-engagement discounts.
13732,28,1,491.86,4,1,3,413,8,-0.3458217546340572,-0.9552142636712972,-0.3086222043489278,2,New Customers,Use welcome offers and second-purchase incentives to build loyalty.
13735,25,4,2883.54,4,4,5,445,13,-0.4273072773233673,0.3863044476016776,1.0955783727846629,3,Loyal Customers,"Use cross-selling, upselling, and exclusive member offers."
13736,5,2,729.8,5,2,3,523,10,-1.5215015741842748,-0.3615827770984003,0.004432632408304,2,New Customers,Use welcome offers and second-purchase incentives to build loyalty.
13737,200,1,339.6,1,1,2,112,4,1.0988461440238422,-0.9552142636712972,-0.6022870585644822,1,At Risk,Launch win-back campaigns with personalized offers and re-engagement discounts.
13739,18,1,216.9,4,1,1,411,6,-0.6613614517492411,-0.9552142636712972,-0.9572700198703116,2,New Customers,Use welcome offers and second-purchase incentives to build loyalty.
13740,241,1,350.75,1,1,2,112,4,1.237367071575486,-0.9552142636712972,-0.5766873522136257,1,At Risk,Launch win-back campaigns with personalized offers and re-engagement discounts.
13741,72,3,668.43,3,3,3,333,9,0.343051479153905,0.0596054655268191,-0.0652754801774877,3,Loyal Customers,"Use cross-selling, upselling, and exclusive member offers."
13742,17,12,3107.87,4,5,5,455,14,-0.7017069128441668,1.7852452398084837,1.1550985978029091,0,Champions,"Target with premium products, exclusive offers, and loyalty rewards."
13743,3,7,1341.6,5,5,4,554,14,-1.824063391865872,1.0744251947249353,0.4878045925116162,0,Champions,"Target with premium products, exclusive offers, and loyalty rewards."
13744,95,2,1080.52,2,2,4,224,8,0.5474298004497687,-0.3615827770984003,0.3159522519236423,3,Loyal Customers,"Use cross-selling, upselling, and exclusive member offers."
13745,162,1,300.04,2,1,2,212,5,0.9424744813034064,-0.9552142636712972,-0.7004085894814228,1,At Risk,Launch win-back campaigns with personalized offers and re-engagement discounts.
13747,374,1,79.6,1,1,1,111,3,1.5641979960247516,-0.9552142636712972,-1.747656441518886,1,At Risk,Launch win-back campaigns with personalized offers and re-engagement discounts.
13748,96,5,948.25,2,4,4,244,10,0.5551626080798789,0.6532369520997158,0.212279615049745,3,Loyal Customers,"Use cross-selling, upselling, and exclusive member offers."
13750,54,5,1647.26,3,4,4,344,11,0.1317800456562198,0.6532369520997158,0.650812871216196,3,Loyal Customers,"Use cross-selling, upselling, and exclusive member offers."
13751,288,1,296.25,1,1,2,112,4,1.3698109782739254,-0.9552142636712972,-0.710477478131073,1,At Risk,Launch win-back campaigns with personalized offers and re-engagement discounts.
13752,124,6,1175.38,2,5,4,254,11,0.7444033346846438,0.8789251688960832,0.3827685472475007,3,Loyal Customers,"Use cross-selling, upselling, and exclusive member offers."
13753,288,1,741.26,1,1,3,113,5,1.3698109782739254,-0.9552142636712972,0.0167984035821688,1,At Risk,Launch win-back campaigns with personalized offers and re-engagement discounts.
13754,152,2,282.6,2,2,2,222,6,0.895230272225732,-0.3615827770984003,-0.747836619503784,1,At Risk,Launch win-back campaigns with personalized offers and re-engagement discounts.
13755,4,9,2108.06,5,5,5,555,15,-1.6575516078937147,1.4011241767997944,0.8467308264403198,0,Champions,"Target with premium products, exclusive offers, and loyalty rewards."
13756,2,14,5189.52,5,5,5,555,15,-2.038734417842785,1.9947556633726904,1.5624557276704272,0,Champions,"Target with premium products, exclusive offers, and loyalty rewards."
13758,12,7,3190.55,5,5,5,555,15,-0.9445401209818785,1.0744251947249353,1.1759581106300996,0,Champions,"Target with premium products, exclusive offers, and loyalty rewards."
13759,33,2,659.41,4,2,3,423,9,-0.2271262067959733,-0.3615827770984003,-0.0760565552107406,2,New Customers,Use welcome offers and second-purchase incentives to build loyalty.
13760,54,2,286.79,3,2,2,322,7,0.1317800456562198,-0.3615827770984003,-0.7361809443545126,1,At Risk,Launch win-back campaigns with personalized offers and re-engagement discounts.
13761,50,2,1070.65,3,2,4,324,9,0.0754356108856238,-0.3615827770984003,0.308666235646188,3,Loyal Customers,"Use cross-selling, upselling, and exclusive member offers."
13762,219,1,306.72,1,1,2,112,4,1.166245732973242,-0.9552142636712972,-0.6829665988514768,1,At Risk,Launch win-back campaigns with personalized offers and re-engagement discounts.
13763,63,1,1714.96,3,1,4,314,8,0.2448679827681711,-0.9552142636712972,0.6828026455831614,3,Loyal Customers,"Use cross-selling, upselling, and exclusive member offers."
13764,71,3,1519.42,3,3,4,334,10,0.3327587744728552,0.0596054655268191,0.5866516763115658,3,Loyal Customers,"Use cross-selling, upselling, and exclusive member offers."
13767,2,37,17220.36,5,5,5,555,15,-2.038734417842785,3.3556663851747497,2.515585658999851,0,Champions,"Target with premium products, exclusive offers, and loyalty rewards."
13769,2,10,2796.51,5,5,5,555,15,-2.038734417842785,1.54066546553549,1.0712313332743149,0,Champions,"Target with premium products, exclusive offers, and loyalty rewards."
13771,64,4,2634.45,3,4,5,345,12,0.2564373503073006,0.3863044476016776,1.0238053387164918,3,Loyal Customers,"Use cross-selling, upselling, and exclusive member offers."
13772,34,3,1122.63,3,3,4,334,10,-0.2054954383991431,0.0596054655268191,0.3463085051217468,3,Loyal Customers,"Use cross-selling, upselling, and exclusive member offers."
13774,82,1,345.0,2,1,2,212,5,0.4388506943278125,-0.9552142636712972,-0.5897859888163678,1,At Risk,Launch win-back campaigns with personalized offers and re-engagement discounts.
13777,1,33,25977.16,5,5,5,555,15,-2.341296235524383,3.192823669993736,2.842302692597504,0,Champions,"Target with premium products, exclusive offers, and loyalty rewards."
13778,103,1,178.7,2,1,1,211,4,0.6071584099936543,-0.9552142636712972,-1.110451726617524,1,At Risk,Launch win-back campaigns with personalized offers and re-engagement discounts.
13780,7,2,360.01,5,2,2,522,9,-1.3068305482073614,-0.3615827770984003,-0.5560363864692836,2,New Customers,Use welcome offers and second-purchase incentives to build loyalty.
13781,251,1,127.84,1,1,1,111,3,1.2675821003089165,-0.9552142636712972,-1.3748714649969456,1,At Risk,Launch win-back campaigns with personalized offers and re-engagement discounts.
13782,13,6,908.86,5,5,3,553,13,-0.8892400660298114,0.8789251688960832,0.1785979032031291,3,Loyal Customers,"Use cross-selling, upselling, and exclusive member offers."
13784,10,11,2462.79,5,5,5,555,15,-1.0691974256329595,1.668056681297832,0.9702779503966932,0,Champions,"Target with premium products, exclusive offers, and loyalty rewards."
13786,367,1,230.4,1,1,1,111,3,1.5501371094479746,-0.9552142636712972,-0.9094976970406572,1,At Risk,Launch win-back campaigns with personalized offers and re-engagement discounts.
13787,76,2,309.04,2,2,2,222,6,0.3828587438616125,-0.3615827770984003,-0.6769973662105735,1,At Risk,Launch win-back campaigns with personalized offers and re-engagement discounts.
13790,4,1,348.8,5,1,2,512,8,-1.6575516078937147,-0.9552142636712972,-0.5811053486742958,2,New Customers,Use welcome offers and second-purchase incentives to build loyalty.
13791,128,2,1516.0,2,2,4,224,8,0.7679079316757323,-0.3615827770984003,0.5848620197209422,3,Loyal Customers,"Use cross-selling, upselling, and exclusive member offers."
13792,66,2,195.55,3,2,1,321,6,0.2790514826837337,-0.3615827770984003,-1.0392218398414952,1,At Risk,Launch win-back campaigns with personalized offers and re-engagement discounts.
13798,1,57,37153.85,5,5,5,555,15,-2.341296235524383,3.9747606942536606,3.126686511574972,0,Champions,"Target with premium products, exclusive offers, and loyalty rewards."
13799,117,2,688.86,2,2,3,223,7,0.7013999571250162,-0.3615827770984003,-0.041384321497552,1,At Risk,Launch win-back campaigns with personalized offers and re-engagement discounts.
13800,310,1,558.32,1,1,3,113,5,1.4245575339360348,-0.9552142636712972,-0.2080918699916438,1,At Risk,Launch win-back campaigns with personalized offers and re-engagement discounts.
13801,67,1,324.8,3,1,2,312,6,0.2901066368625376,-0.9552142636712972,-0.6375928871268963,1,At Risk,Launch win-back campaigns with personalized offers and re-engagement discounts.
13802,139,3,4599.42,2,3,5,235,10,0.8289702489178785,0.0596054655268191,1.4665430154359709,3,Loyal Customers,"Use cross-selling, upselling, and exclusive member offers."
13803,255,1,277.07,1,1,2,112,4,1.2793336700851932,-0.9552142636712972,-0.763486326102036,1,At Risk,Launch win-back campaigns with personalized offers and re-engagement discounts.
13804,31,7,2588.39,4,5,5,455,14,-0.2723648608903394,1.0744251947249353,1.0097930056582505,3,Loyal Customers,"Use cross-selling, upselling, and exclusive member offers."
13805,52,2,924.6,3,2,3,323,8,0.10413950578058,-0.3615827770984003,0.1922286205650435,3,Loyal Customers,"Use cross-selling, upselling, and exclusive member offers."
13806,64,1,256.38,3,1,2,312,6,0.2564373503073006,-0.9552142636712972,-0.8249340946116993,1,At Risk,Launch win-back campaigns with personalized offers and re-engagement discounts.
13807,367,1,112.6,1,1,1,111,3,1.5501371094479746,-0.9552142636712972,-1.4749179819851277,1,At Risk,Launch win-back campaigns with personalized offers and re-engagement discounts.
13808,6,5,1747.66,5,4,4,544,13,-1.4064729096883222,0.6532369520997158,0.6978047886794366,0,Champions,"Target with premium products, exclusive offers, and loyalty rewards."
13809,305,1,155.05,1,1,1,111,3,1.412463115884243,-0.9552142636712972,-1.222597578632359,1,At Risk,Launch win-back campaigns with personalized offers and re-engagement discounts.
13810,29,3,1499.01,4,3,4,434,11,-0.3205241028950956,0.0596054655268191,0.5759110624711996,3,Loyal Customers,"Use cross-selling, upselling, and exclusive member offers."
13811,184,3,814.5,1,3,3,133,7,1.0369487703169469,0.0596054655268191,0.0915837248803756,3,Loyal Customers,"Use cross-selling, upselling, and exclusive member offers."
13812,42,3,539.0,3,3,3,333,9,-0.0518867296643757,0.0596054655268191,-0.2360286259576204,3,Loyal Customers,"Use cross-selling, upselling, and exclusive member offers."
13813,40,4,1366.86,3,4,4,344,11,-0.0874272207859269,0.3863044476016776,0.5026178707436975,3,Loyal Customers,"Use cross-selling, upselling, and exclusive member offers."
13814,92,2,1579.12,2,2,4,224,8,0.5237386278211207,-0.3615827770984003,0.6172599569520841,3,Loyal Customers,"Use cross-selling, upselling, and exclusive member offers."
13815,22,4,4027.36,4,4,5,445,13,-0.5187942651860693,0.3863044476016776,1.361012528486326,3,Loyal Customers,"Use cross-selling, upselling, and exclusive member offers."
13816,24,2,571.67,4,2,3,423,9,-0.4565741366045358,-0.3615827770984003,-0.1893459364144662,2,New Customers,Use welcome offers and second-purchase incentives to build loyalty.
13817,29,2,382.98,4,2,2,422,8,-0.3205241028950956,-0.3615827770984003,-0.5070137694064649,2,New Customers,Use welcome offers and second-purchase incentives to build loyalty.
13819,302,3,1140.35,1,3,4,134,8,1.4051112410606752,0.0596054655268191,0.3587438109226432,3,Loyal Customers,"Use cross-selling, upselling, and exclusive member offers."
13821,145,2,385.64,2,2,2,222,6,0.8602843228124161,-0.3615827770984003,-0.5015273203862847,1,At Risk,Launch win-back campaigns with personalized offers and re-engagement discounts.
13822,6,2,632.0,5,2,3,523,10,-1.4064729096883222,-0.3615827770984003,-0.1097453993673356,2,New Customers,Use welcome offers and second-purchase incentives to build loyalty.
13823,19,2,957.66,4,2,4,424,10,-0.6230859205766931,-0.3615827770984003,0.2201190276643613,2,New Customers,Use welcome offers and second-purchase incentives to build loyalty.
13824,33,5,1698.94,4,4,4,444,12,-0.2271262067959733,0.6532369520997158,0.6753483122290347,3,Loyal Customers,"Use cross-selling, upselling, and exclusive member offers."
13826,176,1,189.5,2,1,1,211,4,1.0039617748066132,-0.9552142636712972,-1.0640687242591265,1,At Risk,Launch win-back campaigns with personalized offers and re-engagement discounts.
13827,58,3,409.8,3,3,2,332,8,0.1841671134665053,0.0596054655268191,-0.4533569362437421,3,Loyal Customers,"Use cross-selling, upselling, and exclusive member offers."
13828,22,1,209.49,4,1,1,411,6,-0.5187942651860693,-0.9552142636712972,-0.9847660797659749,2,New Customers,Use welcome offers and second-purchase incentives to build loyalty.
13831,16,6,2198.45,4,5,5,455,14,-0.7443590504544844,0.8789251688960832,0.8800815508927728,0,Champions,"Target with premium products, exclusive offers, and loyalty rewards."
13832,19,1,52.2,4,1,1,411,6,-0.6230859205766931,-0.9552142636712972,-2.077818255013455,2,New Customers,Use welcome offers and second-purchase incentives to build loyalty.
13833,159,1,383.85,2,1,2,212,5,0.9286126103988396,-0.9552142636712972,-0.5052151578502904,1,At Risk,Launch win-back campaigns with personalized offers and re-engagement discounts.
13835,25,4,834.57,4,4,3,443,11,-0.4273072773233673,0.3863044476016776,0.1109057010029278,3,Loyal Customers,"Use cross-selling, upselling, and exclusive member offers."
13837,212,2,266.59,1,2,2,122,5,1.1421167725593575,-0.3615827770984003,-0.7940173124674061,1,At Risk,Launch win-back campaigns with personalized offers and re-engagement discounts.
13838,6,4,674.82,5,4,3,543,12,-1.4064729096883222,0.3863044476016776,-0.0577254378472868,2,New Customers,Use welcome offers and second-purchase incentives to build loyalty.
13841,253,1,85.0,1,1,1,111,3,1.273481018447474,-0.9552142636712972,-1.6961194355413995,1,At Risk,Launch win-back campaigns with personalized offers and re-engagement discounts.
13842,59,9,3385.62,3,5,5,355,13,0.196708740763415,1.4011241767997944,1.2231058641096282,3,Loyal Customers,"Use cross-selling, upselling, and exclusive member offers."
13844,11,1,361.62,5,1,2,512,8,-1.0042687305257638,-0.9552142636712972,-0.5525000116296532,2,New Customers,Use welcome offers and second-purchase incentives to build loyalty.
13845,65,1,312.98,3,1,2,312,6,0.2678300793656594,-0.9552142636712972,-0.6669615720150797,1,At Risk,Launch win-back campaigns with personalized offers and re-engagement discounts.
13846,25,3,865.06,4,3,3,433,10,-0.4273072773233673,0.0596054655268191,0.1393887867950636,3,Loyal Customers,"Use cross-selling, upselling, and exclusive member offers."
13848,92,3,1255.0,2,3,4,234,9,0.5237386278211207,0.0596054655268191,0.4348153667917849,3,Loyal Customers,"Use cross-selling, upselling, and exclusive member offers."
13849,52,2,1537.95,3,2,4,324,9,0.10413950578058,-0.3615827770984003,0.5962788096984747,3,Loyal Customers,"Use cross-selling, upselling, and exclusive member offers."
13850,129,1,1595.48,2,1,4,214,7,0.7736701939658116,-0.9552142636712972,0.6254459782521645,3,Loyal Customers,"Use cross-selling, upselling, and exclusive member offers."
13851,96,3,2651.46,2,3,5,235,10,0.5551626080798789,0.0596054655268191,1.0289182707479594,3,Loyal Customers,"Use cross-selling, upselling, and exclusive member offers."
13853,57,1,1090.14,3,1,4,314,8,0.1714110890244534,-0.9552142636712972,0.3229900111391425,3,Loyal Customers,"Use cross-selling, upselling, and exclusive member offers."
13854,9,25,8109.52,5,5,5,555,15,-1.1403187642352035,2.8000649690066,1.917164963612844,0,Champions,"Target with premium products, exclusive offers, and loyalty rewards."
13856,169,3,388.5,2,3,2,232,7,0.973851264493206,0.0596054655268191,-0.4956703072873401,1,At Risk,Launch win-back campaigns with personalized offers and re-engagement discounts.
13858,57,1,216.17,3,1,1,311,5,0.1714110890244534,-0.9552142636712972,-0.9599369546350586,1,At Risk,Launch win-back campaigns with personalized offers and re-engagement discounts.
13859,326,1,201.16,1,1,1,111,3,1.4619928068665424,-0.9552142636712972,-1.0168561314551214,1,At Risk,Launch win-back campaigns with personalized offers and re-engagement discounts.
13860,1,5,1245.9,5,4,4,544,13,-2.341296235524383,0.6532369520997158,0.4290364283218492,0,Champions,"Target with premium products, exclusive offers, and loyalty rewards."
13862,18,8,2209.36,4,5,5,455,14,-0.6613614517492411,1.2468684386726128,0.884013917698823,0,Champions,"Target with premium products, exclusive offers, and loyalty rewards."
13863,248,1,305.78,1,1,2,112,4,1.2586453556679202,-0.9552142636712972,-0.6853979885252219,1,At Risk,Launch win-back campaigns with personalized offers and re-engagement discounts.
13865,58,4,501.56,3,4,3,343,10,0.1841671134665053,0.3863044476016776,-0.2931330616167309,3,Loyal Customers,"Use cross-selling, upselling, and exclusive member offers."
13866,74,1,145.67,2,1,1,211,4,0.3632205247355723,-0.9552142636712972,-1.271863775190588,1,At Risk,Launch win-back campaigns with personalized offers and re-engagement discounts.
13867,31,3,1005.09,4,3,4,434,11,-0.2723648608903394,0.0596054655268191,0.2584966862352614,3,Loyal Customers,"Use cross-selling, upselling, and exclusive member offers."
13868,7,2,3192.54,5,2,5,525,12,-1.3068305482073614,-0.3615827770984003,1.1764534859092446,2,New Customers,Use welcome offers and second-purchase incentives to build loyalty.
13869,123,4,3083.65,2,4,5,245,11,0.7384096537980341,0.3863044476016776,1.1488829403685998,3,Loyal Customers,"Use cross-selling, upselling, and exclusive member offers."
13870,2,8,2770.94,5,5,5,555,15,-2.038734417842785,1.2468684386726128,1.0639339067175655,0,Champions,"Target with premium products, exclusive offers, and loyalty rewards."
13871,23,13,6403.25,4,5,5,455,14,-0.4870358868672529,1.8937448980941995,1.7294501961386644,0,Champions,"Target with premium products, exclusive offers, and loyalty rewards."
13873,120,3,389.6,2,3,2,232,7,0.7201342279169752,0.0596054655268191,-0.4934290539055943,1,At Risk,Launch win-back campaigns with personalized offers and re-engagement discounts.
13874,358,1,540.45,1,1,3,113,5,1.531660558029954,-0.9552142636712972,-0.2338974952825286,1,At Risk,Launch win-back campaigns with personalized offers and re-engagement discounts.
13875,54,5,1786.79,3,4,4,344,11,0.1317800456562198,0.6532369520997158,0.7153924588632958,3,Loyal Customers,"Use cross-selling, upselling, and exclusive member offers."
13876,64,1,122.7,3,1,1,311,5,0.2564373503073006,-0.9552142636712972,-1.4072264487212798,1,At Risk,Launch win-back campaigns with personalized offers and re-engagement discounts.
13877,86,1,117.24,2,1,1,211,4,0.473972906706051,-0.9552142636712972,-1.4431026930904491,1,At Risk,Launch win-back campaigns with personalized offers and re-engagement discounts.
13878,55,1,1271.57,3,1,4,314,8,0.1452256212872108,-0.9552142636712972,0.44523139163341,3,Loyal Customers,"Use cross-selling, upselling, and exclusive member offers."
13880,21,13,3219.77,4,5,5,455,14,-0.5519645819744484,1.8937448980941995,1.1832010740727348,0,Champions,"Target with premium products, exclusive offers, and loyalty rewards."
13881,4,20,17159.52,5,5,5,555,15,-1.6575516078937147,2.487376384667096,2.5127730568703885,0,Champions,"Target with premium products, exclusive offers, and loyalty rewards."
13882,3,5,1191.13,5,4,4,544,13,-1.824063391865872,0.6532369520997158,0.3933381824807916,0,Champions,"Target with premium products, exclusive offers, and loyalty rewards."
13883,11,5,2674.48,5,4,5,545,14,-1.0042687305257638,0.6532369520997158,1.0357857437234734,0,Champions,"Target with premium products, exclusive offers, and loyalty rewards."
13884,7,5,787.6,5,4,3,543,12,-1.3068305482073614,0.6532369520997158,0.0649268140487523,2,New Customers,Use welcome offers and second-purchase incentives to build loyalty.
13885,189,2,506.8,1,2,3,123,6,1.0568488631984492,-0.3615827770984003,-0.2848896440507619,1,At Risk,Launch win-back campaigns with personalized offers and re-engagement discounts.
13886,71,1,243.56,3,1,1,311,5,0.3327587744728552,-0.9552142636712972,-0.8655390412289236,1,At Risk,Launch win-back campaigns with personalized offers and re-engagement discounts.
13887,204,1,349.55,1,1,2,112,4,1.1135502505032524,-0.9552142636712972,-0.5794032114902848,1,At Risk,Launch win-back campaigns with personalized offers and re-engagement discounts.
13888,120,2,595.67,2,2,3,223,7,0.7201342279169752,-0.3615827770984003,-0.1567187449170595,1,At Risk,Launch win-back campaigns with personalized offers and re-engagement discounts.
13889,93,1,416.9,2,1,2,212,5,0.5317195515827039,-0.9552142636712972,-0.4397387302446131,1,At Risk,Launch win-back campaigns with personalized offers and re-engagement discounts.
13890,1,10,1883.81,5,5,4,554,14,-2.341296235524383,1.54066546553549,0.7573912665163031,0,Champions,"Target with premium products, exclusive offers, and loyalty rewards."
13892,27,4,632.97,4,4,3,443,11,-0.3720072223713004,0.3863044476016776,-0.1085285025637649,3,Loyal Customers,"Use cross-selling, upselling, and exclusive member offers."
13893,298,1,821.1,1,1,3,113,5,1.3951946930149468,-0.9552142636712972,0.0979897217207102,1,At Risk,Launch win-back campaigns with personalized offers and re-engagement discounts.
13894,24,3,564.62,4,3,3,433,10,-0.4565741366045358,0.0596054655268191,-0.1991903536568183,2,New Customers,Use welcome offers and second-purchase incentives to build loyalty.
13895,28,4,2593.07,4,4,5,445,13,-0.3458217546340572,0.3863044476016776,1.0112280802734817,3,Loyal Customers,"Use cross-selling, upselling, and exclusive member offers."
13897,50,1,311.16,3,1,2,312,6,0.0754356108856238,-0.9552142636712972,-0.6715816512619512,1,At Risk,Launch win-back campaigns with personalized offers and re-engagement discounts.
13898,326,1,155.93,1,1,1,111,3,1.4619928068665424,-0.9552142636712972,-1.2181285257556564,1,At Risk,Launch win-back campaigns with personalized offers and re-engagement discounts.
13899,16,2,388.52,4,2,2,422,8,-0.7443590504544844,-0.3615827770984003,-0.4956295007587483,2,New Customers,Use welcome offers and second-purchase incentives to build loyalty.
13900,183,3,740.95,1,3,3,133,7,1.0329042657894636,0.0596054655268191,0.01646642152669,3,Loyal Customers,"Use cross-selling, upselling, and exclusive member offers."
13901,72,5,2867.2,3,4,5,345,12,0.343051479153905,0.6532369520997158,1.0910636952406507,3,Loyal Customers,"Use cross-selling, upselling, and exclusive member offers."
13904,37,2,332.64,3,2,2,322,7,-0.1441286080907301,-0.3615827770984003,-0.6186951631335196,2,New Customers,Use welcome offers and second-purchase incentives to build loyalty.
13908,80,4,2369.55,2,4,5,245,11,0.4206495661775393,0.3863044476016776,0.939618300164967,3,Loyal Customers,"Use cross-selling, upselling, and exclusive member offers."
13911,57,9,2580.91,3,5,5,355,13,0.1714110890244534,1.4011241767997944,1.007493944996367,3,Loyal Customers,"Use cross-selling, upselling, and exclusive member offers."
13914,12,2,626.45,5,2,3,523,10,-0.9445401209818785,-0.3615827770984003,-0.116744116323528,2,New Customers,Use welcome offers and second-purchase incentives to build loyalty.
13917,50,2,272.04,3,2,2,322,7,0.0754356108856238,-0.3615827770984003,-0.7779937404817302,1,At Risk,Launch win-back campaigns with personalized offers and re-engagement discounts.
13918,50,2,1212.84,3,2,4,324,9,0.0754356108856238,-0.3615827770984003,0.4076808412395717,3,Loyal Customers,"Use cross-selling, upselling, and exclusive member offers."
13919,59,2,384.81,3,2,2,322,7,0.196708740763415,-0.3615827770984003,-0.5032351956357142,1,At Risk,Launch win-back campaigns with personalized offers and re-engagement discounts.
13922,352,1,172.25,1,1,1,111,3,1.5190836997772748,-0.9552142636712972,-1.1395015264126993,1,At Risk,Launch win-back campaigns with personalized offers and re-engagement discounts.
13923,54,1,351.13,3,1,2,312,6,0.1317800456562198,-0.9552142636712972,-0.5758292613533758,1,At Risk,Launch win-back campaigns with personalized offers and re-engagement discounts.
13924,2,6,1838.85,5,5,4,554,14,-2.038734417842785,0.8789251688960832,0.7382041803953419,0,Champions,"Target with premium products, exclusive offers, and loyalty rewards."
13925,93,4,678.25,2,4,3,243,9,0.5317195515827039,0.3863044476016776,-0.0537021456049206,3,Loyal Customers,"Use cross-selling, upselling, and exclusive member offers."
13926,23,1,223.85,4,1,1,411,6,-0.4870358868672529,-0.9552142636712972,-0.9323177434815002,2,New Customers,Use welcome offers and second-purchase incentives to build loyalty.
13927,75,1,348.99,2,1,2,212,5,0.3731042355677808,-0.9552142636712972,-0.580673795672055,1,At Risk,Launch win-back campaigns with personalized offers and re-engagement discounts.
13928,11,4,464.57,5,4,2,542,11,-1.0042687305257638,0.3863044476016776,-0.3538920285938268,2,New Customers,Use welcome offers and second-purchase incentives to build loyalty.
13929,169,2,842.65,2,2,3,223,7,0.973851264493206,-0.3615827770984003,0.1185538330428397,1,At Risk,Launch win-back campaigns with personalized offers and re-engagement discounts.
13930,58,2,337.34,3,2,2,322,7,0.1841671134665053,-0.3615827770984003,-0.6075779263612089,1,At Risk,Launch win-back campaigns with personalized offers and re-engagement discounts.
13931,96,2,1237.53,2,2,4,224,8,0.5551626080798789,-0.3615827770984003,0.4236837169454659,3,Loyal Customers,"Use cross-selling, upselling, and exclusive member offers."
13932,295,1,307.4,1,1,2,112,4,1.3876698300033006,-0.9552142636712972,-0.6812123465900025,1,At Risk,Launch win-back campaigns with personalized offers and re-engagement discounts.
13933,109,2,608.79,2,2,3,223,7,0.6490128893147309,-0.3615827770984003,-0.1394330719889596,1,At Risk,Launch win-back campaigns with personalized offers and re-engagement discounts.
13934,264,1,922.1,1,1,3,113,5,1.305116977069759,-0.9552142636712972,0.1900791965593674,1,At Risk,Launch win-back campaigns with personalized offers and re-engagement discounts.
13936,180,1,376.58,1,1,2,112,4,1.02063753599374,-0.9552142636712972,-0.5203715509223138,1,At Risk,Launch win-back campaigns with personalized offers and re-engagement discounts.
13937,169,1,158.85,2,1,1,211,4,0.973851264493206,-0.9552142636712972,-1.2034769052826686,1,At Risk,Launch win-back campaigns with personalized offers and re-engagement discounts.
13938,35,1,71.66,3,1,1,311,5,-0.1844740691856557,-0.9552142636712972,-1.83007574617084,1,At Risk,Launch win-back campaigns with personalized offers and re-engagement discounts.
13939,23,3,568.55,4,3,3,433,10,-0.4870358868672529,0.0596054655268191,-0.1936875800816712,2,New Customers,Use welcome offers and second-purchase incentives to build loyalty.
13940,17,4,839.14,4,4,3,443,11,-0.7017069128441668,0.3863044476016776,0.1152404771825479,2,New Customers,Use welcome offers and second-purchase incentives to build loyalty.
13941,22,5,5112.96,4,4,5,445,13,-0.5187942651860693,0.6532369520997158,1.550646211686034,0,Champions,"Target with premium products, exclusive offers, and loyalty rewards."
13946,79,3,561.57,2,3,3,233,8,0.4113797667403285,0.0596054655268191,-0.2034873690971282,3,Loyal Customers,"Use cross-selling, upselling, and exclusive member offers."
13947,65,1,90.6,3,1,1,311,5,0.2678300793656594,-0.9552142636712972,-1.6459848624695546,1,At Risk,Launch win-back campaigns with personalized offers and re-engagement discounts.
13948,361,1,102.0,1,1,1,111,3,1.5378703796522508,-0.9552142636712972,-1.5527651358789494,1,At Risk,Launch win-back campaigns with personalized offers and re-engagement discounts.
13949,3,6,2427.32,5,5,5,555,15,-1.824063391865872,0.8789251688960832,0.9587534834169236,0,Champions,"Target with premium products, exclusive offers, and loyalty rewards."
13950,11,4,745.06,5,4,3,543,12,-1.0042687305257638,0.3863044476016776,0.0208566319772483,2,New Customers,Use welcome offers and second-purchase incentives to build loyalty.
13951,176,3,674.45,2,3,3,233,8,1.0039617748066132,0.0596054655268191,-0.0581606568633115,3,Loyal Customers,"Use cross-selling, upselling, and exclusive member offers."
13952,218,2,3251.07,1,2,5,125,8,1.1628461404940136,-0.3615827770984003,1.190887087050037,3,Loyal Customers,"Use cross-selling, upselling, and exclusive member offers."
13953,7,7,3515.68,5,5,5,555,15,-1.3068305482073614,1.0744251947249353,1.253055162877648,0,Champions,"Target with premium products, exclusive offers, and loyalty rewards."
13954,2,2,439.92,5,3,2,532,10,-2.038734417842785,-0.3615827770984003,-0.3971244190072532,2,New Customers,Use welcome offers and second-purchase incentives to build loyalty.
13955,154,2,322.96,2,3,2,232,7,0.9049214377701916,-0.3615827770984003,-0.6420939416580125,1,At Risk,Launch win-back campaigns with personalized offers and re-engagement discounts.
13956,5,5,1019.27,5,4,4,544,13,-1.5215015741842748,0.6532369520997158,0.2696195080187897,2,New Customers,Use welcome offers and second-purchase incentives to build loyalty.
13959,79,3,594.04,2,3,3,233,8,0.4113797667403285,0.0596054655268191,-0.158892775025244,3,Loyal Customers,"Use cross-selling, upselling, and exclusive member offers."
13960,21,2,230.22,4,3,1,431,8,-0.5519645819744484,-0.3615827770984003,-0.910116135351812,2,New Customers,Use welcome offers and second-purchase incentives to build loyalty.
13962,22,2,169.55,4,3,1,431,8,-0.5187942651860693,-0.3615827770984003,-1.151984414682977,2,New Customers,Use welcome offers and second-purchase incentives to build loyalty.
13963,308,4,664.54,1,4,3,143,8,1.419743263956323,0.3863044476016776,-0.0699070432978221,3,Loyal Customers,"Use cross-selling, upselling, and exclusive member offers."
13967,146,1,80.7,2,1,1,211,4,0.8653779211463577,-0.9552142636712972,-1.7368836295887655,1,At Risk,Launch win-back campaigns with personalized offers and re-engagement discounts.
13969,7,18,9024.17,5,5,5,555,15,-1.3068305482073614,2.340846655976633,2.002085858743785,0,Champions,"Target with premium products, exclusive offers, and loyalty rewards."
13971,19,8,2758.26,4,5,5,455,14,-0.6230859205766931,1.2468684386726128,1.0602901538414606,0,Champions,"Target with premium products, exclusive offers, and loyalty rewards."
13972,71,2,190.25,3,3,1,331,7,0.3327587744728552,-0.3615827770984003,-1.0609460186799076,1,At Risk,Launch win-back campaigns with personalized offers and re-engagement discounts.
13973,287,1,264.7,1,1,2,112,4,1.3672244617898772,-0.9552142636712972,-0.7996504252326232,1,At Risk,Launch win-back campaigns with personalized offers and re-engagement discounts.
13974,49,1,413.59,3,1,2,312,6,0.0606587070539751,-0.9552142636712972,-0.4460584747315746,1,At Risk,Launch win-back campaigns with personalized offers and re-engagement discounts.
13975,31,6,2461.24,4,5,5,455,14,-0.2723648608903394,0.8789251688960832,0.9697778203775316,3,Loyal Customers,"Use cross-selling, upselling, and exclusive member offers."
13976,207,1,357.98,1,1,2,112,4,1.1243912536521652,-0.9552142636712972,-0.5605178409234586,1,At Risk,Launch win-back campaigns with personalized offers and re-engagement discounts.
13978,15,2,196.79,4,3,1,431,8,-0.7895977045488505,-0.3615827770984003,-1.0342237904077856,2,New Customers,Use welcome offers and second-purchase incentives to build loyalty.
13979,73,1,869.87,2,1,3,213,6,0.3532041426862792,-0.9552142636712972,0.1437904026054259,1,At Risk,Launch win-back campaigns with personalized offers and re-engagement discounts.
13980,60,1,200.14,3,1,1,311,5,0.2090430589164636,-0.9552142636712972,-1.0208760859641992,1,At Risk,Launch win-back campaigns with personalized offers and re-engagement discounts.
13982,39,4,1871.81,3,4,4,344,11,-0.1058530769181821,0.3863044476016776,0.7523153072711912,3,Loyal Customers,"Use cross-selling, upselling, and exclusive member offers."
13983,30,12,2603.43,4,5,5,455,14,-0.2960560335189878,1.7852452398084837,1.0143956818089508,0,Champions,"Target with premium products, exclusive offers, and loyalty rewards."
13984,27,5,920.51,4,4,3,443,11,-0.3720072223713004,0.6532369520997158,0.1887091323036816,3,Loyal Customers,"Use cross-selling, upselling, and exclusive member offers."
13985,4,15,7060.13,5,5,5,555,15,-1.6575516078937147,2.089244923923052,1.8070499869695027,0,Champions,"Target with premium products, exclusive offers, and loyalty rewards."
13986,17,1,320.46,4,1,2,412,7,-0.7017069128441668,-0.9552142636712972,-0.6482506421169216,2,New Customers,Use welcome offers and second-purchase incentives to build loyalty.
13988,20,6,4147.96,4,5,5,455,14,-0.5866782483482139,0.8789251688960832,1.3844556839551707,0,Champions,"Target with premium products, exclusive offers, and loyalty rewards."
13989,66,2,1266.08,3,3,4,334,10,0.2790514826837337,-0.3615827770984003,0.441795437047919,3,Loyal Customers,"Use cross-selling, upselling, and exclusive member offers."
13990,213,1,311.3,1,1,2,112,4,1.1456119042818538,-0.9552142636712972,-0.6712253054319485,1,At Risk,Launch win-back campaigns with personalized offers and re-engagement discounts.
13991,12,6,852.88,5,5,3,553,13,-0.9445401209818785,0.8789251688960832,0.1281326460634754,3,Loyal Customers,"Use cross-selling, upselling, and exclusive member offers."
13992,30,1,76.8,4,1,1,411,6,-0.2960560335189878,-0.9552142636712972,-1.775755796924242,1,At Risk,Launch win-back campaigns with personalized offers and re-engagement discounts.
13993,43,9,3466.36,3,5,5,355,13,-0.0347317383159377,1.4011241767997944,1.241830538100165,0,Champions,"Target with premium products, exclusive offers, and loyalty rewards."
13994,4,6,2274.14,5,5,5,555,15,-1.6575516078937147,0.8789251688960832,0.9069705692514268,0,Champions,"Target with premium products, exclusive offers, and loyalty rewards."
13995,15,5,1393.69,4,4,4,444,12,-0.7895977045488505,0.6532369520997158,0.5180552098270407,3,Loyal Customers,"Use cross-selling, upselling, and exclusive member offers."
13999,10,12,3901.81,5,5,5,555,15,-1.0691974256329595,1.7852452398084837,1.3358494367360432,0,Champions,"Target with premium products, exclusive offers, and loyalty rewards."
14000,211,1,635.66,1,1,3,113,5,1.1386051930976016,-0.9552142636712972,-0.1051635256681954,1,At Risk,Launch win-back campaigns with personalized offers and re-engagement discounts.
14001,46,3,2043.08,3,3,4,334,10,0.0144867079241929,0.0596054655268191,0.8218601933588543,3,Loyal Customers,"Use cross-selling, upselling, and exclusive member offers."
14002,134,2,529.73,2,3,3,233,8,0.8018323761266101,-0.3615827770984003,-0.2497899074010161,1,At Risk,Launch win-back campaigns with personalized offers and re-engagement discounts.
14004,43,7,4582.64,3,5,5,355,13,-0.0347317383159377,1.0744251947249353,1.4636389527263232,3,Loyal Customers,"Use cross-selling, upselling, and exclusive member offers."
14005,10,5,2874.72,5,4,5,545,14,-1.0691974256329595,0.6532369520997158,1.0931446276251904,0,Champions,"Target with premium products, exclusive offers, and loyalty rewards."
14006,116,3,962.19,2,3,4,234,9,0.6950492016983384,0.0596054655268191,0.2238655452980429,3,Loyal Customers,"Use cross-selling, upselling, and exclusive member offers."
14009,198,2,695.61,1,3,3,133,7,1.0913839892534942,-0.3615827770984003,-0.0336460316994006,1,At Risk,Launch win-back campaigns with personalized offers and re-engagement discounts.
14012,278,1,328.8,1,1,2,112,4,1.3435332891612286,-0.9552142636712972,-0.6278950541916236,1,At Risk,Launch win-back campaigns with personalized offers and re-engagement discounts.
14013,110,3,473.02,2,3,2,232,7,0.6557659603678762,0.0596054655268191,-0.3395972216439312,1,At Risk,Launch win-back campaigns with personalized offers and re-engagement discounts.
14014,77,1,505.18,2,1,3,213,6,0.3924873840167408,-0.9552142636712972,-0.2874290624263469,1,At Risk,Launch win-back campaigns with personalized offers and re-engagement discounts.
14015,53,1,917.34,3,1,3,313,7,0.1180877484959417,-0.9552142636712972,0.1859705516386993,1,At Risk,Launch win-back campaigns with personalized offers and re-engagement discounts.
14016,162,4,4341.21,2,4,5,245,11,0.9424744813034064,0.3863044476016776,1.4206362394124294,3,Loyal Customers,"Use cross-selling, upselling, and exclusive member offers."
14019,47,3,1421.61,3,3,4,334,10,0.030196956791258,0.0596054655268191,0.5338075397660894,3,Loyal Customers,"Use cross-selling, upselling, and exclusive member offers."
14020,17,2,642.8,4,3,3,433,10,-0.7017069128441668,-0.3615827770984003,-0.0963004397447449,2,New Customers,Use welcome offers and second-purchase incentives to build loyalty.
14021,155,3,631.9,2,3,3,233,8,0.9097202276752518,0.0596054655268191,-0.1098709586609706,3,Loyal Customers,"Use cross-selling, upselling, and exclusive member offers."
14022,225,1,440.0,1,1,2,112,4,1.1863243234655771,-0.9552142636712972,-0.3969802376666161,1,At Risk,Launch win-back campaigns with personalized offers and re-engagement discounts.
14023,7,2,584.07,5,3,3,533,11,-1.3068305482073614,-0.3615827770984003,-0.1723213912849741,2,New Customers,Use welcome offers and second-purchase incentives to build loyalty.
14024,122,2,327.7,2,3,2,232,7,0.7323674405541809,-0.3615827770984003,-0.6305501828637348,1,At Risk,Launch win-back campaigns with personalized offers and re-engagement discounts.
14027,61,1,104.82,3,1,1,311,5,0.2211768101395232,-0.9552142636712972,-1.531299108322112,1,At Risk,Launch win-back campaigns with personalized offers and re-engagement discounts.
14029,63,2,467.66,3,3,2,332,8,0.2448679827681711,-0.3615827770984003,-0.3486348283828501,1,At Risk,Launch win-back campaigns with personalized offers and re-engagement discounts.
14030,18,8,2358.84,4,5,5,455,14,-0.6613614517492411,1.2468684386726128,0.9360196342721214,0,Champions,"Target with premium products, exclusive offers, and loyalty rewards."
14031,7,19,17286.86,5,5,5,555,15,-1.3068305482073614,2.41594390599791,2.5186485765227795,0,Champions,"Target with premium products, exclusive offers, and loyalty rewards."
14032,2,11,2975.59,5,5,5,555,15,-2.038734417842785,1.668056681297832,1.1205430762513575,0,Champions,"Target with premium products, exclusive offers, and loyalty rewards."
14034,22,3,648.89,4,3,3,433,10,-0.5187942651860693,0.0596054655268191,-0.0888180807325504,2,New Customers,Use welcome offers and second-purchase incentives to build loyalty.
14035,29,5,1428.02,4,4,4,444,12,-0.3205241028950956,0.6532369520997158,0.537380382076554,3,Loyal Customers,"Use cross-selling, upselling, and exclusive member offers."
14036,285,1,626.65,1,1,3,113,5,1.362024376226567,-0.9552142636712972,-0.1164908368863068,1,At Risk,Launch win-back campaigns with personalized offers and re-engagement discounts.
14037,176,2,147.2,2,3,1,231,6,1.0039617748066132,-0.3615827770984003,-1.2636164522356352,1,At Risk,Launch win-back campaigns with personalized offers and re-engagement discounts.
14038,78,3,1560.38,2,3,4,234,9,0.4019933629965244,0.0596054655268191,0.6077782629208129,3,Loyal Customers,"Use cross-selling, upselling, and exclusive member offers."
14039,33,1,152.2,4,1,1,411,6,-0.2271262067959733,-0.9552142636712972,-1.2372461647998687,1,At Risk,Launch win-back campaigns with personalized offers and re-engagement discounts.
14040,41,12,3560.32,3,5,5,355,13,-0.0694454046897029,1.7852452398084837,1.2630797766406692,0,Champions,"Target with premium products, exclusive offers, and loyalty rewards."
14041,266,1,141.41,1,1,1,111,3,1.3107275994304497,-0.9552142636712972,-1.2952883251675706,1,At Risk,Launch win-back campaigns with personalized offers and re-engagement discounts.
14044,27,4,646.42,4,4,3,443,11,-0.3720072223713004,0.3863044476016776,-0.0918443110306867,3,Loyal Customers,"Use cross-selling, upselling, and exclusive member offers."
14045,109,4,1659.75,2,4,4,244,10,0.6490128893147309,0.3863044476016776,0.6568123660544967,3,Loyal Customers,"Use cross-selling, upselling, and exclusive member offers."
14046,284,1,154.99,1,1,1,111,3,1.3594106808800466,-0.9552142636712972,-1.2229032038947132,1,At Risk,Launch win-back campaigns with personalized offers and re-engagement discounts.
14047,9,5,1308.61,5,4,4,544,13,-1.1403187642352035,0.6532369520997158,0.4680328443658169,3,Loyal Customers,"Use cross-selling, upselling, and exclusive member offers."
14048,305,1,409.93,1,1,2,112,4,1.412463115884243,-0.9552142636712972,-0.4531054799697211,1,At Risk,Launch win-back campaigns with personalized offers and re-engagement discounts.
14049,17,4,5578.72,4,4,5,445,13,-0.7017069128441668,0.3863044476016776,1.619918273377959,3,Loyal Customers,"Use cross-selling, upselling, and exclusive member offers."
14050,32,2,746.36,4,3,3,433,10,-0.2494027642928512,-0.3615827770984003,0.0222402294549718,2,New Customers,Use welcome offers and second-purchase incentives to build loyalty.
14051,1,23,15610.39,5,5,5,555,15,-2.341296235524383,2.6828764104959486,2.437583390414176,0,Champions,"Target with premium products, exclusive offers, and loyalty rewards."
14052,20,1,225.36,4,1,1,411,6,-0.5866782483482139,-0.9552142636712972,-0.9269985214937524,2,New Customers,Use welcome offers and second-purchase incentives to build loyalty.
14053,124,2,260.25,2,3,2,232,7,0.7444033346846438,-0.3615827770984003,-0.8130734128369151,1,At Risk,Launch win-back campaigns with personalized offers and re-engagement discounts.
14054,65,1,92.46,3,1,1,311,5,0.2678300793656594,-0.9552142636712972,-1.6300090382380188,1,At Risk,Launch win-back campaigns with personalized offers and re-engagement discounts.
14055,106,1,725.64,2,1,3,213,6,0.6283790606233428,-0.9552142636712972,-0.000104193225155,1,At Risk,Launch win-back campaigns with personalized offers and re-engagement discounts.
14056,1,23,8152.71,5,5,5,555,15,-2.341296235524383,2.6828764104959486,1.921385804495648,0,Champions,"Target with premium products, exclusive offers, and loyalty rewards."
14057,24,17,6211.66,4,5,5,455,14,-0.4565741366045358,2.2616881678707283,1.705312185205704,0,Champions,"Target with premium products, exclusive offers, and loyalty rewards."
14059,267,1,183.6,1,1,1,111,3,1.3135171700007555,-0.9552142636712972,-1.0890715462989475,1,At Risk,Launch win-back campaigns with personalized offers and re-engagement discounts.
14060,5,19,6140.42,5,5,5,555,15,-1.5215015741842748,2.41594390599791,1.6961464653723124,0,Champions,"Target with premium products, exclusive offers, and loyalty rewards."
14062,10,12,10464.85,5,5,5,555,15,-1.0691974256329595,1.7852452398084837,2.1197851953701368,0,Champions,"Target with premium products, exclusive offers, and loyalty rewards."
14064,29,5,1334.34,4,4,4,444,12,-0.3205241028950956,0.6532369520997158,0.483495507073116,3,Loyal Customers,"Use cross-selling, upselling, and exclusive member offers."
14066,267,1,152.55,1,1,1,111,3,1.3135171700007555,-0.9552142636712972,-1.2354326048174613,1,At Risk,Launch win-back campaigns with personalized offers and re-engagement discounts.
14067,64,2,374.7,3,3,2,332,8,0.2564373503073006,-0.3615827770984003,-0.5243384447500058,1,At Risk,Launch win-back campaigns with personalized offers and re-engagement discounts.
14068,320,1,265.85,1,1,2,112,4,1.4481737219634514,-0.9552142636712972,-0.7962181161532035,1,At Risk,Launch win-back campaigns with personalized offers and re-engagement discounts.
14071,4,8,1437.57,5,5,4,554,14,-1.6575516078937147,1.2468684386726128,0.54267379998988,0,Champions,"Target with premium products, exclusive offers, and loyalty rewards."
14073,32,1,151.04,4,1,1,411,6,-0.2494027642928512,-0.9552142636712972,-1.243286581475573,2,New Customers,Use welcome offers and second-purchase incentives to build loyalty.
14075,5,3,942.26,5,3,4,534,12,-1.5215015741842748,0.0596054655268191,0.2072487999887024,2,New Customers,Use welcome offers and second-purchase incentives to build loyalty.
14076,129,1,118.67,2,1,1,211,4,0.7736701939658116,-0.9552142636712972,-1.4335488779570087,1,At Risk,Launch win-back campaigns with personalized offers and re-engagement discounts.
14077,41,5,499.42,3,4,3,343,10,-0.0694454046897029,0.6532369520997158,-0.2965243945092476,3,Loyal Customers,"Use cross-selling, upselling, and exclusive member offers."
14078,102,6,1049.37,2,5,4,254,11,0.5999486026162144,0.8789251688960832,0.2927263584050467,3,Loyal Customers,"Use cross-selling, upselling, and exclusive member offers."
14079,125,1,375.1,2,1,2,212,5,0.7503492566504052,-0.9552142636712972,-0.523492764917705,1,At Risk,Launch win-back campaigns with personalized offers and re-engagement discounts.
14080,33,1,45.6,4,1,1,411,6,-0.2271262067959733,-0.9552142636712972,-2.183086161424892,1,At Risk,Launch win-back campaigns with personalized offers and re-engagement discounts.
14081,302,2,921.62,1,3,3,133,7,1.4051112410606752,-0.3615827770984003,0.1896658410868605,1,At Risk,Launch win-back campaigns with personalized offers and re-engagement discounts.
14082,365,1,182.25,1,1,1,111,3,1.5460705639150825,-0.9552142636712972,-1.0949048316371388,1,At Risk,Launch win-back campaigns with personalized offers and re-engagement discounts.
14083,4,9,1002.9,5,5,4,554,14,-1.6575516078937147,1.4011241767997944,0.2567648825769809,0,Champions,"Target with premium products, exclusive offers, and loyalty rewards."
14085,2,18,4421.29,5,5,5,555,15,-2.038734417842785,2.340846655976633,1.4351592705198983,0,Champions,"Target with premium products, exclusive offers, and loyalty rewards."
14087,3,1,191.47,5,1,1,511,7,-1.824063391865872,-0.9552142636712972,-1.0558924855054428,2,New Customers,Use welcome offers and second-purchase incentives to build loyalty.
14088,10,13,50491.81,5,5,5,555,15,-1.0691974256329595,1.8937448980941995,3.370458565566093,0,Champions,"Target with premium products, exclusive offers, and loyalty rewards."
14089,57,1,158.75,3,1,1,311,5,0.1714110890244534,-0.9552142636712972,-1.203974231674001,1,At Risk,Launch win-back campaigns with personalized offers and re-engagement discounts.
14090,325,1,76.32,1,1,1,111,3,1.4597073249619177,-0.9552142636712972,-1.7806741883671344,1,At Risk,Launch win-back campaigns with personalized offers and re-engagement discounts.
14092,8,14,4076.91,5,5,5,555,15,-1.2189397565026774,1.9947556633726904,1.3707282770180904,0,Champions,"Target with premium products, exclusive offers, and loyalty rewards."
14093,12,1,433.86,5,1,2,512,8,-0.9445401209818785,-0.9552142636712972,-0.4081229021967796,2,New Customers,Use welcome offers and second-purchase incentives to build loyalty.
14096,4,17,65164.79,5,5,5,555,15,-1.6575516078937147,2.2616881678707283,3.573196493925365,0,Champions,"Target with premium products, exclusive offers, and loyalty rewards."
14098,37,1,147.35,3,1,1,311,5,-0.1441286080907301,-0.9552142636712972,-1.2628124789273991,1,At Risk,Launch win-back campaigns with personalized offers and re-engagement discounts.
14099,16,11,3104.17,4,5,5,455,14,-0.7443590504544844,1.668056681297832,1.1541521950527074,0,Champions,"Target with premium products, exclusive offers, and loyalty rewards."
14100,138,1,191.95,2,1,1,211,4,0.8236210556992557,-0.9552142636712972,-1.0539129856352798,1,At Risk,Launch win-back campaigns with personalized offers and re-engagement discounts.
14101,74,6,5976.79,2,5,5,255,12,0.3632205247355723,0.8789251688960832,1.674684807153584,3,Loyal Customers,"Use cross-selling, upselling, and exclusive member offers."
14102,5,5,1105.88,5,4,4,544,13,-1.5215015741842748,0.6532369520997158,0.3343722782910919,2,New Customers,Use welcome offers and second-purchase incentives to build loyalty.
14104,155,2,216.21,2,3,1,231,6,0.9097202276752518,-0.3615827770984003,-0.9597905892315576,1,At Risk,Launch win-back campaigns with personalized offers and re-engagement discounts.
14105,239,1,1266.23,1,1,4,114,6,1.231174428080437,-0.9552142636712972,0.4418895132518965,1,At Risk,Launch win-back campaigns with personalized offers and re-engagement discounts.
14107,52,7,2703.23,3,5,5,355,13,0.10413950578058,1.0744251947249353,1.044280117772882,3,Loyal Customers,"Use cross-selling, upselling, and exclusive member offers."
14108,31,2,597.91,4,3,3,433,10,-0.2723648608903394,-0.3615827770984003,-0.1537407898004064,2,New Customers,Use welcome offers and second-purchase incentives to build loyalty.
14109,73,1,144.2,2,1,1,211,4,0.3532041426862792,-0.9552142636712972,-1.2798691157385889,1,At Risk,Launch win-back campaigns with personalized offers and re-engagement discounts.
14110,4,12,5683.15,5,5,5,555,15,-1.6575516078937147,1.7852452398084837,1.6346549093336156,0,Champions,"Target with premium products, exclusive offers, and loyalty rewards."
14111,14,4,692.85,4,4,3,443,11,-0.8377569465536066,0.3863044476016776,-0.0368010320757203,2,New Customers,Use welcome offers and second-purchase incentives to build loyalty.
14112,23,7,2915.15,4,5,5,455,14,-0.4870358868672529,1.0744251947249353,1.1042399583688516,0,Champions,"Target with premium products, exclusive offers, and loyalty rewards."
14113,4,4,1840.42,5,4,4,544,13,-1.6575516078937147,0.3863044476016776,0.7388820564137205,0,Champions,"Target with premium products, exclusive offers, and loyalty rewards."
14114,274,2,386.53,1,3,2,132,6,1.3327575169453991,-0.3615827770984003,-0.4997000529158428,1,At Risk,Launch win-back campaigns with personalized offers and re-engagement discounts.
14116,20,5,1382.74,4,4,4,444,12,-0.5866782483482139,0.6532369520997158,0.5117910162361772,3,Loyal Customers,"Use cross-selling, upselling, and exclusive member offers."
14117,144,1,90.0,2,1,1,211,4,0.8551557166551218,-0.9552142636712972,-1.6512076252799086,1,At Risk,Launch win-back campaigns with personalized offers and re-engagement discounts.
14121,4,4,2780.15,5,4,5,545,14,-1.6575516078937147,0.3863044476016776,1.0665700777225329,0,Champions,"Target with premium products, exclusive offers, and loyalty rewards."
14124,84,1,419.58,2,1,2,212,5,0.4566184208346949,-0.9552142636712972,-0.4346584013635813,1,At Risk,Launch win-back campaigns with personalized offers and re-engagement discounts.
14125,11,3,2720.63,5,3,5,535,13,-1.0042687305257638,0.0596054655268191,1.049377303003786,3,Loyal Customers,"Use cross-selling, upselling, and exclusive member offers."
14126,8,3,706.13,5,3,3,533,11,-1.2189397565026774,0.0596054655268191,-0.0217340104925706,2,New Customers,Use welcome offers and second-purchase incentives to build loyalty.
14127,123,3,709.71,2,3,3,233,8,0.7384096537980341,0.0596054655268191,-0.0177206794170045,3,Loyal Customers,"Use cross-selling, upselling, and exclusive member offers."
14128,61,2,637.5,3,3,3,333,9,0.2211768101395232,-0.3615827770984003,-0.1028700100275906,3,Loyal Customers,"Use cross-selling, upselling, and exclusive member offers."
14129,2,5,1123.86,5,4,4,544,13,-2.038734417842785,0.6532369520997158,0.3471779908484557,0,Champions,"Target with premium products, exclusive offers, and loyalty rewards."
14130,319,1,480.91,1,1,2,112,4,1.4458454540573504,-0.9552142636712972,-0.3264779707705109,1,At Risk,Launch win-back campaigns with personalized offers and re-engagement discounts.
14132,2,11,3586.03,5,5,5,555,15,-2.038734417842785,1.668056681297832,1.2687964898256328,0,Champions,"Target with premium products, exclusive offers, and loyalty rewards."
14133,130,3,605.64,2,3,3,233,8,0.7793883005555002,0.0596054655268191,-0.1435490463895815,3,Loyal Customers,"Use cross-selling, upselling, and exclusive member offers."
14135,2,15,4690.31,5,5,5,555,15,-2.038734417842785,2.089244923923052,1.4820912697989033,0,Champions,"Target with premium products, exclusive offers, and loyalty rewards."
14138,2,2,965.88,5,3,4,534,12,-2.038734417842785,-0.3615827770984003,0.2269043451580874,2,New Customers,Use welcome offers and second-purchase incentives to build loyalty.
14139,46,1,415.82,3,1,2,312,6,0.0144867079241929,-0.9552142636712972,-0.4417952431594896,1,At Risk,Launch win-back campaigns with personalized offers and re-engagement discounts.
14140,4,2,935.05,5,3,4,534,12,-1.6575516078937147,-0.3615827770984003,0.201150802606665,2,New Customers,Use welcome offers and second-purchase incentives to build loyalty.
14141,3,4,915.13,5,4,3,543,12,-1.824063391865872,0.3863044476016776,0.1840557220372794,2,New Customers,Use welcome offers and second-purchase incentives to build loyalty.
14142,373,1,311.81,1,1,2,112,4,1.5622054467539612,-0.9552142636712972,-0.6699285380178649,1,At Risk,Launch win-back campaigns with personalized offers and re-engagement discounts.
14143,134,1,115.8,2,1,1,211,4,0.8018323761266101,-0.9552142636712972,-1.452840797134101,1,At Risk,Launch win-back campaigns with personalized offers and re-engagement discounts.
14145,47,4,3742.2,3,4,5,345,12,0.030196956791258,0.3863044476016776,1.3026648362280355,3,Loyal Customers,"Use cross-selling, upselling, and exclusive member offers."
14146,9,5,4191.0,5,4,5,545,14,-1.1403187642352035,0.6532369520997158,1.3926574682177748,0,Champions,"Target with premium products, exclusive offers, and loyalty rewards."
14147,78,2,483.4,2,3,2,232,7,0.4019933629965244,-0.3615827770984003,-0.3223822334337238,1,At Risk,Launch win-back campaigns with personalized offers and re-engagement discounts.
14148,234,1,157.2,1,1,1,111,3,1.2154641792133722,-0.9552142636712972,-1.2117228554005997,1,At Risk,Launch win-back campaigns with personalized offers and re-engagement discounts.
14149,221,1,446.62,1,1,2,112,4,1.172998804026387,-0.9552142636712972,-0.3851389698685825,1,At Risk,Launch win-back campaigns with personalized offers and re-engagement discounts.
14150,36,2,658.64,3,3,3,333,9,-0.164028700972232,-0.3615827770984003,-0.0769837023353387,2,New Customers,Use welcome offers and second-purchase incentives to build loyalty.
14152,75,2,621.29,2,3,3,233,8,0.3731042355677808,-0.3615827770984003,-0.1233067892756933,1,At Risk,Launch win-back campaigns with personalized offers and re-engagement discounts.
14154,239,2,1345.62,1,3,4,134,8,1.231174428080437,-0.3615827770984003,0.4901806027452943,3,Loyal Customers,"Use cross-selling, upselling, and exclusive member offers."
14155,266,1,118.75,1,1,1,111,3,1.3107275994304497,-0.9552142636712972,-1.4330177760761358,1,At Risk,Launch win-back campaigns with personalized offers and re-engagement discounts.
14156,10,55,117210.08,5,5,5,555,15,-1.0691974256329595,3.9233843564904327,4.039734763159529,0,Champions,"Target with premium products, exclusive offers, and loyalty rewards."
14157,20,2,424.89,4,3,2,432,9,-0.5866782483482139,-0.3615827770984003,-0.4246874428342879,2,New Customers,Use welcome offers and second-purchase incentives to build loyalty.
14158,40,1,507.66,3,1,3,313,7,-0.0874272207859269,-0.9552142636712972,-0.2835448476911218,2,New Customers,Use welcome offers and second-purchase incentives to build loyalty.
14159,20,11,4630.35,4,5,5,455,14,-0.5866782483482139,1.668056681297832,1.4718683246705992,0,Champions,"Target with premium products, exclusive offers, and loyalty rewards."
14161,216,3,1097.62,1,3,4,134,8,1.1560001359755845,0.0596054655268191,0.32841945105578,3,Loyal Customers,"Use cross-selling, upselling, and exclusive member offers."
14162,174,2,289.36,2,3,2,232,7,0.9954820328900365,-0.3615827770984003,-0.7291154310797798,1,At Risk,Launch win-back campaigns with personalized offers and re-engagement discounts.
14163,87,4,2445.91,2,4,5,245,11,0.4825011053425735,0.3863044476016776,0.964814348940111,3,Loyal Customers,"Use cross-selling, upselling, and exclusive member offers."
14164,71,2,1631.77,3,3,4,334,10,0.3327587744728552,-0.3615827770984003,0.6433088732822639,3,Loyal Customers,"Use cross-selling, upselling, and exclusive member offers."
14165,276,1,120.44,1,1,1,111,3,1.3381648540746935,-0.9552142636712972,-1.421880402749507,1,At Risk,Launch win-back campaigns with personalized offers and re-engagement discounts.
14167,39,4,562.59,3,4,3,343,10,-0.1058530769181821,0.3863044476016776,-0.2020477471605888,3,Loyal Customers,"Use cross-selling, upselling, and exclusive member offers."
14171,98,1,363.79,2,1,2,212,5,0.5703918970472569,-0.9552142636712972,-0.5477583559093233,1,At Risk,Launch win-back campaigns with personalized offers and re-engagement discounts.
14173,11,4,450.84,5,4,2,542,11,-1.0042687305257638,0.3863044476016776,-0.3776816624661667,2,New Customers,Use welcome offers and second-purchase incentives to build loyalty.
14174,33,1,134.46,4,1,1,411,6,-0.2271262067959733,-0.9552142636712972,-1.335051586140301,1,At Risk,Launch win-back campaigns with personalized offers and re-engagement discounts.
14175,60,3,3222.3,3,3,5,335,11,0.2090430589164636,0.0596054655268191,1.1838251085100588,3,Loyal Customers,"Use cross-selling, upselling, and exclusive member offers."
14176,297,4,576.9,1,4,3,143,8,1.3926948271642658,0.3863044476016776,-0.1821209023872688,1,At Risk,Launch win-back campaigns with personalized offers and re-engagement discounts.
14177,86,4,549.46,2,4,3,243,9,0.473972906706051,0.3863044476016776,-0.2207816565679417,3,Loyal Customers,"Use cross-selling, upselling, and exclusive member offers."
14178,9,7,1600.26,5,5,4,554,14,-1.1403187642352035,1.0744251947249353,0.6278219065678127,0,Champions,"Target with premium products, exclusive offers, and loyalty rewards."
14179,41,2,701.57,3,3,3,333,9,-0.0694454046897029,-0.3615827770984003,-0.0268754877657833,2,New Customers,Use welcome offers and second-purchase incentives to build loyalty.
14180,11,25,4748.52,5,5,5,555,15,-1.0042687305257638,2.8000649690066,1.4918916108240494,0,Champions,"Target with premium products, exclusive offers, and loyalty rewards."
14184,67,1,452.89,3,1,2,312,6,0.2901066368625376,-0.9552142636712972,-0.3740841350479932,1,At Risk,Launch win-back campaigns with personalized offers and re-engagement discounts.
14185,331,1,197.65,1,1,1,111,3,1.4733163816448338,-0.9552142636712972,-1.0307757692046586,1,At Risk,Launch win-back campaigns with personalized offers and re-engagement discounts.
14188,31,6,2054.36,4,5,4,454,13,-0.2723648608903394,0.8789251688960832,0.8262337416284864,3,Loyal Customers,"Use cross-selling, upselling, and exclusive member offers."
14189,2,15,4654.08,5,5,5,555,15,-2.038734417842785,2.089244923923052,1.475929934083116,0,Champions,"Target with premium products, exclusive offers, and loyalty rewards."
14191,2,13,4684.76,5,5,5,555,15,-2.038734417842785,1.8937448980941995,1.4811505199904489,0,Champions,"Target with premium products, exclusive offers, and loyalty rewards."
14193,68,2,853.39,3,3,3,333,9,0.3010003961540392,-0.3615827770984003,0.1286071741664364,3,Loyal Customers,"Use cross-selling, upselling, and exclusive member offers."
14194,5,21,11349.52,5,5,5,555,15,-1.5215015741842748,2.555485194733606,2.18427414273208,0,Champions,"Target with premium products, exclusive offers, and loyalty rewards."
14195,202,2,1012.0,1,3,4,134,8,1.1062344148605143,-0.3615827770984003,0.2639363534046601,1,At Risk,Launch win-back campaigns with personalized offers and re-engagement discounts.
14196,107,1,335.52,2,1,2,212,5,0.6353205921544528,-0.9552142636712972,-0.611864467696858,1,At Risk,Launch win-back campaigns with personalized offers and re-engagement discounts.
14198,18,4,701.4,4,4,3,443,11,-0.6613614517492411,0.3863044476016776,-0.0270678102833022,2,New Customers,Use welcome offers and second-purchase incentives to build loyalty.
14199,218,1,185.4,1,1,1,111,3,1.1628461404940136,-0.9552142636712972,-1.0813598438191916,1,At Risk,Launch win-back campaigns with personalized offers and re-engagement discounts.
14201,60,7,747.44,3,5,3,353,11,0.2090430589164636,1.0744251947249353,0.0233878506614906,3,Loyal Customers,"Use cross-selling, upselling, and exclusive member offers."
14204,2,1,150.61,5,1,1,511,7,-2.038734417842785,-0.9552142636712972,-1.2455374168045326,2,New Customers,Use welcome offers and second-purchase incentives to build loyalty.
14205,17,2,466.7,4,3,2,432,9,-0.7017069128441668,-0.3615827770984003,-0.3502644125445679,2,New Customers,Use welcome offers and second-purchase incentives to build loyalty.
14206,239,1,328.16,1,1,2,112,4,1.231174428080437,-0.9552142636712972,-0.6294387769980778,1,At Risk,Launch win-back campaigns with personalized offers and re-engagement discounts.
14208,95,1,151.74,2,1,1,211,4,0.5474298004497687,-0.9552142636712972,-1.2396360121378789,1,At Risk,Launch win-back campaigns with personalized offers and re-engagement discounts.
14209,11,6,2073.43,5,5,5,555,15,-1.0042687305257638,0.8789251688960832,0.8335733700598391,0,Champions,"Target with premium products, exclusive offers, and loyalty rewards."
14210,106,6,1905.84,2,5,4,254,11,0.6283790606233428,0.8789251688960832,0.7666263197947323,3,Loyal Customers,"Use cross-selling, upselling, and exclusive member offers."
14211,53,9,2241.1,3,5,5,355,13,0.1180877484959417,1.4011241767997944,0.8953447683535197,3,Loyal Customers,"Use cross-selling, upselling, and exclusive member offers."
14212,90,1,1070.48,2,1,4,214,7,0.5075160485126933,-0.9552142636712972,0.3085401549293449,1,At Risk,Launch win-back campaigns with personalized offers and re-engagement discounts.
14214,31,5,1004.38,4,4,4,444,12,-0.2723648608903394,0.6532369520997158,0.2579356472119627,3,Loyal Customers,"Use cross-selling, upselling, and exclusive member offers."
14215,12,6,1789.72,5,5,4,554,14,-0.9445401209818785,0.8789251688960832,0.7166938676810837,0,Champions,"Target with premium products, exclusive offers, and loyalty rewards."
14216,3,4,1839.3,5,4,4,544,13,-1.824063391865872,0.3863044476016776,0.7383985351896406,0,Champions,"Target with premium products, exclusive offers, and loyalty rewards."
14217,2,17,2004.98,5,5,4,554,14,-2.038734417842785,2.2616881678707283,0.8069073221399014,0,Champions,"Target with premium products, exclusive offers, and loyalty rewards."
14218,43,1,169.48,3,1,1,311,5,-0.0347317383159377,-0.9552142636712972,-1.1523106670895116,1,At Risk,Launch win-back campaigns with personalized offers and re-engagement discounts.
14219,4,1,89.94,5,1,1,511,7,-1.6575516078937147,-0.9552142636712972,-1.6517317942869814,2,New Customers,Use welcome offers and second-purchase incentives to build loyalty.
14220,247,2,632.4,1,3,3,133,7,1.2556424974565452,-0.3615827770984003,-0.109243360470404,1,At Risk,Launch win-back campaigns with personalized offers and re-engagement discounts.
14221,42,9,3432.8,3,5,5,355,13,-0.0518867296643757,1.4011241767997944,1.234101035600357,0,Champions,"Target with premium products, exclusive offers, and loyalty rewards."
14222,177,1,683.17,2,1,3,213,6,1.008165781748852,-0.9552142636712972,-0.0479664566676819,1,At Risk,Launch win-back campaigns with personalized offers and re-engagement discounts.
14223,92,3,991.13,2,3,4,234,9,0.5237386278211207,0.0596054655268191,0.2473922262030386,3,Loyal Customers,"Use cross-selling, upselling, and exclusive member offers."
14224,110,4,1009.73,2,4,4,244,10,0.6557659603678762,0.3863044476016776,0.2621534749680761,3,Loyal Customers,"Use cross-selling, upselling, and exclusive member offers."
14226,29,5,2214.79,4,4,5,445,13,-0.3205241028950956,0.6532369520997158,0.8859638618929367,3,Loyal Customers,"Use cross-selling, upselling, and exclusive member offers."
14227,26,10,3350.96,4,5,5,455,14,-0.3991450951625692,1.54066546553549,1.214930402897476,0,Champions,"Target with premium products, exclusive offers, and loyalty rewards."
14229,52,3,1547.2,3,3,4,334,10,0.10413950578058,0.0596054655268191,0.601041294069422,3,Loyal Customers,"Use cross-selling, upselling, and exclusive member offers."
14231,184,3,925.71,1,3,3,133,7,1.0369487703169469,0.0596054655268191,0.1931811044184181,3,Loyal Customers,"Use cross-selling, upselling, and exclusive member offers."
14232,43,5,2048.07,3,4,4,344,11,-0.0347317383159377,0.6532369520997158,0.8237979148820017,3,Loyal Customers,"Use cross-selling, upselling, and exclusive member offers."
14233,49,4,1462.72,3,4,4,344,11,0.0606587070539751,0.3863044476016776,0.556447680710746,3,Loyal Customers,"Use cross-selling, upselling, and exclusive member offers."
14234,22,4,754.12,4,4,3,443,11,-0.5187942651860693,0.3863044476016776,0.0304495109158627,3,Loyal Customers,"Use cross-selling, upselling, and exclusive member offers."
14235,75,5,3144.86,2,4,5,245,11,0.3731042355677808,0.6532369520997158,1.1644986245669158,3,Loyal Customers,"Use cross-selling, upselling, and exclusive member offers."
14236,81,2,490.86,2,3,3,233,8,0.429805622872584,-0.3615827770984003,-0.310236323734353,1,At Risk,Launch win-back campaigns with personalized offers and re-engagement discounts.
14237,373,1,161.0,1,1,1,111,3,1.5622054467539612,-0.9552142636712972,-1.192858979891887,1,At Risk,Launch win-back campaigns with personalized offers and re-engagement discounts.
14238,326,1,146.85,1,1,1,111,3,1.4619928068665424,-0.9552142636712972,-1.265495558948586,1,At Risk,Launch win-back campaigns with personalized offers and re-engagement discounts.
14239,43,11,2380.85,3,5,5,355,13,-0.0347317383159377,1.668056681297832,0.943397627751011,0,Champions,"Target with premium products, exclusive offers, and loyalty rewards."
14240,30,2,890.34,4,3,3,433,10,-0.2960560335189878,-0.3615827770984003,0.1622544956005152,2,New Customers,Use welcome offers and second-purchase incentives to build loyalty.
14241,184,1,213.7,1,1,1,111,3,1.0369487703169469,-0.9552142636712972,-0.9690276460277608,1,At Risk,Launch win-back campaigns with personalized offers and re-engagement discounts.
14242,235,2,280.55,1,3,2,132,6,1.2186328007835272,-0.3615827770984003,-0.7536021635813888,1,At Risk,Launch win-back campaigns with personalized offers and re-engagement discounts.
14243,9,10,2588.77,5,5,5,555,15,-1.1403187642352035,1.54066546553549,1.0099096255226918,0,Champions,"Target with premium products, exclusive offers, and loyalty rewards."
14245,220,2,1693.45,1,3,4,134,8,1.169629907746531,-0.3615827770984003,0.6727775657681137,3,Loyal Customers,"Use cross-selling, upselling, and exclusive member offers."
14246,111,3,1474.06,2,3,4,234,9,0.6624584649457211,0.0596054655268191,0.5625810116292832,3,Loyal Customers,"Use cross-selling, upselling, and exclusive member offers."
14247,278,1,136.77,1,1,1,111,3,1.3435332891612286,-0.9552142636712972,-1.3216133518604651,1,At Risk,Launch win-back campaigns with personalized offers and re-engagement discounts.
14248,318,1,302.58,1,1,2,112,4,1.4435098989158772,-0.9552142636712972,-0.6937312720074973,1,At Risk,Launch win-back campaigns with personalized offers and re-engagement discounts.
14250,7,3,1904.05,5,3,4,534,12,-1.3068305482073614,0.0596054655268191,0.7658799381234709,2,New Customers,Use welcome offers and second-purchase incentives to build loyalty.
14251,2,5,2879.7,5,4,5,545,14,-2.038734417842785,0.6532369520997158,1.0945196989971508,0,Champions,"Target with premium products, exclusive offers, and loyalty rewards."
14256,260,2,969.06,1,3,4,134,8,1.2937675680461596,-0.3615827770984003,0.229513859000959,1,At Risk,Launch win-back campaigns with personalized offers and re-engagement discounts.
14257,64,5,3099.72,3,4,5,345,12,0.2564373503073006,0.6532369520997158,1.1530124590302766,3,Loyal Customers,"Use cross-selling, upselling, and exclusive member offers."
14258,9,9,12669.98,5,5,5,555,15,-1.1403187642352035,1.4011241767997944,2.2717345304459977,0,Champions,"Target with premium products, exclusive offers, and loyalty rewards."
14259,142,1,120.0,2,1,1,211,4,0.844791532568056,-0.9552142636712972,-1.4247650794100228,1,At Risk,Launch win-back campaigns with personalized offers and re-engagement discounts.
14261,51,2,1163.45,3,3,4,334,10,0.0899255663351436,-0.3615827770984003,0.3746678464450362,3,Loyal Customers,"Use cross-selling, upselling, and exclusive member offers."
14262,8,8,2618.23,5,5,5,555,15,-1.2189397565026774,1.2468684386726128,1.0188990373774405,0,Champions,"Target with premium products, exclusive offers, and loyalty rewards."
14264,155,2,333.97,2,3,2,232,7,0.9097202276752518,-0.3615827770984003,-0.6155334125398926,1,At Risk,Launch win-back campaigns with personalized offers and re-engagement discounts.
14265,109,2,530.18,2,3,3,233,8,0.6490128893147309,-0.3615827770984003,-0.2491163523582286,1,At Risk,Launch win-back campaigns with personalized offers and re-engagement discounts.
14267,163,3,1516.24,2,3,4,234,9,0.947038466531095,0.0596054655268191,0.5849877412273339,3,Loyal Customers,"Use cross-selling, upselling, and exclusive member offers."
14270,332,1,492.65,1,1,3,113,5,1.4755606217079846,-0.9552142636712972,-0.3073493639384638,1,At Risk,Launch win-back campaigns with personalized offers and re-engagement discounts.
14271,226,1,112.32,1,1,1,111,3,1.1896188509298031,-0.9552142636712972,-1.4768792355212643,1,At Risk,Launch win-back campaigns with personalized offers and re-engagement discounts.
14272,74,2,437.96,2,3,2,232,7,0.3632205247355723,-0.3615827770984003,-0.4006650576610878,1,At Risk,Launch win-back campaigns with personalized offers and re-engagement discounts.
14273,51,4,559.97,3,4,3,343,10,0.0899255663351436,0.3863044476016776,-0.2057508664989644,3,Loyal Customers,"Use cross-selling, upselling, and exclusive member offers."
14276,99,3,1119.74,2,3,4,234,9,0.5778915507124864,0.0596054655268191,0.3442618159560258,3,Loyal Customers,"Use cross-selling, upselling, and exclusive member offers."
14277,15,3,4188.0,4,3,5,435,12,-0.7895977045488505,0.0596054655268191,1.3920885187501535,3,Loyal Customers,"Use cross-selling, upselling, and exclusive member offers."
14280,197,1,134.04,1,1,1,111,3,1.087624740705768,-0.9552142636712972,-1.3375195036127283,1,At Risk,Launch win-back campaigns with personalized offers and re-engagement discounts.
14282,3,15,3701.44,5,5,5,555,15,-1.824063391865872,2.089244923923052,1.2939635242041756,0,Champions,"Target with premium products, exclusive offers, and loyalty rewards."
14284,31,2,595.25,4,3,3,433,10,-0.2723648608903394,-0.3615827770984003,-0.1572783559282006,2,New Customers,Use welcome offers and second-purchase incentives to build loyalty.
14285,21,4,1910.01,4,4,4,444,12,-0.5519645819744484,0.3863044476016776,0.7683623833857947,3,Loyal Customers,"Use cross-selling, upselling, and exclusive member offers."
14286,24,3,4628.75,4,3,5,435,12,-0.4565741366045358,0.0596054655268191,1.4715937214186072,3,Loyal Customers,"Use cross-selling, upselling, and exclusive member offers."
14287,8,3,176.63,5,3,1,531,9,-1.2189397565026774,0.0596054655268191,-1.1196594865351814,2,New Customers,Use welcome offers and second-purchase incentives to build loyalty.
14288,213,1,426.6,1,1,2,112,4,1.1456119042818538,-0.9552142636712972,-0.4215029042351784,1,At Risk,Launch win-back campaigns with personalized offers and re-engagement discounts.
14289,9,6,911.26,5,5,3,553,13,-1.1403187642352035,0.8789251688960832,0.1806914505181208,2,New Customers,Use welcome offers and second-purchase incentives to build loyalty.
14290,11,5,2314.65,5,4,5,545,14,-1.0042687305257638,0.6532369520997158,0.920996585952202,0,Champions,"Target with premium products, exclusive offers, and loyalty rewards."
14291,2,11,3883.25,5,5,5,555,15,-2.038734417842785,1.668056681297832,1.332061056728462,0,Champions,"Target with premium products, exclusive offers, and loyalty rewards."
14292,8,9,4871.93,5,5,5,555,15,-1.2189397565026774,1.4011241767997944,1.512277833586761,0,Champions,"Target with premium products, exclusive offers, and loyalty rewards."
14293,3,4,1046.56,5,4,4,544,13,-1.824063391865872,0.3863044476016776,0.2905974163109798,2,New Customers,Use welcome offers and second-purchase incentives to build loyalty.
14295,40,1,166.2,3,1,1,311,5,-0.0874272207859269,-0.9552142636712972,-1.1677500673509873,1,At Risk,Launch win-back campaigns with personalized offers and re-engagement discounts.
14297,18,4,1305.33,4,4,4,444,12,-0.6613614517492411,0.3863044476016776,0.4660399028445626,3,Loyal Customers,"Use cross-selling, upselling, and exclusive member offers."
14298,8,44,51527.3,5,5,5,555,15,-1.2189397565026774,3.6032068791437033,3.3865917107294563,0,Champions,"Target with premium products, exclusive offers, and loyalty rewards."
14299,8,9,3965.62,5,5,5,555,15,-1.2189397565026774,1.4011241767997944,1.3487379626547986,0,Champions,"Target with premium products, exclusive offers, and loyalty rewards."
14300,19,1,43.2,4,1,1,411,6,-0.6230859205766931,-0.9552142636712972,-2.225107978167592,2,New Customers,Use welcome offers and second-purchase incentives to build loyalty.
14301,117,1,640.14,2,1,3,213,6,0.7013999571250162,-0.9552142636712972,-0.0995908319745977,1,At Risk,Launch win-back campaigns with personalized offers and re-engagement discounts.
14304,223,1,383.45,1,1,2,112,4,1.1796913086042322,-0.9552142636712972,-0.5060416001942728,1,At Risk,Launch win-back campaigns with personalized offers and re-engagement discounts.
14305,71,3,1858.96,3,3,4,334,10,0.3327587744728552,0.0596054655268191,0.7468436123501032,3,Loyal Customers,"Use cross-selling, upselling, and exclusive member offers."
14306,51,2,2093.32,3,3,5,335,11,0.0899255663351436,-0.3615827770984003,0.8411570586315995,3,Loyal Customers,"Use cross-selling, upselling, and exclusive member offers."
14307,89,6,2995.72,2,5,5,255,12,0.4992705584450125,0.8789251688960832,1.1258995456432257,3,Loyal Customers,"Use cross-selling, upselling, and exclusive member offers."
14309,8,9,2352.53,5,5,5,555,15,-1.2189397565026774,1.4011241767997944,0.9338917581155524,0,Champions,"Target with premium products, exclusive offers, and loyalty rewards."
14311,243,1,310.26,1,1,2,112,4,1.2435087462334855,-0.9552142636712972,-0.6738762689821592,1,At Risk,Launch win-back campaigns with personalized offers and re-engagement discounts.
14312,47,6,1611.59,3,5,4,354,12,0.030196956791258,0.8789251688960832,0.6334253419582411,3,Loyal Customers,"Use cross-selling, upselling, and exclusive member offers."
14314,107,1,120.0,2,1,1,211,4,0.6353205921544528,-0.9552142636712972,-1.4247650794100228,1,At Risk,Launch win-back campaigns with personalized offers and re-engagement discounts.
14315,45,6,2481.13,3,5,5,355,13,-0.0015614215275583,0.8789251688960832,0.9761718467896228,3,Loyal Customers,"Use cross-selling, upselling, and exclusive member offers."
14317,65,1,508.58,3,1,3,313,7,0.2678300793656594,-0.9552142636712972,-0.2821087431527463,1,At Risk,Launch win-back campaigns with personalized offers and re-engagement discounts.
14320,207,2,477.79,1,3,2,132,6,1.1243912536521652,-0.3615827770984003,-0.3316399540438521,1,At Risk,Launch win-back campaigns with personalized offers and re-engagement discounts.
14321,11,5,1530.75,5,4,4,544,13,-1.0042687305257638,0.6532369520997158,0.592551940367281,3,Loyal Customers,"Use cross-selling, upselling, and exclusive member offers."
14323,115,2,605.06,2,3,3,233,8,0.6886439326829644,-0.3615827770984003,-0.1443092377190869,1,At Risk,Launch win-back campaigns with personalized offers and re-engagement discounts.
14326,242,1,183.85,1,1,1,111,3,1.240444227517647,-0.9552142636712972,-1.0879959911917412,1,At Risk,Launch win-back campaigns with personalized offers and re-engagement discounts.
14327,163,1,311.65,2,1,2,212,5,0.947038466531095,-0.9552142636712972,-0.670335139272493,1,At Risk,Launch win-back campaigns with personalized offers and re-engagement discounts.
14329,17,7,4975.24,4,5,5,455,14,-0.7017069128441668,1.0744251947249353,1.5289505713341327,0,Champions,"Target with premium products, exclusive offers, and loyalty rewards."
14331,124,2,462.66,2,3,2,232,7,0.7444033346846438,-0.3615827770984003,-0.357159102952778,1,At Risk,Launch win-back campaigns with personalized offers and re-engagement discounts.
14332,23,3,840.21,4,3,3,433,10,-0.4870358868672529,0.0596054655268191,0.1162519960103113,2,New Customers,Use welcome offers and second-purchase incentives to build loyalty.
14333,68,1,415.2,3,1,2,312,6,0.3010003961540392,-0.9552142636712972,-0.4429782427762563,1,At Risk,Launch win-back campaigns with personalized offers and re-engagement discounts.
14334,17,8,2552.21,4,5,5,455,14,-0.7017069128441668,1.2468684386726128,0.9986104454469408,0,Champions,"Target with premium products, exclusive offers, and loyalty rewards."
14335,16,2,454.86,4,3,2,432,9,-0.7443590504544844,-0.3615827770984003,-0.3706422758218096,2,New Customers,Use welcome offers and second-purchase incentives to build loyalty.
14336,17,4,1614.91,4,4,4,444,12,-0.7017069128441668,0.3863044476016776,0.635059844908509,3,Loyal Customers,"Use cross-selling, upselling, and exclusive member offers."
14338,161,2,588.22,2,3,3,233,8,0.9378824098360496,-0.3615827770984003,-0.1667041535455708,1,At Risk,Launch win-back campaigns with personalized offers and re-engagement discounts.
14339,243,1,309.52,1,1,2,112,4,1.2435087462334855,-0.9552142636712972,-0.6757679305433203,1,At Risk,Launch win-back campaigns with personalized offers and re-engagement discounts.
14340,219,1,134.7,1,1,1,111,3,1.166245732973242,-0.9552142636712972,-1.333644780850546,1,At Risk,Launch win-back campaigns with personalized offers and re-engagement discounts.
14341,45,8,2166.98,3,5,5,355,13,-0.0015614215275583,1.2468684386726128,0.8686283581553959,3,Loyal Customers,"Use cross-selling, upselling, and exclusive member offers."
14342,21,4,668.56,4,4,3,443,11,-0.5519645819744484,0.3863044476016776,-0.0651211629958978,2,New Customers,Use welcome offers and second-purchase incentives to build loyalty.
14344,127,8,889.93,2,5,3,253,10,0.7621008264266822,1.2468684386726128,0.1618888514498674,3,Loyal Customers,"Use cross-selling, upselling, and exclusive member offers."
14345,39,1,108.98,3,1,1,311,5,-0.1058530769181821,-0.9552142636712972,-1.5006552139047316,1,At Risk,Launch win-back campaigns with personalized offers and re-engagement discounts.
14346,121,2,1021.58,2,3,4,234,9,0.7262759025749747,-0.3615827770984003,0.2714168219840651,3,Loyal Customers,"Use cross-selling, upselling, and exclusive member offers."
14348,260,1,409.57,1,1,2,112,4,1.2937675680461596,-0.9552142636712972,-0.4538020154180066,1,At Risk,Launch win-back campaigns with personalized offers and re-engagement discounts.
14349,10,1,133.5,5,1,1,511,7,-1.0691974256329595,-0.9552142636712972,-1.3407038432266123,2,New Customers,Use welcome offers and second-purchase incentives to build loyalty.
14350,274,1,282.93,1,1,2,112,4,1.3327575169453991,-0.9552142636712972,-0.7469124036202064,1,At Risk,Launch win-back campaigns with personalized offers and re-engagement discounts.
14351,165,1,51.0,2,1,1,211,4,0.9560835379863236,-0.9552142636712972,-2.095949707919589,1,At Risk,Launch win-back campaigns with personalized offers and re-engagement discounts.
14352,157,4,1078.96,2,4,4,244,10,0.9192262066550354,0.3863044476016776,0.3148050979465279,3,Loyal Customers,"Use cross-selling, upselling, and exclusive member offers."
14353,215,1,90.6,1,1,1,111,3,1.1525534358129637,-0.9552142636712972,-1.6459848624695546,1,At Risk,Launch win-back campaigns with personalized offers and re-engagement discounts.
14354,6,2,163.62,5,3,1,531,9,-1.4064729096883222,-0.3615827770984003,-1.180108806383838,2,New Customers,Use welcome offers and second-purchase incentives to build loyalty.
14355,366,1,174.4,1,1,1,111,3,1.5481066068113414,-0.9552142636712972,-1.1296998004057237,1,At Risk,Launch win-back campaigns with personalized offers and re-engagement discounts.
14356,80,2,701.23,2,3,3,233,8,0.4206495661775393,-0.3615827770984003,-0.0272601793537625,3,Loyal Customers,"Use cross-selling, upselling, and exclusive member offers."
14357,43,1,225.12,3,1,1,311,5,-0.0347317383159377,-0.9552142636712972,-0.927841584741922,1,At Risk,Launch win-back campaigns with personalized offers and re-engagement discounts.
14359,19,3,912.18,4,3,3,433,10,-0.6230859205766931,0.0596054655268191,0.1814925170067758,2,New Customers,Use welcome offers and second-purchase incentives to build loyalty.
14360,32,4,2118.03,4,4,5,445,13,-0.2494027642928512,0.3863044476016776,0.8504788300700624,3,Loyal Customers,"Use cross-selling, upselling, and exclusive member offers."
14362,22,1,151.5,4,1,1,411,6,-0.5187942651860693,-0.9552142636712972,-1.2408857477602366,2,New Customers,Use welcome offers and second-purchase incentives to build loyalty.
14364,109,8,3717.35,2,5,5,255,12,0.6490128893147309,1.2468684386726128,1.297371283931337,3,Loyal Customers,"Use cross-selling, upselling, and exclusive member offers."
14367,8,16,9227.82,5,5,5,555,15,-1.2189397565026774,2.178003940795619,2.019819294596036,0,Champions,"Target with premium products, exclusive offers, and loyalty rewards."
14368,320,1,155.0,1,1,1,111,3,1.4481737219634514,-0.9552142636712972,-1.222852258188268,1,At Risk,Launch win-back campaigns with personalized offers and re-engagement discounts.
14371,295,1,100.5,1,1,1,111,3,1.3876698300033006,-0.9552142636712972,-1.5644239397973014,1,At Risk,Launch win-back campaigns with personalized offers and re-engagement discounts.
14373,358,1,76.55,1,1,1,111,3,1.531660558029954,-0.9552142636712972,-1.778313660565898,1,At Risk,Launch win-back campaigns with personalized offers and re-engagement discounts.
14375,185,1,235.56,1,1,1,111,3,1.0409714714796316,-0.9552142636712972,-0.891970727402772,1,At Risk,Launch win-back campaigns with personalized offers and re-engagement discounts.
14377,191,2,617.05,1,3,3,133,7,1.0646626441082796,-0.3615827770984003,-0.1287402316004439,1,At Risk,Launch win-back campaigns with personalized offers and re-engagement discounts.
14379,44,2,348.1,3,3,2,332,8,-0.0179622852134984,-0.3615827770984003,-0.5826973059477538,2,New Customers,Use welcome offers and second-purchase incentives to build loyalty.
14381,52,1,202.68,3,1,1,311,5,0.10413950578058,-0.9552142636712972,-1.0109030882833292,1,At Risk,Launch win-back campaigns with personalized offers and re-engagement discounts.
14382,26,1,615.49,4,1,3,413,8,-0.3991450951625692,-0.9552142636712972,-0.1307487135189532,2,New Customers,Use welcome offers and second-purchase incentives to build loyalty.
14383,38,3,1247.69,3,3,4,334,10,-0.1247454596417701,0.0596054655268191,0.4301764894327086,3,Loyal Customers,"Use cross-selling, upselling, and exclusive member offers."
14385,9,3,202.11,5,3,1,531,9,-1.1403187642352035,0.0596054655268191,-1.0131302570853948,2,New Customers,Use welcome offers and second-purchase incentives to build loyalty.
14386,297,1,142.4,1,1,1,111,3,1.3926948271642658,-0.9552142636712972,-1.2897826856265688,1,At Risk,Launch win-back campaigns with personalized offers and re-engagement discounts.
14387,33,3,1727.6,4,3,4,434,11,-0.2271262067959733,0.0596054655268191,0.6886352635597282,3,Loyal Customers,"Use cross-selling, upselling, and exclusive member offers."
14388,10,8,3212.84,5,5,5,555,15,-1.0691974256329595,1.2468684386726128,1.1814892487925854,0,Champions,"Target with premium products, exclusive offers, and loyalty rewards."
14389,65,2,1043.46,3,3,4,334,10,0.2678300793656594,-0.3615827770984003,0.2882421260171868,3,Loyal Customers,"Use cross-selling, upselling, and exclusive member offers."
14390,10,9,4642.57,5,5,5,555,15,-1.0691974256329595,1.4011241767997944,1.47396248316443,0,Champions,"Target with premium products, exclusive offers, and loyalty rewards."
14393,218,1,67.95,1,1,1,111,3,1.1628461404940136,-0.9552142636712972,-1.871726958018325,1,At Risk,Launch win-back campaigns with personalized offers and re-engagement discounts.
14395,2,9,3479.91,5,5,5,555,15,-2.038734417842785,1.4011241767997944,1.2449301792823264,0,Champions,"Target with premium products, exclusive offers, and loyalty rewards."
14396,65,2,487.99,3,3,3,333,9,0.2678300793656594,-0.3615827770984003,-0.3148871359287925,1,At Risk,Launch win-back campaigns with personalized offers and re-engagement discounts.
14397,3,19,2612.96,5,5,5,555,15,-1.824063391865872,2.41594390599791,1.0172984015929003,0,Champions,"Target with premium products, exclusive offers, and loyalty rewards."
14400,149,1,574.7,2,1,3,213,6,0.8804533683940834,-0.9552142636712972,-0.1851521137671528,1,At Risk,Launch win-back campaigns with personalized offers and re-engagement discounts.
14401,4,13,4051.48,5,5,5,555,15,-1.6575516078937147,1.8937448980941995,1.3657568088756415,0,Champions,"Target with premium products, exclusive offers, and loyalty rewards."
14403,130,4,1475.81,2,4,4,244,10,0.7793883005555002,0.3863044476016776,0.5635233115076037,3,Loyal Customers,"Use cross-selling, upselling, and exclusive member offers."
14404,34,6,1449.32,3,5,4,354,12,-0.2054954383991431,0.8789251688960832,0.5491386360865576,3,Loyal Customers,"Use cross-selling, upselling, and exclusive member offers."
14406,119,1,156.75,2,1,1,211,4,0.713941584421926,-0.9552142636712972,-1.2139866796649417,1,At Risk,Launch win-back campaigns with personalized offers and re-engagement discounts.
14407,107,6,2157.73,2,5,5,255,12,0.6353205921544528,0.8789251688960832,0.8652302838618519,3,Loyal Customers,"Use cross-selling, upselling, and exclusive member offers."
14408,11,7,2599.03,5,5,5,555,15,-1.0042687305257638,1.0744251947249353,1.0130519104890707,0,Champions,"Target with premium products, exclusive offers, and loyalty rewards."
14409,71,6,2059.45,3,5,5,355,13,0.3327587744728552,0.8789251688960832,0.8281994131626815,3,Loyal Customers,"Use cross-selling, upselling, and exclusive member offers."
14410,92,9,1100.27,2,5,4,254,11,0.5237386278211207,1.4011241767997944,0.3303341186248992,3,Loyal Customers,"Use cross-selling, upselling, and exclusive member offers."
14411,311,1,1063.0,1,1,4,114,6,1.4269530713337628,-0.9552142636712972,0.3029727074549823,1,At Risk,Launch win-back campaigns with personalized offers and re-engagement discounts.
14412,43,2,770.03,3,3,3,333,9,-0.0347317383159377,-0.3615827770984003,0.0470200621191518,3,Loyal Customers,"Use cross-selling, upselling, and exclusive member offers."
14413,362,1,121.05,1,1,1,111,3,1.539928889257083,-0.9552142636712972,-1.4178984337312526,1,At Risk,Launch win-back campaigns with personalized offers and re-engagement discounts.
14414,92,7,1496.98,2,5,4,254,11,0.5237386278211207,1.0744251947249353,0.5748348099367947,3,Loyal Customers,"Use cross-selling, upselling, and exclusive member offers."
14415,1,13,5855.57,5,5,5,555,15,-2.341296235524383,1.8937448980941995,1.6584033618136136,0,Champions,"Target with premium products, exclusive offers, and loyalty rewards."
14416,22,2,490.22,4,3,3,433,10,-0.5187942651860693,-0.3615827770984003,-0.3112710832700977,2,New Customers,Use welcome offers and second-purchase incentives to build loyalty.
14418,4,3,1937.25,5,3,4,534,12,-1.6575516078937147,0.0596054655268191,0.7796106439772642,2,New Customers,Use welcome offers and second-purchase incentives to build loyalty.
14419,11,6,1051.79,5,5,4,554,14,-1.0042687305257638,0.8789251688960832,0.294555264920506,3,Loyal Customers,"Use cross-selling, upselling, and exclusive member offers."
14420,99,1,387.52,2,1,2,212,5,0.5778915507124864,-0.9552142636712972,-0.4976723982576683,1,At Risk,Launch win-back campaigns with personalized offers and re-engagement discounts.
14421,57,2,813.11,3,3,3,333,9,0.1714110890244534,-0.3615827770984003,0.0902279752730398,3,Loyal Customers,"Use cross-selling, upselling, and exclusive member offers."
14422,1,6,4263.64,5,5,5,555,15,-2.341296235524383,0.8789251688960832,1.40631074633116,0,Champions,"Target with premium products, exclusive offers, and loyalty rewards."
14423,218,1,265.2,1,1,2,112,4,1.1628461404940136,-0.9552142636712972,-0.7981562951677607,1,At Risk,Launch win-back campaigns with personalized offers and re-engagement discounts.
14424,18,1,322.08,4,1,2,412,7,-0.6613614517492411,-0.9552142636712972,-0.6442556648062823,2,New Customers,Use welcome offers and second-purchase incentives to build loyalty.
14426,24,10,4481.67,4,5,5,455,14,-0.4565741366045358,1.54066546553549,1.445936721449285,0,Champions,"Target with premium products, exclusive offers, and loyalty rewards."
14427,50,2,363.34,3,3,2,332,8,0.0754356108856238,-0.3615827770984003,-0.548739326221183,1,At Risk,Launch win-back campaigns with personalized offers and re-engagement discounts.
14428,7,5,1224.06,5,4,4,544,13,-1.3068305482073614,0.6532369520997158,0.4149930770738639,2,New Customers,Use welcome offers and second-purchase incentives to build loyalty.
14431,303,1,470.36,1,1,2,112,4,1.4075699228848029,-0.9552142636712972,-0.344069456839928,1,At Risk,Launch win-back campaigns with personalized offers and re-engagement discounts.
14432,10,6,2248.5,5,5,5,555,15,-1.0691974256329595,0.8789251688960832,0.8979634294862237,0,Champions,"Target with premium products, exclusive offers, and loyalty rewards."
14434,22,6,1372.8,4,5,4,454,13,-0.5187942651860693,0.8789251688960832,0.5060615428387004,3,Loyal Customers,"Use cross-selling, upselling, and exclusive member offers."
14436,99,1,89.06,2,1,1,211,4,0.5778915507124864,-0.9552142636712972,-1.659459592654519,1,At Risk,Launch win-back campaigns with personalized offers and re-engagement discounts.
14437,366,1,63.0,1,1,1,111,3,1.5481066068113414,-0.9552142636712972,-1.9309329848029195,1,At Risk,Launch win-back campaigns with personalized offers and re-engagement discounts.
14438,306,1,131.9,1,1,1,111,3,1.4148977322642486,-0.9552142636712972,-1.3502145332144797,1,At Risk,Launch win-back campaigns with personalized offers and re-engagement discounts.
14439,320,1,2661.24,1,1,5,115,7,1.4481737219634514,-0.9552142636712972,1.0318431561363657,3,Loyal Customers,"Use cross-selling, upselling, and exclusive member offers."
14440,8,5,2357.68,5,4,5,545,14,-1.2189397565026774,0.6532369520997158,0.9356288829460396,0,Champions,"Target with premium products, exclusive offers, and loyalty rewards."
14441,1,4,1712.89,5,4,4,544,13,-2.341296235524383,0.3863044476016776,0.6818433696831179,0,Champions,"Target with premium products, exclusive offers, and loyalty rewards."
14442,205,2,1589.82,1,3,4,134,8,1.1171814462747254,-0.3615827770984003,0.6226234245881744,3,Loyal Customers,"Use cross-selling, upselling, and exclusive member offers."
14443,54,4,1420.2,3,4,4,344,11,0.1317800456562198,0.3863044476016776,0.5330194660665977,3,Loyal Customers,"Use cross-selling, upselling, and exclusive member offers."
14446,1,4,1010.35,5,4,4,544,13,-2.341296235524383,0.3863044476016776,0.2626408257107145,2,New Customers,Use welcome offers and second-purchase incentives to build loyalty.
14447,19,5,1163.23,4,4,4,444,12,-0.6230859205766931,0.6532369520997158,0.3745176840689685,3,Loyal Customers,"Use cross-selling, upselling, and exclusive member offers."
14448,9,2,375.35,5,3,2,532,10,-1.1403187642352035,-0.3615827770984003,-0.5229646716379817,2,New Customers,Use welcome offers and second-purchase incentives to build loyalty.
14449,19,4,885.8,4,4,3,443,11,-0.6230859205766931,0.3863044476016776,0.1581962427007583,3,Loyal Customers,"Use cross-selling, upselling, and exclusive member offers."
14450,181,3,483.25,1,3,2,132,6,1.0247488921712042,0.0596054655268191,-0.3226283680191047,1,At Risk,Launch win-back campaigns with personalized offers and re-engagement discounts.
14451,60,2,643.9,3,3,3,333,9,0.2090430589164636,-0.3615827770984003,-0.0949437228758613,3,Loyal Customers,"Use cross-selling, upselling, and exclusive member offers."
14452,11,2,259.05,5,3,2,532,10,-1.0042687305257638,-0.3615827770984003,-0.8167322455297183,2,New Customers,Use welcome offers and second-purchase incentives to build loyalty.
14453,190,1,119.93,1,1,1,111,3,1.060765981162014,-0.9552142636712972,-1.4252249721878625,1,At Risk,Launch win-back campaigns with personalized offers and re-engagement discounts.
14456,5,9,3017.28,5,5,5,555,15,-1.5215015741842748,1.4011241767997944,1.1315967690187314,0,Champions,"Target with premium products, exclusive offers, and loyalty rewards."
14457,311,1,113.64,1,1,1,111,3,1.4269530713337628,-0.9552142636712972,-1.4676754095209552,1,At Risk,Launch win-back campaigns with personalized offers and re-engagement discounts.
14459,155,1,1837.92,2,1,4,214,7,0.9097202276752518,-0.9552142636712972,0.7378023631385747,3,Loyal Customers,"Use cross-selling, upselling, and exclusive member offers."
14460,110,3,434.34,2,3,2,232,7,0.6557659603678762,0.0596054655268191,-0.407246162915127,1,At Risk,Launch win-back campaigns with personalized offers and re-engagement discounts.
14461,148,3,2103.06,2,3,5,235,10,0.8754619835057548,0.0596054655268191,0.8448445096002651,3,Loyal Customers,"Use cross-selling, upselling, and exclusive member offers."
14462,66,11,1980.57,3,5,4,354,12,0.2790514826837337,1.668056681297832,0.7971772664630367,3,Loyal Customers,"Use cross-selling, upselling, and exclusive member offers."
14463,98,3,529.62,2,3,3,233,8,0.5703918970472569,0.0596054655268191,-0.249954641052551,3,Loyal Customers,"Use cross-selling, upselling, and exclusive member offers."
14465,247,3,1038.44,1,3,4,134,8,1.2556424974565452,0.0596054655268191,0.2844132090776536,3,Loyal Customers,"Use cross-selling, upselling, and exclusive member offers."
14466,29,7,2272.4,4,5,5,455,14,-0.3205241028950956,1.0744251947249353,0.906362538542693,3,Loyal Customers,"Use cross-selling, upselling, and exclusive member offers."
14467,18,4,596.26,4,4,3,443,11,-0.6613614517492411,0.3863044476016776,-0.1559332896707022,2,New Customers,Use welcome offers and second-purchase incentives to build loyalty.
14470,12,2,461.19,5,3,2,532,10,-0.9445401209818785,-0.3615827770984003,-0.3596827309192389,2,New Customers,Use welcome offers and second-purchase incentives to build loyalty.
14472,104,8,1852.67,2,5,4,254,11,0.6142992229409651,1.2468684386726128,0.7441514534363183,3,Loyal Customers,"Use cross-selling, upselling, and exclusive member offers."
14473,74,2,234.34,2,3,1,231,6,0.3632205247355723,-0.3615827770984003,-0.8960799444740425,1,At Risk,Launch win-back campaigns with personalized offers and re-engagement discounts.
14474,46,1,547.66,3,1,3,313,7,0.0144867079241929,-0.9552142636712972,-0.2233846678209622,1,At Risk,Launch win-back campaigns with personalized offers and re-engagement discounts.
14475,72,3,925.85,3,3,3,333,9,0.343051479153905,0.0596054655268191,0.1933011564877868,3,Loyal Customers,"Use cross-selling, upselling, and exclusive member offers."
14476,257,1,193.0,1,1,1,111,3,1.2851407753342434,-0.9552142636712972,-1.0495999427464715,1,At Risk,Launch win-back campaigns with personalized offers and re-engagement discounts.
14477,20,4,1309.6,4,4,4,444,12,-0.5866782483482139,0.3863044476016776,0.4686333918863433,3,Loyal Customers,"Use cross-selling, upselling, and exclusive member offers."
14479,254,2,316.25,1,3,2,132,6,1.2764130821748028,-0.3615827770984003,-0.6587275453455186,1,At Risk,Launch win-back campaigns with personalized offers and re-engagement discounts.
14480,11,1,279.05,5,1,2,512,8,-1.0042687305257638,-0.9552142636712972,-0.7578475131394159,2,New Customers,Use welcome offers and second-purchase incentives to build loyalty.
14481,165,2,636.51,2,3,3,233,8,0.9560835379863236,-0.3615827770984003,-0.1041031985289462,1,At Risk,Launch win-back campaigns with personalized offers and re-engagement discounts.
14482,18,6,2022.81,4,5,4,454,13,-0.6613614517492411,0.8789251688960832,0.8139399886750548,3,Loyal Customers,"Use cross-selling, upselling, and exclusive member offers."
14483,282,1,137.1,1,1,1,111,3,1.354155664383771,-0.9552142636712972,-1.3197120199596528,1,At Risk,Launch win-back campaigns with personalized offers and re-engagement discounts.
14484,50,1,321.92,3,1,2,312,6,0.0754356108856238,-0.9552142636712972,-0.6446493379028339,1,At Risk,Launch win-back campaigns with personalized offers and re-engagement discounts.
14485,39,1,162.8,3,1,1,311,5,-0.1058530769181821,-0.9552142636712972,-1.1840773706800032,1,At Risk,Launch win-back campaigns with personalized offers and re-engagement discounts.
14487,27,6,1165.48,4,5,4,454,13,-0.3720072223713004,0.8789251688960832,0.3760520985067666,3,Loyal Customers,"Use cross-selling, upselling, and exclusive member offers."
14488,68,1,1064.28,3,1,4,314,8,0.3010003961540392,-0.9552142636712972,0.3039281960550952,1,At Risk,Launch win-back campaigns with personalized offers and re-engagement discounts.
14489,207,1,463.38,1,1,2,112,4,1.1243912536521652,-0.9552142636712972,-0.3559259579397552,1,At Risk,Launch win-back campaigns with personalized offers and re-engagement discounts.
14491,175,2,340.93,2,3,2,232,7,0.9997339490010838,-0.3615827770984003,-0.5991897911156788,1,At Risk,Launch win-back campaigns with personalized offers and re-engagement discounts.
14493,7,5,2383.24,5,4,5,545,14,-1.3068305482073614,0.6532369520997158,0.9441946748053158,0,Champions,"Target with premium products, exclusive offers, and loyalty rewards."
14494,26,1,139.56,4,1,1,411,6,-0.3991450951625692,-0.9552142636712972,-1.3056800056334412,2,New Customers,Use welcome offers and second-purchase incentives to build loyalty.
14495,51,2,123.8,3,3,1,331,7,0.0899255663351436,-0.3615827770984003,-1.4001905854453045,1,At Risk,Launch win-back campaigns with personalized offers and re-engagement discounts.
14496,312,2,538.81,1,3,3,133,7,1.4293409429987136,-0.3615827770984003,-0.2363083015219644,1,At Risk,Launch win-back campaigns with personalized offers and re-engagement discounts.
14497,309,1,475.37,1,1,2,112,4,1.4221542814287025,-0.9552142636712972,-0.3356670171117257,1,At Risk,Launch win-back campaigns with personalized offers and re-engagement discounts.
14498,43,5,1957.32,3,4,4,344,11,-0.0347317383159377,0.6532369520997158,0.7877974969937274,3,Loyal Customers,"Use cross-selling, upselling, and exclusive member offers."
14499,26,3,808.44,4,3,3,433,10,-0.3991450951625692,0.0596054655268191,0.0856560336856023,3,Loyal Customers,"Use cross-selling, upselling, and exclusive member offers."
14500,88,3,356.85,2,3,2,232,7,0.4909329380903411,0.0596054655268191,-0.5630234360365345,1,At Risk,Launch win-back campaigns with personalized offers and re-engagement discounts.
14501,184,2,251.21,1,3,2,132,6,1.0369487703169469,-0.3615827770984003,-0.841060323143976,1,At Risk,Launch win-back campaigns with personalized offers and re-engagement discounts.
14502,20,11,2429.83,4,5,5,455,14,-0.5866782483482139,1.668056681297832,0.9595745185038936,0,Champions,"Target with premium products, exclusive offers, and loyalty rewards."
14503,3,6,3543.26,5,5,5,555,15,-1.824063391865872,0.8789251688960832,1.259263598929462,0,Champions,"Target with premium products, exclusive offers, and loyalty rewards."
14504,47,4,673.26,3,4,3,343,10,0.030196956791258,0.3863044476016776,-0.0595620334945483,3,Loyal Customers,"Use cross-selling, upselling, and exclusive member offers."
14505,17,8,5859.43,4,5,5,455,14,-0.7017069128441668,1.2468684386726128,1.658926985342502,0,Champions,"Target with premium products, exclusive offers, and loyalty rewards."
14506,17,5,1960.65,4,4,4,444,12,-0.7017069128441668,0.6532369520997158,0.7891477335360902,3,Loyal Customers,"Use cross-selling, upselling, and exclusive member offers."
14507,24,6,1367.88,4,5,4,454,13,-0.4565741366045358,0.8789251688960832,0.5032102705594604,3,Loyal Customers,"Use cross-selling, upselling, and exclusive member offers."
14508,22,2,268.05,4,3,2,432,9,-0.5187942651860693,-0.3615827770984003,-0.7896929792755969,2,New Customers,Use welcome offers and second-purchase incentives to build loyalty.
14511,11,5,1314.81,5,4,4,544,13,-1.0042687305257638,0.6532369520997158,0.4717863923341806,3,Loyal Customers,"Use cross-selling, upselling, and exclusive member offers."
14512,188,2,275.28,1,3,2,132,6,1.0529110743320027,-0.3615827770984003,-0.7686187054797196,1,At Risk,Launch win-back campaigns with personalized offers and re-engagement discounts.
14513,101,3,455.59,2,3,2,232,7,0.5926684545441344,0.0596054655268191,-0.3693706417960745,1,At Risk,Launch win-back campaigns with personalized offers and re-engagement discounts.
14514,61,3,990.2,3,3,4,334,10,0.2211768101395232,0.0596054655268191,0.2466469173807406,3,Loyal Customers,"Use cross-selling, upselling, and exclusive member offers."
14515,18,6,2076.89,4,5,5,455,14,-0.6613614517492411,0.8789251688960832,0.8348978142021352,3,Loyal Customers,"Use cross-selling, upselling, and exclusive member offers."
14517,33,2,330.45,4,3,2,432,9,-0.2271262067959733,-0.3615827770984003,-0.6239289198255008,2,New Customers,Use welcome offers and second-purchase incentives to build loyalty.
14518,64,1,174.37,3,1,1,311,5,0.2564373503073006,-0.9552142636712972,-1.1298357403463144,1,At Risk,Launch win-back campaigns with personalized offers and re-engagement discounts.
14520,2,2,270.6,5,3,2,532,10,-2.038734417842785,-0.3615827770984003,-0.7821961873638271,2,New Customers,Use welcome offers and second-purchase incentives to build loyalty.
14522,24,4,974.54,4,4,4,444,12,-0.4565741366045358,0.3863044476016776,0.2339907488824077,3,Loyal Customers,"Use cross-selling, upselling, and exclusive member offers."
14523,108,1,241.09,2,1,1,211,4,0.642198145526434,-0.9552142636712972,-0.8736064157213403,1,At Risk,Launch win-back campaigns with personalized offers and re-engagement discounts.
14524,32,9,1843.83,4,5,4,454,13,-0.2494027642928512,1.4011241767997944,0.7403523971175248,3,Loyal Customers,"Use cross-selling, upselling, and exclusive member offers."
14525,20,9,4215.9,4,5,5,455,14,-0.5866782483482139,1.4011241767997944,1.3973640942376704,0,Champions,"Target with premium products, exclusive offers, and loyalty rewards."
14527,3,55,8507.13,5,5,5,555,15,-1.824063391865872,3.9233843564904327,1.955200777028039,0,Champions,"Target with premium products, exclusive offers, and loyalty rewards."
14528,37,1,364.22,3,1,2,312,6,-0.1441286080907301,-0.9552142636712972,-0.546822114255345,2,New Customers,Use welcome offers and second-purchase incentives to build loyalty.
14529,60,3,578.61,3,3,3,333,9,0.2090430589164636,0.0596054655268191,-0.1797727842807943,3,Loyal Customers,"Use cross-selling, upselling, and exclusive member offers."
14530,26,6,2862.11,4,5,5,455,14,-0.3991450951625692,0.8789251688960832,1.0896520932579117,3,Loyal Customers,"Use cross-selling, upselling, and exclusive member offers."
14532,236,4,932.85,1,4,3,143,8,1.2217880243366328,0.3863044476016776,0.1992807545708987,3,Loyal Customers,"Use cross-selling, upselling, and exclusive member offers."
14533,25,7,1949.72,4,5,4,454,13,-0.4273072773233673,1.0744251947249353,0.7847072564382019,3,Loyal Customers,"Use cross-selling, upselling, and exclusive member offers."
14534,3,18,4397.3,5,5,5,555,15,-1.824063391865872,2.340846655976633,1.4308363032642168,0,Champions,"Target with premium products, exclusive offers, and loyalty rewards."
14535,60,3,2854.84,3,3,5,335,11,0.2090430589164636,0.0596054655268191,1.0876315571868151,3,Loyal Customers,"Use cross-selling, upselling, and exclusive member offers."
14536,260,1,170.95,1,1,1,111,3,1.2937675680461596,-0.9552142636712972,-1.1454873357741682,1,At Risk,Launch win-back campaigns with personalized offers and re-engagement discounts.
14537,58,1,355.56,3,1,2,312,6,0.1841671134665053,-0.9552142636712972,-0.5658934956672389,1,At Risk,Launch win-back campaigns with personalized offers and re-engagement discounts.
14538,65,2,388.25,3,3,2,332,8,0.2678300793656594,-0.3615827770984003,-0.4961805657622771,1,At Risk,Launch win-back campaigns with personalized offers and re-engagement discounts.
14539,16,2,537.48,4,3,3,433,10,-0.7443590504544844,-0.3615827770984003,-0.2382687911380781,2,New Customers,Use welcome offers and second-purchase incentives to build loyalty.
14540,10,3,952.66,5,3,4,534,12,-1.0691974256329595,0.0596054655268191,0.2159631889009219,2,New Customers,Use welcome offers and second-purchase incentives to build loyalty.
14541,59,8,1453.35,3,5,4,354,12,0.196708740763415,1.2468684386726128,0.5513438807932608,3,Loyal Customers,"Use cross-selling, upselling, and exclusive member offers."
14542,186,1,103.25,1,1,1,111,3,1.0449726030954505,-0.9552142636712972,-1.5431784388425778,1,At Risk,Launch win-back campaigns with personalized offers and re-engagement discounts.
14543,29,16,3599.73,4,5,5,455,14,-0.3205241028950956,2.178003940795619,1.2718260235285754,0,Champions,"Target with premium products, exclusive offers, and loyalty rewards."
14544,24,2,2004.3,4,3,4,434,11,-0.4565741366045358,-0.3615827770984003,0.8066378746132178,3,Loyal Customers,"Use cross-selling, upselling, and exclusive member offers."
14546,5,5,2573.93,5,4,5,545,14,-1.5215015741842748,0.6532369520997158,1.0053425493088612,0,Champions,"Target with premium products, exclusive offers, and loyalty rewards."
14547,4,8,3974.75,5,5,5,555,15,-1.6575516078937147,1.2468684386726128,1.3505650912584528,0,Champions,"Target with premium products, exclusive offers, and loyalty rewards."
14548,151,2,652.8,2,3,3,233,8,0.8903370792262918,-0.3615827770984003,-0.0840510056955544,1,At Risk,Launch win-back campaigns with personalized offers and re-engagement discounts.
14549,311,1,289.24,1,1,2,112,4,1.4269530713337628,-0.9552142636712972,-0.7294439440217283,1,At Risk,Launch win-back campaigns with personalized offers and re-engagement discounts.
14550,11,2,757.37,5,3,3,533,11,-1.0042687305257638,-0.3615827770984003,0.0338626401721921,2,New Customers,Use welcome offers and second-purchase incentives to build loyalty.
14551,18,2,186.23,4,3,1,431,8,-0.6613614517492411,-0.3615827770984003,-1.0778289445370062,2,New Customers,Use welcome offers and second-purchase incentives to build loyalty.
14552,152,1,164.22,2,1,1,211,4,0.895230272225732,-0.9552142636712972,-1.1772174829882605,1,At Risk,Launch win-back campaigns with personalized offers and re-engagement discounts.
14553,19,5,859.27,4,4,3,443,11,-0.6230859205766931,0.6532369520997158,0.1340578364513265,3,Loyal Customers,"Use cross-selling, upselling, and exclusive member offers."
14554,10,4,2279.49,5,4,5,545,14,-1.0691974256329595,0.3863044476016776,0.9088371801628836,3,Loyal Customers,"Use cross-selling, upselling, and exclusive member offers."
14555,57,2,312.54,3,3,2,332,8,0.1714110890244534,-0.3615827770984003,-0.6680760549898628,1,At Risk,Launch win-back campaigns with personalized offers and re-engagement discounts.
14557,85,1,788.38,2,1,3,213,6,0.4653461139941349,-0.9552142636712972,0.0657124862847363,1,At Risk,Launch win-back campaigns with personalized offers and re-engagement discounts.
14560,7,22,2237.77,5,5,5,555,15,-1.3068305482073614,2.6205659263872656,0.8941635498758207,0,Champions,"Target with premium products, exclusive offers, and loyalty rewards."
14561,76,3,1080.76,2,3,4,234,9,0.3828587438616125,0.0596054655268191,0.3161285902729657,3,Loyal Customers,"Use cross-selling, upselling, and exclusive member offers."
14562,4,18,5006.77,5,5,5,555,15,-1.6575516078937147,2.340846655976633,1.533970166241011,0,Champions,"Target with premium products, exclusive offers, and loyalty rewards."
14565,96,4,3099.12,2,4,5,245,11,0.5551626080798789,0.3863044476016776,1.1528586616318797,3,Loyal Customers,"Use cross-selling, upselling, and exclusive member offers."
14566,111,1,1432.0,2,1,4,214,7,0.6624584649457211,-0.9552142636712972,0.5395907214016679,1,At Risk,Launch win-back campaigns with personalized offers and re-engagement discounts.
14567,57,2,1530.36,3,3,4,334,10,0.1714110890244534,-0.3615827770984003,0.5923495684347249,3,Loyal Customers,"Use cross-selling, upselling, and exclusive member offers."
14569,1,1,227.39,5,1,1,511,7,-2.341296235524383,-0.9552142636712972,-0.9199031608008442,2,New Customers,Use welcome offers and second-purchase incentives to build loyalty.
14570,281,2,218.06,1,3,1,131,5,1.3515142129228124,-0.3615827770984003,-0.9530504751950308,1,At Risk,Launch win-back campaigns with personalized offers and re-engagement discounts.
14572,3,7,2804.54,5,5,5,555,15,-1.824063391865872,1.0744251947249353,1.0735092592520812,0,Champions,"Target with premium products, exclusive offers, and loyalty rewards."
14573,180,9,1639.82,1,5,4,154,10,1.02063753599374,1.4011241767997944,0.6472174688315913,3,Loyal Customers,"Use cross-selling, upselling, and exclusive member offers."
14576,372,1,35.4,1,1,1,111,3,1.5602075626728675,-0.9552142636712972,-2.3794091113397946,1,At Risk,Launch win-back campaigns with personalized offers and re-engagement discounts.
14577,13,4,859.71,5,4,3,543,12,-0.8892400660298114,0.3863044476016776,0.1344642097136316,2,New Customers,Use welcome offers and second-purchase incentives to build loyalty.
14578,3,1,168.63,5,1,1,511,7,-1.824063391865872,-0.9552142636712972,-1.1562830279241032,2,New Customers,Use welcome offers and second-purchase incentives to build loyalty.
14581,17,1,138.6,4,1,1,411,6,-0.7017069128441668,-0.9552142636712972,-1.3111264750194869,2,New Customers,Use welcome offers and second-purchase incentives to build loyalty.
14582,41,1,114.11,3,1,1,311,5,-0.0694454046897029,-0.9552142636712972,-1.4644238537574237,1,At Risk,Launch win-back campaigns with personalized offers and re-engagement discounts.
14583,6,5,986.96,5,4,4,544,13,-1.4064729096883222,0.6532369520997158,0.2440448846457951,2,New Customers,Use welcome offers and second-purchase incentives to build loyalty.
14584,169,4,1033.06,2,4,4,244,10,0.973851264493206,0.3863044476016776,0.2802891253545583,3,Loyal Customers,"Use cross-selling, upselling, and exclusive member offers."
14585,50,1,157.05,3,1,1,311,5,0.0754356108856238,-0.9552142636712972,-1.2124767472017155,1,At Risk,Launch win-back campaigns with personalized offers and re-engagement discounts.
14586,277,1,237.36,1,1,1,111,3,1.3408538993577666,-0.9552142636712972,-0.8859464856983355,1,At Risk,Launch win-back campaigns with personalized offers and re-engagement discounts.
14587,19,9,1580.29,4,5,4,454,13,-0.6230859205766931,1.4011241767997944,0.6178481952842998,0,Champions,"Target with premium products, exclusive offers, and loyalty rewards."
14589,372,1,39.75,1,1,1,111,3,1.5602075626728675,-0.9552142636712972,-2.2896946510025504,1,At Risk,Launch win-back campaigns with personalized offers and re-engagement discounts.
14591,15,4,1320.21,4,4,4,444,12,-0.7895977045488505,0.3863044476016776,0.4750412290473407,3,Loyal Customers,"Use cross-selling, upselling, and exclusive member offers."
14592,35,3,557.94,3,3,3,333,9,-0.1844740691856557,0.0596054655268191,-0.2086319885323078,2,New Customers,Use welcome offers and second-purchase incentives to build loyalty.
14593,22,3,617.15,4,3,3,433,10,-0.5187942651860693,0.0596054655268191,-0.1286116557148026,2,New Customers,Use welcome offers and second-purchase incentives to build loyalty.
14594,7,2,363.33,5,3,2,532,10,-1.3068305482073614,-0.3615827770984003,-0.5487611393203217,2,New Customers,Use welcome offers and second-purchase incentives to build loyalty.
14595,20,6,1740.6,4,5,4,454,13,-0.5866782483482139,0.8789251688960832,0.6945896791247792,3,Loyal Customers,"Use cross-selling, upselling, and exclusive member offers."
14597,11,2,866.24,5,3,3,533,11,-1.0042687305257638,-0.3615827770984003,0.1404708598935729,2,New Customers,Use welcome offers and second-purchase incentives to build loyalty.
14598,44,1,221.97,3,1,1,311,5,-0.0179622852134984,-0.9552142636712972,-0.9389904984570852,1,At Risk,Launch win-back campaigns with personalized offers and re-engagement discounts.
14600,306,1,393.33,1,1,2,112,4,1.4148977322642486,-0.9552142636712972,-0.4858758808447012,1,At Risk,Launch win-back campaigns with personalized offers and re-engagement discounts.
14601,11,1,213.96,5,1,1,511,7,-1.0042687305257638,-0.9552142636712972,-0.9680658195251832,2,New Customers,Use welcome offers and second-purchase incentives to build loyalty.
14603,275,1,660.0,1,1,3,113,5,1.3354660834710603,-0.9552142636712972,-0.0753468749689806,1,At Risk,Launch win-back campaigns with personalized offers and re-engagement discounts.
14606,1,93,12076.15,5,5,5,555,15,-2.341296235524383,4.681692090595079,2.2335883219237305,0,Champions,"Target with premium products, exclusive offers, and loyalty rewards."
14607,16,14,16209.5,4,5,5,455,14,-0.7443590504544844,1.9947556633726904,2.46751156176858,0,Champions,"Target with premium products, exclusive offers, and loyalty rewards."
14608,4,4,1785.15,5,4,4,544,13,-1.6575516078937147,0.3863044476016776,0.7146630939219484,0,Champions,"Target with premium products, exclusive offers, and loyalty rewards."
14609,72,4,601.56,3,4,3,343,10,0.343051479153905,0.3863044476016776,-0.1489120974953032,3,Loyal Customers,"Use cross-selling, upselling, and exclusive member offers."
14616,243,3,406.08,1,3,2,132,6,1.2435087462334855,0.0596054655268191,-0.4605863754360874,1,At Risk,Launch win-back campaigns with personalized offers and re-engagement discounts.
14618,9,3,553.44,5,3,3,533,11,-1.1403187642352035,0.0596054655268191,-0.2150561984825794,2,New Customers,Use welcome offers and second-purchase incentives to build loyalty.
14619,246,1,394.44,1,1,2,112,4,1.252627506451775,-0.9552142636712972,-0.4836419439808537,1,At Risk,Launch win-back campaigns with personalized offers and re-engagement discounts.
14620,206,2,412.78,1,3,2,132,6,1.120795057494147,-0.3615827770984003,-0.4476126824372373,1,At Risk,Launch win-back campaigns with personalized offers and re-engagement discounts.
14621,1,5,1788.36,5,4,4,544,13,-2.341296235524383,0.6532369520997158,0.7160900658015321,0,Champions,"Target with premium products, exclusive offers, and loyalty rewards."
14622,185,1,320.58,1,1,2,112,4,1.0409714714796316,-0.9552142636712972,-0.6479540281992903,1,At Risk,Launch win-back campaigns with personalized offers and re-engagement discounts.
14623,32,5,886.7,4,4,3,443,11,-0.2494027642928512,0.6532369520997158,0.1590023907469709,3,Loyal Customers,"Use cross-selling, upselling, and exclusive member offers."
14624,57,2,225.85,3,3,1,331,7,0.1714110890244534,-0.3615827770984003,-0.9252800393333066,1,At Risk,Launch win-back campaigns with personalized offers and re-engagement discounts.
14625,196,2,899.63,1,3,3,133,7,1.0838464579070546,-0.3615827770984003,0.1704946838395515,1,At Risk,Launch win-back campaigns with personalized offers and re-engagement discounts.
14626,24,4,2791.27,4,4,5,445,13,-0.4565741366045358,0.3863044476016776,1.0697413377581115,3,Loyal Customers,"Use cross-selling, upselling, and exclusive member offers."
14628,91,2,671.96,2,3,3,233,8,0.5156714221309526,-0.3615827770984003,-0.0610957787363071,1,At Risk,Launch win-back campaigns with personalized offers and re-engagement discounts.
14629,4,2,955.26,5,3,4,534,12,-1.6575516078937147,-0.3615827770984003,0.2181269370156865,2,New Customers,Use welcome offers and second-purchase incentives to build loyalty.
14631,51,3,1006.98,3,3,4,334,10,0.0899255663351436,0.0596054655268191,0.2599882287392503,3,Loyal Customers,"Use cross-selling, upselling, and exclusive member offers."
14632,263,1,114.56,1,1,1,111,3,1.302295766682681,-0.9552142636712972,-1.4613230790574636,1,At Risk,Launch win-back campaigns with personalized offers and re-engagement discounts.
14633,266,1,344.9,1,1,2,112,4,1.3107275994304497,-0.9552142636712972,-0.5900157120575726,1,At Risk,Launch win-back campaigns with personalized offers and re-engagement discounts.
14636,36,2,609.85,3,3,3,333,9,-0.164028700972232,-0.3615827770984003,-0.1380527937545644,2,New Customers,Use welcome offers and second-purchase incentives to build loyalty.
14638,51,1,443.6,3,1,2,312,6,0.0899255663351436,-0.9552142636712972,-0.390519002504314,1,At Risk,Launch win-back campaigns with personalized offers and re-engagement discounts.
14639,52,6,2984.49,3,5,5,355,13,0.10413950578058,0.8789251688960832,1.122915765120262,3,Loyal Customers,"Use cross-selling, upselling, and exclusive member offers."
14640,24,6,2107.38,4,5,5,455,14,-0.4565741366045358,0.8789251688960832,0.8464745502457925,3,Loyal Customers,"Use cross-selling, upselling, and exclusive member offers."
14641,22,1,110.46,4,1,1,411,6,-0.5187942651860693,-0.9552142636712972,-1.4900318912527912,2,New Customers,Use welcome offers and second-purchase incentives to build loyalty.
14642,59,1,96.12,3,1,1,311,5,0.196708740763415,-0.9552142636712972,-1.5994805410935475,1,At Risk,Launch win-back campaigns with personalized offers and re-engagement discounts.
14643,170,2,693.81,2,3,3,233,8,0.978227870930976,-0.3615827770984003,-0.035702219454839,1,At Risk,Launch win-back campaigns with personalized offers and re-engagement discounts.
14644,68,2,830.76,3,3,3,333,9,0.3010003961540392,-0.3615827770984003,0.1072736458898039,3,Loyal Customers,"Use cross-selling, upselling, and exclusive member offers."
14645,157,2,597.09,2,3,3,233,8,0.9192262066550354,-0.3615827770984003,-0.1548296397432973,1,At Risk,Launch win-back campaigns with personalized offers and re-engagement discounts.
14646,2,73,280206.02,5,5,5,555,15,-2.038734417842785,4.331441790106489,4.7323813652707205,0,Champions,"Target with premium products, exclusive offers, and loyalty rewards."
14647,201,1,236.04,1,1,1,111,3,1.1025494233790782,-0.9552142636712972,-0.8903597926334531,1,At Risk,Launch win-back campaigns with personalized offers and re-engagement discounts.
14649,5,4,1402.59,5,4,4,544,13,-1.5215015741842748,0.3863044476016776,0.5231105288243676,2,New Customers,Use welcome offers and second-purchase incentives to build loyalty.
14651,67,2,653.75,3,3,3,333,9,0.2901066368625376,-0.3615827770984003,-0.0828970699610599,3,Loyal Customers,"Use cross-selling, upselling, and exclusive member offers."
14652,77,1,114.18,2,1,1,211,4,0.3924873840167408,-0.9552142636712972,-1.4639407157138062,1,At Risk,Launch win-back campaigns with personalized offers and re-engagement discounts.
14653,1,7,1926.65,5,5,4,554,14,-2.341296235524383,1.0744251947249353,0.7752524696251611,0,Champions,"Target with premium products, exclusive offers, and loyalty rewards."
14655,8,4,1932.23,5,4,4,544,13,-1.2189397565026774,0.3863044476016776,0.7775496572104844,3,Loyal Customers,"Use cross-selling, upselling, and exclusive member offers."
14656,169,2,291.05,2,3,2,232,7,0.973851264493206,-0.3615827770984003,-0.724503239239722,1,At Risk,Launch win-back campaigns with personalized offers and re-engagement discounts.
14657,18,4,848.22,4,4,3,443,11,-0.6613614517492411,0.3863044476016776,0.1237835889168979,3,Loyal Customers,"Use cross-selling, upselling, and exclusive member offers."
14658,5,2,247.15,5,3,1,531,9,-1.5215015741842748,-0.3615827770984003,-0.8539576956669536,2,New Customers,Use welcome offers and second-purchase incentives to build loyalty.
14659,9,9,2529.93,5,5,5,555,15,-1.1403187642352035,1.4011241767997944,0.9916450026762728,0,Champions,"Target with premium products, exclusive offers, and loyalty rewards."
14660,87,2,285.74,2,3,2,232,7,0.4825011053425735,-0.3615827770984003,-0.7390858052106446,1,At Risk,Launch win-back campaigns with personalized offers and re-engagement discounts.
14661,27,1,107.95,4,1,1,411,6,-0.3720072223713004,-0.9552142636712972,-1.5081331786731618,2,New Customers,Use welcome offers and second-purchase incentives to build loyalty.
14662,29,4,741.37,4,4,3,443,11,-0.3205241028950956,0.3863044476016776,0.0169161703393747,3,Loyal Customers,"Use cross-selling, upselling, and exclusive member offers."
14664,20,2,636.24,4,3,3,433,10,-0.5866782483482139,-0.3615827770984003,-0.1044398550357282,2,New Customers,Use welcome offers and second-purchase incentives to build loyalty.
14665,61,5,1835.7,3,4,4,344,11,0.2211768101395232,0.6532369520997158,0.7368423643520892,3,Loyal Customers,"Use cross-selling, upselling, and exclusive member offers."
14666,24,1,195.25,4,1,1,411,6,-0.4565741366045358,-0.9552142636712972,-1.04043578235973,2,New Customers,Use welcome offers and second-purchase incentives to build loyalty.
14667,11,25,9175.04,5,5,5,555,15,-1.0042687305257638,2.8000649690066,2.015261168651284,0,Champions,"Target with premium products, exclusive offers, and loyalty rewards."
14669,242,3,1259.24,1,3,4,134,8,1.240444227517647,0.0596054655268191,0.4374936868171418,3,Loyal Customers,"Use cross-selling, upselling, and exclusive member offers."
14670,280,2,392.86,1,3,2,132,6,1.3488633779556125,-0.3615827770984003,-0.4868236776742884,1,At Risk,Launch win-back campaigns with personalized offers and re-engagement discounts.
14672,235,2,765.55,1,3,3,133,7,1.2186328007835272,-0.3615827770984003,0.0423889021304584,1,At Risk,Launch win-back campaigns with personalized offers and re-engagement discounts.
14673,3,5,1736.4,5,4,4,544,13,-1.824063391865872,0.6532369520997158,0.6926708189231646,0,Champions,"Target with premium products, exclusive offers, and loyalty rewards."
14675,16,1,596.36,4,1,3,413,8,-0.7443590504544844,-0.9552142636712972,-0.1558002385667075,2,New Customers,Use welcome offers and second-purchase incentives to build loyalty.
14676,31,6,2548.24,4,5,5,455,14,-0.2723648608903394,0.8789251688960832,0.997373757581348,3,Loyal Customers,"Use cross-selling, upselling, and exclusive member offers."
14680,25,16,28754.11,4,5,5,455,14,-0.4273072773233673,2.178003940795619,2.923014670419242,0,Champions,"Target with premium products, exclusive offers, and loyalty rewards."
14681,71,3,498.95,3,3,3,333,9,0.3327587744728552,0.0596054655268191,-0.2972711621547543,3,Loyal Customers,"Use cross-selling, upselling, and exclusive member offers."
14682,188,2,52.0,1,3,1,131,5,1.0529110743320027,-0.3615827770984003,-2.0808115826478786,1,At Risk,Launch win-back campaigns with personalized offers and re-engagement discounts.
14684,26,5,1201.51,4,4,4,444,12,-0.3991450951625692,0.6532369520997158,0.4002280060945127,3,Loyal Customers,"Use cross-selling, upselling, and exclusive member offers."
14687,107,1,628.38,2,1,3,213,6,0.6353205921544528,-0.9552142636712972,-0.1143033321726968,1,At Risk,Launch win-back campaigns with personalized offers and re-engagement discounts.
14688,8,21,5579.1,5,5,5,555,15,-1.2189397565026774,2.555485194733606,1.619972395481745,0,Champions,"Target with premium products, exclusive offers, and loyalty rewards."
14689,209,1,112.8,1,1,1,111,3,1.131532066599476,-0.9552142636712972,-1.4735200439863074,1,At Risk,Launch win-back campaigns with personalized offers and re-engagement discounts.
14690,44,2,355.05,3,3,2,332,8,-0.0179622852134984,-0.3615827770984003,-0.5670310354670745,2,New Customers,Use welcome offers and second-purchase incentives to build loyalty.
14691,31,5,2114.33,4,4,5,445,13,-0.2723648608903394,0.6532369520997158,0.8490899577617007,3,Loyal Customers,"Use cross-selling, upselling, and exclusive member offers."
14692,137,4,591.55,2,4,3,243,9,0.8182332398125501,0.3863044476016776,-0.1622253637011778,3,Loyal Customers,"Use cross-selling, upselling, and exclusive member offers."
14693,265,1,172.9,1,1,1,111,3,1.307927561403842,-0.9552142636712972,-1.1365254439728647,1,At Risk,Launch win-back campaigns with personalized offers and re-engagement discounts.
14696,4,7,2078.95,5,5,5,555,15,-1.6575516078937147,1.0744251947249353,0.8356853090944963,0,Champions,"Target with premium products, exclusive offers, and loyalty rewards."
14697,218,2,188.61,1,3,1,131,5,1.1628461404940136,-0.3615827770984003,-1.0677903248997584,1,At Risk,Launch win-back campaigns with personalized offers and re-engagement discounts.
14698,2,5,1217.27,5,4,4,544,13,-2.038734417842785,0.6532369520997158,0.4105759791474481,0,Champions,"Target with premium products, exclusive offers, and loyalty rewards."
14699,214,1,109.13,1,1,1,111,3,1.1490907416248033,-0.9552142636712972,-1.4995720359431122,1,At Risk,Launch win-back campaigns with personalized offers and re-engagement discounts.
14700,32,3,2195.1,4,3,5,435,12,-0.2494027642928512,0.0596054655268191,0.8788701722032775,3,Loyal Customers,"Use cross-selling, upselling, and exclusive member offers."
14701,11,9,2526.09,5,5,5,555,15,-1.0042687305257638,1.4011241767997944,0.99043830346655,0,Champions,"Target with premium products, exclusive offers, and loyalty rewards."
14702,1,17,3251.79,5,5,5,555,15,-2.341296235524383,2.2616881678707283,1.191063018226566,0,Champions,"Target with premium products, exclusive offers, and loyalty rewards."
14703,15,1,318.17,4,1,2,412,7,-0.7895977045488505,-0.9552142636712972,-0.6539323424281536,2,New Customers,Use welcome offers and second-purchase incentives to build loyalty.
14704,11,9,1493.96,5,5,4,554,14,-1.0042687305257638,1.4011241767997944,0.5732309835936364,0,Champions,"Target with premium products, exclusive offers, and loyalty rewards."
14705,199,1,179.0,1,1,1,111,3,1.0951243943709967,-0.9552142636712972,-1.1091260756889416,1,At Risk,Launch win-back campaigns with personalized offers and re-engagement discounts.
14708,3,3,1126.37,5,3,4,534,12,-1.824063391865872,0.0596054655268191,0.3489493614188166,2,New Customers,Use welcome offers and second-purchase incentives to build loyalty.
14709,15,13,4921.04,4,5,5,455,14,-0.7895977045488505,1.8937448980941995,1.5202471069787555,0,Champions,"Target with premium products, exclusive offers, and loyalty rewards."
14710,14,4,599.48,4,4,3,443,11,-0.8377569465536066,0.3863044476016776,-0.1516601938940082,2,New Customers,Use welcome offers and second-purchase incentives to build loyalty.
14711,10,11,2839.62,5,5,5,555,15,-1.0691974256329595,1.668056681297832,1.0833847856640064,0,Champions,"Target with premium products, exclusive offers, and loyalty rewards."
14712,29,3,917.07,4,3,3,433,10,-0.3205241028950956,0.0596054655268191,0.1857368604266631,3,Loyal Customers,"Use cross-selling, upselling, and exclusive member offers."
14713,9,11,2662.2,5,5,5,555,15,-1.1403187642352035,1.668056681297832,1.0321296821149817,0,Champions,"Target with premium products, exclusive offers, and loyalty rewards."
14714,24,1,160.19,4,1,1,411,6,-0.4565741366045358,-0.9552142636712972,-1.1968425849616189,2,New Customers,Use welcome offers and second-purchase incentives to build loyalty.
14715,25,4,867.38,4,4,3,443,11,-0.4273072773233673,0.3863044476016776,0.1415148551625127,3,Loyal Customers,"Use cross-selling, upselling, and exclusive member offers."
14716,43,2,307.51,3,3,2,332,8,-0.0347317383159377,-0.3615827770984003,-0.6809289339977538,2,New Customers,Use welcome offers and second-purchase incentives to build loyalty.
14719,2,5,1581.84,5,4,4,544,13,-2.038734417842785,0.6532369520997158,0.6186268155034587,0,Champions,"Target with premium products, exclusive offers, and loyalty rewards."
14720,6,3,663.81,5,3,3,533,11,-1.4064729096883222,0.0596054655268191,-0.0707792215484178,2,New Customers,Use welcome offers and second-purchase incentives to build loyalty.
14722,147,1,180.42,2,1,1,211,4,0.8704369863447896,-0.9552142636712972,-1.10288115883768,1,At Risk,Launch win-back campaigns with personalized offers and re-engagement discounts.
14723,10,6,1122.36,5,5,4,554,14,-1.0691974256329595,0.8789251688960832,0.3461175150071179,0,Champions,"Target with premium products, exclusive offers, and loyalty rewards."
14725,25,1,655.58,4,1,3,413,8,-0.4273072773233673,-0.9552142636712972,-0.0806789366828074,2,New Customers,Use welcome offers and second-purchase incentives to build loyalty.
14727,274,1,268.58,1,1,2,112,4,1.3327575169453991,-0.9552142636712972,-0.7881289901325196,1,At Risk,Launch win-back campaigns with personalized offers and re-engagement discounts.
14729,374,1,313.49,1,1,2,112,4,1.5641979960247516,-0.9552142636712972,-0.6656717375340399,1,At Risk,Launch win-back campaigns with personalized offers and re-engagement discounts.
14730,1,8,1897.57,5,5,4,554,14,-2.341296235524383,1.2468684386726128,0.7631720758819623,0,Champions,"Target with premium products, exclusive offers, and loyalty rewards."
14731,47,3,380.02,3,3,2,332,8,0.030196956791258,0.0596054655268191,-0.5131638485697063,2,New Customers,Use welcome offers and second-purchase incentives to build loyalty.
14732,8,8,2702.49,5,5,5,555,15,-1.2189397565026774,1.2468684386726128,1.0440626145039416,0,Champions,"Target with premium products, exclusive offers, and loyalty rewards."
14733,16,12,9585.91,4,5,5,455,14,-0.7443590504544844,1.7852452398084837,2.0500725298629465,0,Champions,"Target with premium products, exclusive offers, and loyalty rewards."
14735,4,32,6065.69,5,5,5,555,15,-1.6575516078937147,3.1491166813065026,1.6864167477613292,0,Champions,"Target with premium products, exclusive offers, and loyalty rewards."
14737,4,3,1164.55,5,3,4,534,12,-1.6575516078937147,0.0596054655268191,0.3754182330262399,2,New Customers,Use welcome offers and second-purchase incentives to build loyalty.
14738,43,7,1314.45,3,5,4,354,12,-0.0347317383159377,1.0744251947249353,0.4715689285192374,3,Loyal Customers,"Use cross-selling, upselling, and exclusive member offers."
14739,4,7,3902.28,5,5,5,555,15,-1.6575516078937147,1.0744251947249353,1.3359451368747135,0,Champions,"Target with premium products, exclusive offers, and loyalty rewards."
14740,197,3,1448.21,1,3,4,134,8,1.087624740705768,0.0596054655268191,0.5485301598019721,3,Loyal Customers,"Use cross-selling, upselling, and exclusive member offers."
14741,12,6,1400.34,5,5,4,554,14,-0.9445401209818785,0.8789251688960832,0.5218355327530142,0,Champions,"Target with premium products, exclusive offers, and loyalty rewards."
14744,16,7,1099.98,4,5,4,454,13,-0.7443590504544844,1.0744251947249353,0.3301248136049587,3,Loyal Customers,"Use cross-selling, upselling, and exclusive member offers."
14745,113,5,1220.26,2,4,4,244,10,0.6756660532493783,0.6532369520997158,0.412524089280657,3,Loyal Customers,"Use cross-selling, upselling, and exclusive member offers."
14747,249,1,328.2,1,1,2,112,4,1.2616361783431542,-0.9552142636712972,-0.6293422064229042,1,At Risk,Launch win-back campaigns with personalized offers and re-engagement discounts.
14748,29,5,1415.75,4,4,4,444,12,-0.3205241028950956,0.6532369520997158,0.5305271455645061,3,Loyal Customers,"Use cross-selling, upselling, and exclusive member offers."
14752,44,1,389.64,3,1,2,312,6,-0.0179622852134984,-0.9552142636712972,-0.4933476727629893,1,At Risk,Launch win-back campaigns with personalized offers and re-engagement discounts.
14753,87,1,563.15,2,1,3,213,6,0.4825011053425735,-0.9552142636712972,-0.2012584739892348,1,At Risk,Launch win-back campaigns with personalized offers and re-engagement discounts.
14754,45,2,638.05,3,3,3,333,9,-0.0015614215275583,-0.3615827770984003,-0.1021857312469853,2,New Customers,Use welcome offers and second-purchase incentives to build loyalty.
14755,10,11,5010.28,5,5,5,555,15,-1.0691974256329595,1.668056681297832,1.5345270042257582,0,Champions,"Target with premium products, exclusive offers, and loyalty rewards."
14756,15,1,738.96,4,1,3,413,8,-0.7895977045488505,-0.9552142636712972,0.0143320020680378,2,New Customers,Use welcome offers and second-purchase incentives to build loyalty.
14757,75,1,420.5,2,1,2,212,5,0.3731042355677808,-0.9552142636712972,-0.4329218688856052,1,At Risk,Launch win-back campaigns with personalized offers and re-engagement discounts.
14758,145,4,1484.06,2,4,4,244,10,0.8602843228124161,0.3863044476016776,0.5679505950969398,3,Loyal Customers,"Use cross-selling, upselling, and exclusive member offers."
14759,5,3,1625.97,5,3,4,534,12,-1.5215015741842748,0.0596054655268191,0.6404807798519615,2,New Customers,Use welcome offers and second-purchase incentives to build loyalty.
14760,297,1,89.2,1,1,1,111,3,1.3926948271642658,-0.9552142636712972,-1.6582251326632982,1,At Risk,Launch win-back campaigns with personalized offers and re-engagement discounts.
14761,59,2,255.9,3,3,2,332,8,0.196708740763415,-0.3615827770984003,-0.8264176029477351,1,At Risk,Launch win-back campaigns with personalized offers and re-engagement discounts.
14762,264,1,300.52,1,1,2,112,4,1.305116977069759,-0.9552142636712972,-0.6991424274280226,1,At Risk,Launch win-back campaigns with personalized offers and re-engagement discounts.
14764,47,1,278.3,3,1,2,312,6,0.030196956791258,-0.9552142636712972,-0.7599787226424533,1,At Risk,Launch win-back campaigns with personalized offers and re-engagement discounts.
14765,29,3,254.11,4,3,2,432,9,-0.3205241028950956,0.0596054655268191,-0.8319744010787221,2,New Customers,Use welcome offers and second-purchase incentives to build loyalty.
14766,8,6,2473.37,5,5,5,555,15,-1.2189397565026774,0.8789251688960832,0.973683360637382,0,Champions,"Target with premium products, exclusive offers, and loyalty rewards."
14768,17,2,192.6,4,3,1,431,8,-0.7017069128441668,-0.3615827770984003,-1.0512402478642089,2,New Customers,Use welcome offers and second-purchase incentives to build loyalty.
14769,3,8,10416.98,5,5,5,555,15,-1.824063391865872,1.2468684386726128,2.1161418335610773,0,Champions,"Target with premium products, exclusive offers, and loyalty rewards."
14770,232,2,876.42,1,3,3,133,7,1.2090862834765006,-0.3615827770984003,0.1497453526321251,1,At Risk,Launch win-back campaigns with personalized offers and re-engagement discounts.
14772,112,1,139.26,2,1,1,211,4,0.6690914798070661,-0.9552142636712972,-1.3073780211232462,1,At Risk,Launch win-back campaigns with personalized offers and re-engagement discounts.
14775,58,3,1011.9,3,3,4,334,10,0.1841671134665053,0.0596054655268191,0.2638578966646375,3,Loyal Customers,"Use cross-selling, upselling, and exclusive member offers."
14776,51,11,2538.3,3,5,5,355,13,0.0899255663351436,1.668056681297832,0.9942688976926248,0,Champions,"Target with premium products, exclusive offers, and loyalty rewards."
14778,127,2,730.86,2,3,3,233,8,0.7621008264266822,-0.3615827770984003,0.0055845219078963,1,At Risk,Launch win-back campaigns with personalized offers and re-engagement discounts.
14779,281,3,386.15,1,3,2,132,6,1.3515142129228124,0.0596054655268191,-0.5004797206295791,1,At Risk,Launch win-back campaigns with personalized offers and re-engagement discounts.
14780,55,2,447.68,3,3,2,332,8,0.1452256212872108,-0.3615827770984003,-0.3832592162302894,1,At Risk,Launch win-back campaigns with personalized offers and re-engagement discounts.
14782,320,1,200.1,1,1,1,111,3,1.4481737219634514,-0.9552142636712972,-1.021034146336123,1,At Risk,Launch win-back campaigns with personalized offers and re-engagement discounts.
14784,26,2,289.99,4,3,2,432,9,-0.3991450951625692,-0.3615827770984003,-0.7273929625122569,2,New Customers,Use welcome offers and second-purchase incentives to build loyalty.
14785,10,2,77.4,5,3,1,531,9,-1.0691974256329595,-0.3615827770984003,-1.7696503055834436,2,New Customers,Use welcome offers and second-purchase incentives to build loyalty.
14788,7,2,679.44,5,3,3,533,11,-1.3068305482073614,-0.3615827770984003,-0.0523110549550093,2,New Customers,Use welcome offers and second-purchase incentives to build loyalty.
14789,29,1,197.64,4,1,1,411,6,-0.3205241028950956,-0.9552142636712972,-1.0308157766323605,2,New Customers,Use welcome offers and second-purchase incentives to build loyalty.
14790,17,4,745.06,4,4,3,443,11,-0.7017069128441668,0.3863044476016776,0.0208566319772483,2,New Customers,Use welcome offers and second-purchase incentives to build loyalty.
14792,64,1,6.2,3,1,1,311,5,0.2564373503073006,-0.9552142636712972,-3.667255365414415,1,At Risk,Launch win-back campaigns with personalized offers and re-engagement discounts.
14793,21,1,228.99,4,1,1,411,6,-0.5519645819744484,-0.9552142636712972,-0.914355059923276,2,New Customers,Use welcome offers and second-purchase incentives to build loyalty.
14794,3,7,1319.91,5,5,4,554,14,-1.824063391865872,1.0744251947249353,0.4748607540762956,0,Champions,"Target with premium products, exclusive offers, and loyalty rewards."
14795,166,1,131.45,2,1,1,211,4,0.9605652887470136,-0.9552142636712972,-1.35291005037431,1,At Risk,Launch win-back campaigns with personalized offers and re-engagement discounts.
14796,1,17,7975.49,5,5,5,555,15,-2.341296235524383,2.2616881678707283,1.903922005733627,0,Champions,"Target with premium products, exclusive offers, and loyalty rewards."
14798,53,3,173.74,3,3,1,331,7,0.1180877484959417,0.0596054655268191,-1.1326958637090538,1,At Risk,Launch win-back campaigns with personalized offers and re-engagement discounts.
14799,51,1,157.7,3,1,1,311,5,0.0899255663351436,-0.9552142636712972,-1.2092150352463542,1,At Risk,Launch win-back campaigns with personalized offers and re-engagement discounts.
14800,48,12,4331.79,3,5,5,355,13,0.0455832598062495,1.7852452398084837,1.418910282884685,0,Champions,"Target with premium products, exclusive offers, and loyalty rewards."
14801,61,1,189.34,3,1,1,311,5,0.2211768101395232,-0.9552142636712972,-1.06473649242984,1,At Risk,Launch win-back campaigns with personalized offers and re-engagement discounts.
14803,162,3,845.55,2,3,3,233,8,0.9424744813034064,0.0596054655268191,0.1212809803024511,3,Loyal Customers,"Use cross-selling, upselling, and exclusive member offers."
14804,9,1,353.27,5,1,2,512,8,-1.1403187642352035,-0.9552142636712972,-0.5710140797160853,2,New Customers,Use welcome offers and second-purchase incentives to build loyalty.
14805,15,4,546.4,4,4,3,443,11,-0.7895977045488505,0.3863044476016776,-0.2252118618629744,2,New Customers,Use welcome offers and second-purchase incentives to build loyalty.
14806,75,1,193.39,2,1,1,211,4,0.3731042355677808,-0.9552142636712972,-1.0480038983186333,1,At Risk,Launch win-back campaigns with personalized offers and re-engagement discounts.
14808,40,8,2718.6,3,5,5,355,13,-0.0874272207859269,1.2468684386726128,1.0487843131849035,3,Loyal Customers,"Use cross-selling, upselling, and exclusive member offers."
14810,41,11,2085.33,3,5,5,355,13,-0.0694454046897029,1.668056681297832,0.8381193105134366,0,Champions,"Target with premium products, exclusive offers, and loyalty rewards."
14813,370,2,152.88,1,3,1,131,5,1.5561956752751516,-0.3615827770984003,-1.2337264590842958,1,At Risk,Launch win-back campaigns with personalized offers and re-engagement discounts.
14815,37,2,778.5,3,3,3,333,9,-0.1441286080907301,-0.3615827770984003,0.0557027825868476,2,New Customers,Use welcome offers and second-purchase incentives to build loyalty.
14816,197,1,271.85,1,1,2,112,4,1.087624740705768,-0.9552142636712972,-0.7785469590426345,1,At Risk,Launch win-back campaigns with personalized offers and re-engagement discounts.
14817,200,2,1110.34,1,3,4,134,8,1.0988461440238422,-0.3615827770984003,0.3375680745942384,3,Loyal Customers,"Use cross-selling, upselling, and exclusive member offers."
14818,74,3,657.8,2,3,3,233,8,0.3632205247355723,0.0596054655268191,-0.0779963706860465,3,Loyal Customers,"Use cross-selling, upselling, and exclusive member offers."
14819,64,2,272.07,3,3,2,332,8,0.2564373503073006,-0.3615827770984003,-0.77790642537508,1,At Risk,Launch win-back campaigns with personalized offers and re-engagement discounts.
14820,21,4,507.29,4,4,3,443,11,-0.5519645819744484,0.3863044476016776,-0.2841231439800603,2,New Customers,Use welcome offers and second-purchase incentives to build loyalty.
14821,367,1,48.8,1,1,1,111,3,1.5501371094479746,-0.9552142636712972,-2.130304774106943,1,At Risk,Launch win-back campaigns with personalized offers and re-engagement discounts.
14823,180,3,321.43,1,3,2,132,6,1.02063753599374,0.0596054655268191,-0.6458561762791132,1,At Risk,Launch win-back campaigns with personalized offers and re-engagement discounts.
14824,10,4,1127.71,5,4,4,544,13,-1.0691974256329595,0.3863044476016776,0.3498934192880074,2,New Customers,Use welcome offers and second-purchase incentives to build loyalty.
14825,4,12,2221.01,5,5,5,555,15,-1.6575516078937147,1.7852452398084837,0.8881916362774698,0,Champions,"Target with premium products, exclusive offers, and loyalty rewards."
14828,197,3,2139.76,1,3,5,135,9,1.087624740705768,0.0596054655268191,0.8585870135267542,3,Loyal Customers,"Use cross-selling, upselling, and exclusive member offers."
14829,29,4,697.55,4,4,3,443,11,-0.3205241028950956,0.3863044476016776,-0.0314358587648549,3,Loyal Customers,"Use cross-selling, upselling, and exclusive member offers."
14830,53,1,188.88,3,1,1,311,5,0.1180877484959417,-0.9552142636712972,-1.0666594572931911,1,At Risk,Launch win-back campaigns with personalized offers and re-engagement discounts.
14834,18,6,1720.3,4,5,4,454,13,-0.6613614517492411,0.8789251688960832,0.6852719662149716,3,Loyal Customers,"Use cross-selling, upselling, and exclusive member offers."
14836,10,3,102.45,5,3,1,531,9,-1.0691974256329595,0.0596054655268191,-1.549300587923381,2,New Customers,Use welcome offers and second-purchase incentives to build loyalty.
14837,90,4,1649.5,2,4,4,244,10,0.5075160485126933,0.3863044476016776,0.6518921797926437,3,Loyal Customers,"Use cross-selling, upselling, and exclusive member offers."
14840,268,1,62.85,1,1,1,111,3,1.3162963510849115,-0.9552142636712972,-1.9327978136931776,1,At Risk,Launch win-back campaigns with personalized offers and re-engagement discounts.
14841,53,6,3295.76,3,5,5,355,13,0.1180877484959417,0.8789251688960832,1.2017338872953829,3,Loyal Customers,"Use cross-selling, upselling, and exclusive member offers."
14842,44,4,2824.69,3,4,5,345,12,-0.0179622852134984,0.3863044476016776,1.0791967656857735,3,Loyal Customers,"Use cross-selling, upselling, and exclusive member offers."
14844,64,4,3189.81,3,4,5,345,12,0.2564373503073006,0.3863044476016776,1.175773821938229,3,Loyal Customers,"Use cross-selling, upselling, and exclusive member offers."
14847,149,1,309.4,2,1,2,212,5,0.8804533683940834,-0.9552142636712972,-0.6760751112006576,1,At Risk,Launch win-back campaigns with personalized offers and re-engagement discounts.
14849,22,25,7930.54,4,5,5,455,14,-0.5187942651860693,2.8000649690066,1.8994308024446176,0,Champions,"Target with premium products, exclusive offers, and loyalty rewards."
14850,312,1,325.75,1,1,2,112,4,1.4293409429987136,-0.9552142636712972,-0.6352789136277697,1,At Risk,Launch win-back campaigns with personalized offers and re-engagement discounts.
14851,23,2,511.35,4,3,3,433,10,-0.4870358868672529,-0.3615827770984003,-0.27780042321368,2,New Customers,Use welcome offers and second-purchase incentives to build loyalty.
14852,58,6,2836.69,3,5,5,355,13,0.1841671134665053,0.8789251688960832,1.0825646289904245,3,Loyal Customers,"Use cross-selling, upselling, and exclusive member offers."
14853,24,2,475.8,4,3,2,432,9,-0.4565741366045358,-0.3615827770984003,-0.3349499721594707,2,New Customers,Use welcome offers and second-purchase incentives to build loyalty.
14854,78,7,2740.03,2,5,5,255,12,0.4019933629965244,1.0744251947249353,1.0550220911612207,3,Loyal Customers,"Use cross-selling, upselling, and exclusive member offers."
14855,119,2,645.65,2,3,3,233,8,0.713941584421926,-0.3615827770984003,-0.0927900717449098,1,At Risk,Launch win-back campaigns with personalized offers and re-engagement discounts.
14856,36,3,1290.53,3,3,4,334,10,-0.164028700972232,0.0596054655268191,0.456984684355414,3,Loyal Customers,"Use cross-selling, upselling, and exclusive member offers."
14857,60,2,1173.12,3,3,4,334,10,0.2090430589164636,-0.3615827770984003,0.3812402895911427,3,Loyal Customers,"Use cross-selling, upselling, and exclusive member offers."
14859,13,4,1353.74,5,4,4,544,13,-0.8892400660298114,0.3863044476016776,0.4949583495993241,3,Loyal Customers,"Use cross-selling, upselling, and exclusive member offers."
14860,19,1,170.32,4,1,1,411,6,-0.6230859205766931,-0.9552142636712972,-1.148404450098255,2,New Customers,Use welcome offers and second-purchase incentives to build loyalty.
14861,52,1,125.79,3,1,1,311,5,0.10413950578058,-0.9552142636712972,-1.3876182192779585,1,At Risk,Launch win-back campaigns with personalized offers and re-engagement discounts.
14862,26,2,841.2,4,3,3,433,10,-0.3991450951625692,-0.3615827770984003,0.117186741987396,2,New Customers,Use welcome offers and second-purchase incentives to build loyalty.
14863,29,1,266.76,4,1,2,412,7,-0.3205241028950956,-0.9552142636712972,-0.7935125821504122,2,New Customers,Use welcome offers and second-purchase incentives to build loyalty.
14865,7,2,52.2,5,3,1,531,9,-1.3068305482073614,-0.3615827770984003,-2.077818255013455,2,New Customers,Use welcome offers and second-purchase incentives to build loyalty.
14866,11,12,14389.9,5,5,5,555,15,-1.0042687305257638,1.7852452398084837,2.37288882197115,0,Champions,"Target with premium products, exclusive offers, and loyalty rewards."
14867,186,3,710.28,1,3,3,133,7,1.0449726030954505,0.0596054655268191,-0.0170835515521284,3,Loyal Customers,"Use cross-selling, upselling, and exclusive member offers."
14868,3,8,2953.59,5,5,5,555,15,-1.824063391865872,1.2468684386726128,1.114647424382133,0,Champions,"Target with premium products, exclusive offers, and loyalty rewards."
14869,9,2,721.45,5,3,3,533,11,-1.1403187642352035,-0.3615827770984003,-0.0047000674685995,2,New Customers,Use welcome offers and second-purchase incentives to build loyalty.
14870,262,1,327.25,1,1,2,112,4,1.2994638495891662,-0.9552142636712972,-0.6316389337649275,1,At Risk,Launch win-back campaigns with personalized offers and re-engagement discounts.
14871,3,4,501.28,5,4,3,543,12,-1.824063391865872,0.3863044476016776,-0.2935759654004879,2,New Customers,Use welcome offers and second-purchase incentives to build loyalty.
14873,210,1,519.68,1,1,3,113,5,1.135077010361545,-0.9552142636712972,-0.2649833240772866,1,At Risk,Launch win-back campaigns with personalized offers and re-engagement discounts.
14875,108,2,1465.32,2,3,4,234,9,0.642198145526434,-0.3615827770984003,0.5578580997941803,3,Loyal Customers,"Use cross-selling, upselling, and exclusive member offers."
14878,13,9,1476.09,5,5,4,554,14,-0.8892400660298114,1.4011241767997944,0.5636739758590994,0,Champions,"Target with premium products, exclusive offers, and loyalty rewards."
14880,77,3,690.59,2,3,3,233,8,0.3924873840167408,0.0596054655268191,-0.0393938341462115,3,Loyal Customers,"Use cross-selling, upselling, and exclusive member offers."
14881,20,1,255.4,4,1,2,412,7,-0.5866782483482139,-0.9552142636712972,-0.8279658745214205,2,New Customers,Use welcome offers and second-purchase incentives to build loyalty.
14882,27,2,589.7,4,3,3,433,10,-0.3720072223713004,-0.3615827770984003,-0.1647104634868913,2,New Customers,Use welcome offers and second-purchase incentives to build loyalty.
14883,19,6,761.59,4,5,3,453,12,-0.6230859205766931,0.8789251688960832,0.0382726954742032,3,Loyal Customers,"Use cross-selling, upselling, and exclusive member offers."
14885,132,1,765.32,2,1,3,213,6,0.7906947177453308,-0.9552142636712972,0.0421504117988887,1,At Risk,Launch win-back campaigns with personalized offers and re-engagement discounts.
14886,253,1,364.8,1,1,2,112,4,1.273481018447474,-0.9552142636712972,-0.5455610213325218,1,At Risk,Launch win-back campaigns with personalized offers and re-engagement discounts.
14887,79,1,1862.0,2,1,4,214,7,0.4113797667403285,-0.9552142636712972,0.7481414894592295,3,Loyal Customers,"Use cross-selling, upselling, and exclusive member offers."
14888,207,1,369.2,1,1,2,112,4,1.1243912536521652,-0.9552142636712972,-0.5360587309314149,1,At Risk,Launch win-back campaigns with personalized offers and re-engagement discounts.
14889,336,1,135.9,1,1,1,111,3,1.4844706888644472,-0.9552142636712972,-1.3266478680326013,1,At Risk,Launch win-back campaigns with personalized offers and re-engagement discounts.
14890,254,1,125.65,1,1,1,111,3,1.2764130821748028,-0.9552142636712972,-1.3884962327561374,1,At Risk,Launch win-back campaigns with personalized offers and re-engagement discounts.
14891,148,2,554.38,2,3,3,233,8,0.8754619835057548,-0.3615827770984003,-0.2137099548156656,1,At Risk,Launch win-back campaigns with personalized offers and re-engagement discounts.
14893,10,2,1237.85,5,3,4,534,12,-1.0691974256329595,-0.3615827770984003,0.4238890248244244,2,New Customers,Use welcome offers and second-purchase incentives to build loyalty.
14894,85,1,655.75,2,1,3,213,6,0.4653461139941349,-0.9552142636712972,-0.0804731945101394,1,At Risk,Launch win-back campaigns with personalized offers and re-engagement discounts.
14895,8,20,11138.71,5,5,5,555,15,-1.2189397565026774,2.487376384667096,2.1693751024684977,0,Champions,"Target with premium products, exclusive offers, and loyalty rewards."
14896,205,2,468.77,1,3,2,132,6,1.1171814462747254,-0.3615827770984003,-0.3467547776832196,1,At Risk,Launch win-back campaigns with personalized offers and re-engagement discounts.
14897,8,4,1366.38,5,4,4,544,13,-1.2189397565026774,0.3863044476016776,0.5023389414894641,2,New Customers,Use welcome offers and second-purchase incentives to build loyalty.
14898,23,6,1269.31,4,5,4,454,13,-0.4870358868672529,0.8789251688960832,0.4438187534200018,3,Loyal Customers,"Use cross-selling, upselling, and exclusive member offers."
14901,11,9,1421.29,5,5,4,554,14,-1.0042687305257638,1.4011241767997944,0.5336287547007134,0,Champions,"Target with premium products, exclusive offers, and loyalty rewards."
14902,26,1,332.66,4,1,2,412,7,-0.3991450951625692,-0.9552142636712972,-0.6186475247371368,2,New Customers,Use welcome offers and second-purchase incentives to build loyalty.
14903,21,5,2795.33,4,4,5,445,13,-0.5519645819744484,0.6532369520997158,1.0708960435556751,3,Loyal Customers,"Use cross-selling, upselling, and exclusive member offers."
14904,2,2,1025.44,5,3,4,534,12,-2.038734417842785,-0.3615827770984003,0.274411084569938,2,New Customers,Use welcome offers and second-purchase incentives to build loyalty.
14905,158,2,616.15,2,3,3,233,8,0.9239341671206882,-0.3615827770984003,-0.1298983516121792,1,At Risk,Launch win-back campaigns with personalized offers and re-engagement discounts.
14907,3,7,3501.1,5,5,5,555,15,-1.824063391865872,1.0744251947249353,1.2497534083539543,0,Champions,"Target with premium products, exclusive offers, and loyalty rewards."
14908,74,1,277.8,2,1,2,212,5,0.3632205247355723,-0.9552142636712972,-0.7614027107450114,1,At Risk,Launch win-back campaigns with personalized offers and re-engagement discounts.
14910,3,4,434.35,5,4,2,542,11,-1.824063391865872,0.3863044476016776,-0.4072279077945346,2,New Customers,Use welcome offers and second-purchase incentives to build loyalty.
14911,1,201,143711.17,5,5,5,555,15,-2.341296235524383,5.801670110198668,4.201728901478069,0,Champions,"Target with premium products, exclusive offers, and loyalty rewards."
14912,17,2,867.85,4,3,3,433,10,-0.7017069128441668,-0.3615827770984003,0.1419448753168935,2,New Customers,Use welcome offers and second-purchase incentives to build loyalty.
14913,36,4,1227.43,3,4,4,344,11,-0.164028700972232,0.3863044476016776,0.4171762802000885,3,Loyal Customers,"Use cross-selling, upselling, and exclusive member offers."
14915,91,2,307.48,2,3,2,232,7,0.5156714221309526,-0.3615827770984003,-0.681006218318217,1,At Risk,Launch win-back campaigns with personalized offers and re-engagement discounts.
14916,71,4,1268.98,3,4,4,344,11,0.3327587744728552,0.3863044476016776,0.4436122729849946,3,Loyal Customers,"Use cross-selling, upselling, and exclusive member offers."
14918,116,2,1610.15,2,3,4,234,9,0.6950492016983384,-0.3615827770984003,0.6327153543386509,3,Loyal Customers,"Use cross-selling, upselling, and exclusive member offers."
14920,213,2,977.77,1,3,4,134,8,1.1456119042818538,-0.3615827770984003,0.2366177346886167,1,At Risk,Launch win-back campaigns with personalized offers and re-engagement discounts.
14921,30,2,1316.07,4,3,4,434,11,-0.2960560335189878,-0.3615827770984003,0.4725470474238055,3,Loyal Customers,"Use cross-selling, upselling, and exclusive member offers."
14923,51,1,749.1,3,1,3,313,7,0.0899255663351436,-0.9552142636712972,0.0251485621117323,1,At Risk,Launch win-back campaigns with personalized offers and re-engagement discounts.
14924,246,1,310.05,1,1,2,112,4,1.252627506451775,-0.9552142636712972,-0.674412634431185,1,At Risk,Launch win-back campaigns with personalized offers and re-engagement discounts.
14929,32,1,223.88,4,1,1,411,6,-0.2494027642928512,-0.9552142636712972,-0.9322117161919808,2,New Customers,Use welcome offers and second-purchase incentives to build loyalty.
14930,109,3,2362.96,2,3,5,235,10,0.6490128893147309,0.0596054655268191,0.9374059242613622,3,Loyal Customers,"Use cross-selling, upselling, and exclusive member offers."
14931,5,5,1257.68,5,4,4,544,13,-1.5215015741842748,0.6532369520997158,0.4365093164262844,0,Champions,"Target with premium products, exclusive offers, and loyalty rewards."
14932,366,1,363.53,1,1,2,112,4,1.5481066068113414,-0.9552142636712972,-0.5483249910518695,1,At Risk,Launch win-back campaigns with personalized offers and re-engagement discounts.
14934,82,2,1890.94,2,3,4,234,9,0.4388506943278125,-0.3615827770984003,0.7603919491904754,3,Loyal Customers,"Use cross-selling, upselling, and exclusive member offers."
14935,297,1,1784.71,1,1,4,114,6,1.3926948271642658,-0.9552142636712972,0.7144672967055791,1,At Risk,Launch win-back campaigns with personalized offers and re-engagement discounts.
14936,34,8,8137.02,3,5,5,355,13,-0.2054954383991431,1.2468684386726128,1.9198550549590447,0,Champions,"Target with premium products, exclusive offers, and loyalty rewards."
14937,57,3,1621.88,3,3,4,334,10,0.1714110890244534,0.0596054655268191,0.6384804183675772,3,Loyal Customers,"Use cross-selling, upselling, and exclusive member offers."
14944,30,12,5900.25,4,5,5,455,14,-0.2960560335189878,1.7852452398084837,1.6644433586388712,0,Champions,"Target with premium products, exclusive offers, and loyalty rewards."
14946,14,1,100.9,4,1,1,411,6,-0.8377569465536066,-0.9552142636712972,-1.5612981637032086,2,New Customers,Use welcome offers and second-purchase incentives to build loyalty.
14947,72,2,290.82,3,3,2,332,8,0.343051479153905,-0.3615827770984003,-0.7251293626759656,1,At Risk,Launch win-back campaigns with personalized offers and re-engagement discounts.
14948,23,6,1101.97,4,5,4,454,13,-0.4870358868672529,0.8789251688960832,0.3315599716159291,3,Loyal Customers,"Use cross-selling, upselling, and exclusive member offers."
14950,19,1,371.2,4,1,2,412,7,-0.6230859205766931,-0.9552142636712972,-0.5317767833560543,2,New Customers,Use welcome offers and second-purchase incentives to build loyalty.
14951,79,1,311.69,2,1,2,212,5,0.4113797667403285,-0.9552142636712972,-0.6702334694546661,1,At Risk,Launch win-back campaigns with personalized offers and re-engagement discounts.
14952,60,11,8099.49,3,5,5,355,13,0.2090430589164636,1.668056681297832,1.916181543293234,0,Champions,"Target with premium products, exclusive offers, and loyalty rewards."
14953,25,1,285.67,4,1,2,412,7,-0.4273072773233673,-0.9552142636712972,-0.7392798406428662,2,New Customers,Use welcome offers and second-purchase incentives to build loyalty.
14954,12,1,294.85,5,1,2,512,8,-0.9445401209818785,-0.9552142636712972,-0.7142293602178619,2,New Customers,Use welcome offers and second-purchase incentives to build loyalty.
14957,253,1,58.49,1,1,1,111,3,1.273481018447474,-0.9552142636712972,-1.9890075828375124,1,At Risk,Launch win-back campaigns with personalized offers and re-engagement discounts.
14958,147,3,483.73,2,3,2,232,7,0.8704369863447896,0.0596054655268191,-0.3218410055266676,1,At Risk,Launch win-back campaigns with personalized offers and re-engagement discounts.
14959,64,4,695.42,3,4,3,343,10,0.2564373503073006,0.3863044476016776,-0.0338628227734551,3,Loyal Customers,"Use cross-selling, upselling, and exclusive member offers."
14960,8,2,221.27,5,3,1,531,9,-1.2189397565026774,-0.3615827770984003,-0.9414894192258656,2,New Customers,Use welcome offers and second-purchase incentives to build loyalty.
14961,11,9,7044.68,5,5,5,555,15,-1.0042687305257638,1.4011241767997944,1.8053091900753928,0,Champions,"Target with premium products, exclusive offers, and loyalty rewards."
14962,271,1,126.7,1,1,1,111,3,1.3245723241795595,-0.9552142636712972,-1.3819346548903273,1,At Risk,Launch win-back campaigns with personalized offers and re-engagement discounts.
14963,10,5,1472.34,5,4,4,544,13,-1.0691974256329595,0.6532369520997158,0.5616537754763763,3,Loyal Customers,"Use cross-selling, upselling, and exclusive member offers."
14964,247,1,206.21,1,1,1,111,3,1.2556424974565452,-0.9552142636712972,-0.9972475733540992,1,At Risk,Launch win-back campaigns with personalized offers and re-engagement discounts.
14965,96,2,596.09,2,3,3,233,8,0.5551626080798789,-0.3615827770984003,-0.1561595276812902,1,At Risk,Launch win-back campaigns with personalized offers and re-engagement discounts.
14966,15,1,183.02,4,1,1,411,6,-0.7895977045488505,-0.9552142636712972,-1.0915724543228489,2,New Customers,Use welcome offers and second-purchase incentives to build loyalty.
14967,50,1,463.8,3,1,2,312,6,0.0754356108856238,-0.9552142636712972,-0.3552075059871825,1,At Risk,Launch win-back campaigns with personalized offers and re-engagement discounts.
14968,30,1,147.59,4,1,1,411,6,-0.2960560335189878,-0.9552142636712972,-1.2615278109613983,2,New Customers,Use welcome offers and second-purchase incentives to build loyalty.
14970,68,4,1592.06,3,4,4,344,11,0.3010003961540392,0.3863044476016776,0.6237416765322943,3,Loyal Customers,"Use cross-selling, upselling, and exclusive member offers."
14971,35,3,1097.98,3,3,4,334,10,-0.1844740691856557,0.0596054655268191,0.3286798277572987,3,Loyal Customers,"Use cross-selling, upselling, and exclusive member offers."
14972,128,1,114.77,2,1,1,211,4,0.7679079316757323,-0.9552142636712972,-1.4598801807666952,1,At Risk,Launch win-back campaigns with personalized offers and re-engagement discounts.
14973,107,3,1314.45,2,3,4,234,9,0.6353205921544528,0.0596054655268191,0.4715689285192374,3,Loyal Customers,"Use cross-selling, upselling, and exclusive member offers."
14974,37,1,89.94,3,1,1,311,5,-0.1441286080907301,-0.9552142636712972,-1.6517317942869814,1,At Risk,Launch win-back campaigns with personalized offers and re-engagement discounts.
14975,57,1,279.94,3,1,2,312,6,0.1714110890244534,-0.9552142636712972,-0.7553258706480652,1,At Risk,Launch win-back campaigns with personalized offers and re-engagement discounts.
14976,57,7,790.86,3,5,3,353,11,0.1714110890244534,1.0744251947249353,0.0682053727961369,3,Loyal Customers,"Use cross-selling, upselling, and exclusive member offers."
14978,72,5,1921.37,3,4,4,344,11,0.343051479153905,0.6532369520997158,0.773072655452219,3,Loyal Customers,"Use cross-selling, upselling, and exclusive member offers."
14981,246,1,102.12,1,1,1,111,3,1.252627506451775,-0.9552142636712972,-1.5518397786456464,1,At Risk,Launch win-back campaigns with personalized offers and re-engagement discounts.
14984,19,2,202.37,4,3,1,431,8,-0.6230859205766931,-0.3615827770984003,-1.0121135812808917,2,New Customers,Use welcome offers and second-purchase incentives to build loyalty.
14985,198,2,292.01,1,3,2,132,6,1.0913839892534942,-0.3615827770984003,-0.7218951678274464,1,At Risk,Launch win-back campaigns with personalized offers and re-engagement discounts.
14987,16,2,326.4,4,3,2,432,9,-0.7443590504544844,-0.3615827770984003,-0.6336995416921833,2,New Customers,Use welcome offers and second-purchase incentives to build loyalty.
14988,212,1,334.54,1,1,2,112,4,1.1421167725593575,-0.9552142636712972,-0.6141822177444463,1,At Risk,Launch win-back campaigns with personalized offers and re-engagement discounts.
14995,39,2,231.98,3,3,1,331,7,-0.1058530769181821,-0.3615827770984003,-0.9040897364469488,2,New Customers,Use welcome offers and second-purchase incentives to build loyalty.
14997,46,3,546.2,3,3,3,333,9,0.0144867079241929,0.0596054655268191,-0.2255022793876439,3,Loyal Customers,"Use cross-selling, upselling, and exclusive member offers."
14998,170,2,414.87,2,3,2,232,7,0.978227870930976,-0.3615827770984003,-0.4436086226827476,1,At Risk,Launch win-back campaigns with personalized offers and re-engagement discounts.
15000,48,1,490.52,3,1,3,313,7,0.0455832598062495,-0.9552142636712972,-0.3107858719799697,1,At Risk,Launch win-back campaigns with personalized offers and re-engagement discounts.
15002,116,4,1641.76,2,4,4,244,10,0.6950492016983384,0.3863044476016776,0.6481565485076619,3,Loyal Customers,"Use cross-selling, upselling, and exclusive member offers."
15004,147,1,1220.77,2,1,4,214,7,0.8704369863447896,-0.9552142636712972,0.4128558994140313,1,At Risk,Launch win-back campaigns with personalized offers and re-engagement discounts.
15005,16,28,6295.37,4,5,5,455,14,-0.7443590504544844,2.959940965055545,1.715948923001523,0,Champions,"Target with premium products, exclusive offers, and loyalty rewards."
15006,51,1,480.38,3,1,2,312,6,0.0899255663351436,-0.9552142636712972,-0.3273524854911684,1,At Risk,Launch win-back campaigns with personalized offers and re-engagement discounts.
15007,159,1,156.91,2,1,1,211,4,0.9286126103988396,-0.9552142636712972,-1.213181025362997,1,At Risk,Launch win-back campaigns with personalized offers and re-engagement discounts.
15009,12,3,1259.43,5,3,4,534,12,-0.9445401209818785,0.0596054655268191,0.4376134948319108,2,New Customers,Use welcome offers and second-purchase incentives to build loyalty.
15010,36,1,308.94,3,1,2,312,6,-0.164028700972232,-0.9552142636712972,-0.6772537382078332,2,New Customers,Use welcome offers and second-purchase incentives to build loyalty.
15012,54,2,405.04,3,3,2,332,8,0.1317800456562198,-0.3615827770984003,-0.4626193277678726,1,At Risk,Launch win-back campaigns with personalized offers and re-engagement discounts.
15014,43,2,257.67,3,3,2,332,8,-0.0347317383159377,-0.3615827770984003,-0.8209608336037058,2,New Customers,Use welcome offers and second-purchase incentives to build loyalty.
15016,173,1,170.04,2,1,1,211,4,0.991205750364562,-0.9552142636712972,-1.1497043902950648,1,At Risk,Launch win-back campaigns with personalized offers and re-engagement discounts.
15017,34,1,125.58,3,1,1,311,5,-0.2054954383991431,-0.9552142636712972,-1.3889356035237077,1,At Risk,Launch win-back campaigns with personalized offers and re-engagement discounts.
15018,39,3,496.21,3,3,3,333,9,-0.1058530769181821,0.0596054655268191,-0.301638683837177,2,New Customers,Use welcome offers and second-purchase incentives to build loyalty.
15019,267,1,252.81,1,1,2,112,4,1.3135171700007555,-0.9552142636712972,-0.8360345600772887,1,At Risk,Launch win-back campaigns with personalized offers and re-engagement discounts.
15021,9,9,1871.77,5,5,4,554,14,-1.1403187642352035,1.4011241767997944,0.7522983330765949,0,Champions,"Target with premium products, exclusive offers, and loyalty rewards."
15022,12,4,852.39,5,4,3,543,12,-0.9445401209818785,0.3863044476016776,0.1276764598610296,2,New Customers,Use welcome offers and second-purchase incentives to build loyalty.
15023,3,11,6720.41,5,5,5,555,15,-1.824063391865872,1.668056681297832,1.7678642434143372,0,Champions,"Target with premium products, exclusive offers, and loyalty rewards."
15024,10,10,1636.43,5,5,4,554,14,-1.0691974256329595,1.54066546553549,0.6455738313139874,0,Champions,"Target with premium products, exclusive offers, and loyalty rewards."
15025,33,1,361.96,4,1,2,412,7,-0.2271262067959733,-0.9552142636712972,-0.5517552077874923,2,New Customers,Use welcome offers and second-purchase incentives to build loyalty.
15026,80,3,469.0,2,3,2,232,7,0.4206495661775393,0.0596054655268191,-0.3463657732681937,3,Loyal Customers,"Use cross-selling, upselling, and exclusive member offers."
15027,31,4,1066.15,4,4,4,444,12,-0.2723648608903394,0.3863044476016776,0.3053220433510125,3,Loyal Customers,"Use cross-selling, upselling, and exclusive member offers."
15028,8,4,627.13,5,4,3,543,12,-1.2189397565026774,0.3863044476016776,-0.1158832953721306,2,New Customers,Use welcome offers and second-purchase incentives to build loyalty.
15030,72,2,518.28,3,3,3,333,9,0.343051479153905,-0.3615827770984003,-0.2671230587565069,1,At Risk,Launch win-back campaigns with personalized offers and re-engagement discounts.
15031,4,4,653.19,5,4,3,543,12,-1.6575516078937147,0.3863044476016776,-0.0835770819611583,2,New Customers,Use welcome offers and second-purchase incentives to build loyalty.
15032,256,3,4959.1,1,3,5,135,9,1.2822428716590402,0.0596054655268191,1.526368752697401,3,Loyal Customers,"Use cross-selling, upselling, and exclusive member offers."
15033,5,10,2557.18,5,5,5,555,15,-1.5215015741842748,1.54066546553549,1.0001559339169703,0,Champions,"Target with premium products, exclusive offers, and loyalty rewards."
15034,16,8,4274.16,4,5,5,455,14,-0.7443590504544844,1.2468684386726128,1.408268763621472,0,Champions,"Target with premium products, exclusive offers, and loyalty rewards."
15035,90,1,252.73,2,1,2,212,5,0.5075160485126933,-0.9552142636712972,-0.8362850948304885,1,At Risk,Launch win-back campaigns with personalized offers and re-engagement discounts.
15036,72,3,429.56,3,3,2,332,8,0.343051479153905,0.0596054655268191,-0.4160204700284544,3,Loyal Customers,"Use cross-selling, upselling, and exclusive member offers."
15038,59,6,685.74,3,5,3,353,11,0.196708740763415,0.8789251688960832,-0.0449867538578641,3,Loyal Customers,"Use cross-selling, upselling, and exclusive member offers."
15039,10,47,19766.59,5,5,5,555,15,-1.0691974256329595,3.697696139694065,2.6251732266091485,0,Champions,"Target with premium products, exclusive offers, and loyalty rewards."
15041,170,1,179.93,2,1,1,211,4,0.978227870930976,-0.9552142636712972,-1.1050305543701997,1,At Risk,Launch win-back campaigns with personalized offers and re-engagement discounts.
15042,199,1,135.93,1,1,1,111,3,1.0951243943709967,-0.9552142636712972,-1.3264737320612483,1,At Risk,Launch win-back campaigns with personalized offers and re-engagement discounts.
15043,31,1,537.0,4,1,3,413,8,-0.2723648608903394,-0.9552142636712972,-0.2389775256209117,2,New Customers,Use welcome offers and second-purchase incentives to build loyalty.
15044,19,17,7634.73,4,5,5,455,14,-0.6230859205766931,2.2616881678707283,1.8692242656537728,0,Champions,"Target with premium products, exclusive offers, and loyalty rewards."
15045,152,2,735.66,2,3,3,233,8,0.895230272225732,-0.3615827770984003,0.0107798284923662,1,At Risk,Launch win-back campaigns with personalized offers and re-engagement discounts.
15046,9,15,5090.42,5,5,5,555,15,-1.1403187642352035,2.089244923923052,1.5471356735098785,0,Champions,"Target with premium products, exclusive offers, and loyalty rewards."
15047,270,1,343.62,1,1,2,112,4,1.3218238523484769,-0.9552142636712972,-0.5929620493854459,1,At Risk,Launch win-back campaigns with personalized offers and re-engagement discounts.
15048,65,4,381.0,3,4,2,342,9,0.2678300793656594,0.3863044476016776,-0.5111223990016182,3,Loyal Customers,"Use cross-selling, upselling, and exclusive member offers."
15049,274,1,121.17,1,1,1,111,3,1.3327575169453991,-0.9552142636712972,-1.417117438617301,1,At Risk,Launch win-back campaigns with personalized offers and re-engagement discounts.
15050,25,3,1737.69,4,3,4,434,11,-0.4273072773233673,0.0596054655268191,0.6932606762532261,3,Loyal Customers,"Use cross-selling, upselling, and exclusive member offers."
15051,23,3,1383.36,4,3,4,434,11,-0.4870358868672529,0.0596054655268191,0.5121470229466543,3,Loyal Customers,"Use cross-selling, upselling, and exclusive member offers."
15052,319,1,207.73,1,1,1,111,3,1.4458454540573504,-0.9552142636712972,-0.9914390853537252,1,At Risk,Launch win-back campaigns with personalized offers and re-engagement discounts.
15053,5,3,693.95,5,3,3,533,11,-1.5215015741842748,0.0596054655268191,-0.0355421028059003,2,New Customers,Use welcome offers and second-purchase incentives to build loyalty.
15054,12,2,302.1,5,3,2,532,10,-0.9445401209818785,-0.3615827770984003,-0.6949888354754089,2,New Customers,Use welcome offers and second-purchase incentives to build loyalty.
15057,275,2,1489.5,1,3,4,134,8,1.3354660834710603,-0.3615827770984003,0.5708564835177498,3,Loyal Customers,"Use cross-selling, upselling, and exclusive member offers."
15058,25,11,2102.54,4,5,5,455,14,-0.4273072773233673,1.668056681297832,0.8446480753732667,0,Champions,"Target with premium products, exclusive offers, and loyalty rewards."
15059,41,9,1337.72,3,5,4,354,12,-0.0694454046897029,1.4011241767997944,0.4855045723452599,3,Loyal Customers,"Use cross-selling, upselling, and exclusive member offers."
15060,8,4,294.25,5,4,2,542,11,-1.2189397565026774,0.3863044476016776,-0.7158427477739979,2,New Customers,Use welcome offers and second-purchase incentives to build loyalty.
15061,4,48,54534.14,5,5,5,555,15,-1.6575516078937147,3.72788433066158,3.431663962946823,0,Champions,"Target with premium products, exclusive offers, and loyalty rewards."
15062,71,4,987.86,3,4,4,344,11,0.3327587744728552,0.3863044476016776,0.2447685264969403,3,Loyal Customers,"Use cross-selling, upselling, and exclusive member offers."
15063,213,1,370.8,1,1,2,112,4,1.1456119042818538,-0.9552142636712972,-0.5326313291882967,1,At Risk,Launch win-back campaigns with personalized offers and re-engagement discounts.
15065,38,4,3158.13,3,4,5,345,12,-0.1247454596417701,0.3863044476016776,1.1678439272957355,3,Loyal Customers,"Use cross-selling, upselling, and exclusive member offers."
15066,53,1,893.59,3,1,3,313,7,0.1180877484959417,-0.9552142636712972,0.165146957656964,1,At Risk,Launch win-back campaigns with personalized offers and re-engagement discounts.
15067,78,3,1744.76,2,3,4,234,9,0.4019933629965244,0.0596054655268191,0.6964857083075282,3,Loyal Customers,"Use cross-selling, upselling, and exclusive member offers."
15068,46,2,553.36,3,3,3,333,9,0.0144867079241929,-0.3615827770984003,-0.2151708777825496,2,New Customers,Use welcome offers and second-purchase incentives to build loyalty.
15069,179,1,1109.53,2,1,4,214,7,1.0165034021035235,-0.9552142636712972,0.3369886263439604,1,At Risk,Launch win-back campaigns with personalized offers and re-engagement discounts.
15070,373,1,106.2,1,1,1,111,3,1.5622054467539612,-0.9552142636712972,-1.5210020530388133,1,At Risk,Launch win-back campaigns with personalized offers and re-engagement discounts.
15071,94,2,982.07,2,3,4,234,9,0.5396160195399382,-0.3615827770984003,0.2401015396128301,3,Loyal Customers,"Use cross-selling, upselling, and exclusive member offers."
15073,10,3,1043.41,5,3,4,534,12,-1.0691974256329595,0.0596054655268191,0.2882040802054529,2,New Customers,Use welcome offers and second-purchase incentives to build loyalty.
15074,105,1,735.67,2,1,3,213,6,0.6213723494390907,-0.9552142636712972,0.0107906166735266,1,At Risk,Launch win-back campaigns with personalized offers and re-engagement discounts.
15075,78,1,773.03,2,1,3,213,6,0.4019933629965244,-0.9552142636712972,0.0501062667176034,1,At Risk,Launch win-back campaigns with personalized offers and re-engagement discounts.
15076,173,1,880.85,2,1,3,213,6,0.991205750364562,-0.9552142636712972,0.1537477518957664,1,At Risk,Launch win-back campaigns with personalized offers and re-engagement discounts.
15078,7,32,9743.11,5,5,5,555,15,-1.3068305482073614,3.1491166813065026,2.062998275575608,0,Champions,"Target with premium products, exclusive offers, and loyalty rewards."
15079,213,4,895.61,1,4,3,143,8,1.1456119042818538,0.3863044476016776,0.1669394435059259,3,Loyal Customers,"Use cross-selling, upselling, and exclusive member offers."
15081,22,5,504.8,4,4,3,443,11,-0.5187942651860693,0.6532369520997158,-0.2880259052141704,2,New Customers,Use welcome offers and second-purchase incentives to build loyalty.
15083,257,1,88.2,1,1,1,111,3,1.2851407753342434,-0.9552142636712972,-1.6670850633049694,1,At Risk,Launch win-back campaigns with personalized offers and re-engagement discounts.
15087,282,1,306.94,1,1,2,112,4,1.354155664383771,-0.9552142636712972,-0.682398622800173,1,At Risk,Launch win-back campaigns with personalized offers and re-engagement discounts.
15088,21,2,1160.07,4,3,4,434,11,-0.5519645819744484,-0.3615827770984003,0.3723576697948577,2,New Customers,Use welcome offers and second-purchase incentives to build loyalty.
15089,10,6,2420.84,5,5,5,555,15,-1.0691974256329595,0.8789251688960832,0.956629909113647,0,Champions,"Target with premium products, exclusive offers, and loyalty rewards."
15090,308,1,381.32,1,1,2,112,4,1.419743263956323,-0.9552142636712972,-0.5104569373362651,1,At Risk,Launch win-back campaigns with personalized offers and re-engagement discounts.
15091,68,1,480.71,3,1,2,312,6,0.3010003961540392,-0.9552142636712972,-0.3268078632836694,1,At Risk,Launch win-back campaigns with personalized offers and re-engagement discounts.
15092,215,2,457.81,1,3,2,132,6,1.1525534358129637,-0.3615827770984003,-0.3655159364997259,1,At Risk,Launch win-back campaigns with personalized offers and re-engagement discounts.
15093,18,6,4597.02,4,5,5,455,14,-0.6613614517492411,0.8789251688960832,1.4661283046465163,0,Champions,"Target with premium products, exclusive offers, and loyalty rewards."
15095,104,4,1370.6,2,4,4,244,10,0.6142992229409651,0.3863044476016776,0.5047878479464791,3,Loyal Customers,"Use cross-selling, upselling, and exclusive member offers."
15096,43,1,219.39,3,1,1,311,5,-0.0347317383159377,-0.9552142636712972,-0.9482399581153618,1,At Risk,Launch win-back campaigns with personalized offers and re-engagement discounts.
15097,4,1,248.08,5,1,1,511,7,-1.6575516078937147,-0.9552142636712972,-0.8509848361011781,2,New Customers,Use welcome offers and second-purchase incentives to build loyalty.
15098,182,3,39916.5,1,3,5,135,9,1.0288377202565722,0.0596054655268191,3.183684776405417,3,Loyal Customers,"Use cross-selling, upselling, and exclusive member offers."
15099,84,1,410.48,2,1,2,212,5,0.4566184208346949,-0.9552142636712972,-0.4520425059877868,1,At Risk,Launch win-back campaigns with personalized offers and re-engagement discounts.
15100,334,3,876.0,1,3,3,133,7,1.480028953972913,0.0596054655268191,0.1493648444570132,1,At Risk,Launch win-back campaigns with personalized offers and re-engagement discounts.
15101,9,2,317.53,5,3,2,532,10,-1.1403187642352035,-0.3615827770984003,-0.6555275307647119,2,New Customers,Use welcome offers and second-purchase incentives to build loyalty.
15103,31,2,703.36,4,3,3,433,10,-0.2723648608903394,-0.3615827770984003,-0.0248532648017004,2,New Customers,Use welcome offers and second-purchase incentives to build loyalty.
15104,197,2,993.54,1,3,4,134,8,1.087624740705768,-0.3615827770984003,0.2493203716210157,1,At Risk,Launch win-back campaigns with personalized offers and re-engagement discounts.
15105,18,7,2298.93,4,5,5,455,14,-0.6613614517492411,1.0744251947249353,0.9155831101369049,0,Champions,"Target with premium products, exclusive offers, and loyalty rewards."
15106,18,5,1422.52,4,4,4,444,12,-0.6613614517492411,0.6532369520997158,0.5343157400891884,3,Loyal Customers,"Use cross-selling, upselling, and exclusive member offers."
15107,311,6,319.5,1,5,2,152,8,1.4269530713337628,0.8789251688960832,-0.6506275472643844,1,At Risk,Launch win-back campaigns with personalized offers and re-engagement discounts.
15108,142,4,1300.25,2,4,4,244,10,0.844791532568056,0.3863044476016776,0.4629433757593542,3,Loyal Customers,"Use cross-selling, upselling, and exclusive member offers."
15109,246,1,484.95,1,1,2,112,4,1.252627506451775,-0.9552142636712972,-0.3198432964600784,1,At Risk,Launch win-back campaigns with personalized offers and re-engagement discounts.
15110,24,4,996.1,4,4,4,444,12,-0.4565741366045358,0.3863044476016776,0.2513634151849495,3,Loyal Customers,"Use cross-selling, upselling, and exclusive member offers."
15111,29,3,1567.48,4,3,4,434,11,-0.3205241028950956,0.0596054655268191,0.611383903598338,3,Loyal Customers,"Use cross-selling, upselling, and exclusive member offers."
15113,10,3,3509.43,5,3,5,535,13,-1.0691974256329595,0.0596054655268191,1.2516414811561245,3,Loyal Customers,"Use cross-selling, upselling, and exclusive member offers."
15114,30,10,2760.56,4,5,5,455,14,-0.2960560335189878,1.54066546553549,1.0609523284694329,0,Champions,"Target with premium products, exclusive offers, and loyalty rewards."
15115,18,1,340.11,4,1,2,412,7,-0.6613614517492411,-0.9552142636712972,-0.6010979572610077,2,New Customers,Use welcome offers and second-purchase incentives to build loyalty.
15116,18,4,1352.75,4,4,4,444,12,-0.6613614517492411,0.3863044476016776,0.4943773762104776,3,Loyal Customers,"Use cross-selling, upselling, and exclusive member offers."
15117,15,5,1551.78,4,4,4,444,12,-0.7895977045488505,0.6532369520997158,0.60338884536856,3,Loyal Customers,"Use cross-selling, upselling, and exclusive member offers."
15118,134,1,244.8,2,1,1,211,4,0.8018323761266101,-0.9552142636712972,-0.8615196911214695,1,At Risk,Launch win-back campaigns with personalized offers and re-engagement discounts.
15119,246,1,266.4,1,1,2,112,4,1.252627506451775,-0.9552142636712972,-0.7945818024218239,1,At Risk,Launch win-back campaigns with personalized offers and re-engagement discounts.
15120,134,1,358.82,2,1,2,212,5,0.8018323761266101,-0.9552142636712972,-0.5586603800338675,1,At Risk,Launch win-back campaigns with personalized offers and re-engagement discounts.
15121,50,2,457.72,3,3,2,332,8,0.0754356108856238,-0.3615827770984003,-0.3656718452536559,2,New Customers,Use welcome offers and second-purchase incentives to build loyalty.
15122,114,3,1633.78,2,3,4,234,9,0.68218320610311,0.0596054655268191,0.6442866104687092,3,Loyal Customers,"Use cross-selling, upselling, and exclusive member offers."
15123,7,2,2199.31,5,3,5,535,13,-1.3068305482073614,-0.3615827770984003,0.880392234066164,2,New Customers,Use welcome offers and second-purchase incentives to build loyalty.
15124,23,2,184.19,4,3,1,431,8,-0.4870358868672529,-0.3615827770984003,-1.086535568306867,2,New Customers,Use welcome offers and second-purchase incentives to build loyalty.
15125,25,15,11528.48,4,5,5,455,14,-0.4273072773233673,2.089244923923052,2.196706602728415,0,Champions,"Target with premium products, exclusive offers, and loyalty rewards."
15127,66,1,406.53,3,1,2,312,6,0.2790514826837337,-0.9552142636712972,-0.4597083419410073,1,At Risk,Launch win-back campaigns with personalized offers and re-engagement discounts.
15128,60,4,1471.0,3,4,4,344,11,0.2090430589164636,0.3863044476016776,0.5609306433510468,3,Loyal Customers,"Use cross-selling, upselling, and exclusive member offers."
15129,50,11,3447.4,3,5,5,355,13,0.0754356108856238,1.668056681297832,1.237472934004462,0,Champions,"Target with premium products, exclusive offers, and loyalty rewards."
15130,170,1,330.11,2,1,2,212,5,0.978227870930976,-0.9552142636712972,-0.6247445663777793,1,At Risk,Launch win-back campaigns with personalized offers and re-engagement discounts.
15132,18,5,977.93,4,4,4,444,12,-0.6613614517492411,0.6532369520997158,0.2367476385634382,3,Loyal Customers,"Use cross-selling, upselling, and exclusive member offers."
15133,128,3,982.42,2,3,4,234,9,0.7679079316757323,0.0596054655268191,0.2403844341554234,3,Loyal Customers,"Use cross-selling, upselling, and exclusive member offers."
15134,15,8,1387.99,4,5,4,454,13,-0.7895977045488505,1.2468684386726128,0.5148005588963107,0,Champions,"Target with premium products, exclusive offers, and loyalty rewards."
15135,239,1,139.05,1,1,1,111,3,1.231174428080437,-0.9552142636712972,-1.3085687943113593,1,At Risk,Launch win-back campaigns with personalized offers and re-engagement discounts.
15136,3,4,1286.7,5,4,4,544,13,-1.824063391865872,0.3863044476016776,0.4546244382789967,2,New Customers,Use welcome offers and second-purchase incentives to build loyalty.
15139,240,2,178.96,1,3,1,131,5,1.2342771737504357,-0.3615827770984003,-1.1093027014363988,1,At Risk,Launch win-back campaigns with personalized offers and re-engagement discounts.
15140,52,7,2354.25,3,5,5,355,13,0.10413950578058,1.0744251947249353,0.9344723464812628,3,Loyal Customers,"Use cross-selling, upselling, and exclusive member offers."
15142,46,1,498.74,3,1,3,313,7,0.0144867079241929,-0.9552142636712972,-0.2976050512351924,1,At Risk,Launch win-back campaigns with personalized offers and re-engagement discounts.
15143,226,1,259.45,1,1,2,112,4,1.1896188509298031,-0.9552142636712972,-0.8155107620271422,1,At Risk,Launch win-back campaigns with personalized offers and re-engagement discounts.
15144,8,17,6580.44,5,5,5,555,15,-1.2189397565026774,2.2616881678707283,1.7511396888898554,0,Champions,"Target with premium products, exclusive offers, and loyalty rewards."
15145,4,4,1194.73,5,4,4,544,13,-1.6575516078937147,0.3863044476016776,0.3957344882427114,2,New Customers,Use welcome offers and second-purchase incentives to build loyalty.
15146,165,2,1327.16,2,3,4,234,9,0.9560835379863236,-0.3615827770984003,0.4792108007751633,3,Loyal Customers,"Use cross-selling, upselling, and exclusive member offers."
15147,240,1,623.5,1,1,3,113,5,1.2342771737504357,-0.9552142636712972,-0.1204893946555349,1,At Risk,Launch win-back campaigns with personalized offers and re-engagement discounts.
15148,11,1,301.29,5,1,2,512,8,-1.0042687305257638,-0.9552142636712972,-0.6971154966278497,2,New Customers,Use welcome offers and second-purchase incentives to build loyalty.
15149,134,1,520.8,2,1,3,213,6,0.8018323761266101,-0.9552142636712972,-0.2632756746344816,1,At Risk,Launch win-back campaigns with personalized offers and re-engagement discounts.
15150,17,10,5291.33,4,5,5,455,14,-0.7017069128441668,1.54066546553549,1.5778930859655576,0,Champions,"Target with premium products, exclusive offers, and loyalty rewards."
15152,10,13,4745.69,5,5,5,555,15,-1.0691974256329595,1.8937448980941995,1.4914179315297285,0,Champions,"Target with premium products, exclusive offers, and loyalty rewards."
15153,31,1,329.25,4,1,2,412,7,-0.2723648608903394,-0.9552142636712972,-0.6268114167346278,2,New Customers,Use welcome offers and second-purchase incentives to build loyalty.
15154,75,1,254.28,2,1,2,212,5,0.3731042355677808,-0.9552142636712972,-0.8314449875398339,1,At Risk,Launch win-back campaigns with personalized offers and re-engagement discounts.
15156,1,3,961.49,5,3,4,534,12,-2.341296235524383,0.0596054655268191,0.2232877657005054,2,New Customers,Use welcome offers and second-purchase incentives to build loyalty.
15157,4,3,1936.07,5,3,4,534,12,-1.6575516078937147,0.0596054655268191,0.7791266692165068,2,New Customers,Use welcome offers and second-purchase incentives to build loyalty.
15158,45,1,401.4,3,1,2,312,6,-0.0015614215275583,-0.9552142636712972,-0.4697758955303983,1,At Risk,Launch win-back campaigns with personalized offers and re-engagement discounts.
15159,2,30,18641.01,5,5,5,555,15,-2.038734417842785,3.057582165231702,2.578581456443874,0,Champions,"Target with premium products, exclusive offers, and loyalty rewards."
15160,357,1,158.16,1,1,1,111,3,1.5295790803664373,-0.9552142636712972,-1.2069148091907254,1,At Risk,Launch win-back campaigns with personalized offers and re-engagement discounts.
15163,18,2,304.47,4,3,2,432,9,-0.6613614517492411,-0.3615827770984003,-0.6887988694590151,2,New Customers,Use welcome offers and second-purchase incentives to build loyalty.
15164,69,3,824.58,3,3,3,333,9,0.3117374052593681,0.0596054655268191,0.1013467521845739,3,Loyal Customers,"Use cross-selling, upselling, and exclusive member offers."
15165,373,1,487.75,1,1,3,113,5,1.5622054467539612,-0.9552142636712972,-0.315277289988583,1,At Risk,Launch win-back campaigns with personalized offers and re-engagement discounts.
15167,321,1,158.8,1,1,1,111,3,1.4504947479670136,-0.9552142636712972,-1.2037255295760825,1,At Risk,Launch win-back campaigns with personalized offers and re-engagement discounts.
15168,26,1,106.56,4,1,1,411,6,-0.3991450951625692,-0.9552142636712972,-1.518337663161309,2,New Customers,Use welcome offers and second-purchase incentives to build loyalty.
15171,331,1,1289.5,1,1,4,114,6,1.4733163816448338,-0.9552142636712972,0.4563506333046867,1,At Risk,Launch win-back campaigns with personalized offers and re-engagement discounts.
15172,9,5,1624.05,5,4,4,544,13,-1.1403187642352035,0.6532369520997158,0.6395423618420304,0,Champions,"Target with premium products, exclusive offers, and loyalty rewards."
15174,323,1,135.75,1,1,1,111,3,1.4551152534945606,-0.9552142636712972,-1.327519120684174,1,At Risk,Launch win-back campaigns with personalized offers and re-engagement discounts.
15175,72,1,224.14,3,1,1,311,5,0.343051479153905,-0.9552142636712972,-0.9312934050710608,1,At Risk,Launch win-back campaigns with personalized offers and re-engagement discounts.
15178,260,1,40.5,1,1,1,111,3,1.2937675680461596,-0.9552142636712972,-2.275200737778378,1,At Risk,Launch win-back campaigns with personalized offers and re-engagement discounts.
15179,18,5,2206.95,4,4,5,445,13,-0.6613614517492411,0.6532369520997158,0.8831469375280275,3,Loyal Customers,"Use cross-selling, upselling, and exclusive member offers."
15180,367,1,87.5,1,1,1,111,3,1.5501371094479746,-0.9552142636712972,-1.673346314410455,1,At Risk,Launch win-back campaigns with personalized offers and re-engagement discounts.
15181,66,3,689.48,3,3,3,333,9,0.2790514826837337,0.0596054655268191,-0.04067039433101,3,Loyal Customers,"Use cross-selling, upselling, and exclusive member offers."
15182,154,2,622.85,2,3,3,233,8,0.9049214377701916,-0.3615827770984003,-0.1213170038236402,1,At Risk,Launch win-back campaigns with personalized offers and re-engagement discounts.
15184,29,2,402.2,4,3,2,432,9,-0.3205241028950956,-0.3615827770984003,-0.4681974887604826,2,New Customers,Use welcome offers and second-purchase incentives to build loyalty.
15185,70,1,310.62,3,1,2,312,6,0.322322111219249,-0.9552142636712972,-0.6729576267110146,1,At Risk,Launch win-back campaigns with personalized offers and re-engagement discounts.
15186,14,2,411.41,4,3,2,432,9,-0.8377569465536066,-0.3615827770984003,-0.4502483418809129,2,New Customers,Use welcome offers and second-purchase incentives to build loyalty.
15187,2,16,4777.18,5,5,5,555,15,-2.038734417842785,2.178003940795619,1.4966728193440653,0,Champions,"Target with premium products, exclusive offers, and loyalty rewards."
15189,1,41,16225.39,5,5,5,555,15,-2.341296235524383,3.5021961138652125,2.468290195092463,0,Champions,"Target with premium products, exclusive offers, and loyalty rewards."
15192,120,3,1044.32,2,3,4,234,9,0.7201342279169752,0.0596054655268191,0.2888962290609117,3,Loyal Customers,"Use cross-selling, upselling, and exclusive member offers."
15193,61,1,499.32,3,1,3,313,7,0.2211768101395232,-0.9552142636712972,-0.2966832224865564,1,At Risk,Launch win-back campaigns with personalized offers and re-engagement discounts.
15194,3,15,7616.53,5,5,5,555,15,-1.824063391865872,2.089244923923052,1.8673277467159115,0,Champions,"Target with premium products, exclusive offers, and loyalty rewards."
15195,3,1,3861.0,5,1,5,515,11,-1.824063391865872,-0.9552142636712972,1.327495560763275,2,New Customers,Use welcome offers and second-purchase incentives to build loyalty.
15197,11,3,1079.61,5,3,4,534,12,-1.0042687305257638,0.0596054655268191,0.3152832800201503,2,New Customers,Use welcome offers and second-purchase incentives to build loyalty.
15198,92,2,193.64,2,3,1,231,6,0.5237386278211207,-0.3615827770984003,-1.046982476247312,1,At Risk,Launch win-back campaigns with personalized offers and re-engagement discounts.
15199,59,4,1268.7,3,4,4,344,11,0.196708740763415,0.3863044476016776,0.4434370353848423,3,Loyal Customers,"Use cross-selling, upselling, and exclusive member offers."
15201,87,5,1236.54,2,4,4,244,10,0.4825011053425735,0.6532369520997158,0.4230482096182385,3,Loyal Customers,"Use cross-selling, upselling, and exclusive member offers."
15203,26,6,1827.8,4,5,4,454,13,-0.3991450951625692,0.8789251688960832,0.7334167158208587,3,Loyal Customers,"Use cross-selling, upselling, and exclusive member offers."
15204,357,1,316.58,1,1,2,112,4,1.5295790803664373,-0.9552142636712972,-0.6579013080401966,1,At Risk,Launch win-back campaigns with personalized offers and re-engagement discounts.
15205,85,2,653.24,2,3,3,233,8,0.4653461139941349,-0.3615827770984003,-0.0835163429420443,1,At Risk,Launch win-back campaigns with personalized offers and re-engagement discounts.
15206,10,4,420.3,5,4,2,542,11,-1.0691974256329595,0.3863044476016776,-0.4332990533005696,2,New Customers,Use welcome offers and second-purchase incentives to build loyalty.
15208,1,5,870.12,5,4,3,543,12,-2.341296235524383,0.6532369520997158,0.1440185117084833,2,New Customers,Use welcome offers and second-purchase incentives to build loyalty.
15210,225,1,331.18,1,1,2,112,4,1.1863243234655771,-0.9552142636712972,-0.6221805017503362,1,At Risk,Launch win-back campaigns with personalized offers and re-engagement discounts.
15211,60,2,894.41,3,3,3,333,9,0.2090430589164636,-0.3615827770984003,0.165875087974802,3,Loyal Customers,"Use cross-selling, upselling, and exclusive member offers."
15212,241,1,101.8,1,1,1,111,3,1.237367071575486,-0.9552142636712972,-1.554309796321323,1,At Risk,Launch win-back campaigns with personalized offers and re-engagement discounts.
15213,319,2,328.35,1,3,2,132,6,1.4458454540573504,-0.3615827770984003,-0.6289801712420563,1,At Risk,Launch win-back campaigns with personalized offers and re-engagement discounts.
15214,2,8,1661.44,5,5,4,554,14,-2.038734417842785,1.2468684386726128,0.6576206795550258,0,Champions,"Target with premium products, exclusive offers, and loyalty rewards."
15215,47,3,734.94,3,3,3,333,9,0.030196956791258,0.0596054655268191,0.0100026943354554,3,Loyal Customers,"Use cross-selling, upselling, and exclusive member offers."
15216,88,1,96.6,2,1,1,211,4,0.4909329380903411,-0.9552142636712972,-1.595562402274309,1,At Risk,Launch win-back campaigns with personalized offers and re-engagement discounts.
15218,11,11,5756.89,5,5,5,555,15,-1.0042687305257638,1.668056681297832,1.6448985408364123,0,Champions,"Target with premium products, exclusive offers, and loyalty rewards."
15219,176,1,305.75,2,1,2,212,5,1.0039617748066132,-0.9552142636712972,-0.6854757086903044,1,At Risk,Launch win-back campaigns with personalized offers and re-engagement discounts.
15220,52,6,1778.96,3,5,4,354,12,0.10413950578058,0.8789251688960832,0.7119041389491098,3,Loyal Customers,"Use cross-selling, upselling, and exclusive member offers."
15221,366,1,403.25,1,1,2,112,4,1.5481066068113414,-0.9552142636712972,-0.4661305758986391,1,At Risk,Launch win-back campaigns with personalized offers and re-engagement discounts.
15222,319,1,585.0,1,1,3,113,5,1.4458454540573504,-0.9552142636712972,-0.1710591323688223,1,At Risk,Launch win-back campaigns with personalized offers and re-engagement discounts.
15223,226,2,755.75,1,3,3,133,7,1.1896188509298031,-0.3615827770984003,0.0321631587879676,1,At Risk,Launch win-back campaigns with personalized offers and re-engagement discounts.
15224,358,2,322.08,1,3,2,132,6,1.531660558029954,-0.3615827770984003,-0.6442556648062823,1,At Risk,Launch win-back campaigns with personalized offers and re-engagement discounts.
15225,234,1,409.4,1,1,2,112,4,1.2154641792133722,-0.9552142636712972,-0.4541311472620234,1,At Risk,Launch win-back campaigns with personalized offers and re-engagement discounts.
15226,311,1,154.41,1,1,1,111,3,1.4269530713337628,-0.9552142636712972,-1.225863656756121,1,At Risk,Launch win-back campaigns with personalized offers and re-engagement discounts.
15227,37,5,1219.4,3,4,4,344,11,-0.1441286080907301,0.6532369520997158,0.411964252350832,3,Loyal Customers,"Use cross-selling, upselling, and exclusive member offers."
15228,66,4,3386.71,3,4,5,345,12,0.2790514826837337,0.3863044476016776,1.223361609853976,3,Loyal Customers,"Use cross-selling, upselling, and exclusive member offers."
15230,239,2,429.6,1,3,2,132,6,1.231174428080437,-0.3615827770984003,-0.4159466414671661,1,At Risk,Launch win-back campaigns with personalized offers and re-engagement discounts.
15232,113,2,612.06,2,3,3,233,8,0.6756660532493783,-0.3615827770984003,-0.1351827301246395,1,At Risk,Launch win-back campaigns with personalized offers and re-engagement discounts.
15234,277,1,197.0,1,1,1,111,3,1.3408538993577666,-0.9552142636712972,-1.0333804502495298,1,At Risk,Launch win-back campaigns with personalized offers and re-engagement discounts.
15235,218,12,2247.51,1,5,5,155,11,1.1628461404940136,1.7852452398084837,0.8976135946549791,3,Loyal Customers,"Use cross-selling, upselling, and exclusive member offers."
15236,299,1,321.05,1,1,2,112,4,1.3976862120525944,-0.9552142636712972,-0.6467933550992901,1,At Risk,Launch win-back campaigns with personalized offers and re-engagement discounts.
15237,2,4,1412.32,5,4,4,544,13,-2.038734417842785,0.3863044476016776,0.5286007502298798,2,New Customers,Use welcome offers and second-purchase incentives to build loyalty.
15238,29,3,1071.99,4,3,4,434,11,-0.3205241028950956,0.0596054655268191,0.3096593487580527,3,Loyal Customers,"Use cross-selling, upselling, and exclusive member offers."
15239,10,2,780.59,5,3,3,533,11,-1.0691974256329595,-0.3615827770984003,0.0578307592781073,2,New Customers,Use welcome offers and second-purchase incentives to build loyalty.
15240,45,5,1706.57,3,4,4,344,11,-0.0015614215275583,0.6532369520997158,0.6789073810629664,3,Loyal Customers,"Use cross-selling, upselling, and exclusive member offers."
15241,67,8,1756.44,3,5,4,354,12,0.2901066368625376,1.2468684386726128,0.7017851215006349,3,Loyal Customers,"Use cross-selling, upselling, and exclusive member offers."
15243,74,1,316.68,2,1,2,212,5,0.3632205247355723,-0.9552142636712972,-0.6576511025955032,1,At Risk,Launch win-back campaigns with personalized offers and re-engagement discounts.
15244,65,2,631.57,3,3,3,333,9,0.2678300793656594,-0.3615827770984003,-0.1102854451309642,3,Loyal Customers,"Use cross-selling, upselling, and exclusive member offers."
15245,134,3,2515.84,2,3,5,235,10,0.8018323761266101,0.0596054655268191,0.9872082948921894,3,Loyal Customers,"Use cross-selling, upselling, and exclusive member offers."
15246,238,2,514.15,1,3,3,133,7,1.228058727276131,-0.3615827770984003,-0.2734690506765445,1,At Risk,Launch win-back campaigns with personalized offers and re-engagement discounts.
15247,122,1,356.0,2,1,2,212,5,0.7323674405541809,-0.9552142636712972,-0.5649133954228834,1,At Risk,Launch win-back campaigns with personalized offers and re-engagement discounts.
15249,32,13,6688.46,4,5,5,455,14,-0.2494027642928512,1.8937448980941995,1.764077525150837,0,Champions,"Target with premium products, exclusive offers, and loyalty rewards."
15251,9,11,10484.99,5,5,5,555,15,-1.1403187642352035,1.668056681297832,2.1213130628733943,0,Champions,"Target with premium products, exclusive offers, and loyalty rewards."
15252,36,2,740.78,3,3,3,333,9,-0.164028700972232,-0.3615827770984003,0.0162843079566313,2,New Customers,Use welcome offers and second-purchase incentives to build loyalty.
15253,16,5,918.2,4,4,3,443,11,-0.7443590504544844,0.6532369520997158,0.1867144437343028,3,Loyal Customers,"Use cross-selling, upselling, and exclusive member offers."
15254,127,1,300.36,2,1,2,212,5,0.7621008264266822,-0.9552142636712972,-0.6995642573463196,1,At Risk,Launch win-back campaigns with personalized offers and re-engagement discounts.
15255,67,1,890.85,3,1,3,313,7,0.2901066368625376,-0.9552142636712972,0.1627090865978087,1,At Risk,Launch win-back campaigns with personalized offers and re-engagement discounts.
15256,149,1,98.45,2,1,1,211,4,0.8804533683940834,-0.9552142636712972,-1.5806393963106498,1,At Risk,Launch win-back campaigns with personalized offers and re-engagement discounts.
15257,283,1,317.15,1,1,2,112,4,1.356787798536271,-0.9552142636712972,-0.6564761910143718,1,At Risk,Launch win-back campaigns with personalized offers and re-engagement discounts.
15258,169,2,623.16,2,3,3,233,8,0.973851264493206,-0.3615827770984003,-0.12092219040906,1,At Risk,Launch win-back campaigns with personalized offers and re-engagement discounts.
15260,100,7,1810.77,2,5,4,254,11,0.5853165797205673,1.0744251947249353,0.7259814466992263,3,Loyal Customers,"Use cross-selling, upselling, and exclusive member offers."
15261,135,1,254.82,2,1,2,212,5,0.8073394805210485,-0.9552142636712972,-0.8297656565467246,1,At Risk,Launch win-back campaigns with personalized offers and re-engagement discounts.
15262,324,1,178.95,1,1,1,111,3,1.45741482159648,-0.9552142636712972,-1.1093468640074649,1,At Risk,Launch win-back campaigns with personalized offers and re-engagement discounts.
15263,107,1,156.51,2,1,1,211,4,0.6353205921544528,-0.9552142636712972,-1.215196694562014,1,At Risk,Launch win-back campaigns with personalized offers and re-engagement discounts.
15264,64,1,393.74,3,1,2,312,6,0.2564373503073006,-0.9552142636712972,-0.4850500014581749,1,At Risk,Launch win-back campaigns with personalized offers and re-engagement discounts.
15265,151,2,1506.12,2,3,4,234,9,0.8903370792262918,-0.3615827770984003,0.5796691463528344,3,Loyal Customers,"Use cross-selling, upselling, and exclusive member offers."
15266,338,1,119.3,1,1,1,111,3,1.488886141147174,-0.9552142636712972,-1.429376027141004,1,At Risk,Launch win-back campaigns with personalized offers and re-engagement discounts.
15267,22,5,1717.36,4,4,4,444,12,-0.5187942651860693,0.6532369520997158,0.6839134019624635,3,Loyal Customers,"Use cross-selling, upselling, and exclusive member offers."
15269,24,1,408.8,4,1,2,412,7,-0.4565741366045358,-0.9552142636712972,-0.455293879799222,2,New Customers,Use welcome offers and second-purchase incentives to build loyalty.
15270,16,7,2379.49,4,5,5,455,14,-0.7443590504544844,1.0744251947249353,0.9429437208506786,0,Champions,"Target with premium products, exclusive offers, and loyalty rewards."
15271,7,15,2493.34,5,5,5,555,15,-1.3068305482073614,2.089244923923052,0.9800716564239896,0,Champions,"Target with premium products, exclusive offers, and loyalty rewards."
15272,57,2,721.94,3,3,3,333,9,0.1714110890244534,-0.3615827770984003,-0.0041612281060046,3,Loyal Customers,"Use cross-selling, upselling, and exclusive member offers."
15274,4,2,716.57,5,3,3,533,11,-1.6575516078937147,-0.3615827770984003,-0.0100864999873427,2,New Customers,Use welcome offers and second-purchase incentives to build loyalty.
15275,38,1,615.14,3,1,3,313,7,-0.1247454596417701,-0.9552142636712972,-0.1312000324858295,2,New Customers,Use welcome offers and second-purchase incentives to build loyalty.
15276,66,1,128.63,3,1,1,311,5,0.2790514826837337,-0.9552142636712972,-1.3700133637278002,1,At Risk,Launch win-back campaigns with personalized offers and re-engagement discounts.
15277,47,1,255.9,3,1,2,312,6,0.030196956791258,-0.9552142636712972,-0.8264176029477351,1,At Risk,Launch win-back campaigns with personalized offers and re-engagement discounts.
15279,355,1,290.51,1,1,2,112,4,1.525398625407363,-0.9552142636712972,-0.7259740494326584,1,At Risk,Launch win-back campaigns with personalized offers and re-engagement discounts.
15280,172,1,113.12,2,1,1,211,4,0.9869048205414844,-0.9552142636712972,-1.4712884453352488,1,At Risk,Launch win-back campaigns with personalized offers and re-engagement discounts.
15281,59,9,2332.15,3,5,5,355,13,0.196708740763415,1.4011241767997944,0.9269799785588336,3,Loyal Customers,"Use cross-selling, upselling, and exclusive member offers."
15286,50,1,240.55,3,1,1,311,5,0.0754356108856238,-0.9552142636712972,-0.8753810954580754,1,At Risk,Launch win-back campaigns with personalized offers and re-engagement discounts.
15287,22,2,486.69,4,3,2,432,9,-0.5187942651860693,-0.3615827770984003,-0.3170027652480534,2,New Customers,Use welcome offers and second-purchase incentives to build loyalty.
15288,43,5,2306.52,3,4,5,345,12,-0.0347317383159377,0.6532369520997158,0.918201472806586,3,Loyal Customers,"Use cross-selling, upselling, and exclusive member offers."
15289,29,3,939.78,4,3,4,434,11,-0.3205241028950956,0.0596054655268191,0.2051565668557272,3,Loyal Customers,"Use cross-selling, upselling, and exclusive member offers."
15290,5,18,7943.22,5,5,5,555,15,-1.5215015741842748,2.340846655976633,1.9007003035512136,0,Champions,"Target with premium products, exclusive offers, and loyalty rewards."
15291,26,15,4668.3,4,5,5,455,14,-0.3991450951625692,2.089244923923052,1.4783539096150595,0,Champions,"Target with premium products, exclusive offers, and loyalty rewards."
15292,201,1,178.39,1,1,1,111,3,1.1025494233790782,-0.9552142636712972,-1.1118238929318272,1,At Risk,Launch win-back campaigns with personalized offers and re-engagement discounts.
15296,51,6,3672.86,3,5,5,355,13,0.0899255663351436,0.8789251688960832,1.2878050363536797,3,Loyal Customers,"Use cross-selling, upselling, and exclusive member offers."
15297,10,3,641.94,5,3,3,533,11,-1.0691974256329595,0.0596054655268191,-0.0973627612588714,2,New Customers,Use welcome offers and second-purchase incentives to build loyalty.
15298,2,12,4799.9,5,5,5,555,15,-2.038734417842785,1.7852452398084837,1.5004427521009402,0,Champions,"Target with premium products, exclusive offers, and loyalty rewards."
15299,67,7,4507.01,3,5,5,355,13,0.2901066368625376,1.0744251947249353,1.450416571555577,3,Loyal Customers,"Use cross-selling, upselling, and exclusive member offers."
15300,64,1,496.44,3,1,3,313,7,0.2564373503073006,-0.9552142636712972,-0.3012711428143793,1,At Risk,Launch win-back campaigns with personalized offers and re-engagement discounts.
15301,51,12,5049.95,3,5,5,355,13,0.0899255663351436,1.7852452398084837,1.5407934094159348,0,Champions,"Target with premium products, exclusive offers, and loyalty rewards."
15303,290,1,574.02,1,1,3,113,5,1.3749572694199874,-0.9552142636712972,-0.1860913775240112,1,At Risk,Launch win-back campaigns with personalized offers and re-engagement discounts.
15304,61,8,694.4,3,5,3,353,11,0.2211768101395232,1.2468684386726128,-0.035027660530468,3,Loyal Customers,"Use cross-selling, upselling, and exclusive member offers."
15306,64,3,1174.35,3,3,4,334,10,0.2564373503073006,0.0596054655268191,0.3820724048959756,3,Loyal Customers,"Use cross-selling, upselling, and exclusive member offers."
15307,96,1,205.3,2,1,1,211,4,0.5551626080798789,-0.9552142636712972,-1.0007454487894143,1,At Risk,Launch win-back campaigns with personalized offers and re-engagement discounts.
15308,274,1,310.47,1,1,2,112,4,1.3327575169453991,-0.9552142636712972,-0.6733402652846232,1,At Risk,Launch win-back campaigns with personalized offers and re-engagement discounts.
15311,1,91,60632.75,5,5,5,555,15,-2.341296235524383,4.650205384783498,3.515910172569876,0,Champions,"Target with premium products, exclusive offers, and loyalty rewards."
15312,75,4,924.85,2,4,3,243,9,0.3731042355677808,0.3863044476016776,0.192443243577343,3,Loyal Customers,"Use cross-selling, upselling, and exclusive member offers."
15313,110,1,52.0,2,1,1,211,4,0.6557659603678762,-0.9552142636712972,-2.0808115826478786,1,At Risk,Launch win-back campaigns with personalized offers and re-engagement discounts.
15314,199,1,327.97,1,1,2,112,4,1.0951243943709967,-0.9552142636712972,-0.6298976475501071,1,At Risk,Launch win-back campaigns with personalized offers and re-engagement discounts.
15315,64,2,570.5,3,3,3,333,9,0.2564373503073006,-0.3615827770984003,-0.1909712745278059,1,At Risk,Launch win-back campaigns with personalized offers and re-engagement discounts.
15316,327,1,165.0,1,1,1,111,3,1.464271310189606,-0.9552142636712972,-1.1734744201726768,1,At Risk,Launch win-back campaigns with personalized offers and re-engagement discounts.
15318,4,1,312.62,5,1,2,512,8,-1.6575516078937147,-0.9552142636712972,-0.6678733054390692,2,New Customers,Use welcome offers and second-purchase incentives to build loyalty.
15319,284,1,204.5,1,1,1,111,3,1.3594106808800466,-0.9552142636712972,-1.003833272187939,1,At Risk,Launch win-back campaigns with personalized offers and re-engagement discounts.
15320,44,1,267.13,3,1,2,312,6,-0.0179622852134984,-0.9552142636712972,-0.7924151582788409,1,At Risk,Launch win-back campaigns with personalized offers and re-engagement discounts.
15321,71,3,2748.31,3,3,5,335,11,0.3327587744728552,0.0596054655268191,1.0574191554892272,3,Loyal Customers,"Use cross-selling, upselling, and exclusive member offers."
15322,86,1,679.68,2,1,3,213,6,0.473972906706051,-0.9552142636712972,-0.0520307936799479,1,At Risk,Launch win-back campaigns with personalized offers and re-engagement discounts.
15325,104,1,161.74,2,1,1,211,4,0.6142992229409651,-0.9552142636712972,-1.1892370090658395,1,At Risk,Launch win-back campaigns with personalized offers and re-engagement discounts.
15326,334,1,311.71,1,1,2,112,4,1.480028953972913,-0.9552142636712972,-0.6701826394228347,1,At Risk,Launch win-back campaigns with personalized offers and re-engagement discounts.
15327,53,1,208.75,3,1,1,311,5,0.1180877484959417,-0.9552142636712972,-0.9875649518054676,1,At Risk,Launch win-back campaigns with personalized offers and re-engagement discounts.
15329,39,3,1049.7,3,3,4,334,10,-0.1058530769181821,0.0596054655268191,0.2929760027222778,3,Loyal Customers,"Use cross-selling, upselling, and exclusive member offers."
15330,32,2,714.96,4,3,3,433,10,-0.2494027642928512,-0.3615827770984003,-0.0118716204791487,2,New Customers,Use welcome offers and second-purchase incentives to build loyalty.
15332,366,4,1661.06,1,4,4,144,9,1.5481066068113414,0.3863044476016776,0.6574390002231969,3,Loyal Customers,"Use cross-selling, upselling, and exclusive member offers."
15333,208,1,1028.56,1,1,4,114,6,1.1279702018006934,-0.9552142636712972,0.2768230999894559,1,At Risk,Launch win-back campaigns with personalized offers and re-engagement discounts.
15334,157,3,350.82,2,3,2,232,7,0.9192262066550354,0.0596054655268191,-0.5765292132125245,1,At Risk,Launch win-back campaigns with personalized offers and re-engagement discounts.
15335,54,1,170.22,3,1,1,311,5,0.1317800456562198,-0.9552142636712972,-1.1488684703995289,1,At Risk,Launch win-back campaigns with personalized offers and re-engagement discounts.
15339,66,2,574.07,3,3,3,333,9,0.2790514826837337,-0.3615827770984003,-0.1860222761886449,1,At Risk,Launch win-back campaigns with personalized offers and re-engagement discounts.
15341,81,1,2020.52,2,1,4,214,7,0.429805622872584,-0.9552142636712972,0.8130402221403217,3,Loyal Customers,"Use cross-selling, upselling, and exclusive member offers."
15342,130,1,406.09,2,1,2,212,5,0.7793883005555002,-0.9552142636712972,-0.4605668530378794,1,At Risk,Launch win-back campaigns with personalized offers and re-engagement discounts.
15343,87,1,364.5,2,1,2,212,5,0.4825011053425735,-0.9552142636712972,-0.5462130609266642,1,At Risk,Launch win-back campaigns with personalized offers and re-engagement discounts.
15344,1,3,563.94,5,3,3,533,11,-2.341296235524383,0.0596054655268191,-0.2001463662477632,2,New Customers,Use welcome offers and second-purchase incentives to build loyalty.
15345,46,1,393.54,3,1,2,312,6,0.0144867079241929,-0.9552142636712972,-0.4854527622347934,1,At Risk,Launch win-back campaigns with personalized offers and re-engagement discounts.
15346,333,1,252.42,1,1,2,112,4,1.4777981324055245,-0.9552142636712972,-0.8372566636775037,1,At Risk,Launch win-back campaigns with personalized offers and re-engagement discounts.
15347,366,1,201.6,1,1,1,111,3,1.5481066068113414,-0.9552142636712972,-1.0151282914580766,1,At Risk,Launch win-back campaigns with personalized offers and re-engagement discounts.
15348,72,1,158.04,3,1,1,311,5,0.343051479153905,-0.9552142636712972,-1.2075142266024832,1,At Risk,Launch win-back campaigns with personalized offers and re-engagement discounts.
15349,158,2,463.91,2,3,2,232,7,0.9239341671206882,-0.3615827770984003,-0.355019447279363,1,At Risk,Launch win-back campaigns with personalized offers and re-engagement discounts.
15350,373,1,115.65,1,1,1,111,3,1.5622054467539612,-0.9552142636712972,-1.4538620791946475,1,At Risk,Launch win-back campaigns with personalized offers and re-engagement discounts.
15351,12,7,1934.66,5,5,4,554,14,-0.9445401209818785,1.0744251947249353,0.7785479736238032,0,Champions,"Target with premium products, exclusive offers, and loyalty rewards."
15353,255,2,770.12,1,3,3,133,7,1.2793336700851932,-0.3615827770984003,0.0471128228484568,1,At Risk,Launch win-back campaigns with personalized offers and re-engagement discounts.
15355,29,2,277.05,4,3,2,432,9,-0.3205241028950956,-0.3615827770984003,-0.7635434884085716,2,New Customers,Use welcome offers and second-purchase incentives to build loyalty.
15356,31,10,2718.03,4,5,5,455,14,-0.2723648608903394,1.54066546553549,1.04861772906218,0,Champions,"Target with premium products, exclusive offers, and loyalty rewards."
15358,5,22,8347.2,5,5,5,555,15,-1.5215015741842748,2.6205659263872656,1.940119844145386,0,Champions,"Target with premium products, exclusive offers, and loyalty rewards."
15360,40,1,427.93,3,1,2,312,6,-0.0874272207859269,-0.9552142636712972,-0.4190348330933211,2,New Customers,Use welcome offers and second-purchase incentives to build loyalty.
15361,362,1,418.92,1,1,2,112,4,1.539928889257083,-0.9552142636712972,-0.4359065162692364,1,At Risk,Launch win-back campaigns with personalized offers and re-engagement discounts.
15363,373,1,326.0,1,1,2,112,4,1.5622054467539612,-0.9552142636712972,-0.6346710913821458,1,At Risk,Launch win-back campaigns with personalized offers and re-engagement discounts.
15364,96,2,913.19,2,3,3,233,8,0.5551626080798789,-0.3615827770984003,0.182371019887552,3,Loyal Customers,"Use cross-selling, upselling, and exclusive member offers."
15365,26,7,2314.32,4,5,5,455,14,-0.3991450951625692,1.0744251947249353,0.9208833223849188,3,Loyal Customers,"Use cross-selling, upselling, and exclusive member offers."
15366,75,2,602.51,2,3,3,233,8,0.3731042355677808,-0.3615827770984003,-0.1476601115804129,1,At Risk,Launch win-back campaigns with personalized offers and re-engagement discounts.
15367,57,4,1877.59,3,4,4,344,11,0.1714110890244534,0.3863044476016776,0.7547642750480026,3,Loyal Customers,"Use cross-selling, upselling, and exclusive member offers."
15368,21,1,446.94,4,1,2,412,7,-0.5519645819744484,-0.9552142636712972,-0.3845710284107334,2,New Customers,Use welcome offers and second-purchase incentives to build loyalty.
15370,41,7,2386.05,3,5,5,355,13,-0.0694454046897029,1.0744251947249353,0.9451307674202796,3,Loyal Customers,"Use cross-selling, upselling, and exclusive member offers."
15372,137,1,2007.4,2,1,4,214,7,0.8182332398125501,-0.9552142636712972,0.807865497946733,3,Loyal Customers,"Use cross-selling, upselling, and exclusive member offers."
15373,8,12,2415.91,5,5,5,555,15,-1.2189397565026774,1.7852452398084837,0.9550104792342466,0,Champions,"Target with premium products, exclusive offers, and loyalty rewards."
15374,129,1,168.0,2,1,1,211,4,0.7736701939658116,-0.9552142636712972,-1.1592401134305588,1,At Risk,Launch win-back campaigns with personalized offers and re-engagement discounts.
15376,40,3,1221.56,3,3,4,334,10,-0.0874272207859269,0.0596054655268191,0.4133696064702119,3,Loyal Customers,"Use cross-selling, upselling, and exclusive member offers."
15379,169,7,3703.29,2,5,5,255,12,0.973851264493206,1.0744251947249353,1.294360526928262,3,Loyal Customers,"Use cross-selling, upselling, and exclusive member offers."
15380,9,5,1690.26,5,4,4,544,13,-1.1403187642352035,0.6532369520997158,0.671279988228138,0,Champions,"Target with premium products, exclusive offers, and loyalty rewards."
15381,214,2,596.85,1,3,3,133,7,1.1490907416248033,-0.3615827770984003,-0.1551486099490597,1,At Risk,Launch win-back campaigns with personalized offers and re-engagement discounts.
15382,15,6,5955.71,4,5,5,455,14,-0.7895977045488505,0.8789251688960832,1.6718773373606977,0,Champions,"Target with premium products, exclusive offers, and loyalty rewards."
15384,170,2,642.41,2,3,3,233,8,0.978227870930976,-0.3615827770984003,-0.0967820142399326,1,At Risk,Launch win-back campaigns with personalized offers and re-engagement discounts.
15385,40,1,316.88,3,1,2,312,6,-0.0874272207859269,-0.9552142636712972,-0.6571509279000248,1,At Risk,Launch win-back campaigns with personalized offers and re-engagement discounts.
15386,186,1,394.14,1,1,2,112,4,1.0449726030954505,-0.9552142636712972,-0.4842450917348261,1,At Risk,Launch win-back campaigns with personalized offers and re-engagement discounts.
15388,270,1,140.54,1,1,1,111,3,1.3218238523484769,-0.9552142636712972,-1.3001583031906885,1,At Risk,Launch win-back campaigns with personalized offers and re-engagement discounts.
15389,172,1,500.0,2,1,3,213,6,0.9869048205414844,-0.9552142636712972,-0.2956038176702789,1,At Risk,Launch win-back campaigns with personalized offers and re-engagement discounts.
15392,5,4,1535.53,5,4,4,544,13,-1.5215015741842748,0.3863044476016776,0.5950281164332457,2,New Customers,Use welcome offers and second-purchase incentives to build loyalty.
15393,16,2,231.86,4,3,1,431,8,-0.7443590504544844,-0.3615827770984003,-0.9044991787782172,2,New Customers,Use welcome offers and second-purchase incentives to build loyalty.
15394,10,4,2183.54,5,4,5,545,14,-1.0691974256329595,0.3863044476016776,0.8746757751409766,3,Loyal Customers,"Use cross-selling, upselling, and exclusive member offers."
15395,326,1,107.45,1,1,1,111,3,1.4619928068665424,-0.9552142636712972,-1.51178878561279,1,At Risk,Launch win-back campaigns with personalized offers and re-engagement discounts.
15396,113,1,288.18,2,1,2,212,5,0.6756660532493783,-0.9552142636712972,-0.7323517212473785,1,At Risk,Launch win-back campaigns with personalized offers and re-engagement discounts.
15397,290,1,94.0,1,1,1,111,3,1.3749572694199874,-0.9552142636712972,-1.6170205243362137,1,At Risk,Launch win-back campaigns with personalized offers and re-engagement discounts.
15398,16,2,1345.53,4,3,4,434,11,-0.7443590504544844,-0.3615827770984003,0.4901274861500105,2,New Customers,Use welcome offers and second-purchase incentives to build loyalty.
15399,1,3,815.77,5,3,3,533,11,-2.341296235524383,0.0596054655268191,0.0928204126696311,2,New Customers,Use welcome offers and second-purchase incentives to build loyalty.
15400,92,5,716.2,2,4,3,243,9,0.5237386278211207,0.6532369520997158,-0.0104963903517374,3,Loyal Customers,"Use cross-selling, upselling, and exclusive member offers."
15402,149,2,626.77,2,3,3,233,8,0.8804533683940834,-0.3615827770984003,-0.1163389079605605,1,At Risk,Launch win-back campaigns with personalized offers and re-engagement discounts.
15405,189,1,349.1,1,1,2,112,4,1.0568488631984492,-0.9552142636712972,-0.5804240562644509,1,At Risk,Launch win-back campaigns with personalized offers and re-engagement discounts.
15406,31,2,510.71,4,3,3,433,10,-0.2723648608903394,-0.3615827770984003,-0.2787937745731002,2,New Customers,Use welcome offers and second-purchase incentives to build loyalty.
15407,34,4,1046.74,3,4,4,344,11,-0.2054954383991431,0.3863044476016776,0.2907339609192811,3,Loyal Customers,"Use cross-selling, upselling, and exclusive member offers."
15408,264,1,267.18,1,1,2,112,4,1.305116977069759,-0.9552142636712972,-0.7922669739172371,1,At Risk,Launch win-back campaigns with personalized offers and re-engagement discounts.
15410,84,8,3450.84,2,5,5,255,12,0.4566184208346949,1.2468684386726128,1.2382653304977982,3,Loyal Customers,"Use cross-selling, upselling, and exclusive member offers."
15411,26,4,1348.93,4,4,4,444,12,-0.3991450951625692,0.3863044476016776,0.4921316509388195,3,Loyal Customers,"Use cross-selling, upselling, and exclusive member offers."
15412,171,1,190.53,2,1,1,211,4,0.982578957652646,-0.9552142636712972,-1.0597833468947306,1,At Risk,Launch win-back campaigns with personalized offers and re-engagement discounts.
15414,10,3,774.9,5,3,3,533,11,-1.0691974256329595,0.0596054655268191,0.0520239549161251,2,New Customers,Use welcome offers and second-purchase incentives to build loyalty.
15415,313,1,559.61,1,1,3,113,5,1.4317211978352091,-0.9552142636712972,-0.2062610430835933,1,At Risk,Launch win-back campaigns with personalized offers and re-engagement discounts.
15416,65,4,3984.32,3,4,5,345,12,0.2678300793656594,0.3863044476016776,1.3524757756996637,3,Loyal Customers,"Use cross-selling, upselling, and exclusive member offers."
15417,85,1,508.8,2,1,3,213,6,0.4653461139941349,-0.9552142636712972,-0.281765710989774,1,At Risk,Launch win-back campaigns with personalized offers and re-engagement discounts.
15419,25,1,135.86,4,1,1,411,6,-0.4273072773233673,-0.9552142636712972,-1.326880108696853,2,New Customers,Use welcome offers and second-purchase incentives to build loyalty.
15421,59,4,950.36,3,4,4,344,11,0.196708740763415,0.3863044476016776,0.2140441809669459,3,Loyal Customers,"Use cross-selling, upselling, and exclusive member offers."
15422,323,2,97.7,1,3,1,131,5,1.4551152534945606,-0.3615827770984003,-1.5866555306226653,1,At Risk,Launch win-back campaigns with personalized offers and re-engagement discounts.
15423,38,1,43.5,3,1,1,311,5,-0.1247454596417701,-0.9552142636712972,-2.219732123075502,1,At Risk,Launch win-back campaigns with personalized offers and re-engagement discounts.
15424,254,2,383.34,1,3,2,132,6,1.2764130821748028,-0.3615827770984003,-0.5062690225874149,1,At Risk,Launch win-back campaigns with personalized offers and re-engagement discounts.
15426,19,5,1404.07,4,4,4,444,12,-0.6230859205766931,0.6532369520997158,0.523948079029117,3,Loyal Customers,"Use cross-selling, upselling, and exclusive member offers."
15427,33,3,1430.54,4,3,4,434,11,-0.2271262067959733,0.0596054655268191,0.5387806071636428,3,Loyal Customers,"Use cross-selling, upselling, and exclusive member offers."
15428,15,1,93.78,4,1,1,411,6,-0.7895977045488505,-0.9552142636712972,-1.6188630803352593,2,New Customers,Use welcome offers and second-purchase incentives to build loyalty.
15429,27,2,397.35,4,3,2,432,9,-0.3720072223713004,-0.3615827770984003,-0.4778150438607339,2,New Customers,Use welcome offers and second-purchase incentives to build loyalty.
15432,23,1,171.19,4,1,1,411,6,-0.4870358868672529,-0.9552142636712972,-1.144378864557217,2,New Customers,Use welcome offers and second-purchase incentives to build loyalty.
15433,214,2,533.3,1,3,3,133,7,1.1490907416248033,-0.3615827770984003,-0.2444620049559452,1,At Risk,Launch win-back campaigns with personalized offers and re-engagement discounts.
15434,8,5,1041.48,5,4,4,544,13,-1.2189397565026774,0.6532369520997158,0.2867341181051042,2,New Customers,Use welcome offers and second-purchase incentives to build loyalty.
15435,22,1,149.29,4,1,1,411,6,-0.5187942651860693,-0.9552142636712972,-1.2524870494479667,2,New Customers,Use welcome offers and second-purchase incentives to build loyalty.
15436,12,3,1067.75,5,3,4,534,12,-0.9445401209818785,0.0596054655268191,0.3065127023834643,2,New Customers,Use welcome offers and second-purchase incentives to build loyalty.
15437,262,1,200.16,1,1,1,111,3,1.2994638495891662,-0.9552142636712972,-1.0207970675651863,1,At Risk,Launch win-back campaigns with personalized offers and re-engagement discounts.
15438,131,1,156.58,2,1,1,211,4,0.7850629230241704,-0.9552142636712972,-1.2148435832018678,1,At Risk,Launch win-back campaigns with personalized offers and re-engagement discounts.
15440,55,3,383.68,3,3,2,332,8,0.1452256212872108,0.0596054655268191,-0.505566290841228,3,Loyal Customers,"Use cross-selling, upselling, and exclusive member offers."
15442,249,1,594.0,1,1,3,113,5,1.2616361783431542,-0.9552142636712972,-0.1589462002914671,1,At Risk,Launch win-back campaigns with personalized offers and re-engagement discounts.
15443,2,7,3213.59,5,5,5,555,15,-2.038734417842785,1.0744251947249353,1.1816746893008478,0,Champions,"Target with premium products, exclusive offers, and loyalty rewards."
15444,9,2,1411.21,5,3,4,534,12,-1.1403187642352035,-0.3615827770984003,0.5279763380856032,2,New Customers,Use welcome offers and second-purchase incentives to build loyalty.
15445,264,1,113.5,1,1,1,111,3,1.305116977069759,-0.9552142636712972,-1.4686465352125186,1,At Risk,Launch win-back campaigns with personalized offers and re-engagement discounts.
15447,331,1,155.17,1,1,1,111,3,1.4733163816448338,-0.9552142636712972,-1.2219866804811486,1,At Risk,Launch win-back campaigns with personalized offers and re-engagement discounts.
15448,313,1,494.64,1,1,3,113,5,1.4317211978352091,-0.9552142636712972,-0.3041521013512611,1,At Risk,Launch win-back campaigns with personalized offers and re-engagement discounts.
15449,26,3,974.52,4,3,4,434,11,-0.3991450951625692,0.0596054655268191,0.2339744556357121,3,Loyal Customers,"Use cross-selling, upselling, and exclusive member offers."
15450,30,1,429.84,4,1,2,412,7,-0.2960560335189878,-0.9552142636712972,-0.4155038140704489,2,New Customers,Use welcome offers and second-purchase incentives to build loyalty.
15452,30,3,528.48,4,3,3,433,10,-0.2960560335189878,0.0596054655268191,-0.251663894431075,2,New Customers,Use welcome offers and second-purchase incentives to build loyalty.
15453,2,7,1371.77,5,5,4,554,14,-2.038734417842785,1.0744251947249353,0.5054654761721245,0,Champions,"Target with premium products, exclusive offers, and loyalty rewards."
15454,362,1,179.1,1,1,1,111,3,1.539928889257083,-0.9552142636712972,-1.108684682982559,1,At Risk,Launch win-back campaigns with personalized offers and re-engagement discounts.
15456,283,3,434.59,1,3,2,132,6,1.356787798536271,0.0596054655268191,-0.4067899106507426,1,At Risk,Launch win-back campaigns with personalized offers and re-engagement discounts.
15457,262,1,237.07,1,1,1,111,3,1.2994638495891662,-0.9552142636712972,-0.8869139773223459,1,At Risk,Launch win-back campaigns with personalized offers and re-engagement discounts.
15458,25,1,161.64,4,1,1,411,6,-0.4273072773233673,-0.9552142636712972,-1.1897255010275056,2,New Customers,Use welcome offers and second-purchase incentives to build loyalty.
15460,354,1,214.26,1,1,1,111,3,1.5232995825084283,-0.9552142636712972,-0.9669574642517522,1,At Risk,Launch win-back campaigns with personalized offers and re-engagement discounts.
15462,94,3,234.6,2,3,1,231,6,0.5396160195399382,0.0596054655268191,-0.8952024263896965,1,At Risk,Launch win-back campaigns with personalized offers and re-engagement discounts.
15463,29,1,126.14,4,1,1,411,6,-0.3205241028950956,-0.9552142636712972,-1.3854274200991212,2,New Customers,Use welcome offers and second-purchase incentives to build loyalty.
15464,338,1,1044.65,1,1,4,114,6,1.488886141147174,-0.9552142636712972,0.2891470792336301,1,At Risk,Launch win-back campaigns with personalized offers and re-engagement discounts.
15465,20,18,7354.62,4,5,5,455,14,-0.5866782483482139,2.340846655976633,1.8395221981556733,0,Champions,"Target with premium products, exclusive offers, and loyalty rewards."
15466,85,1,334.53,2,1,2,212,5,0.4653461139941349,-0.9552142636712972,-0.6142059031289065,1,At Risk,Launch win-back campaigns with personalized offers and re-engagement discounts.
15467,9,3,524.88,5,3,3,533,11,-1.1403187642352035,0.0596054655268191,-0.2570857983647198,2,New Customers,Use welcome offers and second-purchase incentives to build loyalty.
15468,51,2,467.51,3,3,2,332,8,0.0899255663351436,-0.3615827770984003,-0.3488892307498275,2,New Customers,Use welcome offers and second-purchase incentives to build loyalty.
15469,50,2,538.55,3,3,3,333,9,0.0754356108856238,-0.3615827770984003,-0.2366911750142631,2,New Customers,Use welcome offers and second-purchase incentives to build loyalty.
15471,2,1,454.48,5,1,2,512,8,-2.038734417842785,-0.9552142636712972,-0.371305028439974,2,New Customers,Use welcome offers and second-purchase incentives to build loyalty.
15472,113,1,371.56,2,1,2,212,5,0.6756660532493783,-0.9552142636712972,-0.5310084769503619,1,At Risk,Launch win-back campaigns with personalized offers and re-engagement discounts.
15473,14,7,1771.2,4,5,4,454,13,-0.8377569465536066,1.0744251947249353,0.7084318316326653,0,Champions,"Target with premium products, exclusive offers, and loyalty rewards."
15475,77,1,454.11,2,1,2,212,5,0.3924873840167408,-0.9552142636712972,-0.3719508717036289,1,At Risk,Launch win-back campaigns with personalized offers and re-engagement discounts.
15478,40,2,1399.92,3,3,4,334,10,-0.0874272207859269,-0.3615827770984003,0.5215973067694063,3,Loyal Customers,"Use cross-selling, upselling, and exclusive member offers."
15480,116,1,905.5,2,1,3,213,6,0.6950492016983384,-0.9552142636712972,0.1756576406943943,1,At Risk,Launch win-back campaigns with personalized offers and re-engagement discounts.
15482,16,12,10879.76,4,5,5,455,14,-0.7443590504544844,1.7852452398084837,2.1506830232009047,0,Champions,"Target with premium products, exclusive offers, and loyalty rewards."
15483,161,4,225.26,2,4,1,241,7,0.9378824098360496,0.3863044476016776,-0.9273496891665656,1,At Risk,Launch win-back campaigns with personalized offers and re-engagement discounts.
15484,1,4,3590.41,5,4,5,545,14,-2.341296235524383,0.3863044476016776,1.2697663125418903,0,Champions,"Target with premium products, exclusive offers, and loyalty rewards."
15485,30,3,2564.5,4,3,5,435,12,-0.2960560335189878,0.0596054655268191,1.002426727411093,3,Loyal Customers,"Use cross-selling, upselling, and exclusive member offers."
15488,93,1,91.32,2,1,1,211,4,0.5317195515827039,-0.9552142636712972,-1.639762518437185,1,At Risk,Launch win-back campaigns with personalized offers and re-engagement discounts.
15489,23,3,1134.28,4,3,4,434,11,-0.4870358868672529,0.0596054655268191,0.3545059614313444,3,Loyal Customers,"Use cross-selling, upselling, and exclusive member offers."
15491,95,6,3100.09,2,5,5,255,12,0.5474298004497687,0.8789251688960832,1.1531072859252924,3,Loyal Customers,"Use cross-selling, upselling, and exclusive member offers."
15492,28,2,659.46,4,3,3,433,10,-0.3458217546340572,-0.3615827770984003,-0.0759963882338401,2,New Customers,Use welcome offers and second-purchase incentives to build loyalty.
15493,33,5,1953.41,4,4,4,444,12,-0.2271262067959733,0.6532369520997158,0.786209150368871,3,Loyal Customers,"Use cross-selling, upselling, and exclusive member offers."
15494,21,2,1280.58,4,3,4,434,11,-0.5519645819744484,-0.3615827770984003,0.4508383645237489,2,New Customers,Use welcome offers and second-purchase incentives to build loyalty.
15497,18,2,1262.2,4,3,4,434,11,-0.6613614517492411,-0.3615827770984003,0.4393581215722826,2,New Customers,Use welcome offers and second-purchase incentives to build loyalty.
15498,3,27,13316.4,5,5,5,555,15,-1.824063391865872,2.908564627292316,2.3112778775996743,0,Champions,"Target with premium products, exclusive offers, and loyalty rewards."
15500,8,4,1131.56,5,4,4,544,13,-1.2189397565026774,0.3863044476016776,0.3525996012247269,2,New Customers,Use welcome offers and second-purchase incentives to build loyalty.
15502,16,12,10384.93,4,5,5,455,14,-0.7443590504544844,1.7852452398084837,2.113693155591851,0,Champions,"Target with premium products, exclusive offers, and loyalty rewards."
15503,363,1,141.04,1,1,1,111,3,1.5419817358297152,-0.9552142636712972,-1.2973558193379588,1,At Risk,Launch win-back campaigns with personalized offers and re-engagement discounts.
15504,81,1,52.83,2,1,1,211,4,0.429805622872584,-0.9552142636712972,-2.068462296172314,1,At Risk,Launch win-back campaigns with personalized offers and re-engagement discounts.
15505,53,5,3610.96,3,4,5,345,12,0.1180877484959417,0.6532369520997158,1.2743007722199031,3,Loyal Customers,"Use cross-selling, upselling, and exclusive member offers."
15506,23,3,972.08,4,3,4,434,11,-0.4870358868672529,0.0596054655268191,0.2319841690410462,3,Loyal Customers,"Use cross-selling, upselling, and exclusive member offers."
15507,172,1,475.86,2,1,2,212,5,0.9869048205414844,-0.9552142636712972,-0.3348499707902037,1,At Risk,Launch win-back campaigns with personalized offers and re-engagement discounts.
15508,189,6,1000.27,1,5,4,154,10,1.0568488631984492,0.8789251688960832,0.2546801369960434,3,Loyal Customers,"Use cross-selling, upselling, and exclusive member offers."
15510,331,1,250.0,1,1,2,112,4,1.4733163816448338,-0.9552142636712972,-0.8448822749561995,1,At Risk,Launch win-back campaigns with personalized offers and re-engagement discounts.
15511,12,5,900.53,5,4,3,543,12,-0.9445401209818785,0.6532369520997158,0.1712884589229333,2,New Customers,Use welcome offers and second-purchase incentives to build loyalty.
15512,156,2,121.0,2,3,1,231,6,0.9144883541766984,-0.3615827770984003,-1.4182240750172723,1,At Risk,Launch win-back campaigns with personalized offers and re-engagement discounts.
15513,33,19,14758.22,4,5,5,455,14,-0.2271262067959733,2.41594390599791,2.3929731049214107,0,Champions,"Target with premium products, exclusive offers, and loyalty rewards."
15514,12,11,4023.72,5,5,5,555,15,-0.9445401209818785,1.668056681297832,1.360294093187138,0,Champions,"Target with premium products, exclusive offers, and loyalty rewards."
15516,45,3,62.43,3,3,1,331,7,-0.0015614215275583,0.0596054655268191,-1.9380427348343567,1,At Risk,Launch win-back campaigns with personalized offers and re-engagement discounts.
15517,233,1,267.03,1,1,2,112,4,1.2122820453568492,-0.9552142636712972,-0.7927116099188845,1,At Risk,Launch win-back campaigns with personalized offers and re-engagement discounts.
15518,64,8,1921.55,3,5,4,354,12,0.2564373503073006,1.2468684386726128,0.773147065821558,3,Loyal Customers,"Use cross-selling, upselling, and exclusive member offers."
15520,2,1,343.5,5,1,2,512,8,-2.038734417842785,-0.9552142636712972,-0.5932388293559981,2,New Customers,Use welcome offers and second-purchase incentives to build loyalty.
15521,40,8,3000.2,3,5,5,355,13,-0.0874272207859269,1.2468684386726128,1.127086750565772,3,Loyal Customers,"Use cross-selling, upselling, and exclusive member offers."
15522,33,2,397.99,4,3,2,432,9,-0.2271262067959733,-0.3615827770984003,-0.4765392374554953,2,New Customers,Use welcome offers and second-purchase incentives to build loyalty.
15523,84,1,412.01,2,1,2,212,5,0.4566184208346949,-0.9552142636712972,-0.4490929625287455,1,At Risk,Launch win-back campaigns with personalized offers and re-engagement discounts.
15524,25,1,440.0,4,1,2,412,7,-0.4273072773233673,-0.9552142636712972,-0.3969802376666161,2,New Customers,Use welcome offers and second-purchase incentives to build loyalty.
15525,2,3,734.37,5,3,3,533,11,-2.038734417842785,0.0596054655268191,0.0093869237300927,2,New Customers,Use welcome offers and second-purchase incentives to build loyalty.
15526,33,2,148.44,4,3,1,431,8,-0.2271262067959733,-0.3615827770984003,-1.2569945743951216,2,New Customers,Use welcome offers and second-purchase incentives to build loyalty.
15527,19,8,2428.53,4,5,5,455,14,-0.6230859205766931,1.2468684386726128,0.9591493870995226,0,Champions,"Target with premium products, exclusive offers, and loyalty rewards."
15528,254,1,229.33,1,1,1,111,3,1.2764130821748028,-0.9552142636712972,-0.9131810617686956,1,At Risk,Launch win-back campaigns with personalized offers and re-engagement discounts.
15529,23,11,3962.6,4,5,5,455,14,-0.4870358868672529,1.668056681297832,1.348132663606547,0,Champions,"Target with premium products, exclusive offers, and loyalty rewards."
15530,22,4,1497.31,4,4,4,444,12,-0.5187942651860693,0.3863044476016776,0.5750098664845297,3,Loyal Customers,"Use cross-selling, upselling, and exclusive member offers."
15531,8,2,1972.39,5,3,4,534,12,-1.2189397565026774,-0.3615827770984003,0.7938898093925659,2,New Customers,Use welcome offers and second-purchase incentives to build loyalty.
15532,25,4,1564.73,4,4,4,444,12,-0.4273072773233673,0.3863044476016776,0.6099892929524489,3,Loyal Customers,"Use cross-selling, upselling, and exclusive member offers."
15533,19,3,807.57,4,3,3,433,10,-0.6230859205766931,0.0596054655268191,0.0848013875055626,2,New Customers,Use welcome offers and second-purchase incentives to build loyalty.
15535,173,4,502.9,2,4,3,243,9,0.991205750364562,0.3863044476016776,-0.2910168611859589,3,Loyal Customers,"Use cross-selling, upselling, and exclusive member offers."
15537,163,1,110.92,2,1,1,211,4,0.947038466531095,-0.9552142636712972,-1.4867587675303169,1,At Risk,Launch win-back campaigns with personalized offers and re-engagement discounts.
15539,7,1,538.46,5,1,3,513,9,-1.3068305482073614,-0.9552142636712972,-0.2368237511339156,2,New Customers,Use welcome offers and second-purchase incentives to build loyalty.
15540,11,1,213.3,5,1,1,511,7,-1.0042687305257638,-0.9552142636712972,-0.9705096558696592,2,New Customers,Use welcome offers and second-purchase incentives to build loyalty.
15541,114,1,85.13,2,1,1,211,4,0.68218320610311,-0.9552142636712972,-1.6949190102720444,1,At Risk,Launch win-back campaigns with personalized offers and re-engagement discounts.
15543,288,1,127.86,1,1,1,111,3,1.3698109782739254,-0.9552142636712972,-1.3747481079850703,1,At Risk,Launch win-back campaigns with personalized offers and re-engagement discounts.
15544,9,9,3546.71,5,5,5,555,15,-1.1403187642352035,1.4011241767997944,1.260036814342064,0,Champions,"Target with premium products, exclusive offers, and loyalty rewards."
15545,54,2,288.97,3,3,2,332,8,0.1317800456562198,-0.3615827770984003,-0.7301835950215052,1,At Risk,Launch win-back campaigns with personalized offers and re-engagement discounts.
15547,7,14,4910.6,5,5,5,555,15,-1.3068305482073614,1.9947556633726904,1.518559642578547,0,Champions,"Target with premium products, exclusive offers, and loyalty rewards."
15549,77,3,1681.46,2,3,4,234,9,0.3924873840167408,0.0596054655268191,0.6671340494554062,3,Loyal Customers,"Use cross-selling, upselling, and exclusive member offers."
15550,4,4,575.63,5,4,3,543,12,-1.6575516078937147,0.3863044476016776,-0.1838693271008964,2,New Customers,Use welcome offers and second-purchase incentives to build loyalty.
15551,37,1,436.06,3,1,2,312,6,-0.1441286080907301,-0.9552142636712972,-0.4041124326246926,2,New Customers,Use welcome offers and second-purchase incentives to build loyalty.
15552,217,1,90.12,1,1,1,111,3,1.159430989184945,-0.9552142636712972,-1.6501603232868147,1,At Risk,Launch win-back campaigns with personalized offers and re-engagement discounts.
15553,60,1,428.93,3,1,2,312,6,0.2090430589164636,-0.9552142636712972,-0.4171841754621725,1,At Risk,Launch win-back campaigns with personalized offers and re-engagement discounts.
15554,278,1,217.2,1,1,1,111,3,1.3435332891612286,-0.9552142636712972,-0.9561766087176736,1,At Risk,Launch win-back campaigns with personalized offers and re-engagement discounts.
15555,12,16,4794.86,5,5,5,555,15,-0.9445401209818785,2.178003940795619,1.4996080063727557,0,Champions,"Target with premium products, exclusive offers, and loyalty rewards."
15556,24,1,279.77,4,1,2,412,7,-0.4565741366045358,-0.9552142636712972,-0.7558069149135587,2,New Customers,Use welcome offers and second-purchase incentives to build loyalty.
15557,29,1,468.91,4,1,2,412,7,-0.3205241028950956,-0.9552142636712972,-0.3465179697114398,2,New Customers,Use welcome offers and second-purchase incentives to build loyalty.
15561,12,4,800.59,5,4,3,543,12,-0.9445401209818785,0.3863044476016776,0.0779110995478835,2,New Customers,Use welcome offers and second-purchase incentives to build loyalty.
15562,352,1,134.55,1,1,1,111,3,1.5190836997772748,-0.9552142636712972,-1.334523742282904,1,At Risk,Launch win-back campaigns with personalized offers and re-engagement discounts.
15563,22,4,1400.44,4,4,4,444,12,-0.5187942651860693,0.3863044476016776,0.5218922427015473,3,Loyal Customers,"Use cross-selling, upselling, and exclusive member offers."
15565,50,2,173.16,3,3,1,331,7,0.0754356108856238,-0.3615827770984003,-1.1353381245408078,1,At Risk,Launch win-back campaigns with personalized offers and re-engagement discounts.
15567,19,1,186.01,4,1,1,411,6,-0.6230859205766931,-0.9552142636712972,-1.0787633186315506,2,New Customers,Use welcome offers and second-purchase incentives to build loyalty.
15568,3,3,758.29,5,3,3,533,11,-1.824063391865872,0.0596054655268191,0.0348261622168922,2,New Customers,Use welcome offers and second-purchase incentives to build loyalty.
15569,104,5,1375.71,2,4,4,244,10,0.6142992229409651,0.6532369520997158,0.507743164084107,3,Loyal Customers,"Use cross-selling, upselling, and exclusive member offers."
15570,7,12,4148.82,5,5,5,555,15,-1.3068305482073614,1.7852452398084837,1.3846203986947394,0,Champions,"Target with premium products, exclusive offers, and loyalty rewards."
15571,12,4,650.43,5,4,3,543,12,-0.9445401209818785,0.3863044476016776,-0.0869370968172149,2,New Customers,Use welcome offers and second-purchase incentives to build loyalty.
15572,5,7,2533.42,5,5,5,555,15,-1.5215015741842748,1.0744251947249353,0.992740129204296,0,Champions,"Target with premium products, exclusive offers, and loyalty rewards."
15573,32,2,591.19,4,3,3,433,10,-0.2494027642928512,-0.3615827770984003,-0.162708342119859,2,New Customers,Use welcome offers and second-purchase incentives to build loyalty.
15574,178,4,675.64,2,4,3,243,9,1.0123462367079263,0.3863044476016776,-0.0567617469895442,3,Loyal Customers,"Use cross-selling, upselling, and exclusive member offers."
15576,38,1,921.37,3,1,3,313,7,-0.1247454596417701,-0.9552142636712972,0.1894504665991183,2,New Customers,Use welcome offers and second-purchase incentives to build loyalty.
15577,151,3,258.88,2,3,2,232,7,0.8903370792262918,0.0596054655268191,-0.8172519450580191,1,At Risk,Launch win-back campaigns with personalized offers and re-engagement discounts.
15578,162,1,127.1,2,1,1,211,4,0.9424744813034064,-0.9552142636712972,-1.3794491875090076,1,At Risk,Launch win-back campaigns with personalized offers and re-engagement discounts.
15579,69,2,327.6,3,3,2,332,8,0.3117374052593681,-0.3615827770984003,-0.630791998641475,1,At Risk,Launch win-back campaigns with personalized offers and re-engagement discounts.
15581,121,13,3675.77,2,5,5,255,12,0.7262759025749747,1.8937448980941995,1.2884342769177648,3,Loyal Customers,"Use cross-selling, upselling, and exclusive member offers."
15582,25,3,682.91,4,3,3,433,10,-0.4273072773233673,0.0596054655268191,-0.0482685284249113,2,New Customers,Use welcome offers and second-purchase incentives to build loyalty.
15584,24,4,720.86,4,4,3,443,11,-0.4565741366045358,0.3863044476016776,-0.0053493592121387,3,Loyal Customers,"Use cross-selling, upselling, and exclusive member offers."
15585,177,1,455.3,2,1,2,212,5,1.008165781748852,-0.9552142636712972,-0.369875567902183,1,At Risk,Launch win-back campaigns with personalized offers and re-engagement discounts.
15587,50,4,913.68,3,4,3,343,10,0.0754356108856238,0.3863044476016776,0.1827968746585862,3,Loyal Customers,"Use cross-selling, upselling, and exclusive member offers."
15589,256,3,478.53,1,3,2,132,6,1.2822428716590402,0.0596054655268191,-0.3304126009635152,1,At Risk,Launch win-back campaigns with personalized offers and re-engagement discounts.
15592,47,1,388.58,3,1,2,312,6,0.030196956791258,-0.9552142636712972,-0.495507093743117,1,At Risk,Launch win-back campaigns with personalized offers and re-engagement discounts.
15593,71,1,199.8,3,1,1,311,5,0.3327587744728552,-0.9552142636712972,-1.0222206022132356,1,At Risk,Launch win-back campaigns with personalized offers and re-engagement discounts.
15594,16,5,1771.78,4,4,4,444,12,-0.7443590504544844,0.6532369520997158,0.708691884993538,3,Loyal Customers,"Use cross-selling, upselling, and exclusive member offers."
15596,101,5,1406.59,2,4,4,244,10,0.5926684545441344,0.6532369520997158,0.5253721501613251,3,Loyal Customers,"Use cross-selling, upselling, and exclusive member offers."
15597,35,1,324.57,3,1,2,312,6,-0.1844740691856557,-0.9552142636712972,-0.638154126801741,2,New Customers,Use welcome offers and second-purchase incentives to build loyalty.
15598,53,1,240.68,3,1,1,311,5,0.1180877484959417,-0.9552142636712972,-0.8749534954181105,1,At Risk,Launch win-back campaigns with personalized offers and re-engagement discounts.
15599,27,2,761.74,4,3,3,433,10,-0.3720072223713004,-0.3615827770984003,0.0384290014965011,2,New Customers,Use welcome offers and second-purchase incentives to build loyalty.
15601,11,14,6776.56,5,5,5,555,15,-1.0042687305257638,1.9947556633726904,1.7744757417956631,0,Champions,"Target with premium products, exclusive offers, and loyalty rewards."
15602,8,9,1297.87,5,5,4,554,14,-1.2189397565026774,1.4011241767997944,0.4614884797614029,0,Champions,"Target with premium products, exclusive offers, and loyalty rewards."
15603,79,1,48.48,2,1,1,211,4,0.4113797667403285,-0.9552142636712972,-2.1354279347811667,1,At Risk,Launch win-back campaigns with personalized offers and re-engagement discounts.
15604,52,1,216.39,3,1,1,311,5,0.10413950578058,-0.9552142636712972,-0.959132278294079,1,At Risk,Launch win-back campaigns with personalized offers and re-engagement discounts.
15605,36,5,1198.23,3,4,4,344,11,-0.164028700972232,0.6532369520997158,0.3980573231928806,3,Loyal Customers,"Use cross-selling, upselling, and exclusive member offers."
15606,61,9,2920.16,3,5,5,355,13,0.2211768101395232,1.4011241767997944,1.1056041435809427,3,Loyal Customers,"Use cross-selling, upselling, and exclusive member offers."
15607,337,1,104.76,1,1,1,111,3,1.4866816808776484,-0.9552142636712972,-1.5317498470887527,1,At Risk,Launch win-back campaigns with personalized offers and re-engagement discounts.
15608,28,4,1093.68,4,4,4,444,12,-0.3458217546340572,0.3863044476016776,0.3255641828253052,3,Loyal Customers,"Use cross-selling, upselling, and exclusive member offers."
15609,184,1,298.48,1,1,2,112,4,1.0369487703169469,-0.9552142636712972,-0.7045376035451221,1,At Risk,Launch win-back campaigns with personalized offers and re-engagement discounts.
15610,52,1,112.46,3,1,1,311,5,0.10413950578058,-0.9552142636712972,-1.4758980037479856,1,At Risk,Launch win-back campaigns with personalized offers and re-engagement discounts.
15611,10,13,1591.45,5,5,4,554,14,-1.0691974256329595,1.8937448980941995,0.6234373084343457,0,Champions,"Target with premium products, exclusive offers, and loyalty rewards."
15612,36,2,195.15,3,3,1,331,7,-0.164028700972232,-0.3615827770984003,-1.040840842280534,2,New Customers,Use welcome offers and second-purchase incentives to build loyalty.
15615,10,23,10399.74,5,5,5,555,15,-1.0691974256329595,2.6828764104959486,2.114825604124372,0,Champions,"Target with premium products, exclusive offers, and loyalty rewards."
15618,33,4,776.85,4,4,3,443,11,-0.2271262067959733,0.3863044476016776,0.0540187668628457,3,Loyal Customers,"Use cross-selling, upselling, and exclusive member offers."
15619,11,1,336.4,5,1,2,512,8,-1.0042687305257638,-0.9552142636712972,-0.6097889672243504,2,New Customers,Use welcome offers and second-purchase incentives to build loyalty.
15620,57,3,1553.18,3,3,4,334,10,0.1714110890244534,0.0596054655268191,0.6041050558390398,3,Loyal Customers,"Use cross-selling, upselling, and exclusive member offers."
15621,4,4,1293.03,5,4,4,544,13,-1.6575516078937147,0.3863044476016776,0.458521542512023,2,New Customers,Use welcome offers and second-purchase incentives to build loyalty.
15622,43,9,3709.56,3,5,5,355,13,-0.0347317383159377,1.4011241767997944,1.2957045710855817,0,Champions,"Target with premium products, exclusive offers, and loyalty rewards."
15623,141,1,301.03,2,1,2,212,5,0.83955495487776,-0.9552142636712972,-0.6977993368948497,1,At Risk,Launch win-back campaigns with personalized offers and re-engagement discounts.
15624,117,4,588.13,2,4,3,243,9,0.7013999571250162,0.3863044476016776,-0.1668255529250533,3,Loyal Customers,"Use cross-selling, upselling, and exclusive member offers."
15625,104,4,1534.26,2,4,4,244,10,0.6142992229409651,0.3863044476016776,0.5943709725251511,3,Loyal Customers,"Use cross-selling, upselling, and exclusive member offers."
15626,75,2,675.8,2,3,3,233,8,0.3731042355677808,-0.3615827770984003,-0.0565738459253248,3,Loyal Customers,"Use cross-selling, upselling, and exclusive member offers."
15628,5,9,2870.24,5,5,5,555,15,-1.5215015741842748,1.4011241767997944,1.0919055794558594,0,Champions,"Target with premium products, exclusive offers, and loyalty rewards."
15630,45,2,1186.35,3,3,4,334,10,-0.0015614215275583,-0.3615827770984003,0.3901452136080993,3,Loyal Customers,"Use cross-selling, upselling, and exclusive member offers."
15632,16,8,3285.31,4,5,5,455,14,-0.7443590504544844,1.2468684386726128,1.199210775784736,0,Champions,"Target with premium products, exclusive offers, and loyalty rewards."
15634,17,1,243.55,4,1,1,411,6,-0.7017069128441668,-0.9552142636712972,-0.865571538112959,2,New Customers,Use welcome offers and second-purchase incentives to build loyalty.
15636,90,2,724.76,2,3,3,233,8,0.5075160485126933,-0.3615827770984003,-0.0010672341605778,3,Loyal Customers,"Use cross-selling, upselling, and exclusive member offers."
15637,53,1,223.36,3,1,1,311,5,0.1180877484959417,-0.9552142636712972,-0.9340515279149818,1,At Risk,Launch win-back campaigns with personalized offers and re-engagement discounts.
15639,134,1,425.32,2,1,2,212,5,0.8018323761266101,-0.9552142636712972,-0.4238854506624324,1,At Risk,Launch win-back campaigns with personalized offers and re-engagement discounts.
15640,4,15,12416.11,5,5,5,555,15,-1.6575516078937147,2.089244923923052,2.2556500561521085,0,Champions,"Target with premium products, exclusive offers, and loyalty rewards."
15641,105,4,1887.2,2,4,4,244,10,0.6213723494390907,0.3863044476016776,0.7588193714567633,3,Loyal Customers,"Use cross-selling, upselling, and exclusive member offers."
15643,192,3,664.0,1,3,3,133,7,1.068539064558348,0.0596054655268191,-0.0705521240908319,1,At Risk,Launch win-back campaigns with personalized offers and re-engagement discounts.
15644,166,4,803.54,2,4,3,243,9,0.9605652887470136,0.3863044476016776,0.0808304758140834,3,Loyal Customers,"Use cross-selling, upselling, and exclusive member offers."
15645,19,1,612.01,4,1,3,413,8,-0.6230859205766931,-0.9552142636712972,-0.1352475492253319,2,New Customers,Use welcome offers and second-purchase incentives to build loyalty.
15646,158,3,447.64,2,3,2,232,7,0.9239341671206882,0.0596054655268191,-0.3833300696647779,1,At Risk,Launch win-back campaigns with personalized offers and re-engagement discounts.
15648,204,2,639.5,1,3,3,133,7,1.1135502505032524,-0.3615827770984003,-0.1003845426462714,1,At Risk,Launch win-back campaigns with personalized offers and re-engagement discounts.
15649,336,2,816.0,1,3,3,133,7,1.4844706888644472,-0.3615827770984003,0.0930441740768212,1,At Risk,Launch win-back campaigns with personalized offers and re-engagement discounts.
15651,37,3,646.3,3,3,3,333,9,-0.1441286080907301,0.0596054655268191,-0.0919916282976831,3,Loyal Customers,"Use cross-selling, upselling, and exclusive member offers."
15652,91,1,337.74,2,1,2,212,5,0.5156714221309526,-0.9552142636712972,-0.6066389204654568,1,At Risk,Launch win-back campaigns with personalized offers and re-engagement discounts.
15653,93,2,877.44,2,3,3,233,8,0.5317195515827039,-0.3615827770984003,0.150668686143391,3,Loyal Customers,"Use cross-selling, upselling, and exclusive member offers."
15654,9,2,922.53,5,3,3,533,11,-1.1403187642352035,-0.3615827770984003,0.1904493116897014,2,New Customers,Use welcome offers and second-purchase incentives to build loyalty.
15655,243,1,560.67,1,1,3,113,5,1.2435087462334855,-0.9552142636712972,-0.2047597930376854,1,At Risk,Launch win-back campaigns with personalized offers and re-engagement discounts.
15656,45,4,748.5,3,4,3,343,10,-0.0015614215275583,0.3863044476016776,0.0245126104527657,3,Loyal Customers,"Use cross-selling, upselling, and exclusive member offers."
15657,23,1,30.0,4,1,1,411,6,-0.4870358868672529,-0.9552142636712972,-2.5070277087508805,1,At Risk,Launch win-back campaigns with personalized offers and re-engagement discounts.
15658,190,5,1024.1,1,4,4,144,9,1.060765981162014,0.6532369520997158,0.2733729034328629,3,Loyal Customers,"Use cross-selling, upselling, and exclusive member offers."
15659,44,1,306.45,3,1,2,312,6,-0.0179622852134984,-0.9552142636712972,-0.6836642156129572,1,At Risk,Launch win-back campaigns with personalized offers and re-engagement discounts.
15660,25,9,1600.86,4,5,4,454,13,-0.4273072773233673,1.4011241767997944,0.6281196391123469,0,Champions,"Target with premium products, exclusive offers, and loyalty rewards."
15661,317,2,309.8,1,3,2,132,6,1.4411670107791992,-0.3615827770984003,-0.675051637076702,1,At Risk,Launch win-back campaigns with personalized offers and re-engagement discounts.
15663,106,1,138.14,2,1,1,211,4,0.6283790606233428,-0.9552142636712972,-1.313749528787756,1,At Risk,Launch win-back campaigns with personalized offers and re-engagement discounts.
15664,51,1,386.43,3,1,2,312,6,0.0899255663351436,-0.9552142636712972,-0.4999051544828465,1,At Risk,Launch win-back campaigns with personalized offers and re-engagement discounts.
15665,168,2,2222.21,2,3,5,235,10,0.9694488372191374,-0.3615827770984003,0.8886207142893845,3,Loyal Customers,"Use cross-selling, upselling, and exclusive member offers."
15667,40,1,301.32,3,1,2,312,6,-0.0874272207859269,-0.9552142636712972,-0.697036629832918,1,At Risk,Launch win-back campaigns with personalized offers and re-engagement discounts.
15668,218,1,76.32,1,1,1,111,3,1.1628461404940136,-0.9552142636712972,-1.7806741883671344,1,At Risk,Launch win-back campaigns with personalized offers and re-engagement discounts.
15669,40,4,684.34,3,4,3,343,10,-0.0874272207859269,0.3863044476016776,-0.04660855280909,3,Loyal Customers,"Use cross-selling, upselling, and exclusive member offers."
15670,297,1,173.05,1,1,1,111,3,1.3926948271642658,-0.9552142636712972,-1.1358402355262671,1,At Risk,Launch win-back campaigns with personalized offers and re-engagement discounts.
15671,19,7,2657.13,4,5,5,455,14,-0.6230859205766931,1.0744251947249353,1.0306152975965994,0,Champions,"Target with premium products, exclusive offers, and loyalty rewards."
15673,88,4,2726.23,2,4,5,245,11,0.4909329380903411,0.3863044476016776,1.0510108468395414,3,Loyal Customers,"Use cross-selling, upselling, and exclusive member offers."
15674,73,5,2446.6,2,4,5,245,11,0.3532041426862792,0.6532369520997158,0.9650384212216456,3,Loyal Customers,"Use cross-selling, upselling, and exclusive member offers."
15675,81,3,323.69,2,3,2,232,7,0.429805622872584,0.0596054655268191,-0.6403051453748292,1,At Risk,Launch win-back campaigns with personalized offers and re-engagement discounts.
15676,19,3,3435.76,4,3,5,435,12,-0.6230859205766931,0.0596054655268191,1.2347858105490903,3,Loyal Customers,"Use cross-selling, upselling, and exclusive member offers."
15677,49,1,657.23,3,1,3,313,7,0.0606587070539751,-0.9552142636712972,-0.0786842741207582,1,At Risk,Launch win-back campaigns with personalized offers and re-engagement discounts.
15678,53,1,352.7,3,1,2,312,6,0.1180877484959417,-0.9552142636712972,-0.5722937802681003,1,At Risk,Launch win-back campaigns with personalized offers and re-engagement discounts.
15679,24,4,781.28,4,4,3,443,11,-0.4565741366045358,0.3863044476016776,0.05853204780375,3,Loyal Customers,"Use cross-selling, upselling, and exclusive member offers."
15680,9,3,1333.68,5,3,4,534,12,-1.1403187642352035,0.0596054655268191,0.483102610995951,2,New Customers,Use welcome offers and second-purchase incentives to build loyalty.
15681,25,5,1426.16,4,4,4,444,12,-0.4273072773233673,0.6532369520997158,0.5363452978401617,3,Loyal Customers,"Use cross-selling, upselling, and exclusive member offers."
15683,117,1,193.75,2,1,1,211,4,0.7013999571250162,-0.9552142636712972,-1.0465334660901904,1,At Risk,Launch win-back campaigns with personalized offers and re-engagement discounts.
15687,9,9,2993.1,5,5,5,555,15,-1.1403187642352035,1.4011241767997944,1.1252044199986655,0,Champions,"Target with premium products, exclusive offers, and loyalty rewards."
15689,120,2,254.1,2,3,2,232,7,0.7201342279169752,-0.3615827770984003,-0.8320055540372099,1,At Risk,Launch win-back campaigns with personalized offers and re-engagement discounts.
15690,4,2,239.76,5,3,1,531,9,-1.6575516078937147,-0.3615827770984003,-0.8779845468645413,2,New Customers,Use welcome offers and second-purchase incentives to build loyalty.
15691,252,1,136.8,1,1,1,111,3,1.270537388363865,-0.9552142636712972,-1.3214403154158845,1,At Risk,Launch win-back campaigns with personalized offers and re-engagement discounts.
15692,28,1,191.04,4,1,1,411,6,-0.3458217546340572,-0.9552142636712972,-1.05766998407685,2,New Customers,Use welcome offers and second-purchase incentives to build loyalty.
15694,1,14,6479.4,5,5,5,555,15,-2.341296235524383,1.9947556633726904,1.738844197121364,0,Champions,"Target with premium products, exclusive offers, and loyalty rewards."
15695,267,2,409.98,1,3,2,132,6,1.3135171700007555,-0.3615827770984003,-0.4530087871994185,1,At Risk,Launch win-back campaigns with personalized offers and re-engagement discounts.
15696,33,8,2711.11,4,5,5,455,14,-0.2271262067959733,1.2468684386726128,1.046592549227337,3,Loyal Customers,"Use cross-selling, upselling, and exclusive member offers."
15699,18,1,309.65,4,1,2,412,7,-0.6613614517492411,-0.9552142636712972,-0.6754352854295127,2,New Customers,Use welcome offers and second-purchase incentives to build loyalty.
15700,172,2,696.68,2,3,3,233,8,0.9869048205414844,-0.3615827770984003,-0.0324262587071751,1,At Risk,Launch win-back campaigns with personalized offers and re-engagement discounts.
15701,2,4,1529.0,5,4,4,544,13,-2.038734417842785,0.3863044476016776,0.5916434577286434,2,New Customers,Use welcome offers and second-purchase incentives to build loyalty.
15703,265,1,211.5,1,1,1,111,3,1.307927561403842,-0.9552142636712972,-0.977213114476962,1,At Risk,Launch win-back campaigns with personalized offers and re-engagement discounts.
15704,140,4,2293.62,2,4,5,245,11,0.8342813692643014,0.3863044476016776,0.9137461488868904,3,Loyal Customers,"Use cross-selling, upselling, and exclusive member offers."
15705,201,1,143.1,1,1,1,111,3,1.1025494233790782,-0.9552142636712972,-1.285912700357065,1,At Risk,Launch win-back campaigns with personalized offers and re-engagement discounts.
15706,64,4,1060.56,3,4,4,344,11,0.2564373503073006,0.3863044476016776,0.3011481190477347,3,Loyal Customers,"Use cross-selling, upselling, and exclusive member offers."
15707,35,4,916.98,3,4,3,343,10,-0.1844740691856557,0.3863044476016776,0.1856589480829641,3,Loyal Customers,"Use cross-selling, upselling, and exclusive member offers."
15708,41,7,3235.25,3,5,5,355,13,-0.0694454046897029,1.0744251947249353,1.1870116263099222,3,Loyal Customers,"Use cross-selling, upselling, and exclusive member offers."
15709,284,1,133.25,1,1,1,111,3,1.3594106808800466,-0.9552142636712972,-1.3421824065320038,1,At Risk,Launch win-back campaigns with personalized offers and re-engagement discounts.
15712,9,5,1072.36,5,4,4,544,13,-1.1403187642352035,0.6532369520997158,0.309933348054957,2,New Customers,Use welcome offers and second-purchase incentives to build loyalty.
15713,143,2,356.7,2,3,2,232,7,0.8499916181313663,-0.3615827770984003,-0.5633566318547396,1,At Risk,Launch win-back campaigns with personalized offers and re-engagement discounts.
15714,12,2,330.03,5,3,2,532,10,-0.9445401209818785,-0.3615827770984003,-0.6249366049318686,2,New Customers,Use welcome offers and second-purchase incentives to build loyalty.
15716,146,4,1101.11,2,4,4,244,10,0.8653779211463577,0.3863044476016776,0.3309400705461909,3,Loyal Customers,"Use cross-selling, upselling, and exclusive member offers."
15717,234,1,150.3,1,1,1,111,3,1.2154641792133722,-0.9552142636712972,-1.2471640757178035,1,At Risk,Launch win-back campaigns with personalized offers and re-engagement discounts.
15719,33,13,5030.07,4,5,5,455,14,-0.2271262067959733,1.8937448980941995,1.537659274764566,0,Champions,"Target with premium products, exclusive offers, and loyalty rewards."
15720,24,1,598.73,4,1,3,413,8,-0.4565741366045358,-0.9552142636712972,-0.1526534296413234,2,New Customers,Use welcome offers and second-purchase incentives to build loyalty.
15721,12,1,471.4,5,1,2,512,8,-0.9445401209818785,-0.9552142636712972,-0.3423179162281837,2,New Customers,Use welcome offers and second-purchase incentives to build loyalty.
15722,36,5,2211.21,3,4,5,345,12,-0.164028700972232,0.6532369520997158,0.8846788008090826,3,Loyal Customers,"Use cross-selling, upselling, and exclusive member offers."
15723,365,1,190.7,1,1,1,111,3,1.5460705639150825,-0.9552142636712972,-1.0590782680025663,1,At Risk,Launch win-back campaigns with personalized offers and re-engagement discounts.
15724,201,2,218.25,1,3,1,131,5,1.1025494233790782,-0.3615827770984003,-0.9523614731486874,1,At Risk,Launch win-back campaigns with personalized offers and re-engagement discounts.
15725,15,1,415.25,4,1,2,412,7,-0.7895977045488505,-0.9552142636712972,-0.4428827742738397,2,New Customers,Use welcome offers and second-purchase incentives to build loyalty.
15727,17,7,5159.06,4,5,5,455,14,-0.7017069128441668,1.0744251947249353,1.557778217622625,0,Champions,"Target with premium products, exclusive offers, and loyalty rewards."
15729,213,1,85.0,1,1,1,111,3,1.1456119042818538,-0.9552142636712972,-1.6961194355413995,1,At Risk,Launch win-back campaigns with personalized offers and re-engagement discounts.
15730,66,3,1120.88,3,3,4,334,10,0.2790514826837337,0.0596054655268191,0.3450697900952806,3,Loyal Customers,"Use cross-selling, upselling, and exclusive member offers."
15732,212,2,294.12,1,3,2,132,6,1.1421167725593575,-0.3615827770984003,-0.716192747207687,1,At Risk,Launch win-back campaigns with personalized offers and re-engagement discounts.
15733,283,1,162.3,1,1,1,111,3,1.356787798536271,-0.9552142636712972,-1.1865069890425628,1,At Risk,Launch win-back campaigns with personalized offers and re-engagement discounts.
15734,115,2,1339.45,2,3,4,234,9,0.6886439326829644,-0.3615827770984003,0.4865309191975412,3,Loyal Customers,"Use cross-selling, upselling, and exclusive member offers."
15737,15,8,1188.12,4,5,4,454,13,-0.7895977045488505,1.2468684386726128,0.3913290434220908,0,Champions,"Target with premium products, exclusive offers, and loyalty rewards."
15738,19,16,4812.42,4,5,5,455,14,-0.6230859205766931,2.178003940795619,1.5025125801320396,0,Champions,"Target with premium products, exclusive offers, and loyalty rewards."
15739,66,1,449.12,3,1,2,312,6,0.2790514826837337,-0.9552142636712972,-0.3807126905350351,1,At Risk,Launch win-back campaigns with personalized offers and re-engagement discounts.
15740,49,1,154.88,3,1,1,311,5,0.0606587070539751,-0.9552142636712972,-1.2234638223180343,1,At Risk,Launch win-back campaigns with personalized offers and re-engagement discounts.
15743,16,4,775.96,4,4,3,443,11,-0.7443590504544844,0.3863044476016776,0.0531089353150033,2,New Customers,Use welcome offers and second-purchase incentives to build loyalty.
15744,78,1,34.8,2,1,1,211,4,0.4019933629965244,-0.9552142636712972,-2.3926181835203613,1,At Risk,Launch win-back campaigns with personalized offers and re-engagement discounts.
15745,19,4,1094.59,4,4,4,444,12,-0.6230859205766931,0.3863044476016776,0.3262245599566711,3,Loyal Customers,"Use cross-selling, upselling, and exclusive member offers."
15746,134,1,196.88,2,1,1,211,4,0.8018323761266101,-0.9552142636712972,-1.0338622493230392,1,At Risk,Launch win-back campaigns with personalized offers and re-engagement discounts.
15747,13,3,946.64,5,3,4,534,12,-0.8892400660298114,0.0596054655268191,0.2109305524698539,2,New Customers,Use welcome offers and second-purchase incentives to build loyalty.
15748,40,1,144.36,3,1,1,311,5,-0.0874272207859269,-0.9552142636712972,-1.278993865047244,1,At Risk,Launch win-back campaigns with personalized offers and re-engagement discounts.
15749,235,3,44534.3,1,3,5,135,9,1.2186328007835272,0.0596054655268191,3.270681462332837,3,Loyal Customers,"Use cross-selling, upselling, and exclusive member offers."
15750,3,8,2463.05,5,5,5,555,15,-1.824063391865872,1.2468684386726128,0.9703618123575192,0,Champions,"Target with premium products, exclusive offers, and loyalty rewards."
15752,40,7,2626.6,3,5,5,355,13,-0.0874272207859269,1.0744251947249353,1.0214346160847592,3,Loyal Customers,"Use cross-selling, upselling, and exclusive member offers."
15753,305,1,79.2,1,1,1,111,3,1.412463115884243,-0.9552142636712972,-1.7516103180694749,1,At Risk,Launch win-back campaigns with personalized offers and re-engagement discounts.
15754,51,3,458.57,3,3,2,332,8,0.0899255663351436,0.0596054655268191,-0.3642005919279553,3,Loyal Customers,"Use cross-selling, upselling, and exclusive member offers."
15755,10,6,2364.25,5,5,5,555,15,-1.0691974256329595,0.8789251688960832,0.9378394844380464,0,Champions,"Target with premium products, exclusive offers, and loyalty rewards."
15756,61,4,528.01,3,4,3,343,10,0.2211768101395232,0.3863044476016776,-0.2523696582490276,3,Loyal Customers,"Use cross-selling, upselling, and exclusive member offers."
15757,66,2,714.42,3,3,3,333,9,0.2790514826837337,-0.3615827770984003,-0.0124712556507497,3,Loyal Customers,"Use cross-selling, upselling, and exclusive member offers."
15758,25,1,205.25,4,2,1,421,7,-0.4273072773233673,-0.9552142636712972,-1.0009380866639284,2,New Customers,Use welcome offers and second-purchase incentives to build loyalty.
15759,218,3,253.04,1,3,2,132,6,1.1628461404940136,0.0596054655268191,-0.8353147122938795,1,At Risk,Launch win-back campaigns with personalized offers and re-engagement discounts.
15762,65,2,583.75,3,3,3,333,9,0.2678300793656594,-0.3615827770984003,-0.1727561809475127,1,At Risk,Launch win-back campaigns with personalized offers and re-engagement discounts.
15763,32,2,1086.92,4,3,4,434,11,-0.2494027642928512,-0.3615827770984003,0.3206412694199593,3,Loyal Customers,"Use cross-selling, upselling, and exclusive member offers."
15764,88,6,3279.97,2,5,5,255,12,0.4909329380903411,0.8789251688960832,1.1979183545575358,3,Loyal Customers,"Use cross-selling, upselling, and exclusive member offers."
15766,64,1,315.06,3,2,2,322,7,0.2564373503073006,-0.9552142636712972,-0.6617141613612136,1,At Risk,Launch win-back campaigns with personalized offers and re-engagement discounts.
15768,116,3,621.83,2,4,3,243,9,0.6950492016983384,0.0596054655268191,-0.1226174534646711,3,Loyal Customers,"Use cross-selling, upselling, and exclusive member offers."
15769,7,26,56252.72,5,5,5,555,15,-1.3068305482073614,2.855319654443625,3.456321901203117,0,Champions,"Target with premium products, exclusive offers, and loyalty rewards."
15773,6,1,635.68,5,2,3,523,10,-1.4064729096883222,-0.9552142636712972,-0.1051385605356313,2,New Customers,Use welcome offers and second-purchase incentives to build loyalty.
15774,69,1,270.8,3,2,2,322,7,0.3117374052593681,-0.9552142636712972,-0.7816111836219802,1,At Risk,Launch win-back campaigns with personalized offers and re-engagement discounts.
15775,245,1,104.9,1,2,1,121,4,1.249600284212692,-0.9552142636712972,-1.5306985206892108,1,At Risk,Launch win-back campaigns with personalized offers and re-engagement discounts.
15776,133,1,241.62,2,2,1,221,5,0.7962843263422448,-0.9552142636712972,-0.8718684455206255,1,At Risk,Launch win-back campaigns with personalized offers and re-engagement discounts.
15777,241,4,1047.11,1,4,4,144,9,1.237367071575486,0.3863044476016776,0.2910145622939954,3,Loyal Customers,"Use cross-selling, upselling, and exclusive member offers."
15780,184,3,475.28,1,4,2,142,7,1.0369487703169469,0.0596054655268191,-0.3358171781981269,1,At Risk,Launch win-back campaigns with personalized offers and re-engagement discounts.
15781,25,3,345.46,4,4,2,442,10,-0.4273072773233673,0.0596054655268191,-0.5887301163455101,2,New Customers,Use welcome offers and second-purchase incentives to build loyalty.
15782,10,3,2614.74,5,4,5,545,14,-1.0691974256329595,0.0596054655268191,1.0178393944181183,3,Loyal Customers,"Use cross-selling, upselling, and exclusive member offers."
15783,11,1,246.3,5,2,1,521,8,-1.0042687305257638,-0.9552142636712972,-0.8566845866874767,2,New Customers,Use welcome offers and second-purchase incentives to build loyalty.
15785,33,5,2328.97,4,4,5,445,13,-0.2271262067959733,0.6532369520997158,0.9258960544940278,3,Loyal Customers,"Use cross-selling, upselling, and exclusive member offers."
15786,46,3,4919.0,3,4,5,345,12,0.0144867079241929,0.0596054655268191,1.5199176540970478,3,Loyal Customers,"Use cross-selling, upselling, and exclusive member offers."
15787,26,3,933.26,4,4,3,443,11,-0.3991450951625692,0.0596054655268191,0.1996295973046467,3,Loyal Customers,"Use cross-selling, upselling, and exclusive member offers."
15789,358,1,351.3,1,2,2,122,5,1.531660558029954,-0.9552142636712972,-0.5754456783552546,1,At Risk,Launch win-back campaigns with personalized offers and re-engagement discounts.
15790,10,1,218.75,5,2,1,521,8,-1.0691974256329595,-0.9552142636712972,-0.950551159046052,2,New Customers,Use welcome offers and second-purchase incentives to build loyalty.
15791,44,2,1612.69,3,3,4,334,10,-0.0179622852134984,-0.3615827770984003,0.63396726661204,3,Loyal Customers,"Use cross-selling, upselling, and exclusive member offers."
15793,15,3,965.61,4,4,4,444,12,-0.7895977045488505,0.0596054655268191,0.2266823875175549,2,New Customers,Use welcome offers and second-purchase incentives to build loyalty.
15795,150,1,610.01,2,2,3,223,7,0.8854115876894589,-0.9552142636712972,-0.1378446579479858,1,At Risk,Launch win-back campaigns with personalized offers and re-engagement discounts.
15796,1,8,2708.61,5,5,5,555,15,-2.341296235524383,1.2468684386726128,1.0458596382657428,0,Champions,"Target with premium products, exclusive offers, and loyalty rewards."
15797,113,4,2207.4,2,4,5,245,11,0.6756660532493783,0.3863044476016776,0.8833088936218941,3,Loyal Customers,"Use cross-selling, upselling, and exclusive member offers."
15799,76,3,884.14,2,4,3,243,9,0.3828587438616125,0.0596054655268191,0.1567071989242765,3,Loyal Customers,"Use cross-selling, upselling, and exclusive member offers."
15800,107,2,696.89,2,3,3,233,8,0.6353205921544528,-0.3615827770984003,-0.032187083622849,1,At Risk,Launch win-back campaigns with personalized offers and re-engagement discounts.
15801,46,3,1063.95,3,4,4,344,11,0.0144867079241929,0.0596054655268191,0.3036819690347791,3,Loyal Customers,"Use cross-selling, upselling, and exclusive member offers."
15802,143,1,451.42,2,2,2,222,6,0.8499916181313663,-0.9552142636712972,-0.376662172406425,1,At Risk,Launch win-back campaigns with personalized offers and re-engagement discounts.
15803,51,1,415.82,3,2,2,322,7,0.0899255663351436,-0.9552142636712972,-0.4417952431594896,1,At Risk,Launch win-back campaigns with personalized offers and re-engagement discounts.
15804,1,13,4206.39,5,5,5,555,15,-2.341296235524383,1.8937448980941995,1.3955697917655585,0,Champions,"Target with premium products, exclusive offers, and loyalty rewards."
15805,23,17,5488.18,4,5,5,455,14,-0.4870358868672529,2.2616881678707283,1.6069167579671702,0,Champions,"Target with premium products, exclusive offers, and loyalty rewards."
15806,46,3,784.58,3,4,3,343,10,0.0144867079241929,0.0596054655268191,0.0618775056625729,3,Loyal Customers,"Use cross-selling, upselling, and exclusive member offers."
15807,50,3,903.9,3,4,3,343,10,0.0754356108856238,0.0596054655268191,0.1742536830853002,3,Loyal Customers,"Use cross-selling, upselling, and exclusive member offers."
15808,306,4,3651.27,1,4,5,145,10,1.4148977322642486,0.3863044476016776,1.28312092143346,3,Loyal Customers,"Use cross-selling, upselling, and exclusive member offers."
15809,36,5,515.77,3,4,3,343,10,-0.164028700972232,0.6532369520997158,-0.2709737803368274,3,Loyal Customers,"Use cross-selling, upselling, and exclusive member offers."
15810,79,4,1391.98,2,4,4,244,10,0.4113797667403285,0.3863044476016776,0.5170802133055517,3,Loyal Customers,"Use cross-selling, upselling, and exclusive member offers."
15811,22,6,2218.62,4,5,5,455,14,-0.5187942651860693,0.8789251688960832,0.8873363651172711,3,Loyal Customers,"Use cross-selling, upselling, and exclusive member offers."
15812,107,5,1801.14,2,4,4,244,10,0.6353205921544528,0.6532369520997158,0.7217460095157029,3,Loyal Customers,"Use cross-selling, upselling, and exclusive member offers."
15813,208,2,1303.91,1,3,4,134,8,1.1279702018006934,-0.3615827770984003,0.4651755523991278,3,Loyal Customers,"Use cross-selling, upselling, and exclusive member offers."
15814,17,4,1945.33,4,4,4,444,12,-0.7017069128441668,0.3863044476016776,0.7829167454573753,3,Loyal Customers,"Use cross-selling, upselling, and exclusive member offers."
15815,64,5,2100.6,3,4,5,345,12,0.2564373503073006,0.6532369520997158,0.8439147958385244,3,Loyal Customers,"Use cross-selling, upselling, and exclusive member offers."
15819,49,4,1905.45,3,4,4,344,11,0.0606587070539751,0.3863044476016776,0.76646376003947,3,Loyal Customers,"Use cross-selling, upselling, and exclusive member offers."
15820,320,1,206.98,1,2,1,121,4,1.4481737219634514,-0.9552142636712972,-0.9942998100983044,1,At Risk,Launch win-back campaigns with personalized offers and re-engagement discounts.
15821,44,2,570.96,3,3,3,333,9,-0.0179622852134984,-0.3615827770984003,-0.190331856110841,2,New Customers,Use welcome offers and second-purchase incentives to build loyalty.
15822,3,2,885.47,5,3,3,533,11,-1.824063391865872,-0.3615827770984003,0.1579004500762016,2,New Customers,Use welcome offers and second-purchase incentives to build loyalty.
15823,372,1,15.0,1,2,1,121,4,1.5602075626728675,-0.9552142636712972,-3.03265930240862,1,At Risk,Launch win-back campaigns with personalized offers and re-engagement discounts.
15825,172,1,532.94,2,2,3,223,7,0.9869048205414844,-0.9552142636712972,-0.2449976559854887,1,At Risk,Launch win-back campaigns with personalized offers and re-engagement discounts.
15826,56,3,1654.31,3,4,4,344,11,0.1584332095908674,0.0596054655268191,0.6542048609211143,3,Loyal Customers,"Use cross-selling, upselling, and exclusive member offers."
15827,73,14,1836.09,2,5,4,254,11,0.3532041426862792,1.9947556633726904,0.737011096775366,3,Loyal Customers,"Use cross-selling, upselling, and exclusive member offers."
15829,99,2,636.14,2,3,3,233,8,0.5778915507124864,-0.3615827770984003,-0.1045645788306791,1,At Risk,Launch win-back campaigns with personalized offers and re-engagement discounts.
15830,38,1,576.0,3,2,3,323,8,-0.1247454596417701,-0.9552142636712972,-0.1833595463174118,2,New Customers,Use welcome offers and second-purchase incentives to build loyalty.
15831,58,3,794.64,3,4,3,343,10,0.1841671134665053,0.0596054655268191,0.0719900352296263,3,Loyal Customers,"Use cross-selling, upselling, and exclusive member offers."
15832,254,1,836.79,1,2,3,123,6,1.2764130821748028,-0.9552142636712972,0.1130143879445854,1,At Risk,Launch win-back campaigns with personalized offers and re-engagement discounts.
15834,70,4,2225.15,3,4,5,345,12,0.322322111219249,0.3863044476016776,0.8896709773966386,3,Loyal Customers,"Use cross-selling, upselling, and exclusive member offers."
15835,44,4,954.09,3,4,4,344,11,-0.0179622852134984,0.3863044476016776,0.2171539793191777,3,Loyal Customers,"Use cross-selling, upselling, and exclusive member offers."
15836,50,1,137.37,3,2,1,321,6,0.0754356108856238,-0.9552142636712972,-1.3181597610815208,1,At Risk,Launch win-back campaigns with personalized offers and re-engagement discounts.
15837,65,1,391.98,3,2,2,322,7,0.2678300793656594,-0.9552142636712972,-0.4886013212442991,1,At Risk,Launch win-back campaigns with personalized offers and re-engagement discounts.
15838,11,19,33643.08,5,5,5,555,15,-1.0042687305257638,2.41594390599791,3.04780407845023,0,Champions,"Target with premium products, exclusive offers, and loyalty rewards."
15839,33,3,1048.49,4,4,4,444,12,-0.2271262067959733,0.0596054655268191,0.292060256586196,3,Loyal Customers,"Use cross-selling, upselling, and exclusive member offers."
15840,59,2,355.56,3,3,2,332,8,0.196708740763415,-0.3615827770984003,-0.5658934956672389,1,At Risk,Launch win-back campaigns with personalized offers and re-engagement discounts.
15841,73,4,1224.06,2,4,4,244,10,0.3532041426862792,0.3863044476016776,0.4149930770738639,3,Loyal Customers,"Use cross-selling, upselling, and exclusive member offers."
15843,304,1,118.95,1,2,1,121,4,1.410020530205643,-0.9552142636712972,-1.4316915721014365,1,At Risk,Launch win-back campaigns with personalized offers and re-engagement discounts.
15844,46,1,130.74,3,2,1,321,6,0.0144867079241929,-0.9552142636712972,-1.3571816573019428,1,At Risk,Launch win-back campaigns with personalized offers and re-engagement discounts.
15845,18,8,3711.77,4,5,5,455,14,-0.6613614517492411,1.2468684386726128,1.2961777678669917,0,Champions,"Target with premium products, exclusive offers, and loyalty rewards."
15847,38,2,389.27,3,3,2,332,8,-0.1247454596417701,-0.3615827770984003,-0.4941007664986226,2,New Customers,Use welcome offers and second-purchase incentives to build loyalty.
15850,19,2,234.88,4,3,1,431,8,-0.6230859205766931,-0.3615827770984003,-0.8942584892579571,2,New Customers,Use welcome offers and second-purchase incentives to build loyalty.
15852,187,2,160.71,1,3,1,131,5,1.048952395241215,-0.3615827770984003,-1.1942829152068684,1,At Risk,Launch win-back campaigns with personalized offers and re-engagement discounts.
15853,52,1,110.8,3,2,1,321,6,0.10413950578058,-0.9552142636712972,-1.4876113271122555,1,At Risk,Launch win-back campaigns with personalized offers and re-engagement discounts.
15854,4,12,2969.12,5,5,5,555,15,-1.6575516078937147,1.7852452398084837,1.1188137538997902,0,Champions,"Target with premium products, exclusive offers, and loyalty rewards."
15855,137,5,712.24,2,4,3,243,9,0.8182332398125501,0.6532369520997158,-0.0148966156356462,3,Loyal Customers,"Use cross-selling, upselling, and exclusive member offers."
15856,4,27,16143.64,5,5,5,555,15,-1.6575516078937147,2.908564627292316,2.464276166801203,0,Champions,"Target with premium products, exclusive offers, and loyalty rewards."
15857,19,1,297.0,4,2,2,422,8,-0.6230859205766931,-0.9552142636712972,-0.708474803705285,2,New Customers,Use welcome offers and second-purchase incentives to build loyalty.
15858,16,5,1427.57,4,4,4,444,12,-0.7443590504544844,0.6532369520997158,0.5371300820690007,3,Loyal Customers,"Use cross-selling, upselling, and exclusive member offers."
15860,41,8,965.16,3,5,4,354,12,-0.0694454046897029,1.2468684386726128,0.2263123203054208,3,Loyal Customers,"Use cross-selling, upselling, and exclusive member offers."
15861,12,8,3146.92,5,5,5,555,15,-0.9445401209818785,1.2468684386726128,1.1650188648060509,0,Champions,"Target with premium products, exclusive offers, and loyalty rewards."
15862,8,4,832.88,5,4,3,543,12,-1.2189397565026774,0.3863044476016776,0.1092966800512186,2,New Customers,Use welcome offers and second-purchase incentives to build loyalty.
15863,26,2,68.84,4,3,1,431,8,-0.3991450951625692,-0.3615827770984003,-1.861534333009303,2,New Customers,Use welcome offers and second-purchase incentives to build loyalty.
15864,22,6,1936.32,4,5,4,454,13,-0.5187942651860693,0.8789251688960832,0.7792292308518239,3,Loyal Customers,"Use cross-selling, upselling, and exclusive member offers."
15865,41,3,895.13,3,4,3,343,10,-0.0694454046897029,0.0596054655268191,0.1665138723334475,3,Loyal Customers,"Use cross-selling, upselling, and exclusive member offers."
15866,101,1,211.89,2,2,1,221,5,0.5926684545441344,-0.9552142636712972,-0.9757558924908768,1,At Risk,Launch win-back campaigns with personalized offers and re-engagement discounts.
15867,5,15,3810.14,5,5,5,555,15,-1.5215015741842748,2.089244923923052,1.3169599951356523,0,Champions,"Target with premium products, exclusive offers, and loyalty rewards."
15869,277,2,149.64,1,3,1,131,5,1.3408538993577666,-0.3615827770984003,-1.250638415101004,1,At Risk,Launch win-back campaigns with personalized offers and re-engagement discounts.
15870,33,1,351.44,4,2,2,422,8,-0.2271262067959733,-0.9552142636712972,-0.5751299254304839,2,New Customers,Use welcome offers and second-purchase incentives to build loyalty.
15872,15,2,316.25,4,3,2,432,9,-0.7895977045488505,-0.3615827770984003,-0.6587275453455186,2,New Customers,Use welcome offers and second-purchase incentives to build loyalty.
15874,64,7,4405.88,3,5,5,355,13,0.2564373503073006,1.0744251947249353,1.432385110787733,3,Loyal Customers,"Use cross-selling, upselling, and exclusive member offers."
15877,2,2,490.33,5,3,3,533,11,-2.038734417842785,-0.3615827770984003,-0.3110931380651093,2,New Customers,Use welcome offers and second-purchase incentives to build loyalty.
15880,369,1,329.03,1,2,2,122,5,1.5541816139754578,-0.9552142636712972,-0.6273410104430573,1,At Risk,Launch win-back campaigns with personalized offers and re-engagement discounts.
15881,312,5,501.39,1,4,3,143,8,1.4293409429987136,0.6532369520997158,-0.2934019380470991,3,Loyal Customers,"Use cross-selling, upselling, and exclusive member offers."
15882,199,4,516.36,1,4,3,143,8,1.0951243943709967,0.3863044476016776,-0.2700669517875181,3,Loyal Customers,"Use cross-selling, upselling, and exclusive member offers."
15883,2,2,396.48,5,3,2,532,10,-2.038734417842785,-0.3615827770984003,-0.4795526341543435,2,New Customers,Use welcome offers and second-purchase incentives to build loyalty.
15885,93,3,379.35,2,4,2,242,8,0.5317195515827039,0.0596054655268191,-0.5145625577235009,1,At Risk,Launch win-back campaigns with personalized offers and re-engagement discounts.
15886,60,1,181.09,3,2,1,321,6,0.2090430589164636,-0.9552142636712972,-1.0999515664758277,1,At Risk,Launch win-back campaigns with personalized offers and re-engagement discounts.
15888,81,1,168.31,2,2,1,221,5,0.429805622872584,-0.9552142636712972,-1.1577836645602857,1,At Risk,Launch win-back campaigns with personalized offers and re-engagement discounts.
15889,157,2,420.07,2,3,2,232,7,0.9192262066550354,-0.3615827770984003,-0.4337330368005695,1,At Risk,Launch win-back campaigns with personalized offers and re-engagement discounts.
15891,227,1,511.68,1,2,3,123,6,1.1928988969078893,-0.9552142636712972,-0.2772887111667985,1,At Risk,Launch win-back campaigns with personalized offers and re-engagement discounts.
15894,253,2,258.25,1,3,2,132,6,1.273481018447474,-0.3615827770984003,-0.8191808592053883,1,At Risk,Launch win-back campaigns with personalized offers and re-engagement discounts.
15895,150,1,179.17,2,2,1,221,5,0.8854115876894589,-0.9552142636712972,-1.108375853887608,1,At Risk,Launch win-back campaigns with personalized offers and re-engagement discounts.
15897,194,2,208.59,1,3,1,131,5,1.0762320116474091,-0.3615827770984003,-0.988171411545806,1,At Risk,Launch win-back campaigns with personalized offers and re-engagement discounts.
15898,1,5,1383.83,5,4,4,544,13,-2.341296235524383,0.6532369520997158,0.5124167927716718,0,Champions,"Target with premium products, exclusive offers, and loyalty rewards."
15899,369,1,56.25,1,2,1,121,4,1.5541816139754578,-0.9552142636712972,-2.019509694015369,1,At Risk,Launch win-back campaigns with personalized offers and re-engagement discounts.
15900,24,1,337.28,4,2,2,422,8,-0.4565741366045358,-0.9552142636712972,-0.6077188729869953,2,New Customers,Use welcome offers and second-purchase incentives to build loyalty.
15901,17,3,351.73,4,4,2,442,10,-0.7017069128441668,0.0596054655268191,-0.5744762646061645,2,New Customers,Use welcome offers and second-purchase incentives to build loyalty.
15903,10,7,5126.76,5,5,5,555,15,-1.0691974256329595,1.0744251947249353,1.55278789233959,0,Champions,"Target with premium products, exclusive offers, and loyalty rewards."
15904,8,1,164.68,5,2,1,521,8,-1.2189397565026774,-0.9552142636712972,-1.175007903615019,2,New Customers,Use welcome offers and second-purchase incentives to build loyalty.
15906,20,7,1567.69,4,5,4,454,13,-0.5866782483482139,1.0744251947249353,0.6114903006282768,3,Loyal Customers,"Use cross-selling, upselling, and exclusive member offers."
15907,4,3,882.72,5,4,3,543,12,-1.6575516078937147,0.0596054655268191,0.1554312207691363,2,New Customers,Use welcome offers and second-purchase incentives to build loyalty.
15909,174,1,191.94,2,2,1,221,5,0.9954820328900365,-0.9552142636712972,-1.0539541749663115,1,At Risk,Launch win-back campaigns with personalized offers and re-engagement discounts.
15910,1,8,1228.88,5,5,4,554,14,-2.341296235524383,1.2468684386726128,0.4181137983140665,0,Champions,"Target with premium products, exclusive offers, and loyalty rewards."
15912,178,2,264.62,2,3,2,232,7,1.0123462367079263,-0.3615827770984003,-0.7998897469380869,1,At Risk,Launch win-back campaigns with personalized offers and re-engagement discounts.
15916,16,8,1502.86,4,5,4,454,13,-0.7443590504544844,1.2468684386726128,0.5779482363388679,0,Champions,"Target with premium products, exclusive offers, and loyalty rewards."
15917,248,1,123.1,1,2,1,121,4,1.2586453556679202,-0.9552142636712972,-1.404660740125067,1,At Risk,Launch win-back campaigns with personalized offers and re-engagement discounts.
15918,191,2,334.23,1,3,2,132,6,1.0646626441082796,-0.3615827770984003,-0.6149167931048184,1,At Risk,Launch win-back campaigns with personalized offers and re-engagement discounts.
15919,20,2,525.69,4,3,3,433,10,-0.5866782483482139,-0.3615827770984003,-0.2558626408731007,2,New Customers,Use welcome offers and second-purchase incentives to build loyalty.
15920,154,4,167.5,2,4,1,241,7,0.9049214377701916,0.3863044476016776,-1.161594863441917,1,At Risk,Launch win-back campaigns with personalized offers and re-engagement discounts.
15921,173,1,323.03,2,2,2,222,6,0.991205750364562,-0.9552142636712972,-0.6419222386115604,1,At Risk,Launch win-back campaigns with personalized offers and re-engagement discounts.
15922,373,1,369.5,1,2,2,122,5,1.5622054467539612,-0.9552142636712972,-0.5354149661757487,1,At Risk,Launch win-back campaigns with personalized offers and re-engagement discounts.
15923,373,1,127.08,1,2,1,121,4,1.5622054467539612,-0.9552142636712972,-1.3795732764385151,1,At Risk,Launch win-back campaigns with personalized offers and re-engagement discounts.
15925,194,1,207.15,1,2,1,121,4,1.0762320116474091,-0.9552142636712972,-0.9936504760412724,1,At Risk,Launch win-back campaigns with personalized offers and re-engagement discounts.
15930,67,1,426.63,3,2,2,322,7,0.2901066368625376,-0.9552142636712972,-0.4214471488794677,1,At Risk,Launch win-back campaigns with personalized offers and re-engagement discounts.
15932,4,8,2495.87,5,5,5,555,15,-1.6575516078937147,1.2468684386726128,0.9808773371575832,0,Champions,"Target with premium products, exclusive offers, and loyalty rewards."
15933,21,3,1107.46,4,4,4,444,12,-0.5519645819744484,0.0596054655268191,0.3355058918563401,3,Loyal Customers,"Use cross-selling, upselling, and exclusive member offers."
15935,239,2,416.86,1,3,2,132,6,1.231174428080437,-0.3615827770984003,-0.4398148025666212,1,At Risk,Launch win-back campaigns with personalized offers and re-engagement discounts.
15937,64,1,145.35,3,2,1,321,6,0.2564373503073006,-0.9552142636712972,-1.2735995810487042,1,At Risk,Launch win-back campaigns with personalized offers and re-engagement discounts.
15938,112,5,404.58,2,4,2,242,8,0.6690914798070661,0.6532369520997158,-0.4635201796713595,3,Loyal Customers,"Use cross-selling, upselling, and exclusive member offers."
15939,90,15,6115.01,2,5,5,255,12,0.5075160485126933,2.089244923923052,1.6928514751651598,0,Champions,"Target with premium products, exclusive offers, and loyalty rewards."
15940,311,1,35.8,1,2,1,121,4,1.4269530713337628,-0.9552142636712972,-2.37072347792024,1,At Risk,Launch win-back campaigns with personalized offers and re-engagement discounts.
15942,134,1,337.44,2,2,2,222,6,0.8018323761266101,-0.9552142636712972,-0.607343070853305,1,At Risk,Launch win-back campaigns with personalized offers and re-engagement discounts.
15944,277,1,325.1,1,2,2,122,5,1.3408538993577666,-0.9552142636712972,-0.6368614305198871,1,At Risk,Launch win-back campaigns with personalized offers and re-engagement discounts.
15945,365,1,181.0,1,2,1,121,4,1.5460705639150825,-0.9552142636712972,-1.1003444664770583,1,At Risk,Launch win-back campaigns with personalized offers and re-engagement discounts.
15947,83,1,1708.24,2,2,4,224,8,0.4477874389688077,-0.9552142636712972,0.6796842431711101,3,Loyal Customers,"Use cross-selling, upselling, and exclusive member offers."
15948,8,2,955.24,5,3,4,534,12,-1.2189397565026774,-0.3615827770984003,0.2181103152630606,2,New Customers,Use welcome offers and second-purchase incentives to build loyalty.
15949,17,2,364.72,4,3,2,432,9,-0.7017069128441668,-0.3615827770984003,-0.5457348462560963,2,New Customers,Use welcome offers and second-purchase incentives to build loyalty.
15950,32,4,1744.71,4,4,4,444,12,-0.2494027642928512,0.3863044476016776,0.6964629463319859,3,Loyal Customers,"Use cross-selling, upselling, and exclusive member offers."
15951,9,2,708.22,5,3,3,533,11,-1.1403187642352035,-0.3615827770984003,-0.0193885707641533,2,New Customers,Use welcome offers and second-purchase incentives to build loyalty.
15952,34,4,781.91,3,4,3,343,10,-0.2054954383991431,0.3863044476016776,0.0591718147098879,3,Loyal Customers,"Use cross-selling, upselling, and exclusive member offers."
15953,15,8,1657.28,4,5,4,454,13,-0.7895977045488505,1.2468684386726128,0.6556295039505133,0,Champions,"Target with premium products, exclusive offers, and loyalty rewards."
15955,24,14,4416.26,4,5,5,455,14,-0.4565741366045358,1.9947556633726904,1.4342548172400484,0,Champions,"Target with premium products, exclusive offers, and loyalty rewards."
15957,32,1,428.89,4,2,2,422,8,-0.2494027642928512,-0.9552142636712972,-0.4172581190827432,2,New Customers,Use welcome offers and second-purchase incentives to build loyalty.
15958,74,1,104.35,2,2,1,221,5,0.3632205247355723,-0.9552142636712972,-1.5348367563219243,1,At Risk,Launch win-back campaigns with personalized offers and re-engagement discounts.
15963,20,2,470.76,4,3,2,432,9,-0.5866782483482139,-0.3615827770984003,-0.3433953304551068,2,New Customers,Use welcome offers and second-purchase incentives to build loyalty.
15965,17,4,808.87,4,4,3,443,11,-0.7017069128441668,0.3863044476016776,0.0860781058687178,2,New Customers,Use welcome offers and second-purchase incentives to build loyalty.
15967,23,2,397.68,4,3,2,432,9,-0.4870358868672529,-0.3615827770984003,-0.4771569504247715,2,New Customers,Use welcome offers and second-purchase incentives to build loyalty.
15969,3,3,666.1,5,4,3,543,12,-1.824063391865872,0.0596054655268191,-0.0680464124593913,2,New Customers,Use welcome offers and second-purchase incentives to build loyalty.
15970,304,1,314.1,1,2,2,122,5,1.410020530205643,-0.9552142636712972,-0.6641317386280308,1,At Risk,Launch win-back campaigns with personalized offers and re-engagement discounts.
15971,18,12,4199.85,4,5,5,455,14,-0.6613614517492411,1.7852452398084837,1.3943334999355843,0,Champions,"Target with premium products, exclusive offers, and loyalty rewards."
15973,367,1,307.82,1,2,2,122,5,1.5501371094479746,-0.9552142636712972,-0.6801307691251359,1,At Risk,Launch win-back campaigns with personalized offers and re-engagement discounts.
15974,39,7,3442.15,3,5,5,355,13,-0.1058530769181821,1.0744251947249353,1.2362620829097015,3,Loyal Customers,"Use cross-selling, upselling, and exclusive member offers."
15975,84,1,371.01,2,2,2,222,6,0.4566184208346949,-0.9552142636712972,-0.532182578057252,1,At Risk,Launch win-back campaigns with personalized offers and re-engagement discounts.
15976,165,2,427.64,2,3,2,232,7,0.9560835379863236,-0.3615827770984003,-0.4195723309011619,1,At Risk,Launch win-back campaigns with personalized offers and re-engagement discounts.
15977,17,2,1054.73,4,3,4,434,11,-0.7017069128441668,-0.3615827770984003,0.2967715118649014,2,New Customers,Use welcome offers and second-purchase incentives to build loyalty.
15978,77,1,1098.78,2,2,4,224,8,0.3924873840167408,-0.9552142636712972,0.3292581374099989,1,At Risk,Launch win-back campaigns with personalized offers and re-engagement discounts.
15980,89,3,2398.86,2,4,5,245,11,0.4992705584450125,0.0596054655268191,0.9493842353918992,3,Loyal Customers,"Use cross-selling, upselling, and exclusive member offers."
15981,25,8,3408.48,4,5,5,455,14,-0.4273072773233673,1.2468684386726128,1.2284523246539312,0,Champions,"Target with premium products, exclusive offers, and loyalty rewards."
15983,22,4,1465.12,4,4,4,444,12,-0.5187942651860693,0.3863044476016776,0.5577496948414933,3,Loyal Customers,"Use cross-selling, upselling, and exclusive member offers."
15984,3,10,2780.63,5,5,5,555,15,-1.824063391865872,1.54066546553549,1.0667072282924652,0,Champions,"Target with premium products, exclusive offers, and loyalty rewards."
15985,123,2,1142.42,2,3,4,234,9,0.7384096537980341,-0.3615827770984003,0.360183856505578,3,Loyal Customers,"Use cross-selling, upselling, and exclusive member offers."
15986,30,1,168.12,4,2,1,421,7,-0.2960560335189878,-0.9552142636712972,-1.1586760100962772,2,New Customers,Use welcome offers and second-purchase incentives to build loyalty.
15987,12,7,1432.77,5,5,4,554,14,-0.9445401209818785,1.0744251947249353,0.5400176410542553,0,Champions,"Target with premium products, exclusive offers, and loyalty rewards."
15988,19,1,156.78,4,2,1,421,7,-0.6230859205766931,-0.9552142636712972,-1.213835557258234,2,New Customers,Use welcome offers and second-purchase incentives to build loyalty.
15990,44,2,792.11,3,3,3,333,9,-0.0179622852134984,-0.3615827770984003,0.0694589102640102,3,Loyal Customers,"Use cross-selling, upselling, and exclusive member offers."
15992,4,1,41.99,5,2,1,521,8,-1.6575516078937147,-0.9552142636712972,-2.2471674361981853,2,New Customers,Use welcome offers and second-purchase incentives to build loyalty.
15993,9,7,2777.67,5,5,5,555,15,-1.1403187642352035,1.0744251947249353,1.0658610891407794,0,Champions,"Target with premium products, exclusive offers, and loyalty rewards."
15994,55,1,414.27,3,2,2,322,7,0.1452256212872108,-0.9552142636712972,-0.4447560505800472,1,At Risk,Launch win-back campaigns with personalized offers and re-engagement discounts.
15996,88,6,1032.58,2,5,4,254,11,0.4909329380903411,0.8789251688960832,0.2799201353663486,3,Loyal Customers,"Use cross-selling, upselling, and exclusive member offers."
15998,37,5,3080.22,3,4,5,345,12,-0.1441286080907301,0.6532369520997158,1.1479987453502778,3,Loyal Customers,"Use cross-selling, upselling, and exclusive member offers."
16000,3,3,12393.7,5,4,5,545,14,-1.824063391865872,0.0596054655268191,2.254214461636397,0,Champions,"Target with premium products, exclusive offers, and loyalty rewards."
16003,30,5,2735.37,4,4,5,445,13,-0.2960560335189878,0.6532369520997158,1.0536698323287566,3,Loyal Customers,"Use cross-selling, upselling, and exclusive member offers."
16005,12,4,578.71,5,4,3,543,12,-0.9445401209818785,0.3863044476016776,-0.1796356819191715,2,New Customers,Use welcome offers and second-purchase incentives to build loyalty.
16006,211,1,101.4,1,2,1,121,4,1.1386051930976016,-0.9552142636712972,-1.5574081532571051,1,At Risk,Launch win-back campaigns with personalized offers and re-engagement discounts.
16007,48,4,1693.81,3,4,4,344,11,0.0455832598062495,0.3863044476016776,0.6729463943136629,3,Loyal Customers,"Use cross-selling, upselling, and exclusive member offers."
16008,24,3,478.78,4,4,2,442,10,-0.4565741366045358,0.0596054655268191,-0.3299983826371115,2,New Customers,Use welcome offers and second-purchase incentives to build loyalty.
16009,22,4,972.11,4,4,4,444,12,-0.5187942651860693,0.3863044476016776,0.2320086700675891,3,Loyal Customers,"Use cross-selling, upselling, and exclusive member offers."
16010,246,3,392.4,1,4,2,142,7,1.252627506451775,0.0596054655268191,-0.4877524044314313,1,At Risk,Launch win-back campaigns with personalized offers and re-engagement discounts.
16011,8,16,3352.96,5,5,5,555,15,-1.2189397565026774,2.178003940795619,1.215404448260962,0,Champions,"Target with premium products, exclusive offers, and loyalty rewards."
16012,35,3,1415.29,3,4,4,344,11,-0.1844740691856557,0.0596054655268191,0.5302690661339139,3,Loyal Customers,"Use cross-selling, upselling, and exclusive member offers."
16013,4,47,37130.6,5,5,5,555,15,-1.6575516078937147,3.697696139694065,3.1261890476072987,0,Champions,"Target with premium products, exclusive offers, and loyalty rewards."
16014,38,3,646.83,3,4,3,343,10,-0.1247454596417701,0.0596054655268191,-0.0913411829776892,3,Loyal Customers,"Use cross-selling, upselling, and exclusive member offers."
16015,4,3,704.55,5,4,3,543,12,-1.6575516078937147,0.0596054655268191,-0.023511723843776,2,New Customers,Use welcome offers and second-purchase incentives to build loyalty.
16016,3,8,1465.51,5,5,4,554,14,-1.824063391865872,1.2468684386726128,0.5579610708045831,0,Champions,"Target with premium products, exclusive offers, and loyalty rewards."
16017,47,1,211.88,3,2,1,321,6,0.030196956791258,-0.9552142636712972,-0.9757932237987452,1,At Risk,Launch win-back campaigns with personalized offers and re-engagement discounts.
16018,39,2,408.9,3,3,2,332,8,-0.1058530769181821,-0.3615827770984003,-0.4550999728695269,2,New Customers,Use welcome offers and second-purchase incentives to build loyalty.
16019,47,9,3786.24,3,5,5,355,13,0.030196956791258,1.4011241767997944,1.3119604949729573,0,Champions,"Target with premium products, exclusive offers, and loyalty rewards."
16020,17,3,851.01,4,4,3,443,11,-0.7017069128441668,0.0596054655268191,0.1263902815394542,2,New Customers,Use welcome offers and second-purchase incentives to build loyalty.
16022,260,1,602.63,1,2,3,123,6,1.2937675680461596,-0.9552142636712972,-0.1475021062024062,1,At Risk,Launch win-back campaigns with personalized offers and re-engagement discounts.
16023,46,3,719.81,3,4,3,343,10,0.0144867079241929,0.0596054655268191,-0.0065061921290601,3,Loyal Customers,"Use cross-selling, upselling, and exclusive member offers."
16024,12,1,251.03,5,2,2,522,9,-0.9445401209818785,-0.9552142636712972,-0.8416277155151117,2,New Customers,Use welcome offers and second-purchase incentives to build loyalty.
16025,30,1,439.66,4,2,2,422,8,-0.2960560335189878,-0.9552142636712972,-0.3975931890980416,2,New Customers,Use welcome offers and second-purchase incentives to build loyalty.
16026,43,1,236.09,3,2,1,321,6,-0.0347317383159377,-0.9552142636712972,-0.8901921745644933,1,At Risk,Launch win-back campaigns with personalized offers and re-engagement discounts.
16027,92,6,934.62,2,5,4,254,11,0.5237386278211207,0.8789251688960832,0.2007856390346679,3,Loyal Customers,"Use cross-selling, upselling, and exclusive member offers."
16029,39,63,80850.84,3,5,5,355,13,-0.1058530769181821,4.118884382319284,3.7446062765934296,0,Champions,"Target with premium products, exclusive offers, and loyalty rewards."
16030,310,1,331.24,1,2,2,122,5,1.4245575339360348,-0.9552142636712972,-0.6220369670795728,1,At Risk,Launch win-back campaigns with personalized offers and re-engagement discounts.
16031,92,2,547.9,2,3,3,233,8,0.5237386278211207,-0.3615827770984003,-0.2230371066590771,1,At Risk,Launch win-back campaigns with personalized offers and re-engagement discounts.
16033,6,20,8778.82,5,5,5,555,15,-1.4064729096883222,2.487376384667096,1.980182027652428,0,Champions,"Target with premium products, exclusive offers, and loyalty rewards."
16034,196,3,437.7,1,4,2,142,7,1.0838464579070546,0.0596054655268191,-0.4011359214770803,1,At Risk,Launch win-back campaigns with personalized offers and re-engagement discounts.
16036,87,2,758.92,2,3,3,233,8,0.4825011053425735,-0.3615827770984003,0.0354852921377992,3,Loyal Customers,"Use cross-selling, upselling, and exclusive member offers."
16037,270,3,855.02,1,4,3,143,8,1.3218238523484769,0.0596054655268191,0.1301219060663209,3,Loyal Customers,"Use cross-selling, upselling, and exclusive member offers."
16038,8,3,471.78,5,4,2,542,11,-1.2189397565026774,0.0596054655268191,-0.3416788919486007,2,New Customers,Use welcome offers and second-purchase incentives to build loyalty.
16040,65,3,1313.55,3,4,4,344,11,0.2678300793656594,0.0596054655268191,0.4710250085035786,3,Loyal Customers,"Use cross-selling, upselling, and exclusive member offers."
16041,31,3,3166.4,4,4,5,445,13,-0.2723648608903394,0.0596054655268191,1.169921654125658,3,Loyal Customers,"Use cross-selling, upselling, and exclusive member offers."
16042,22,5,1177.47,4,4,4,444,12,-0.5187942651860693,0.6532369520997158,0.3841792366843794,3,Loyal Customers,"Use cross-selling, upselling, and exclusive member offers."
16043,38,4,773.99,3,4,3,343,10,-0.1247454596417701,0.3863044476016776,0.0510913263594348,3,Loyal Customers,"Use cross-selling, upselling, and exclusive member offers."
16045,120,4,1340.7,2,4,4,244,10,0.7201342279169752,0.3863044476016776,0.4872716753119931,3,Loyal Customers,"Use cross-selling, upselling, and exclusive member offers."
16048,373,2,256.44,1,3,2,132,6,1.5622054467539612,-0.3615827770984003,-0.8247488506310432,1,At Risk,Launch win-back campaigns with personalized offers and re-engagement discounts.
16049,40,3,1074.81,3,4,4,344,11,-0.0874272207859269,0.0596054655268191,0.3117452878592559,3,Loyal Customers,"Use cross-selling, upselling, and exclusive member offers."
16050,174,1,137.9,2,2,1,221,5,0.9954820328900365,-0.9552142636712972,-1.315121523168065,1,At Risk,Launch win-back campaigns with personalized offers and re-engagement discounts.
16052,54,1,362.06,3,2,2,322,7,0.1317800456562198,-0.9552142636712972,-0.5515362806085059,1,At Risk,Launch win-back campaigns with personalized offers and re-engagement discounts.
16053,33,2,1511.95,4,3,4,434,11,-0.2271262067959733,-0.3615827770984003,0.5827374642108589,3,Loyal Customers,"Use cross-selling, upselling, and exclusive member offers."
16054,145,1,783.9,2,2,3,223,7,0.8602843228124161,-0.9552142636712972,0.0611892896190533,1,At Risk,Launch win-back campaigns with personalized offers and re-engagement discounts.
16055,221,1,134.8,1,2,1,121,4,1.172998804026387,-0.9552142636712972,-1.3330593461666775,1,At Risk,Launch win-back campaigns with personalized offers and re-engagement discounts.
16056,45,1,650.75,3,2,3,323,8,-0.0015614215275583,-0.9552142636712972,-0.0865468010479675,2,New Customers,Use welcome offers and second-purchase incentives to build loyalty.
16057,16,7,2263.12,4,5,5,455,14,-0.7443590504544844,1.0744251947249353,0.903111828056506,0,Champions,"Target with premium products, exclusive offers, and loyalty rewards."
16059,66,6,1453.16,3,5,4,354,12,0.2790514826837337,0.8789251688960832,0.5512400487732761,3,Loyal Customers,"Use cross-selling, upselling, and exclusive member offers."
16062,10,4,1153.62,5,4,4,544,13,-1.0691974256329595,0.3863044476016776,0.3679304744993183,2,New Customers,Use welcome offers and second-purchase incentives to build loyalty.
16063,260,1,335.32,1,2,2,122,5,1.2937675680461596,-0.9552142636712972,-0.6123369292454095,1,At Risk,Launch win-back campaigns with personalized offers and re-engagement discounts.
16065,365,1,367.14,1,2,2,122,5,1.5460705639150825,-0.9552142636712972,-0.5404933897490449,1,At Risk,Launch win-back campaigns with personalized offers and re-engagement discounts.
16066,17,5,1521.04,4,4,4,444,12,-0.7017069128441668,0.6532369520997158,0.5874980037889902,3,Loyal Customers,"Use cross-selling, upselling, and exclusive member offers."
16070,22,2,852.15,4,3,3,433,10,-0.5187942651860693,-0.3615827770984003,0.127452926146453,2,New Customers,Use welcome offers and second-purchase incentives to build loyalty.
16071,45,1,326.24,3,2,2,322,7,-0.0015614215275583,-0.9552142636712972,-0.634088019054147,1,At Risk,Launch win-back campaigns with personalized offers and re-engagement discounts.
16072,288,1,584.32,1,2,3,123,6,1.3698109782739254,-0.9552142636712972,-0.1719818772941248,1,At Risk,Launch win-back campaigns with personalized offers and re-engagement discounts.
16073,297,1,122.4,1,2,1,121,4,1.3926948271642658,-0.9552142636712972,-1.4091561806627353,1,At Risk,Launch win-back campaigns with personalized offers and re-engagement discounts.
16076,3,10,2234.73,5,5,5,555,15,-1.824063391865872,1.54066546553549,0.8930836651441777,0,Champions,"Target with premium products, exclusive offers, and loyalty rewards."
16078,284,1,79.2,1,2,1,121,4,1.3594106808800466,-0.9552142636712972,-1.7516103180694749,1,At Risk,Launch win-back campaigns with personalized offers and re-engagement discounts.
16079,17,3,1352.0,4,4,4,444,12,-0.7017069128441668,0.0596054655268191,0.493936961930759,3,Loyal Customers,"Use cross-selling, upselling, and exclusive member offers."
16080,82,2,217.16,2,3,1,231,6,0.4388506943278125,-0.3615827770984003,-0.9563223099826178,1,At Risk,Launch win-back campaigns with personalized offers and re-engagement discounts.
16081,56,5,2799.42,3,4,5,345,12,0.1584332095908674,0.6532369520997158,1.072057587754556,3,Loyal Customers,"Use cross-selling, upselling, and exclusive member offers."
16083,101,2,1317.62,2,3,4,234,9,0.5926684545441344,-0.3615827770984003,0.4734817763490553,3,Loyal Customers,"Use cross-selling, upselling, and exclusive member offers."
16084,299,1,436.18,1,2,2,122,5,1.3976862120525944,-0.9552142636712972,-0.4038942607124294,1,At Risk,Launch win-back campaigns with personalized offers and re-engagement discounts.
16085,23,5,981.51,4,4,4,444,12,-0.4870358868672529,0.6532369520997158,0.2396486987835659,3,Loyal Customers,"Use cross-selling, upselling, and exclusive member offers."
16086,59,5,1121.39,3,4,4,344,11,0.196708740763415,0.6532369520997158,0.3454309864363244,3,Loyal Customers,"Use cross-selling, upselling, and exclusive member offers."
16091,155,2,315.06,2,3,2,232,7,0.9097202276752518,-0.3615827770984003,-0.6617141613612136,1,At Risk,Launch win-back campaigns with personalized offers and re-engagement discounts.
16092,115,3,817.86,2,4,3,243,9,0.6886439326829644,0.0596054655268191,0.0948514117074196,3,Loyal Customers,"Use cross-selling, upselling, and exclusive member offers."
16093,107,1,17.0,2,2,1,221,5,0.6353205921544528,-0.9552142636712972,-2.9390538793545287,1,At Risk,Launch win-back campaigns with personalized offers and re-engagement discounts.
16094,12,4,1078.23,5,4,4,544,13,-0.9445401209818785,0.3863044476016776,0.3142677194557819,2,New Customers,Use welcome offers and second-purchase incentives to build loyalty.
16096,264,1,320.62,1,2,2,122,5,1.305116977069759,-0.9552142636712972,-0.647855181489286,1,At Risk,Launch win-back campaigns with personalized offers and re-engagement discounts.
16097,240,1,185.05,1,2,1,121,4,1.2342771737504357,-0.9552142636712972,-1.0828534924886628,1,At Risk,Launch win-back campaigns with personalized offers and re-engagement discounts.
16098,88,7,2005.63,2,5,4,254,11,0.4909329380903411,1.0744251947249353,0.8071647969058706,3,Loyal Customers,"Use cross-selling, upselling, and exclusive member offers."
16099,50,3,731.9,3,4,3,343,10,0.0754356108856238,0.0596054655268191,0.006713057351515,3,Loyal Customers,"Use cross-selling, upselling, and exclusive member offers."
16101,71,1,1290.7,3,2,4,324,9,0.3327587744728552,-0.9552142636712972,0.4570892849393774,3,Loyal Customers,"Use cross-selling, upselling, and exclusive member offers."
16102,42,3,1842.14,3,4,4,344,11,-0.0518867296643757,0.0596054655268191,0.7396240345499657,3,Loyal Customers,"Use cross-selling, upselling, and exclusive member offers."
16103,7,6,1429.64,5,5,4,554,14,-1.3068305482073614,0.8789251688960832,0.5382808099347853,0,Champions,"Target with premium products, exclusive offers, and loyalty rewards."
16104,62,1,298.21,3,2,2,322,7,0.2331164129918942,-0.9552142636712972,-0.705254423443063,1,At Risk,Launch win-back campaigns with personalized offers and re-engagement discounts.
16105,249,1,336.96,1,2,2,122,5,1.2616361783431542,-0.9552142636712972,-0.6084710107905987,1,At Risk,Launch win-back campaigns with personalized offers and re-engagement discounts.
16106,66,1,108.38,3,2,1,321,6,0.2790514826837337,-0.9552142636712972,-1.5050027496231966,1,At Risk,Launch win-back campaigns with personalized offers and re-engagement discounts.
16107,18,7,3204.16,4,5,5,455,14,-0.6613614517492411,1.0744251947249353,1.1793399297970657,0,Champions,"Target with premium products, exclusive offers, and loyalty rewards."
16108,85,1,842.5,2,2,3,223,7,0.4653461139941349,-0.9552142636712972,0.118412518835536,1,At Risk,Launch win-back campaigns with personalized offers and re-engagement discounts.
16109,219,2,611.88,1,3,3,133,7,1.166245732973242,-0.3615827770984003,-0.1354161036332331,1,At Risk,Launch win-back campaigns with personalized offers and re-engagement discounts.
16110,45,3,1320.95,3,4,4,344,11,-0.0015614215275583,0.0596054655268191,0.475486225491333,3,Loyal Customers,"Use cross-selling, upselling, and exclusive member offers."
16112,143,4,195.74,2,4,1,241,7,0.8499916181313663,0.3863044476016776,-1.038453967555113,1,At Risk,Launch win-back campaigns with personalized offers and re-engagement discounts.
16113,183,1,161.38,1,2,1,121,4,1.0329042657894636,-0.9552142636712972,-1.1909969871293018,1,At Risk,Launch win-back campaigns with personalized offers and re-engagement discounts.
16114,171,1,135.75,2,2,1,221,5,0.982578957652646,-0.9552142636712972,-1.327519120684174,1,At Risk,Launch win-back campaigns with personalized offers and re-engagement discounts.
16115,10,8,1660.88,5,5,4,554,14,-1.0691974256329595,1.2468684386726128,0.6573529270939145,0,Champions,"Target with premium products, exclusive offers, and loyalty rewards."
16116,212,1,612.78,1,2,3,123,6,1.1421167725593575,-0.9552142636712972,-0.1342499207936258,1,At Risk,Launch win-back campaigns with personalized offers and re-engagement discounts.
16117,190,1,232.21,1,2,1,121,4,1.060765981162014,-0.9552142636712972,-0.9033055611075568,1,At Risk,Launch win-back campaigns with personalized offers and re-engagement discounts.
16119,8,2,423.36,5,3,2,532,10,-1.2189397565026774,-0.3615827770984003,-0.4275476238633516,2,New Customers,Use welcome offers and second-purchase incentives to build loyalty.
16120,59,4,1309.14,3,4,4,344,11,0.196708740763415,0.3863044476016776,0.4683544060460349,3,Loyal Customers,"Use cross-selling, upselling, and exclusive member offers."
16121,57,2,854.66,3,3,3,333,9,0.1714110890244534,-0.3615827770984003,0.1297876123650598,3,Loyal Customers,"Use cross-selling, upselling, and exclusive member offers."
16122,73,4,684.42,2,4,3,243,9,0.3532041426862792,0.3863044476016776,-0.0465157893729444,3,Loyal Customers,"Use cross-selling, upselling, and exclusive member offers."
16123,52,1,307.78,3,2,2,322,7,0.10413950578058,-0.9552142636712972,-0.6802337131081055,1,At Risk,Launch win-back campaigns with personalized offers and re-engagement discounts.
16124,317,1,249.0,1,2,1,121,4,1.4411670107791992,-0.9552142636712972,-0.8480548442289607,1,At Risk,Launch win-back campaigns with personalized offers and re-engagement discounts.
16125,367,1,289.35,1,2,2,122,5,1.5501371094479746,-0.9552142636712972,-0.7291428019722216,1,At Risk,Launch win-back campaigns with personalized offers and re-engagement discounts.
16126,29,4,6287.77,4,4,5,445,13,-0.3205241028950956,0.3863044476016776,1.7149890719240526,3,Loyal Customers,"Use cross-selling, upselling, and exclusive member offers."
16127,39,1,656.25,3,2,3,323,8,-0.1058530769181821,-0.9552142636712972,-0.0798683789958544,2,New Customers,Use welcome offers and second-purchase incentives to build loyalty.
16128,18,5,1880.22,4,4,4,444,12,-0.6613614517492411,0.6532369520997158,0.7558761045237481,3,Loyal Customers,"Use cross-selling, upselling, and exclusive member offers."
16131,52,6,3506.54,3,5,5,355,13,0.10413950578058,0.8789251688960832,1.2509869435214935,3,Loyal Customers,"Use cross-selling, upselling, and exclusive member offers."
16133,4,33,14589.04,5,5,5,555,15,-1.6575516078937147,3.192823669993736,2.383810795841736,0,Champions,"Target with premium products, exclusive offers, and loyalty rewards."
16134,22,2,618.09,4,3,3,433,10,-0.5187942651860693,-0.3615827770984003,-0.1274040580970298,2,New Customers,Use welcome offers and second-purchase incentives to build loyalty.
16135,263,1,517.55,1,2,3,123,6,1.302295766682681,-0.9552142636712972,-0.2682410669183251,1,At Risk,Launch win-back campaigns with personalized offers and re-engagement discounts.
16136,60,3,709.38,3,4,3,343,10,0.2090430589164636,0.0596054655268191,-0.0180897765119958,3,Loyal Customers,"Use cross-selling, upselling, and exclusive member offers."
16139,19,3,635.41,4,4,3,443,11,-0.6230859205766931,0.0596054655268191,-0.1054756560135922,2,New Customers,Use welcome offers and second-purchase incentives to build loyalty.
16140,66,2,725.18,3,3,3,333,9,0.2790514826837337,-0.3615827770984003,-0.0006074554104594,3,Loyal Customers,"Use cross-selling, upselling, and exclusive member offers."
16141,88,1,620.4,2,2,3,223,7,0.4909329380903411,-0.9552142636712972,-0.1244442232631588,1,At Risk,Launch win-back campaigns with personalized offers and re-engagement discounts.
16142,250,1,535.34,1,2,3,123,6,1.2646150615747358,-0.9552142636712972,-0.2414334497763615,1,At Risk,Launch win-back campaigns with personalized offers and re-engagement discounts.
16143,3,6,2424.94,5,5,5,555,15,-1.824063391865872,0.8789251688960832,0.9579741878231964,0,Champions,"Target with premium products, exclusive offers, and loyalty rewards."
16144,247,1,175.2,1,2,1,121,4,1.2556424974565452,-0.9552142636712972,-1.1260832865542316,1,At Risk,Launch win-back campaigns with personalized offers and re-engagement discounts.
16145,9,11,3799.49,5,5,5,555,15,-1.1403187642352035,1.668056681297832,1.3147360683543572,0,Champions,"Target with premium products, exclusive offers, and loyalty rewards."
16146,157,3,734.13,2,4,3,243,9,0.9192262066550354,0.0596054655268191,0.0091275090914351,3,Loyal Customers,"Use cross-selling, upselling, and exclusive member offers."
16147,134,1,375.0,2,2,2,222,6,0.8018323761266101,-0.9552142636712972,-0.5237041005252298,1,At Risk,Launch win-back campaigns with personalized offers and re-engagement discounts.
16148,296,1,76.32,1,2,1,121,4,1.3901865583873654,-0.9552142636712972,-1.7806741883671344,1,At Risk,Launch win-back campaigns with personalized offers and re-engagement discounts.
16149,5,2,280.52,5,3,2,532,10,-1.5215015741842748,-0.3615827770984003,-0.7536868487056007,2,New Customers,Use welcome offers and second-purchase incentives to build loyalty.
16150,43,5,2053.02,3,4,4,344,11,-0.0347317383159377,0.6532369520997158,0.8257154469216064,3,Loyal Customers,"Use cross-selling, upselling, and exclusive member offers."
16152,269,1,1829.04,1,2,4,124,7,1.3190652197851211,-0.9552142636712972,0.7339553904808723,1,At Risk,Launch win-back campaigns with personalized offers and re-engagement discounts.
16153,50,5,1824.23,3,4,4,344,11,0.0754356108856238,0.6532369520997158,0.7318638121791285,3,Loyal Customers,"Use cross-selling, upselling, and exclusive member offers."
16156,9,9,3092.04,5,5,5,555,15,-1.1403187642352035,1.4011241767997944,1.151041601040243,0,Champions,"Target with premium products, exclusive offers, and loyalty rewards."
16157,16,3,656.69,4,4,3,443,11,-0.7443590504544844,0.0596054655268191,-0.0793365218253178,2,New Customers,Use welcome offers and second-purchase incentives to build loyalty.
16159,282,1,348.2,1,2,2,122,5,1.354155664383771,-0.9552142636712972,-0.5824696881465669,1,At Risk,Launch win-back campaigns with personalized offers and re-engagement discounts.
16160,65,2,1025.44,3,3,4,334,10,0.2678300793656594,-0.3615827770984003,0.274411084569938,3,Loyal Customers,"Use cross-selling, upselling, and exclusive member offers."
16161,2,19,5533.67,5,5,5,555,15,-2.038734417842785,2.41594390599791,1.6134756936084098,0,Champions,"Target with premium products, exclusive offers, and loyalty rewards."
16162,252,1,37.4,1,2,1,121,4,1.270537388363865,-0.9552142636712972,-2.336900179934335,1,At Risk,Launch win-back campaigns with personalized offers and re-engagement discounts.
16163,232,2,856.6,1,3,3,133,7,1.2090862834765006,-0.3615827770984003,0.1315874233697375,1,At Risk,Launch win-back campaigns with personalized offers and re-engagement discounts.
16164,17,3,822.48,4,4,3,443,11,-0.7017069128441668,0.0596054655268191,0.099322655121125,2,New Customers,Use welcome offers and second-purchase incentives to build loyalty.
16168,11,27,3787.6,5,5,5,555,15,-1.0042687305257638,2.908564627292316,1.3122458308501914,0,Champions,"Target with premium products, exclusive offers, and loyalty rewards."
16169,8,4,1822.97,5,4,4,544,13,-1.2189397565026774,0.3863044476016776,0.7313150032623614,2,New Customers,Use welcome offers and second-purchase incentives to build loyalty.
16170,51,6,1885.05,3,5,4,354,12,0.0899255663351436,0.8789251688960832,0.757913938901018,3,Loyal Customers,"Use cross-selling, upselling, and exclusive member offers."
16171,59,1,73.2,3,2,1,321,6,0.196708740763415,-0.9552142636712972,-1.8134078272652343,1,At Risk,Launch win-back campaigns with personalized offers and re-engagement discounts.
16172,95,5,1140.21,2,4,4,244,10,0.5474298004497687,0.6532369520997158,0.3586463222636141,3,Loyal Customers,"Use cross-selling, upselling, and exclusive member offers."
16173,16,6,1418.32,4,5,4,454,13,-0.7443590504544844,0.8789251688960832,0.5319674840300013,3,Loyal Customers,"Use cross-selling, upselling, and exclusive member offers."
16174,126,3,1009.55,2,4,4,244,10,0.7562481747889629,0.0596054655268191,0.2620119300471223,3,Loyal Customers,"Use cross-selling, upselling, and exclusive member offers."
16175,94,4,1037.59,2,4,4,244,10,0.5396160195399382,0.3863044476016776,0.2837630563339723,3,Loyal Customers,"Use cross-selling, upselling, and exclusive member offers."
16177,50,1,331.95,3,2,2,322,7,0.0754356108856238,-0.9552142636712972,-0.6203404389509385,1,At Risk,Launch win-back campaigns with personalized offers and re-engagement discounts.
16178,138,1,197.9,2,2,1,221,5,0.8236210556992557,-0.9552142636712972,-1.0297762375077997,1,At Risk,Launch win-back campaigns with personalized offers and re-engagement discounts.
16179,61,1,215.83,3,2,1,321,6,0.2211768101395232,-0.9552142636712972,-0.9611821501253756,1,At Risk,Launch win-back campaigns with personalized offers and re-engagement discounts.
16180,100,8,10254.18,2,5,5,255,12,0.5853165797205673,1.2468684386726128,2.103624703200522,3,Loyal Customers,"Use cross-selling, upselling, and exclusive member offers."
16181,73,1,305.54,2,2,2,222,6,0.3532041426862792,-0.9552142636712972,-0.6860199627674269,1,At Risk,Launch win-back campaigns with personalized offers and re-engagement discounts.
16182,72,4,6617.65,3,4,5,345,12,0.343051479153905,0.3863044476016776,1.7556202477903724,3,Loyal Customers,"Use cross-selling, upselling, and exclusive member offers."
16183,67,1,338.71,3,2,2,322,7,0.2901066368625376,-0.9552142636712972,-0.6043664280304827,1,At Risk,Launch win-back campaigns with personalized offers and re-engagement discounts.
16184,64,6,1158.79,3,5,4,354,12,0.2564373503073006,0.8789251688960832,0.3714810539164075,3,Loyal Customers,"Use cross-selling, upselling, and exclusive member offers."
16185,17,2,529.41,4,3,3,433,10,-0.7017069128441668,-0.3615827770984003,-0.2502692274207712,2,New Customers,Use welcome offers and second-purchase incentives to build loyalty.
16186,23,12,4006.94,4,5,5,455,14,-0.4870358868672529,1.7852452398084837,1.3569737615302473,0,Champions,"Target with premium products, exclusive offers, and loyalty rewards."
16187,32,15,6911.44,4,5,5,455,14,-0.2494027642928512,2.089244923923052,1.790136270681853,0,Champions,"Target with premium products, exclusive offers, and loyalty rewards."
16188,45,4,981.86,3,4,4,344,11,-0.0015614215275583,0.3863044476016776,0.2399317545384972,3,Loyal Customers,"Use cross-selling, upselling, and exclusive member offers."
16189,16,2,215.48,4,3,1,431,8,-0.7443590504544844,-0.3615827770984003,-0.9624660101890138,2,New Customers,Use welcome offers and second-purchase incentives to build loyalty.
16190,40,1,215.08,3,2,1,321,6,-0.0874272207859269,-0.9552142636712972,-0.9639358229760352,1,At Risk,Launch win-back campaigns with personalized offers and re-engagement discounts.
16191,3,13,5180.52,5,5,5,555,15,-1.824063391865872,1.8937448980941995,1.561076529417846,0,Champions,"Target with premium products, exclusive offers, and loyalty rewards."
16193,237,1,314.45,1,2,2,122,5,1.2249299626985986,-0.9552142636712972,-0.6632494781565008,1,At Risk,Launch win-back campaigns with personalized offers and re-engagement discounts.
16198,75,1,400.68,2,2,2,222,6,0.3731042355677808,-0.9552142636712972,-0.4711991469160038,1,At Risk,Launch win-back campaigns with personalized offers and re-engagement discounts.
16200,4,2,1068.87,5,3,4,534,12,-1.6575516078937147,-0.3615827770984003,0.3073451035902954,2,New Customers,Use welcome offers and second-purchase incentives to build loyalty.
16201,3,4,1863.47,5,4,4,544,13,-1.824063391865872,0.3863044476016776,0.7487683218979949,0,Champions,"Target with premium products, exclusive offers, and loyalty rewards."
16202,361,1,365.27,1,2,2,122,5,1.5378703796522508,-0.9552142636712972,-0.5445405670081973,1,At Risk,Launch win-back campaigns with personalized offers and re-engagement discounts.
16203,59,4,592.9,3,4,3,343,10,0.196708740763415,0.3863044476016776,-0.1604168042978689,3,Loyal Customers,"Use cross-selling, upselling, and exclusive member offers."
16204,23,1,384.18,4,2,2,422,8,-0.4870358868672529,-0.9552142636712972,-0.5045339893069821,2,New Customers,Use welcome offers and second-purchase incentives to build loyalty.
16205,31,4,757.63,4,4,3,443,11,-0.2723648608903394,0.3863044476016776,0.034135058318996,3,Loyal Customers,"Use cross-selling, upselling, and exclusive member offers."
16206,55,4,537.06,3,4,3,343,10,0.1452256212872108,0.3863044476016776,-0.2388888992378212,3,Loyal Customers,"Use cross-selling, upselling, and exclusive member offers."
16207,25,1,394.38,4,2,2,422,8,-0.4273072773233673,-0.9552142636712972,-0.4837625369171386,2,New Customers,Use welcome offers and second-purchase incentives to build loyalty.
16208,45,2,664.26,3,3,3,333,9,-0.0015614215275583,-0.3615827770984003,-0.0702414642725131,2,New Customers,Use welcome offers and second-purchase incentives to build loyalty.
16209,89,5,2262.62,2,4,5,245,11,0.4992705584450125,0.6532369520997158,0.902936303942788,3,Loyal Customers,"Use cross-selling, upselling, and exclusive member offers."
16210,2,18,21086.3,5,5,5,555,15,-2.038734417842785,2.340846655976633,2.676534271097431,0,Champions,"Target with premium products, exclusive offers, and loyalty rewards."
16211,89,1,547.02,2,2,3,223,7,0.4992705584450125,-0.9552142636712972,-0.2243122413849634,1,At Risk,Launch win-back campaigns with personalized offers and re-engagement discounts.
16212,19,2,690.34,4,3,3,433,10,-0.6230859205766931,-0.3615827770984003,-0.039681168847198,2,New Customers,Use welcome offers and second-purchase incentives to build loyalty.
16213,79,1,159.0,2,2,1,221,5,0.4113797667403285,-0.9552142636712972,-1.2027314987430329,1,At Risk,Launch win-back campaigns with personalized offers and re-engagement discounts.
16214,171,3,1062.75,2,4,4,244,10,0.982578957652646,0.0596054655268191,0.3027859544174848,3,Loyal Customers,"Use cross-selling, upselling, and exclusive member offers."
16215,81,1,242.35,2,2,1,221,5,0.429805622872584,-0.9552142636712972,-0.8694808432160627,1,At Risk,Launch win-back campaigns with personalized offers and re-engagement discounts.
16216,267,1,914.93,1,2,3,123,6,1.3135171700007555,-0.9552142636712972,0.1838822064208535,1,At Risk,Launch win-back campaigns with personalized offers and re-engagement discounts.
16217,235,2,304.25,1,3,2,132,6,1.2186328007835272,-0.3615827770984003,-0.6893714397628987,1,At Risk,Launch win-back campaigns with personalized offers and re-engagement discounts.
16218,30,7,3084.68,4,5,5,455,14,-0.2960560335189878,1.0744251947249353,1.1491482647131457,3,Loyal Customers,"Use cross-selling, upselling, and exclusive member offers."
16221,37,3,860.86,3,4,3,343,10,-0.1441286080907301,0.0596054655268191,0.1355253414125528,3,Loyal Customers,"Use cross-selling, upselling, and exclusive member offers."
16222,318,1,773.55,1,2,3,123,6,1.4435098989158772,-0.9552142636712972,0.05063999224704,1,At Risk,Launch win-back campaigns with personalized offers and re-engagement discounts.
16224,57,4,1295.3,3,4,4,344,11,0.1714110890244534,0.3863044476016776,0.4599144399377868,3,Loyal Customers,"Use cross-selling, upselling, and exclusive member offers."
16225,45,5,1096.32,3,4,4,344,11,-0.0015614215275583,0.6532369520997158,0.3274784909818881,3,Loyal Customers,"Use cross-selling, upselling, and exclusive member offers."
16226,203,3,255.12,1,4,2,142,7,1.1099012982026455,0.0596054655268191,-0.8288342259434692,1,At Risk,Launch win-back campaigns with personalized offers and re-engagement discounts.
16227,225,1,314.22,1,2,2,122,5,1.1863243234655771,-0.9552142636712972,-0.6638291389743889,1,At Risk,Launch win-back campaigns with personalized offers and re-engagement discounts.
16229,87,2,1010.6,2,3,4,234,9,0.4825011053425735,-0.3615827770984003,0.2628372535886799,3,Loyal Customers,"Use cross-selling, upselling, and exclusive member offers."
16230,190,2,542.03,1,3,3,133,7,1.060765981162014,-0.3615827770984003,-0.2315817856090486,1,At Risk,Launch win-back campaigns with personalized offers and re-engagement discounts.
16232,44,4,990.88,3,4,4,344,11,-0.0179622852134984,0.3863044476016776,0.247191943051336,3,Loyal Customers,"Use cross-selling, upselling, and exclusive member offers."
16233,71,3,536.68,3,4,3,343,10,0.3327587744728552,0.0596054655268191,-0.2394503666566737,3,Loyal Customers,"Use cross-selling, upselling, and exclusive member offers."
16235,41,5,867.31,3,4,3,343,10,-0.0694454046897029,0.6532369520997158,0.1414507896950441,3,Loyal Customers,"Use cross-selling, upselling, and exclusive member offers."
16236,78,1,432.2,2,2,2,222,6,0.4019933629965244,-0.9552142636712972,-0.4111624371064448,1,At Risk,Launch win-back campaigns with personalized offers and re-engagement discounts.
16239,57,2,414.2,3,3,2,332,8,0.1714110890244534,-0.3615827770984003,-0.4448900251449337,1,At Risk,Launch win-back campaigns with personalized offers and re-engagement discounts.
16240,24,2,3718.8,4,3,5,435,12,-0.4565741366045358,-0.3615827770984003,1.2976811338156078,3,Loyal Customers,"Use cross-selling, upselling, and exclusive member offers."
16241,10,13,2590.31,5,5,5,555,15,-1.0691974256329595,1.8937448980941995,1.010382067739009,0,Champions,"Target with premium products, exclusive offers, and loyalty rewards."
16242,8,7,3579.86,5,5,5,555,15,-1.2189397565026774,1.0744251947249353,1.267428313087816,0,Champions,"Target with premium products, exclusive offers, and loyalty rewards."
16243,34,2,409.1,3,3,2,332,8,-0.2054954383991431,-0.3615827770984003,-0.4547123008874918,2,New Customers,Use welcome offers and second-purchase incentives to build loyalty.
16244,212,2,1522.75,1,3,4,134,8,1.1421167725593575,-0.3615827770984003,0.5883903727631232,3,Loyal Customers,"Use cross-selling, upselling, and exclusive member offers."
16245,24,3,1413.66,4,4,4,444,12,-0.4565741366045358,0.0596054655268191,0.5293538920436369,3,Loyal Customers,"Use cross-selling, upselling, and exclusive member offers."
16247,170,1,114.56,2,2,1,221,5,0.978227870930976,-0.9552142636712972,-1.4613230790574636,1,At Risk,Launch win-back campaigns with personalized offers and re-engagement discounts.
16248,62,1,152.94,3,2,1,321,6,0.2331164129918942,-0.9552142636712972,-1.2334166439101768,1,At Risk,Launch win-back campaigns with personalized offers and re-engagement discounts.
16249,53,5,1800.07,3,4,4,344,11,0.1180877484959417,0.6532369520997158,0.7212740089935419,3,Loyal Customers,"Use cross-selling, upselling, and exclusive member offers."
16250,261,2,389.44,1,3,2,132,6,1.2966211442140112,-0.3615827770984003,-0.4937546618369797,1,At Risk,Launch win-back campaigns with personalized offers and re-engagement discounts.
16253,67,2,3683.86,3,3,5,335,11,0.2901066368625376,-0.3615827770984003,1.2901809956327108,3,Loyal Customers,"Use cross-selling, upselling, and exclusive member offers."
16255,17,8,2619.91,4,5,5,455,14,-0.7017069128441668,1.2468684386726128,1.0194086200700403,0,Champions,"Target with premium products, exclusive offers, and loyalty rewards."
16256,267,1,752.43,1,2,3,123,6,1.3135171700007555,-0.9552142636712972,0.0286688737251809,1,At Risk,Launch win-back campaigns with personalized offers and re-engagement discounts.
16257,177,1,46.95,2,2,1,221,5,1.008165781748852,-0.9552142636712972,-2.160390125339466,1,At Risk,Launch win-back campaigns with personalized offers and re-engagement discounts.
16258,45,5,5203.51,3,4,5,345,12,-0.0015614215275583,0.6532369520997158,1.5645948739934372,3,Loyal Customers,"Use cross-selling, upselling, and exclusive member offers."
16260,51,1,1035.45,3,2,4,324,9,0.0899255663351436,-0.9552142636712972,0.2821238420976968,3,Loyal Customers,"Use cross-selling, upselling, and exclusive member offers."
16261,17,4,728.54,4,4,3,443,11,-0.7017069128441668,0.3863044476016776,0.0030612299154243,2,New Customers,Use welcome offers and second-purchase incentives to build loyalty.
16265,9,9,5447.0,5,5,5,555,15,-1.1403187642352035,1.4011241767997944,1.6009322107525945,0,Champions,"Target with premium products, exclusive offers, and loyalty rewards."
16266,74,7,861.89,2,5,3,253,10,0.3632205247355723,1.0744251947249353,0.1364745450317967,3,Loyal Customers,"Use cross-selling, upselling, and exclusive member offers."
16268,71,2,667.65,3,3,3,333,9,0.3327587744728552,-0.3615827770984003,-0.066202013056232,3,Loyal Customers,"Use cross-selling, upselling, and exclusive member offers."
16270,353,1,1141.24,1,2,4,124,7,1.5211946184651242,-0.9552142636712972,0.3593632807512997,1,At Risk,Launch win-back campaigns with personalized offers and re-engagement discounts.
16271,3,5,1404.64,5,4,4,544,13,-1.824063391865872,0.6532369520997158,0.524270413747559,0,Champions,"Target with premium products, exclusive offers, and loyalty rewards."
16272,117,1,411.7,2,2,2,222,6,0.7013999571250162,-0.9552142636712972,-0.4496896987951669,1,At Risk,Launch win-back campaigns with personalized offers and re-engagement discounts.
16274,373,1,351.75,1,2,2,122,5,1.5622054467539612,-0.9552142636712972,-0.5744312043607925,1,At Risk,Launch win-back campaigns with personalized offers and re-engagement discounts.
16275,197,1,559.87,1,2,3,123,6,1.087624740705768,-0.9552142636712972,-0.2058925493680935,1,At Risk,Launch win-back campaigns with personalized offers and re-engagement discounts.
16276,177,1,810.6,2,2,3,223,7,1.008165781748852,-0.9552142636712972,0.08777394875045,1,At Risk,Launch win-back campaigns with personalized offers and re-engagement discounts.
16278,100,1,566.38,2,2,3,223,7,0.5853165797205673,-0.9552142636712972,-0.1967212952128504,1,At Risk,Launch win-back campaigns with personalized offers and re-engagement discounts.
16279,21,3,1502.78,4,4,4,444,12,-0.5519645819744484,0.0596054655268191,0.5779059585371311,3,Loyal Customers,"Use cross-selling, upselling, and exclusive member offers."
16281,72,1,2062.06,3,2,5,325,10,0.343051479153905,-0.9552142636712972,0.8292054682835625,3,Loyal Customers,"Use cross-selling, upselling, and exclusive member offers."
16282,340,1,168.3,1,2,1,121,4,1.493275620030947,-0.9552142636712972,-1.1578306051437088,1,At Risk,Launch win-back campaigns with personalized offers and re-engagement discounts.
16283,6,5,1570.81,5,4,4,544,13,-1.4064729096883222,0.6532369520997158,0.613069380878996,0,Champions,"Target with premium products, exclusive offers, and loyalty rewards."
16284,31,2,812.68,4,3,3,433,10,-0.2723648608903394,-0.3615827770984003,0.0898081018823237,2,New Customers,Use welcome offers and second-purchase incentives to build loyalty.
16287,170,1,142.5,2,2,1,221,5,0.978227870930976,-0.9552142636712972,-1.289228675463029,1,At Risk,Launch win-back campaigns with personalized offers and re-engagement discounts.
16292,122,1,302.25,2,2,2,222,6,0.7323674405541809,-0.9552142636712972,-0.6945956330855554,1,At Risk,Launch win-back campaigns with personalized offers and re-engagement discounts.
16293,22,10,2248.99,4,5,5,455,14,-0.5187942651860693,1.54066546553549,0.8981365231033994,0,Champions,"Target with premium products, exclusive offers, and loyalty rewards."
16295,10,4,1328.55,5,4,4,544,13,-1.0691974256329595,0.3863044476016776,0.4800420964331746,2,New Customers,Use welcome offers and second-purchase incentives to build loyalty.
16297,269,1,301.9,1,2,2,122,5,1.3190652197851211,-0.9552142636712972,-0.6955134081330112,1,At Risk,Launch win-back campaigns with personalized offers and re-engagement discounts.
16298,23,3,598.2,4,4,3,443,11,-0.4870358868672529,0.0596054655268191,-0.1533560655376082,2,New Customers,Use welcome offers and second-purchase incentives to build loyalty.
16302,127,1,233.22,2,2,1,221,5,0.7621008264266822,-0.9552142636712972,-0.8998711385327136,1,At Risk,Launch win-back campaigns with personalized offers and re-engagement discounts.
16303,26,3,5360.63,4,4,5,445,13,-0.3991450951625692,0.0596054655268191,1.5882320389545916,3,Loyal Customers,"Use cross-selling, upselling, and exclusive member offers."
16305,139,1,361.22,2,2,2,222,6,0.8289702489178785,-0.9552142636712972,-0.5533771460351361,1,At Risk,Launch win-back campaigns with personalized offers and re-engagement discounts.
16306,214,6,632.27,1,5,3,153,9,1.1490907416248033,0.8789251688960832,-0.109406488327741,3,Loyal Customers,"Use cross-selling, upselling, and exclusive member offers."
16308,38,4,2560.0,3,4,5,345,12,-0.1247454596417701,0.3863044476016776,1.001031516299462,3,Loyal Customers,"Use cross-selling, upselling, and exclusive member offers."
16309,106,2,706.57,2,3,3,233,8,0.6283790606233428,-0.3615827770984003,-0.0212396581462958,1,At Risk,Launch win-back campaigns with personalized offers and re-engagement discounts.
16311,18,2,616.26,4,3,3,433,10,-0.6613614517492411,-0.3615827770984003,-0.1297567130472828,2,New Customers,Use welcome offers and second-purchase incentives to build loyalty.
16313,3,2,274.15,5,3,2,532,10,-1.824063391865872,-0.3615827770984003,-0.7718758492173735,2,New Customers,Use welcome offers and second-purchase incentives to build loyalty.
16315,331,1,226.37,1,2,1,121,4,1.4733163816448338,-0.9552142636712972,-0.923460399048002,1,At Risk,Launch win-back campaigns with personalized offers and re-engagement discounts.
16316,64,8,2938.91,3,5,5,355,13,0.2564373503073006,1.2468684386726128,1.1106889463038108,3,Loyal Customers,"Use cross-selling, upselling, and exclusive member offers."
16317,120,3,1341.65,2,4,4,244,10,0.7201342279169752,0.0596054655268191,0.4878341885472738,3,Loyal Customers,"Use cross-selling, upselling, and exclusive member offers."
16318,35,1,328.15,3,2,2,322,7,-0.1844740691856557,-0.9552142636712972,-0.6294629214755271,2,New Customers,Use welcome offers and second-purchase incentives to build loyalty.
16319,218,1,404.4,1,2,2,122,5,1.1628461404940136,-0.9552142636712972,-0.4638729650936474,1,At Risk,Launch win-back campaigns with personalized offers and re-engagement discounts.
16320,172,2,1038.46,2,3,4,234,9,0.9869048205414844,-0.3615827770984003,0.2844285003864695,3,Loyal Customers,"Use cross-selling, upselling, and exclusive member offers."
16321,72,5,373.65,3,4,2,342,9,0.343051479153905,0.6532369520997158,-0.5265626453749392,3,Loyal Customers,"Use cross-selling, upselling, and exclusive member offers."
16322,1,2,326.75,5,3,2,532,10,-2.341296235524383,-0.3615827770984003,-0.6328504089193634,2,New Customers,Use welcome offers and second-purchase incentives to build loyalty.
16323,196,1,207.5,1,2,1,121,4,1.0838464579070546,-0.9552142636712972,-0.9923152800397274,1,At Risk,Launch win-back campaigns with personalized offers and re-engagement discounts.
16324,128,3,408.59,2,4,2,242,8,0.7679079316757323,0.0596054655268191,-0.4557012384162685,1,At Risk,Launch win-back campaigns with personalized offers and re-engagement discounts.
16325,47,3,594.24,3,4,3,343,10,0.030196956791258,0.0596054655268191,-0.1586257025532562,3,Loyal Customers,"Use cross-selling, upselling, and exclusive member offers."
16326,6,14,3039.22,5,5,5,555,15,-1.4064729096883222,1.9947556633726904,1.1373527807748431,0,Champions,"Target with premium products, exclusive offers, and loyalty rewards."
16327,14,6,3820.27,4,5,5,455,14,-0.8377569465536066,0.8789251688960832,1.319069576455964,0,Champions,"Target with premium products, exclusive offers, and loyalty rewards."
16330,18,3,251.91,4,4,2,442,10,-0.6613614517492411,0.0596054655268191,-0.8388576400614834,2,New Customers,Use welcome offers and second-purchase incentives to build loyalty.
16332,28,7,1582.8,4,5,4,454,13,-0.3458217546340572,1.0744251947249353,0.6191086754363151,3,Loyal Customers,"Use cross-selling, upselling, and exclusive member offers."
16333,8,22,26626.8,5,5,5,555,15,-1.2189397565026774,2.6205659263872656,2.8619321433757507,0,Champions,"Target with premium products, exclusive offers, and loyalty rewards."
16337,37,1,151.05,3,2,1,321,6,-0.1441286080907301,-0.9552142636712972,-1.2432343122429308,1,At Risk,Launch win-back campaigns with personalized offers and re-engagement discounts.
16338,157,1,214.8,2,2,1,221,5,0.9192262066550354,-0.9552142636712972,-0.9649663117435332,1,At Risk,Launch win-back campaigns with personalized offers and re-engagement discounts.
16339,284,1,94.05,1,2,1,121,4,1.3594106808800466,-0.9552142636712972,-1.6166023567141403,1,At Risk,Launch win-back campaigns with personalized offers and re-engagement discounts.
16340,107,1,534.31,2,2,3,223,7,0.6353205921544528,-0.9552142636712972,-0.2429611306906435,1,At Risk,Launch win-back campaigns with personalized offers and re-engagement discounts.
16341,25,4,1971.87,4,4,4,444,12,-0.4273072773233673,0.3863044476016776,0.7936803663619257,3,Loyal Customers,"Use cross-selling, upselling, and exclusive member offers."
16342,75,4,322.41,2,4,2,242,8,0.3731042355677808,0.3863044476016776,-0.6434443293999359,3,Loyal Customers,"Use cross-selling, upselling, and exclusive member offers."
16343,16,2,328.58,4,3,2,432,9,-0.7443590504544844,-0.3615827770984003,-0.6284253707523887,2,New Customers,Use welcome offers and second-purchase incentives to build loyalty.
16344,158,1,101.1,2,2,1,221,5,0.9239341671206882,-0.9552142636712972,-1.5597398738952954,1,At Risk,Launch win-back campaigns with personalized offers and re-engagement discounts.
16345,44,1,565.46,3,2,3,323,8,-0.0179622852134984,-0.9552142636712972,-0.1980109824775033,2,New Customers,Use welcome offers and second-purchase incentives to build loyalty.
16347,11,2,847.45,5,3,3,533,11,-1.0042687305257638,-0.3615827770984003,0.1230626711254886,2,New Customers,Use welcome offers and second-purchase incentives to build loyalty.
16348,32,7,1415.65,4,5,4,454,13,-0.2494027642928512,1.0744251947249353,0.5304710484693029,3,Loyal Customers,"Use cross-selling, upselling, and exclusive member offers."
16349,291,1,53.5,1,2,1,121,4,1.377517166470927,-0.9552142636712972,-2.058631699916317,1,At Risk,Launch win-back campaigns with personalized offers and re-engagement discounts.
16350,21,4,1116.47,4,4,4,444,12,-0.5519645819744484,0.3863044476016776,0.3419396380289756,3,Loyal Customers,"Use cross-selling, upselling, and exclusive member offers."
16351,333,1,153.9,1,2,1,121,4,1.4777981324055245,-0.9552142636712972,-1.2284759568052124,1,At Risk,Launch win-back campaigns with personalized offers and re-engagement discounts.
16352,18,2,494.44,4,3,3,433,10,-0.6613614517492411,-0.3615827770984003,-0.3044728534835618,2,New Customers,Use welcome offers and second-purchase incentives to build loyalty.
16353,4,23,6675.71,5,5,5,555,15,-1.6575516078937147,2.6828764104959486,1.7625613422348811,0,Champions,"Target with premium products, exclusive offers, and loyalty rewards."
16354,63,2,395.8,3,3,2,332,8,0.2448679827681711,-0.3615827770984003,-0.4809134007965153,1,At Risk,Launch win-back campaigns with personalized offers and re-engagement discounts.
16356,198,3,211.77,1,4,1,141,6,1.0913839892534942,0.0596054655268191,-0.9762039839639584,1,At Risk,Launch win-back campaigns with personalized offers and re-engagement discounts.
16357,33,3,658.88,4,4,3,443,11,-0.2271262067959733,0.0596054655268191,-0.0766946053705601,3,Loyal Customers,"Use cross-selling, upselling, and exclusive member offers."
16358,1,4,2027.5,5,4,4,544,13,-2.341296235524383,0.3863044476016776,0.8157795685006788,0,Champions,"Target with premium products, exclusive offers, and loyalty rewards."
16359,7,9,1750.92,5,5,4,554,14,-1.3068305482073614,1.4011241767997944,0.6992850077023111,0,Champions,"Target with premium products, exclusive offers, and loyalty rewards."
16360,5,6,3450.41,5,5,5,555,15,-1.5215015741842748,0.8789251688960832,1.2381663241324388,0,Champions,"Target with premium products, exclusive offers, and loyalty rewards."
16361,10,4,891.21,5,4,3,543,12,-1.0691974256329595,0.3863044476016776,0.1630298178747304,2,New Customers,Use welcome offers and second-purchase incentives to build loyalty.
16362,32,5,709.99,4,4,3,443,11,-0.2494027642928512,0.6532369520997158,-0.0174076404971866,3,Loyal Customers,"Use cross-selling, upselling, and exclusive member offers."
16363,53,1,109.36,3,2,1,321,6,0.1180877484959417,-0.9552142636712972,-1.497914025128985,1,At Risk,Launch win-back campaigns with personalized offers and re-engagement discounts.
16364,12,2,705.79,5,3,3,533,11,-0.9445401209818785,-0.3615827770984003,-0.022116220760943,2,New Customers,Use welcome offers and second-purchase incentives to build loyalty.
16365,18,9,1540.42,4,5,4,454,13,-0.6613614517492411,1.4011241767997944,0.5975533172821877,0,Champions,"Target with premium products, exclusive offers, and loyalty rewards."
16366,19,1,327.3,4,2,2,422,8,-0.6230859205766931,-0.9552142636712972,-0.631517887759452,2,New Customers,Use welcome offers and second-purchase incentives to build loyalty.
16367,37,2,800.67,3,3,3,333,9,-0.1441286080907301,-0.3615827770984003,0.0779904107062057,2,New Customers,Use welcome offers and second-purchase incentives to build loyalty.
16368,2,2,479.91,5,3,2,532,10,-2.038734417842785,-0.3615827770984003,-0.3281288044324142,2,New Customers,Use welcome offers and second-purchase incentives to build loyalty.
16369,18,3,1545.41,4,4,4,444,12,-0.6613614517492411,0.0596054655268191,0.6001219132954172,3,Loyal Customers,"Use cross-selling, upselling, and exclusive member offers."
16370,82,4,1301.91,2,4,4,244,10,0.4388506943278125,0.3863044476016776,0.4639565607459832,3,Loyal Customers,"Use cross-selling, upselling, and exclusive member offers."
16372,33,2,355.73,4,3,2,432,9,-0.2271262067959733,-0.3615827770984003,-0.5655146772746686,2,New Customers,Use welcome offers and second-purchase incentives to build loyalty.
16374,66,2,466.73,3,3,2,332,8,0.2790514826837337,-0.3615827770984003,-0.35021343742846,1,At Risk,Launch win-back campaigns with personalized offers and re-engagement discounts.
16376,9,2,974.96,5,3,4,534,12,-1.1403187642352035,-0.3615827770984003,0.2343328299227015,2,New Customers,Use welcome offers and second-purchase incentives to build loyalty.
16377,267,1,676.2,1,2,3,123,6,1.3135171700007555,-0.9552142636712972,-0.0561042875380082,1,At Risk,Launch win-back campaigns with personalized offers and re-engagement discounts.
16378,247,3,362.95,1,4,2,142,7,1.2556424974565452,0.0596054655268191,-0.5495904810444482,1,At Risk,Launch win-back campaigns with personalized offers and re-engagement discounts.
16379,4,4,2157.4,5,4,5,545,14,-1.6575516078937147,0.3863044476016776,0.8651087864359428,0,Champions,"Target with premium products, exclusive offers, and loyalty rewards."
16380,61,1,1743.15,3,2,4,324,9,0.2211768101395232,-0.9552142636712972,0.6957524450187293,3,Loyal Customers,"Use cross-selling, upselling, and exclusive member offers."
16383,75,2,643.76,2,3,3,233,8,0.3731042355677808,-0.3615827770984003,-0.0951162673559181,3,Loyal Customers,"Use cross-selling, upselling, and exclusive member offers."
16384,90,2,584.5,2,3,3,233,8,0.5075160485126933,-0.3615827770984003,-0.1717375170002087,1,At Risk,Launch win-back campaigns with personalized offers and re-engagement discounts.
16385,60,3,554.86,3,4,3,343,10,0.2090430589164636,0.0596054655268191,-0.2130233898135362,3,Loyal Customers,"Use cross-selling, upselling, and exclusive member offers."
16386,29,2,302.57,4,3,2,432,9,-0.3205241028950956,-0.3615827770984003,-0.6937574509598974,2,New Customers,Use welcome offers and second-purchase incentives to build loyalty.
16387,323,1,94.36,1,2,1,121,4,1.4551152534945606,-0.9552142636712972,-1.6140146170222076,1,At Risk,Launch win-back campaigns with personalized offers and re-engagement discounts.
16389,53,4,1382.07,3,4,4,344,11,0.1180877484959417,0.3863044476016776,0.5114061199352565,3,Loyal Customers,"Use cross-selling, upselling, and exclusive member offers."
16392,270,1,217.89,1,2,1,121,4,1.3218238523484769,-0.9552142636712972,-0.9536674574525764,1,At Risk,Launch win-back campaigns with personalized offers and re-engagement discounts.
16393,2,13,3040.96,5,5,5,555,15,-2.038734417842785,1.8937448980941995,1.137807494699857,0,Champions,"Target with premium products, exclusive offers, and loyalty rewards."
16394,57,5,1555.34,3,4,4,344,11,0.1714110890244534,0.6532369520997158,0.6052088016939696,3,Loyal Customers,"Use cross-selling, upselling, and exclusive member offers."
16395,61,5,1482.06,3,4,4,344,11,0.2211768101395232,0.6532369520997158,0.5668795768528075,3,Loyal Customers,"Use cross-selling, upselling, and exclusive member offers."
16398,154,2,1705.8,2,3,4,234,9,0.9049214377701916,-0.3615827770984003,0.6785489312043493,3,Loyal Customers,"Use cross-selling, upselling, and exclusive member offers."
16399,19,2,408.02,4,3,2,432,9,-0.6230859205766931,-0.3615827770984003,-0.4568079797833055,2,New Customers,Use welcome offers and second-purchase incentives to build loyalty.
16400,95,1,303.93,2,2,2,222,6,0.5474298004497687,-0.9552142636712972,-0.6902050063776254,1,At Risk,Launch win-back campaigns with personalized offers and re-engagement discounts.
16401,1,12,4098.32,5,5,5,555,15,-2.341296235524383,1.7852452398084837,1.3748898710226676,0,Champions,"Target with premium products, exclusive offers, and loyalty rewards."
16402,265,2,293.45,1,3,2,132,6,1.307927561403842,-0.3615827770984003,-0.7179990388642715,1,At Risk,Launch win-back campaigns with personalized offers and re-engagement discounts.
16403,312,1,177.5,1,2,1,121,4,1.4293409429987136,-0.9552142636712972,-1.115776554225734,1,At Risk,Launch win-back campaigns with personalized offers and re-engagement discounts.
16404,70,1,443.05,3,2,2,322,7,0.322322111219249,-0.9552142636712972,-0.3915027423498974,1,At Risk,Launch win-back campaigns with personalized offers and re-engagement discounts.
16405,302,2,167.25,1,3,1,131,5,1.4051112410606752,-0.3615827770984003,-1.1627748600171457,1,At Risk,Launch win-back campaigns with personalized offers and re-engagement discounts.
16406,19,1,154.35,4,2,1,421,7,-0.6230859205766931,-0.9552142636712972,-1.2261705408688597,2,New Customers,Use welcome offers and second-purchase incentives to build loyalty.
16407,13,10,2079.68,5,5,5,555,15,-0.8892400660298114,1.54066546553549,0.835964185666345,0,Champions,"Target with premium products, exclusive offers, and loyalty rewards."
16409,36,5,2022.98,3,4,4,344,11,-0.164028700972232,0.6532369520997158,0.8140067429696894,3,Loyal Customers,"Use cross-selling, upselling, and exclusive member offers."
16411,19,2,211.7,4,3,1,431,8,-0.6230859205766931,-0.3615827770984003,-0.9764654873781636,2,New Customers,Use welcome offers and second-purchase incentives to build loyalty.
16412,54,1,135.99,3,2,1,321,6,0.1317800456562198,-0.9552142636712972,-1.3261255745436709,1,At Risk,Launch win-back campaigns with personalized offers and re-engagement discounts.
16413,57,1,262.2,3,2,2,322,7,0.1714110890244534,-0.9552142636712972,-0.8071635039454355,1,At Risk,Launch win-back campaigns with personalized offers and re-engagement discounts.
16414,22,2,126.25,4,3,1,431,8,-0.5187942651860693,-0.3615827770984003,-1.3847401286516283,2,New Customers,Use welcome offers and second-purchase incentives to build loyalty.
16415,44,1,200.27,3,2,1,321,6,-0.0179622852134984,-0.9552142636712972,-1.0203626067526594,1,At Risk,Launch win-back campaigns with personalized offers and re-engagement discounts.
16416,27,3,1051.4,4,4,4,444,12,-0.3720072223713004,0.0596054655268191,0.294260808128448,3,Loyal Customers,"Use cross-selling, upselling, and exclusive member offers."
16418,45,3,631.12,3,4,3,343,10,-0.0015614215275583,0.0596054655268191,-0.1108510025583632,3,Loyal Customers,"Use cross-selling, upselling, and exclusive member offers."
16419,113,6,958.71,2,5,4,254,11,0.6756660532493783,0.8789251688960832,0.2209889995760511,3,Loyal Customers,"Use cross-selling, upselling, and exclusive member offers."
16422,17,51,34684.4,4,5,5,455,14,-0.7017069128441668,3.814884698204717,3.072028754694137,0,Champions,"Target with premium products, exclusive offers, and loyalty rewards."
16423,25,1,346.12,4,2,2,422,8,-0.4273072773233673,-0.9552142636712972,-0.5872176150057574,2,New Customers,Use welcome offers and second-purchase incentives to build loyalty.
16424,191,1,133.56,1,2,1,121,4,1.0646626441082796,-0.9552142636712972,-1.340349396979417,1,At Risk,Launch win-back campaigns with personalized offers and re-engagement discounts.
16425,302,1,302.7,1,2,2,122,5,1.4051112410606752,-0.9552142636712972,-0.6934171918239549,1,At Risk,Launch win-back campaigns with personalized offers and re-engagement discounts.
16426,2,10,1863.76,5,5,4,554,14,-2.038734417842785,1.54066546553549,0.748891924351699,0,Champions,"Target with premium products, exclusive offers, and loyalty rewards."
16427,263,2,241.06,1,3,1,131,5,1.302295766682681,-0.3615827770984003,-0.8737049051417799,1,At Risk,Launch win-back campaigns with personalized offers and re-engagement discounts.
16429,106,1,284.55,2,2,2,222,6,0.6283790606233428,-0.9552142636712972,-0.7423908678343345,1,At Risk,Launch win-back campaigns with personalized offers and re-engagement discounts.
16430,57,1,300.85,3,2,2,322,7,0.1714110890244534,-0.9552142636712972,-0.6982731097065701,1,At Risk,Launch win-back campaigns with personalized offers and re-engagement discounts.
16431,213,3,623.28,1,4,3,143,8,1.1456119042818538,0.0596054655268191,-0.1207694120520974,1,At Risk,Launch win-back campaigns with personalized offers and re-engagement discounts.
16432,64,1,287.4,3,2,2,322,7,0.2564373503073006,-0.9552142636712972,-0.7344982216934544,1,At Risk,Launch win-back campaigns with personalized offers and re-engagement discounts.
16433,28,1,184.26,4,2,1,421,7,-0.3458217546340572,-0.9552142636712972,-1.0862352258639945,2,New Customers,Use welcome offers and second-purchase incentives to build loyalty.
16434,29,7,1511.8,4,5,4,454,13,-0.3205241028950956,1.0744251947249353,0.582658667791981,3,Loyal Customers,"Use cross-selling, upselling, and exclusive member offers."
16438,6,5,798.35,5,4,3,543,12,-1.4064729096883222,0.6532369520997158,0.0756871675230738,2,New Customers,Use welcome offers and second-purchase incentives to build loyalty.
16440,8,5,3640.67,5,4,5,545,14,-1.2189397565026774,0.6532369520997158,1.2808110263882375,0,Champions,"Target with premium products, exclusive offers, and loyalty rewards."
16441,67,2,381.2,3,3,2,332,8,0.2901066368625376,-0.3615827770984003,-0.5107064201659428,1,At Risk,Launch win-back campaigns with personalized offers and re-engagement discounts.
16442,2,3,609.3,5,4,3,543,12,-2.038734417842785,0.0596054655268191,-0.1387686766201152,2,New Customers,Use welcome offers and second-purchase incentives to build loyalty.
16444,46,4,654.67,3,4,3,343,10,0.0144867079241929,0.3863044476016776,-0.0817811690075535,3,Loyal Customers,"Use cross-selling, upselling, and exclusive member offers."
16445,34,1,230.51,3,2,1,321,6,-0.2054954383991431,-0.9552142636712972,-0.9091199992943964,2,New Customers,Use welcome offers and second-purchase incentives to build loyalty.
16446,1,2,168472.5,5,3,5,535,13,-2.341296235524383,-0.3615827770984003,4.3280635509005085,0,Champions,"Target with premium products, exclusive offers, and loyalty rewards."
16447,136,1,255.91,2,2,2,222,6,0.8128062394661227,-0.9552142636712972,-0.826386668261859,1,At Risk,Launch win-back campaigns with personalized offers and re-engagement discounts.
16448,198,1,182.99,1,2,1,121,4,1.0913839892534942,-0.9552142636712972,-1.091702025945767,1,At Risk,Launch win-back campaigns with personalized offers and re-engagement discounts.
16449,198,2,707.69,1,3,3,133,7,1.0913839892534942,-0.3615827770984003,-0.0199826925627807,1,At Risk,Launch win-back campaigns with personalized offers and re-engagement discounts.
16450,150,1,311.92,2,2,2,222,6,0.8854115876894589,-0.9552142636712972,-0.6696491202782139,1,At Risk,Launch win-back campaigns with personalized offers and re-engagement discounts.
16451,88,1,266.97,2,2,2,222,6,0.4909329380903411,-0.9552142636712972,-0.7928895339974061,1,At Risk,Launch win-back campaigns with personalized offers and re-engagement discounts.
16454,45,2,6.9,3,3,1,331,7,-0.0015614215275583,-0.3615827770984003,-3.593519165944174,1,At Risk,Launch win-back campaigns with personalized offers and re-engagement discounts.
16455,64,7,1841.18,3,5,4,354,12,0.2564373503073006,1.0744251947249353,0.7392099926416515,3,Loyal Customers,"Use cross-selling, upselling, and exclusive member offers."
16456,99,5,2158.18,2,4,5,245,11,0.5778915507124864,0.6532369520997158,0.8653959322415682,3,Loyal Customers,"Use cross-selling, upselling, and exclusive member offers."
16457,218,1,208.36,1,2,1,121,4,1.1628461404940136,-0.9552142636712972,-0.9890440090121798,1,At Risk,Launch win-back campaigns with personalized offers and re-engagement discounts.
16458,3,18,3482.74,5,5,5,555,15,-1.824063391865872,2.340846655976633,1.245576034876781,0,Champions,"Target with premium products, exclusive offers, and loyalty rewards."
16460,28,3,811.23,4,4,3,443,11,-0.3458217546340572,0.0596054655268191,0.0883906122928051,3,Loyal Customers,"Use cross-selling, upselling, and exclusive member offers."
16461,178,1,142.92,2,2,1,221,5,1.0123462367079263,-0.9552142636712972,-1.2869060409386783,1,At Risk,Launch win-back campaigns with personalized offers and re-engagement discounts.
16462,74,3,136.0,2,4,1,241,7,0.3632205247355723,0.0596054655268191,-1.3260675631164098,1,At Risk,Launch win-back campaigns with personalized offers and re-engagement discounts.
16463,21,4,1422.4,4,4,4,444,12,-0.5519645819744484,0.3863044476016776,0.5342487432605132,3,Loyal Customers,"Use cross-selling, upselling, and exclusive member offers."
16464,20,3,1298.66,4,4,4,444,12,-0.5866782483482139,0.0596054655268191,0.461971702800429,3,Loyal Customers,"Use cross-selling, upselling, and exclusive member offers."
16466,34,7,1595.96,3,5,4,354,12,-0.2054954383991431,1.0744251947249353,0.6256848862796406,3,Loyal Customers,"Use cross-selling, upselling, and exclusive member offers."
16468,74,1,74.9,2,2,1,221,5,0.3632205247355723,-0.9552142636712972,-1.7954052342953215,1,At Risk,Launch win-back campaigns with personalized offers and re-engagement discounts.
16469,24,4,625.42,4,4,3,443,11,-0.4565741366045358,0.3863044476016776,-0.1180497852652155,2,New Customers,Use welcome offers and second-purchase incentives to build loyalty.
16470,52,4,752.77,3,4,3,343,10,0.10413950578058,0.3863044476016776,0.0290274291533975,3,Loyal Customers,"Use cross-selling, upselling, and exclusive member offers."
16471,275,1,223.95,1,2,1,121,4,1.3354660834710603,-0.9552142636712972,-0.9319643741793628,1,At Risk,Launch win-back campaigns with personalized offers and re-engagement discounts.
16473,165,3,316.11,2,4,2,242,8,0.9560835379863236,0.0596054655268191,-0.6590783299424169,1,At Risk,Launch win-back campaigns with personalized offers and re-engagement discounts.
16474,7,7,1810.65,5,5,4,554,14,-1.3068305482073614,1.0744251947249353,0.7259288073111757,0,Champions,"Target with premium products, exclusive offers, and loyalty rewards."
16475,88,4,544.3,2,4,3,243,9,0.4909329380903411,0.3863044476016776,-0.2282665519046955,3,Loyal Customers,"Use cross-selling, upselling, and exclusive member offers."
16477,64,7,2494.46,3,5,5,355,13,0.2564373503073006,1.0744251947249353,0.980428422173338,3,Loyal Customers,"Use cross-selling, upselling, and exclusive member offers."
16478,25,3,331.0,4,4,2,442,10,-0.4273072773233673,0.0596054655268191,-0.6226112613698271,2,New Customers,Use welcome offers and second-purchase incentives to build loyalty.
16479,10,2,300.83,5,3,2,532,10,-1.0691974256329595,-0.3615827770984003,-0.6983257685687294,2,New Customers,Use welcome offers and second-purchase incentives to build loyalty.
16480,76,1,769.29,2,2,3,223,7,0.3828587438616125,-0.9552142636712972,0.0462569520183652,1,At Risk,Launch win-back campaigns with personalized offers and re-engagement discounts.
16482,16,1,220.62,4,2,1,421,7,-0.7443590504544844,-0.9552142636712972,-0.9438169024989294,2,New Customers,Use welcome offers and second-purchase incentives to build loyalty.
16483,192,1,139.35,1,2,1,121,4,1.068539064558348,-0.9552142636712972,-1.3068682354297942,1,At Risk,Launch win-back campaigns with personalized offers and re-engagement discounts.
16484,174,2,404.3,2,3,2,232,7,0.9954820328900365,-0.3615827770984003,-0.4640690246844805,1,At Risk,Launch win-back campaigns with personalized offers and re-engagement discounts.
16485,77,1,363.65,2,2,2,222,6,0.3924873840167408,-0.9552142636712972,-0.5480634169369721,1,At Risk,Launch win-back campaigns with personalized offers and re-engagement discounts.
16488,33,3,498.8,4,4,3,443,11,-0.2271262067959733,0.0596054655268191,-0.2975096400402388,2,New Customers,Use welcome offers and second-purchase incentives to build loyalty.
16491,47,1,731.5,3,2,3,323,8,0.030196956791258,-0.9552142636712972,0.0062791948882144,2,New Customers,Use welcome offers and second-purchase incentives to build loyalty.
16493,80,4,1351.63,2,4,4,244,10,0.4206495661775393,0.3863044476016776,0.4937196009505987,3,Loyal Customers,"Use cross-selling, upselling, and exclusive member offers."
16494,297,1,826.53,1,2,3,123,6,1.3926948271642658,-0.9552142636712972,0.1032216660575024,1,At Risk,Launch win-back campaigns with personalized offers and re-engagement discounts.
16495,3,3,648.26,5,4,3,543,12,-1.824063391865872,0.0596054655268191,-0.0895888591555449,2,New Customers,Use welcome offers and second-purchase incentives to build loyalty.
16496,9,3,1599.52,5,4,4,544,13,-1.1403187642352035,0.0596054655268191,0.6274545494130063,2,New Customers,Use welcome offers and second-purchase incentives to build loyalty.
16497,50,6,2965.69,3,5,5,355,13,0.0754356108856238,0.8789251688960832,1.1178954439687232,3,Loyal Customers,"Use cross-selling, upselling, and exclusive member offers."
16498,161,2,100.97,2,3,1,231,6,0.9378824098360496,-0.3615827770984003,-1.5607524146424825,1,At Risk,Launch win-back campaigns with personalized offers and re-engagement discounts.
16499,360,2,365.45,1,3,2,132,6,1.535806175684412,-0.3615827770984003,-0.5441501014513352,1,At Risk,Launch win-back campaigns with personalized offers and re-engagement discounts.
16500,5,6,400.86,5,5,2,552,12,-1.5215015741842748,0.8789251688960832,-0.4708430950432232,2,New Customers,Use welcome offers and second-purchase incentives to build loyalty.
16503,107,4,1431.93,2,4,4,244,10,0.6353205921544528,0.3863044476016776,0.539551899149673,3,Loyal Customers,"Use cross-selling, upselling, and exclusive member offers."
16504,25,1,465.88,4,2,2,422,8,-0.4273072773233673,-0.9552142636712972,-0.351658999965882,2,New Customers,Use welcome offers and second-purchase incentives to build loyalty.
16505,32,1,777.6,4,2,3,423,9,-0.2494027642928512,-0.9552142636712972,0.0547846709480303,2,New Customers,Use welcome offers and second-purchase incentives to build loyalty.
16506,20,2,90.3,4,3,1,431,8,-0.5866782483482139,-0.3615827770984003,-1.648591953536115,2,New Customers,Use welcome offers and second-purchase incentives to build loyalty.
16509,297,1,363.7,1,2,2,122,5,1.3926948271642658,-0.9552142636712972,-0.5479544531269139,1,At Risk,Launch win-back campaigns with personalized offers and re-engagement discounts.
16510,372,1,248.1,1,2,1,121,4,1.5602075626728675,-0.9552142636712972,-0.8509210256272255,1,At Risk,Launch win-back campaigns with personalized offers and re-engagement discounts.
16511,22,3,918.33,4,4,3,443,11,-0.5187942651860693,0.0596054655268191,0.1868268319807125,2,New Customers,Use welcome offers and second-purchase incentives to build loyalty.
16513,5,4,874.59,5,4,3,543,12,-1.5215015741842748,0.3863044476016776,0.1480860900608133,2,New Customers,Use welcome offers and second-purchase incentives to build loyalty.
16515,52,5,1624.14,3,4,4,344,11,0.10413950578058,0.6532369520997158,0.6395863749485169,3,Loyal Customers,"Use cross-selling, upselling, and exclusive member offers."
16516,30,1,101.7,4,2,1,421,7,-0.2960560335189878,-0.9552142636712972,-1.5550832538494428,1,At Risk,Launch win-back campaigns with personalized offers and re-engagement discounts.
16517,277,1,162.7,1,2,1,121,4,1.3408538993577666,-0.9552142636712972,-1.1845627004950336,1,At Risk,Launch win-back campaigns with personalized offers and re-engagement discounts.
16518,61,2,484.32,3,3,2,332,8,0.2211768101395232,-0.3615827770984003,-0.3208742732741194,1,At Risk,Launch win-back campaigns with personalized offers and re-engagement discounts.
16519,25,2,215.08,4,3,1,431,8,-0.4273072773233673,-0.3615827770984003,-0.9639358229760352,2,New Customers,Use welcome offers and second-purchase incentives to build loyalty.
16520,186,3,1046.57,1,4,4,144,9,1.0449726030954505,0.0596054655268191,0.2906050027380508,3,Loyal Customers,"Use cross-selling, upselling, and exclusive member offers."
16523,2,21,9418.47,5,5,5,555,15,-2.038734417842785,2.555485194733606,2.036069587354778,0,Champions,"Target with premium products, exclusive offers, and loyalty rewards."
16525,2,26,13027.45,5,5,5,555,15,-2.038734417842785,2.855319654443625,2.293844715794879,0,Champions,"Target with premium products, exclusive offers, and loyalty rewards."
16526,172,1,290.36,2,2,2,222,6,0.9869048205414844,-0.9552142636712972,-0.7263830913622265,1,At Risk,Launch win-back campaigns with personalized offers and re-engagement discounts.
16527,81,1,228.06,2,2,1,221,5,0.429805622872584,-0.9552142636712972,-0.9175751781250882,1,At Risk,Launch win-back campaigns with personalized offers and re-engagement discounts.
16528,4,1,244.41,5,2,1,521,8,-1.6575516078937147,-0.9552142636712972,-0.8627816516215312,2,New Customers,Use welcome offers and second-purchase incentives to build loyalty.
16529,190,1,455.25,1,2,2,122,5,1.060765981162014,-0.9552142636712972,-0.3699626565601424,1,At Risk,Launch win-back campaigns with personalized offers and re-engagement discounts.
16531,22,7,1244.59,4,5,4,454,13,-0.5187942651860693,1.0744251947249353,0.4282010442818148,3,Loyal Customers,"Use cross-selling, upselling, and exclusive member offers."
16532,18,3,6748.8,4,4,5,445,13,-0.6613614517492411,0.0596054655268191,1.771213957133257,3,Loyal Customers,"Use cross-selling, upselling, and exclusive member offers."
16533,19,3,1082.81,4,4,4,444,12,-0.6230859205766931,0.0596054655268191,0.3176332213482433,3,Loyal Customers,"Use cross-selling, upselling, and exclusive member offers."
16535,5,1,593.75,5,2,3,523,10,-1.5215015741842748,-0.9552142636712972,-0.1592801895997719,2,New Customers,Use welcome offers and second-purchase incentives to build loyalty.
16536,110,1,548.12,2,2,3,223,7,0.6557659603678762,-0.9552142636712972,-0.2227186424001918,1,At Risk,Launch win-back campaigns with personalized offers and re-engagement discounts.
16539,3,4,1388.81,5,4,4,544,13,-1.824063391865872,0.3863044476016776,0.5152695934492076,2,New Customers,Use welcome offers and second-purchase incentives to build loyalty.
16542,54,1,119.62,3,2,1,321,6,0.1317800456562198,-0.9552142636712972,-1.4272648452986705,1,At Risk,Launch win-back campaigns with personalized offers and re-engagement discounts.
16545,165,1,339.3,2,2,2,222,6,0.9560835379863236,-0.9552142636712972,-0.6029873619266539,1,At Risk,Launch win-back campaigns with personalized offers and re-engagement discounts.
16546,291,2,787.15,1,3,3,133,7,1.377517166470927,-0.3615827770984003,0.0644731880382294,1,At Risk,Launch win-back campaigns with personalized offers and re-engagement discounts.
16549,10,10,4034.9,5,5,5,555,15,-1.0691974256329595,1.54066546553549,1.362498653054146,0,Champions,"Target with premium products, exclusive offers, and loyalty rewards."
16550,109,5,2298.97,2,4,5,245,11,0.6490128893147309,0.6532369520997158,0.9155969317860264,3,Loyal Customers,"Use cross-selling, upselling, and exclusive member offers."
16551,96,3,922.12,2,4,3,243,9,0.5551626080798789,0.0596054655268191,0.1900964150392334,3,Loyal Customers,"Use cross-selling, upselling, and exclusive member offers."
16552,243,2,379.73,1,3,2,132,6,1.2435087462334855,-0.3615827770984003,-0.5137689578572269,1,At Risk,Launch win-back campaigns with personalized offers and re-engagement discounts.
16553,163,12,5719.82,2,5,5,255,12,0.947038466531095,1.7852452398084837,1.639765446159083,3,Loyal Customers,"Use cross-selling, upselling, and exclusive member offers."
16554,42,3,837.1,3,4,3,343,10,-0.0518867296643757,0.0596054655268191,0.1133083995354509,3,Loyal Customers,"Use cross-selling, upselling, and exclusive member offers."
16555,35,2,285.89,3,3,2,332,8,-0.1844740691856557,-0.3615827770984003,-0.7386701744562236,2,New Customers,Use welcome offers and second-purchase incentives to build loyalty.
16556,67,7,3313.79,3,5,5,355,13,0.2901066368625376,1.0744251947249353,1.206068414962996,3,Loyal Customers,"Use cross-selling, upselling, and exclusive member offers."
16557,24,2,281.85,4,3,2,432,9,-0.4565741366045358,-0.3615827770984003,-0.7499411159601832,2,New Customers,Use welcome offers and second-purchase incentives to build loyalty.
16558,1,20,8338.49,5,5,5,555,15,-2.341296235524383,2.487376384667096,1.9392902412984312,0,Champions,"Target with premium products, exclusive offers, and loyalty rewards."
16560,27,2,841.41,4,3,3,433,10,-0.3720072223713004,-0.3615827770984003,0.1173848801746578,2,New Customers,Use welcome offers and second-purchase incentives to build loyalty.
16561,6,2,511.12,5,3,3,533,11,-1.4064729096883222,-0.3615827770984003,-0.2781572659498771,2,New Customers,Use welcome offers and second-purchase incentives to build loyalty.
16563,54,1,1077.74,3,2,4,324,9,0.1317800456562198,-0.9552142636712972,0.3139068094292987,3,Loyal Customers,"Use cross-selling, upselling, and exclusive member offers."
16565,364,1,173.7,1,2,1,121,4,1.5440289504430844,-0.9552142636712972,-1.132877806829677,1,At Risk,Launch win-back campaigns with personalized offers and re-engagement discounts.
16566,15,5,614.66,4,4,3,443,11,-0.7895977045488505,0.6532369520997158,-0.13181940128282,2,New Customers,Use welcome offers and second-purchase incentives to build loyalty.
16567,194,2,865.6,1,3,3,133,7,1.0762320116474091,-0.3615827770984003,0.1398841556377654,1,At Risk,Launch win-back campaigns with personalized offers and re-engagement discounts.
16569,3,1,124.2,5,2,1,521,8,-1.824063391865872,-0.9552142636712972,-1.3976474551234428,2,New Customers,Use welcome offers and second-purchase incentives to build loyalty.
16570,15,10,3738.4,4,5,5,455,14,-0.7895977045488505,1.54066546553549,1.3018576395477917,0,Champions,"Target with premium products, exclusive offers, and loyalty rewards."
16571,27,3,1421.69,4,4,4,444,12,-0.3720072223713004,0.0596054655268191,0.5338522297487347,3,Loyal Customers,"Use cross-selling, upselling, and exclusive member offers."
16572,127,3,1009.6,2,4,4,244,10,0.7621008264266822,0.0596054655268191,0.2620512506095534,3,Loyal Customers,"Use cross-selling, upselling, and exclusive member offers."
16573,85,2,663.61,2,3,3,233,8,0.4653461139941349,-0.3615827770984003,-0.0710183416318855,1,At Risk,Launch win-back campaigns with personalized offers and re-engagement discounts.
16574,71,1,451.44,3,2,2,322,7,0.3327587744728552,-0.9552142636712972,-0.3766270408922664,1,At Risk,Launch win-back campaigns with personalized offers and re-engagement discounts.
16581,183,1,105.84,1,2,1,121,4,1.0329042657894636,-0.9552142636712972,-1.523675405560326,1,At Risk,Launch win-back campaigns with personalized offers and re-engagement discounts.
16582,113,1,313.62,2,2,2,222,6,0.6756660532493783,-0.9552142636712972,-0.6653432907357557,1,At Risk,Launch win-back campaigns with personalized offers and re-engagement discounts.
16583,374,1,233.45,1,2,1,121,4,1.5641979960247516,-0.9552142636712972,-0.8990911127125033,1,At Risk,Launch win-back campaigns with personalized offers and re-engagement discounts.
16584,80,2,936.08,2,3,4,234,9,0.4206495661775393,-0.3615827770984003,0.2020248150418294,3,Loyal Customers,"Use cross-selling, upselling, and exclusive member offers."
16586,249,1,463.95,1,2,2,122,5,1.2616361783431542,-0.9552142636712972,-0.3549510733264752,1,At Risk,Launch win-back campaigns with personalized offers and re-engagement discounts.
16587,232,1,225.15,1,2,1,121,4,1.2090862834765006,-0.9552142636712972,-0.9277361529137778,1,At Risk,Launch win-back campaigns with personalized offers and re-engagement discounts.
16589,71,3,459.24,3,4,2,342,9,0.3327587744728552,0.0596054655268191,-0.3630428146675648,3,Loyal Customers,"Use cross-selling, upselling, and exclusive member offers."
16591,69,1,213.5,3,2,1,321,6,0.3117374052593681,-0.9552142636712972,-0.9697683054918204,1,At Risk,Launch win-back campaigns with personalized offers and re-engagement discounts.
16592,4,16,4113.68,5,5,5,555,15,-1.6575516078937147,2.178003940795619,1.3778621206834594,0,Champions,"Target with premium products, exclusive offers, and loyalty rewards."
16593,51,3,330.03,3,4,2,342,9,0.0899255663351436,0.0596054655268191,-0.6249366049318686,2,New Customers,Use welcome offers and second-purchase incentives to build loyalty.
16594,75,1,181.09,2,2,1,221,5,0.3731042355677808,-0.9552142636712972,-1.0999515664758277,1,At Risk,Launch win-back campaigns with personalized offers and re-engagement discounts.
16595,61,1,360.16,3,2,2,322,7,0.2211768101395232,-0.9552142636712972,-0.5557062449961502,1,At Risk,Launch win-back campaigns with personalized offers and re-engagement discounts.
16596,16,2,250.15,4,3,2,432,9,-0.7443590504544844,-0.3615827770984003,-0.8444074800317434,2,New Customers,Use welcome offers and second-purchase incentives to build loyalty.
16597,4,1,90.04,5,2,1,521,8,-1.6575516078937147,-0.9552142636712972,-1.6508583712433436,2,New Customers,Use welcome offers and second-purchase incentives to build loyalty.
16598,286,1,145.05,1,2,1,121,4,1.3646289487086452,-0.9552142636712972,-1.2752303495020678,1,At Risk,Launch win-back campaigns with personalized offers and re-engagement discounts.
16600,4,6,813.52,5,5,3,553,13,-1.6575516078937147,0.8789251688960832,0.0906281131819853,2,New Customers,Use welcome offers and second-purchase incentives to build loyalty.
16601,41,1,242.7,3,2,1,321,6,-0.0694454046897029,-0.9552142636712972,-0.8683386414319556,1,At Risk,Launch win-back campaigns with personalized offers and re-engagement discounts.
16602,36,1,528.08,3,2,3,323,8,-0.164028700972232,-0.9552142636712972,-0.2522645047584927,2,New Customers,Use welcome offers and second-purchase incentives to build loyalty.
16603,75,2,482.47,2,3,2,232,7,0.3731042355677808,-0.3615827770984003,-0.3239094981419134,1,At Risk,Launch win-back campaigns with personalized offers and re-engagement discounts.
16607,18,14,3347.71,4,5,5,455,14,-0.6613614517492411,1.9947556633726904,1.214159475592705,0,Champions,"Target with premium products, exclusive offers, and loyalty rewards."
16609,15,7,5493.46,4,5,5,455,14,-0.7895977045488505,1.0744251947249353,1.6076808328592027,0,Champions,"Target with premium products, exclusive offers, and loyalty rewards."
16610,219,1,75.66,1,2,1,121,4,1.166245732973242,-0.9552142636712972,-1.7874870652798571,1,At Risk,Launch win-back campaigns with personalized offers and re-engagement discounts.
16611,186,1,129.49,1,2,1,121,4,1.0449726030954505,-0.9552142636712972,-1.3647583415760791,1,At Risk,Launch win-back campaigns with personalized offers and re-engagement discounts.
16612,33,4,1187.66,4,4,4,444,12,-0.2271262067959733,0.3863044476016776,0.3910215509910244,3,Loyal Customers,"Use cross-selling, upselling, and exclusive member offers."
16613,70,1,618.59,3,2,3,323,8,0.322322111219249,-0.9552142636712972,-0.1267624657644037,1,At Risk,Launch win-back campaigns with personalized offers and re-engagement discounts.
16614,183,1,506.19,1,2,3,123,6,1.0329042657894636,-0.9552142636712972,-0.2858448925995919,1,At Risk,Launch win-back campaigns with personalized offers and re-engagement discounts.
16616,15,2,500.42,4,3,3,433,10,-0.7895977045488505,-0.3615827770984003,-0.2949378581135148,2,New Customers,Use welcome offers and second-purchase incentives to build loyalty.
16617,236,1,151.85,1,2,1,121,4,1.2217880243366328,-0.9552142636712972,-1.2390638727747378,1,At Risk,Launch win-back campaigns with personalized offers and re-engagement discounts.
16618,31,5,2647.59,4,4,5,445,13,-0.2723648608903394,0.6532369520997158,1.0277578983104674,3,Loyal Customers,"Use cross-selling, upselling, and exclusive member offers."
16619,264,1,226.21,1,2,1,121,4,1.305116977069759,-0.9552142636712972,-0.924019844746612,1,At Risk,Launch win-back campaigns with personalized offers and re-engagement discounts.
16620,4,2,178.96,5,3,1,531,9,-1.6575516078937147,-0.3615827770984003,-1.1093027014363988,2,New Customers,Use welcome offers and second-purchase incentives to build loyalty.
16621,52,4,813.48,3,4,3,343,10,0.10413950578058,0.3863044476016776,0.0905890842048176,3,Loyal Customers,"Use cross-selling, upselling, and exclusive member offers."
16623,246,1,129.45,1,2,1,121,4,1.252627506451775,-0.9552142636712972,-1.365001992240182,1,At Risk,Launch win-back campaigns with personalized offers and re-engagement discounts.
16624,81,2,810.57,2,3,3,233,8,0.429805622872584,-0.3615827770984003,0.0877445718812061,3,Loyal Customers,"Use cross-selling, upselling, and exclusive member offers."
16625,275,1,333.08,1,2,2,122,5,1.3354660834710603,-0.9552142636712972,-0.6176477774884128,1,At Risk,Launch win-back campaigns with personalized offers and re-engagement discounts.
16626,1,17,4413.1,5,5,5,555,15,-2.341296235524383,2.2616881678707283,1.4336860850952815,0,Champions,"Target with premium products, exclusive offers, and loyalty rewards."
16627,79,1,322.8,2,2,2,222,6,0.4113797667403285,-0.9552142636712972,-0.64248654512279,1,At Risk,Launch win-back campaigns with personalized offers and re-engagement discounts.
16628,30,5,2188.05,4,4,5,445,13,-0.2960560335189878,0.6532369520997158,0.8763148050954369,3,Loyal Customers,"Use cross-selling, upselling, and exclusive member offers."
16629,74,2,408.63,2,3,2,232,7,0.3632205247355723,-0.3615827770984003,-0.4556236301988866,1,At Risk,Launch win-back campaigns with personalized offers and re-engagement discounts.
16633,17,6,2883.1,4,5,5,455,14,-0.7017069128441668,0.8789251688960832,1.0954571379280793,0,Champions,"Target with premium products, exclusive offers, and loyalty rewards."
16634,223,2,217.9,1,3,1,131,5,1.1796913086042322,-0.3615827770984003,-0.9536311511163168,1,At Risk,Launch win-back campaigns with personalized offers and re-engagement discounts.
16637,32,4,1154.47,4,4,4,444,12,-0.2494027642928512,0.3863044476016776,0.3685153161685063,3,Loyal Customers,"Use cross-selling, upselling, and exclusive member offers."
16638,23,10,1680.72,4,5,4,454,13,-0.4870358868672529,1.54066546553549,0.6667844258356407,0,Champions,"Target with premium products, exclusive offers, and loyalty rewards."
16639,31,3,1257.51,4,4,4,444,12,-0.2723648608903394,0.0596054655268191,0.4364019715828151,3,Loyal Customers,"Use cross-selling, upselling, and exclusive member offers."
16641,106,1,231.1,2,2,1,221,5,0.6283790606233428,-0.9552142636712972,-0.9070972236592444,1,At Risk,Launch win-back campaigns with personalized offers and re-engagement discounts.
16642,5,2,688.33,5,3,3,533,11,-1.5215015741842748,-0.3615827770984003,-0.0419951229402283,2,New Customers,Use welcome offers and second-purchase incentives to build loyalty.
16643,246,1,487.51,1,2,3,123,6,1.252627506451775,-0.9552142636712972,-0.3156676356800342,1,At Risk,Launch win-back campaigns with personalized offers and re-engagement discounts.
16644,178,2,833.78,2,3,3,233,8,1.0123462367079263,-0.3615827770984003,0.1101539605781432,1,At Risk,Launch win-back campaigns with personalized offers and re-engagement discounts.
16647,170,2,214.06,2,3,1,231,6,0.978227870930976,-0.3615827770984003,-0.9676961959905852,1,At Risk,Launch win-back campaigns with personalized offers and re-engagement discounts.
16648,43,1,290.66,3,2,2,322,7,-0.0347317383159377,-0.9552142636712972,-0.7255652179264396,1,At Risk,Launch win-back campaigns with personalized offers and re-engagement discounts.
16650,72,1,518.42,3,2,3,323,8,0.343051479153905,-0.9552142636712972,-0.2669088258551655,1,At Risk,Launch win-back campaigns with personalized offers and re-engagement discounts.
16652,59,7,6773.97,3,5,5,355,13,0.196708740763415,1.0744251947249353,1.7741719838445118,3,Loyal Customers,"Use cross-selling, upselling, and exclusive member offers."
16653,16,2,1212.66,4,3,4,434,11,-0.7443590504544844,-0.3615827770984003,0.4075629825711503,2,New Customers,Use welcome offers and second-purchase incentives to build loyalty.
16654,141,4,601.27,2,4,3,243,9,0.83955495487776,0.3863044476016776,-0.1492946759390682,3,Loyal Customers,"Use cross-selling, upselling, and exclusive member offers."
16655,18,6,3789.52,4,5,5,455,14,-0.6613614517492411,0.8789251688960832,1.312648483644625,0,Champions,"Target with premium products, exclusive offers, and loyalty rewards."
16656,22,15,8625.8,4,5,5,455,14,-0.5187942651860693,2.089244923923052,1.966208913732959,0,Champions,"Target with premium products, exclusive offers, and loyalty rewards."
16657,10,4,874.43,5,4,3,543,12,-1.0691974256329595,0.3863044476016776,0.1479408531041369,2,New Customers,Use welcome offers and second-purchase incentives to build loyalty.
16658,368,1,123.24,1,2,1,121,4,1.5521621018942895,-0.9552142636712972,-1.403764695440969,1,At Risk,Launch win-back campaigns with personalized offers and re-engagement discounts.
16659,189,1,39.12,1,2,1,121,4,1.0568488631984492,-0.9552142636712972,-2.302077202843964,1,At Risk,Launch win-back campaigns with personalized offers and re-engagement discounts.
16660,16,4,1267.65,4,4,4,444,12,-0.7443590504544844,0.3863044476016776,0.4427795500322483,3,Loyal Customers,"Use cross-selling, upselling, and exclusive member offers."
16665,362,1,135.4,1,2,1,121,4,1.539928889257083,-0.9552142636712972,-1.3295557657057682,1,At Risk,Launch win-back campaigns with personalized offers and re-engagement discounts.
16666,19,1,118.98,4,2,1,421,7,-0.6230859205766931,-0.9552142636712972,-1.431492832247757,2,New Customers,Use welcome offers and second-purchase incentives to build loyalty.
16667,68,2,567.18,3,3,3,333,9,0.3010003961540392,-0.3615827770984003,-0.1956015267407065,1,At Risk,Launch win-back campaigns with personalized offers and re-engagement discounts.
16668,15,6,306.72,4,5,2,452,11,-0.7895977045488505,0.8789251688960832,-0.6829665988514768,2,New Customers,Use welcome offers and second-purchase incentives to build loyalty.
16669,24,3,1348.88,4,4,4,444,12,-0.4565741366045358,0.0596054655268191,0.4921022145137563,3,Loyal Customers,"Use cross-selling, upselling, and exclusive member offers."
16670,17,11,4095.9,4,5,5,455,14,-0.7017069128441668,1.668056681297832,1.3744205715844815,0,Champions,"Target with premium products, exclusive offers, and loyalty rewards."
16671,28,3,1692.27,4,4,4,444,12,-0.3458217546340572,0.0596054655268191,0.6722239317346796,3,Loyal Customers,"Use cross-selling, upselling, and exclusive member offers."
16672,2,20,8134.94,5,5,5,555,15,-2.038734417842785,2.487376384667096,1.919651904243716,0,Champions,"Target with premium products, exclusive offers, and loyalty rewards."
16674,55,2,304.24,3,3,2,332,8,0.1452256212872108,-0.3615827770984003,-0.6893974754898553,1,At Risk,Launch win-back campaigns with personalized offers and re-engagement discounts.
16676,34,4,1592.12,3,4,4,344,11,-0.2054954383991431,0.3863044476016776,0.6237716080822066,3,Loyal Customers,"Use cross-selling, upselling, and exclusive member offers."
16678,3,12,3109.99,5,5,5,555,15,-1.824063391865872,1.7852452398084837,1.15564035355489,0,Champions,"Target with premium products, exclusive offers, and loyalty rewards."
16679,366,1,129.75,1,2,1,121,4,1.5481066068113414,-0.9552142636712972,-1.3631764304556413,1,At Risk,Launch win-back campaigns with personalized offers and re-engagement discounts.
16680,43,1,183.7,3,2,1,321,6,-0.0347317383159377,-0.9552142636712972,-1.0886411495662986,1,At Risk,Launch win-back campaigns with personalized offers and re-engagement discounts.
16681,73,6,1770.34,2,5,4,254,11,0.3532041426862792,0.8789251688960832,0.708046078569799,3,Loyal Customers,"Use cross-selling, upselling, and exclusive member offers."
16682,5,5,1028.0,5,4,4,544,13,-1.5215015741842748,0.6532369520997158,0.276390712847444,2,New Customers,Use welcome offers and second-purchase incentives to build loyalty.
16684,4,28,66653.56,5,5,5,555,15,-1.6575516078937147,2.959940965055545,3.591148454150761,0,Champions,"Target with premium products, exclusive offers, and loyalty rewards."
16685,61,2,324.24,3,3,2,332,8,0.2211768101395232,-0.3615827770984003,-0.6389600766584518,1,At Risk,Launch win-back campaigns with personalized offers and re-engagement discounts.
16686,47,7,2959.88,3,5,5,355,13,0.030196956791258,1.0744251947249353,1.1163375143182446,3,Loyal Customers,"Use cross-selling, upselling, and exclusive member offers."
16688,1,4,1260.86,5,4,4,544,13,-2.341296235524383,0.3863044476016776,0.4385146287336937,2,New Customers,Use welcome offers and second-purchase incentives to build loyalty.
16689,76,2,422.6,2,3,2,232,7,0.3828587438616125,-0.3615827770984003,-0.4289722030835101,1,At Risk,Launch win-back campaigns with personalized offers and re-engagement discounts.
16690,72,2,225.58,3,3,1,331,7,0.343051479153905,-0.3615827770984003,-0.9262264983817272,1,At Risk,Launch win-back campaigns with personalized offers and re-engagement discounts.
16692,256,2,1276.0,1,3,4,134,8,1.2822428716590402,-0.3615827770984003,0.4479931487752597,3,Loyal Customers,"Use cross-selling, upselling, and exclusive member offers."
16693,69,2,477.86,3,3,2,332,8,0.3117374052593681,-0.3615827770984003,-0.3315237718720395,1,At Risk,Launch win-back campaigns with personalized offers and re-engagement discounts.
16696,135,4,657.9,2,4,3,243,9,0.8073394805210485,0.3863044476016776,-0.0778757472438461,3,Loyal Customers,"Use cross-selling, upselling, and exclusive member offers."
16697,241,1,112.75,1,2,1,121,4,1.237367071575486,-0.9552142636712972,-1.4738692980228725,1,At Risk,Launch win-back campaigns with personalized offers and re-engagement discounts.
16698,227,2,1998.0,1,3,4,134,8,1.1928988969078893,-0.3615827770984003,0.8041371690318139,3,Loyal Customers,"Use cross-selling, upselling, and exclusive member offers."
16700,9,13,5076.55,5,5,5,555,15,-1.1403187642352035,1.8937448980941995,1.544967729673253,0,Champions,"Target with premium products, exclusive offers, and loyalty rewards."
16701,9,13,5398.3,5,5,5,555,15,-1.1403187642352035,1.8937448980941995,1.5937961507925236,0,Champions,"Target with premium products, exclusive offers, and loyalty rewards."
16705,1,20,14034.99,5,5,5,555,15,-2.341296235524383,2.487376384667096,2.3530434283690904,0,Champions,"Target with premium products, exclusive offers, and loyalty rewards."
16706,37,3,531.35,3,4,3,343,10,-0.1441286080907301,0.0596054655268191,-0.2473677761909724,2,New Customers,Use welcome offers and second-purchase incentives to build loyalty.
16708,46,1,656.63,3,2,3,323,8,0.0144867079241929,-0.9552142636712972,-0.0794090268474839,2,New Customers,Use welcome offers and second-purchase incentives to build loyalty.
16709,85,5,3029.87,2,4,5,245,11,0.4653461139941349,0.6532369520997158,1.1349048814871705,3,Loyal Customers,"Use cross-selling, upselling, and exclusive member offers."
16710,19,10,2467.99,4,5,5,455,14,-0.6230859205766931,1.54066546553549,0.9719535105381824,0,Champions,"Target with premium products, exclusive offers, and loyalty rewards."
16711,3,5,1651.03,5,4,4,544,13,-1.824063391865872,0.6532369520997158,0.6526285444794345,0,Champions,"Target with premium products, exclusive offers, and loyalty rewards."
16712,9,11,3611.31,5,5,5,555,15,-1.1403187642352035,1.668056681297832,1.2743777778251233,0,Champions,"Target with premium products, exclusive offers, and loyalty rewards."
16713,19,15,6910.78,4,5,5,455,14,-0.6230859205766931,2.089244923923052,1.7900603864465476,0,Champions,"Target with premium products, exclusive offers, and loyalty rewards."
16714,219,3,1129.06,1,4,4,144,9,1.166245732973242,0.0596054655268191,0.3508433896849549,3,Loyal Customers,"Use cross-selling, upselling, and exclusive member offers."
16715,78,1,301.72,2,2,2,222,6,0.4019933629965244,-0.9552142636712972,-0.6959858197533232,1,At Risk,Launch win-back campaigns with personalized offers and re-engagement discounts.
16716,267,2,901.2,1,3,3,133,7,1.3135171700007555,-0.3615827770984003,0.1718788660029914,1,At Risk,Launch win-back campaigns with personalized offers and re-engagement discounts.
16717,24,6,3843.08,4,5,5,455,14,-0.4565741366045358,0.8789251688960832,1.3237993771470136,0,Champions,"Target with premium products, exclusive offers, and loyalty rewards."
16718,369,1,606.05,1,2,3,123,6,1.5541816139754578,-0.9552142636712972,-0.1430121081156665,1,At Risk,Launch win-back campaigns with personalized offers and re-engagement discounts.
16719,15,7,1770.22,4,5,4,454,13,-0.7895977045488505,1.0744251947249353,0.7079922376718464,0,Champions,"Target with premium products, exclusive offers, and loyalty rewards."
16720,26,1,152.95,4,2,1,421,7,-0.3991450951625692,-0.9552142636712972,-1.233365019788075,2,New Customers,Use welcome offers and second-purchase incentives to build loyalty.
16721,262,1,292.47,1,2,2,122,5,1.2994638495891662,-0.9552142636712972,-0.7206484936125501,1,At Risk,Launch win-back campaigns with personalized offers and re-engagement discounts.
16722,17,13,4730.81,4,5,5,455,14,-0.7017069128441668,1.8937448980941995,1.4889226937557842,0,Champions,"Target with premium products, exclusive offers, and loyalty rewards."
16723,91,2,576.4,2,3,3,233,8,0.5156714221309526,-0.3615827770984003,-0.1828087995542667,1,At Risk,Launch win-back campaigns with personalized offers and re-engagement discounts.
16725,302,7,758.27,1,5,3,153,9,1.4051112410606752,1.0744251947249353,0.0348052285021239,3,Loyal Customers,"Use cross-selling, upselling, and exclusive member offers."
16726,26,5,1358.74,4,4,4,444,12,-0.3991450951625692,0.6532369520997158,0.4978860869420803,3,Loyal Customers,"Use cross-selling, upselling, and exclusive member offers."
16727,364,1,256.32,1,2,2,122,5,1.5440289504430844,-0.9552142636712972,-0.8251193817811607,1,At Risk,Launch win-back campaigns with personalized offers and re-engagement discounts.
16728,46,4,1048.28,3,4,4,344,11,0.0144867079241929,0.3863044476016776,0.2919012179249672,3,Loyal Customers,"Use cross-selling, upselling, and exclusive member offers."
16729,38,21,7205.33,3,5,5,355,13,-0.1247454596417701,2.555485194733606,1.823226436595029,0,Champions,"Target with premium products, exclusive offers, and loyalty rewards."
16730,52,3,743.11,3,4,3,343,10,0.10413950578058,0.0596054655268191,0.0187767087443002,3,Loyal Customers,"Use cross-selling, upselling, and exclusive member offers."
16732,32,1,603.75,4,2,3,423,9,-0.2494027642928512,-0.9552142636712972,-0.1460289022301655,2,New Customers,Use welcome offers and second-purchase incentives to build loyalty.
16734,52,3,646.76,3,4,3,343,10,0.10413950578058,0.0596054655268191,-0.0914270603437896,3,Loyal Customers,"Use cross-selling, upselling, and exclusive member offers."
16735,79,5,2247.41,2,4,5,245,11,0.4113797667403285,0.6532369520997158,0.89757824923867,3,Loyal Customers,"Use cross-selling, upselling, and exclusive member offers."
16737,53,1,417.6,3,2,2,322,7,0.1180877484959417,-0.9552142636712972,-0.4384086419886785,1,At Risk,Launch win-back campaigns with personalized offers and re-engagement discounts.
16738,298,1,3.75,1,2,1,121,4,1.3951946930149468,-0.9552142636712972,-3.997811486804651,1,At Risk,Launch win-back campaigns with personalized offers and re-engagement discounts.
16739,177,1,323.0,2,2,2,222,6,1.008165781748852,-0.9552142636712972,-0.6419958210890366,1,At Risk,Launch win-back campaigns with personalized offers and re-engagement discounts.
16742,47,1,464.9,3,2,2,322,7,0.030196956791258,-0.9552142636712972,-0.3533289184526119,1,At Risk,Launch win-back campaigns with personalized offers and re-engagement discounts.
16743,29,7,2213.13,4,5,5,455,14,-0.3205241028950956,1.0744251947249353,0.8853682539404435,3,Loyal Customers,"Use cross-selling, upselling, and exclusive member offers."
16744,11,7,1291.91,5,5,4,554,14,-1.0042687305257638,1.0744251947249353,0.4578333975154509,0,Champions,"Target with premium products, exclusive offers, and loyalty rewards."
16745,87,17,7180.7,2,5,5,255,12,0.4825011053425735,2.2616881678707283,1.8205055417104885,0,Champions,"Target with premium products, exclusive offers, and loyalty rewards."
16746,5,18,6680.11,5,5,5,555,15,-1.5215015741842748,2.340846655976633,1.7630849009196192,0,Champions,"Target with premium products, exclusive offers, and loyalty rewards."
16747,38,2,836.06,3,3,3,333,9,-0.1247454596417701,-0.3615827770984003,0.112321608117915,3,Loyal Customers,"Use cross-selling, upselling, and exclusive member offers."
16748,18,5,1515.9,4,4,4,444,12,-0.6613614517492411,0.6532369520997158,0.5848096298895241,3,Loyal Customers,"Use cross-selling, upselling, and exclusive member offers."
16750,45,5,623.93,3,4,3,343,10,-0.0015614215275583,0.6532369520997158,-0.119942372639288,3,Loyal Customers,"Use cross-selling, upselling, and exclusive member offers."
16751,31,1,1764.72,4,2,4,424,10,-0.2723648608903394,-0.9552142636712972,0.7055206068079262,3,Loyal Customers,"Use cross-selling, upselling, and exclusive member offers."
16752,373,1,207.5,1,2,1,121,4,1.5622054467539612,-0.9552142636712972,-0.9923152800397274,1,At Risk,Launch win-back campaigns with personalized offers and re-engagement discounts.
16753,58,1,223.92,3,2,1,321,6,0.1841671134665053,-0.9552142636712972,-0.9320703684730818,1,At Risk,Launch win-back campaigns with personalized offers and re-engagement discounts.
16754,372,1,2002.4,1,2,4,124,7,1.5602075626728675,-0.9552142636712972,0.8058845219287284,1,At Risk,Launch win-back campaigns with personalized offers and re-engagement discounts.
16755,114,3,1475.43,2,4,4,244,10,0.68218320610311,0.0596054655268191,0.5633187927623043,3,Loyal Customers,"Use cross-selling, upselling, and exclusive member offers."
16756,215,1,239.4,1,2,1,121,4,1.1525534358129637,-0.9552142636712972,-0.8791737644655665,1,At Risk,Launch win-back campaigns with personalized offers and re-engagement discounts.
16757,319,1,106.83,1,2,1,121,4,1.4458454540573504,-0.9552142636712972,-1.5163452164349602,1,At Risk,Launch win-back campaigns with personalized offers and re-engagement discounts.
16758,65,1,369.34,3,2,2,322,7,0.2678300793656594,-0.9552142636712972,-0.5357582424825441,1,At Risk,Launch win-back campaigns with personalized offers and re-engagement discounts.
16759,8,3,789.79,5,4,3,543,12,-1.2189397565026774,0.0596054655268191,0.0671307718353504,2,New Customers,Use welcome offers and second-purchase incentives to build loyalty.
16761,97,1,316.62,2,2,2,222,6,0.5628161034647609,-0.9552142636712972,-0.6578012164094074,1,At Risk,Launch win-back campaigns with personalized offers and re-engagement discounts.
16762,20,3,1207.24,4,4,4,444,12,-0.5866782483482139,0.0596054655268191,0.4040059153942324,3,Loyal Customers,"Use cross-selling, upselling, and exclusive member offers."
16763,199,1,611.85,1,2,3,123,6,1.0951243943709967,-0.9552142636712972,-0.13545500588157,1,At Risk,Launch win-back campaigns with personalized offers and re-engagement discounts.
16764,4,13,2790.95,5,5,5,555,15,-1.6575516078937147,1.8937448980941995,1.0696502550946596,0,Champions,"Target with premium products, exclusive offers, and loyalty rewards."
16765,294,1,34.0,1,2,1,121,4,1.3851445847556845,-0.9552142636712972,-2.4105788925119027,1,At Risk,Launch win-back campaigns with personalized offers and re-engagement discounts.
16766,273,2,1145.6,1,3,4,134,8,1.3300390831246338,-0.3615827770984003,0.3623910295653783,1,At Risk,Launch win-back campaigns with personalized offers and re-engagement discounts.
16767,31,11,5575.56,4,5,5,455,14,-0.2723648608903394,1.668056681297832,1.6194680625340248,0,Champions,"Target with premium products, exclusive offers, and loyalty rewards."
16768,48,3,478.09,3,4,2,342,9,0.0455832598062495,0.0596054655268191,-0.3311421499931996,3,Loyal Customers,"Use cross-selling, upselling, and exclusive member offers."
16769,260,1,361.54,1,2,2,122,5,1.2937675680461596,-0.9552142636712972,-0.5526753610809501,1,At Risk,Launch win-back campaigns with personalized offers and re-engagement discounts.
16770,58,5,757.1,3,4,3,343,10,0.1841671134665053,0.6532369520997158,0.0335796455332358,3,Loyal Customers,"Use cross-selling, upselling, and exclusive member offers."
16771,33,5,2242.61,4,4,5,445,13,-0.2271262067959733,0.6532369520997158,0.8958798179407301,3,Loyal Customers,"Use cross-selling, upselling, and exclusive member offers."
16773,57,1,171.59,3,2,1,321,6,0.1714110890244534,-0.9552142636712972,-1.1425348413447949,1,At Risk,Launch win-back campaigns with personalized offers and re-engagement discounts.
16774,68,4,661.52,3,4,3,343,10,0.3010003961540392,0.3863044476016776,-0.0735214603123725,3,Loyal Customers,"Use cross-selling, upselling, and exclusive member offers."
16775,10,11,1691.51,5,5,4,554,14,-1.0691974256329595,1.668056681297832,0.6718671495774345,0,Champions,"Target with premium products, exclusive offers, and loyalty rewards."
16776,60,1,371.54,3,2,2,322,7,0.2090430589164636,-0.9552142636712972,-0.5310511411590644,1,At Risk,Launch win-back campaigns with personalized offers and re-engagement discounts.
16777,80,2,222.62,2,3,1,231,6,0.4206495661775393,-0.3615827770984003,-0.9366770867345252,1,At Risk,Launch win-back campaigns with personalized offers and re-engagement discounts.
16778,74,2,245.94,2,3,1,231,6,0.3632205247355723,-0.3615827770984003,-0.8578423317816267,1,At Risk,Launch win-back campaigns with personalized offers and re-engagement discounts.
16779,2,22,10611.72,5,5,5,555,15,-2.038734417842785,2.6205659263872656,2.1308602847965585,0,Champions,"Target with premium products, exclusive offers, and loyalty rewards."
16780,100,2,422.24,2,3,2,232,7,0.5853165797205673,-0.3615827770984003,-0.4296478960935321,1,At Risk,Launch win-back campaigns with personalized offers and re-engagement discounts.
16781,372,1,311.25,1,2,2,122,5,1.5602075626728675,-0.9552142636712972,-0.6713525534583852,1,At Risk,Launch win-back campaigns with personalized offers and re-engagement discounts.
16782,10,13,2267.95,5,5,5,555,15,-1.0691974256329595,1.8937448980941995,0.9048053979800376,0,Champions,"Target with premium products, exclusive offers, and loyalty rewards."
16784,20,1,107.6,4,2,1,421,7,-0.5866782483482139,-0.9552142636712972,-1.5106903368582176,2,New Customers,Use welcome offers and second-purchase incentives to build loyalty.
16788,123,2,594.39,2,3,3,233,8,0.7384096537980341,-0.3615827770984003,-0.1584254570819636,1,At Risk,Launch win-back campaigns with personalized offers and re-engagement discounts.
16789,8,1,80.8,5,2,1,521,8,-1.2189397565026774,-0.9552142636712972,-1.7359114856786608,2,New Customers,Use welcome offers and second-purchase incentives to build loyalty.
16790,4,6,1545.62,5,5,4,554,14,-1.6575516078937147,0.8789251688960832,0.6002298286956644,0,Champions,"Target with premium products, exclusive offers, and loyalty rewards."
16791,29,7,1705.78,4,5,4,454,13,-0.3205241028950956,1.0744251947249353,0.67853961866388,3,Loyal Customers,"Use cross-selling, upselling, and exclusive member offers."
16792,282,2,110.38,1,3,1,131,5,1.354155664383771,-0.3615827770984003,-1.4906025087947448,1,At Risk,Launch win-back campaigns with personalized offers and re-engagement discounts.
16793,57,1,243.84,3,2,1,321,6,0.1714110890244534,-0.9552142636712972,-0.8646296675568543,1,At Risk,Launch win-back campaigns with personalized offers and re-engagement discounts.
16794,1,10,1196.5,5,5,4,554,14,-2.341296235524383,1.54066546553549,0.3969100275894505,0,Champions,"Target with premium products, exclusive offers, and loyalty rewards."
16795,365,1,414.88,1,2,2,122,5,1.5460705639150825,-0.9552142636712972,-0.4435895129130463,1,At Risk,Launch win-back campaigns with personalized offers and re-engagement discounts.
16796,89,1,305.62,2,2,2,222,6,0.4992705584450125,-0.9552142636712972,-0.685812583929428,1,At Risk,Launch win-back campaigns with personalized offers and re-engagement discounts.
16800,11,1,1162.65,5,2,4,524,11,-1.0042687305257638,-0.9552142636712972,0.3741216653849836,2,New Customers,Use welcome offers and second-purchase incentives to build loyalty.
16801,163,4,1594.23,2,4,4,244,10,0.947038466531095,0.3863044476016776,0.6248234846765851,3,Loyal Customers,"Use cross-selling, upselling, and exclusive member offers."
16803,65,1,332.3,3,2,2,322,7,0.2678300793656594,-0.9552142636712972,-0.6195054530832245,1,At Risk,Launch win-back campaigns with personalized offers and re-engagement discounts.
16804,23,3,536.99,4,4,3,443,11,-0.4870358868672529,0.0596054655268191,-0.2389922976456969,2,New Customers,Use welcome offers and second-purchase incentives to build loyalty.
16805,174,2,460.59,2,3,2,232,7,0.9954820328900365,-0.3615827770984003,-0.3607150905622285,1,At Risk,Launch win-back campaigns with personalized offers and re-engagement discounts.
16806,103,4,762.16,2,4,3,243,9,0.6071584099936543,0.3863044476016776,0.0388664948818384,3,Loyal Customers,"Use cross-selling, upselling, and exclusive member offers."
16807,143,3,1121.59,2,4,4,244,10,0.8499916181313663,0.0596054655268191,0.3455725872611897,3,Loyal Customers,"Use cross-selling, upselling, and exclusive member offers."
16808,99,2,288.42,2,3,2,232,7,0.5778915507124864,-0.3615827770984003,-0.7316924242466241,1,At Risk,Launch win-back campaigns with personalized offers and re-engagement discounts.
16809,23,5,914.69,4,4,3,443,11,-0.4870358868672529,0.6532369520997158,0.1836739376615361,3,Loyal Customers,"Use cross-selling, upselling, and exclusive member offers."
16810,192,1,309.54,1,2,2,122,5,1.068539064558348,-0.9552142636712972,-0.6757167453085484,1,At Risk,Launch win-back campaigns with personalized offers and re-engagement discounts.
16811,5,2,547.07,5,3,3,533,11,-1.5215015741842748,-0.3615827770984003,-0.2242397357013091,2,New Customers,Use welcome offers and second-purchase incentives to build loyalty.
16812,361,1,479.35,1,2,2,122,5,1.5378703796522508,-0.9552142636712972,-0.3290547713443825,1,At Risk,Launch win-back campaigns with personalized offers and re-engagement discounts.
16813,8,10,1652.18,5,5,4,554,14,-1.2189397565026774,1.54066546553549,0.6531815724058937,0,Champions,"Target with premium products, exclusive offers, and loyalty rewards."
16814,14,21,6416.7,4,5,5,455,14,-0.8377569465536066,2.555485194733606,1.7311175071846978,0,Champions,"Target with premium products, exclusive offers, and loyalty rewards."
16816,103,4,417.06,2,4,2,242,8,0.6071584099936543,0.3863044476016776,-0.4394345137530616,3,Loyal Customers,"Use cross-selling, upselling, and exclusive member offers."
16817,3,9,1604.75,5,5,4,554,14,-1.824063391865872,1.4011241767997944,0.6300472373397082,0,Champions,"Target with premium products, exclusive offers, and loyalty rewards."
16818,11,11,3349.57,5,5,5,555,15,-1.0042687305257638,1.668056681297832,1.214600774740127,0,Champions,"Target with premium products, exclusive offers, and loyalty rewards."
16820,96,1,497.61,2,2,3,223,7,0.5551626080798789,-0.9552142636712972,-0.2994041046975619,1,At Risk,Launch win-back campaigns with personalized offers and re-engagement discounts.
16823,227,1,358.38,1,2,2,122,5,1.1928988969078893,-0.9552142636712972,-0.5596327942843929,1,At Risk,Launch win-back campaigns with personalized offers and re-engagement discounts.
16824,16,2,460.64,4,3,2,432,9,-0.7443590504544844,-0.3615827770984003,-0.3606290093529753,2,New Customers,Use welcome offers and second-purchase incentives to build loyalty.
16825,39,2,775.18,3,3,3,333,9,-0.1058530769181821,-0.3615827770984003,0.0523106975011586,3,Loyal Customers,"Use cross-selling, upselling, and exclusive member offers."
16826,51,1,341.7,3,2,2,322,7,0.0899255663351436,-0.9552142636712972,-0.5974021380197562,1,At Risk,Launch win-back campaigns with personalized offers and re-engagement discounts.
16828,93,2,128.5,2,3,1,231,6,0.5317195515827039,-0.3615827770984003,-1.3708107595509864,1,At Risk,Launch win-back campaigns with personalized offers and re-engagement discounts.
16829,157,1,197.22,2,2,1,221,5,0.9192262066550354,-0.9552142636712972,-1.0324979098507687,1,At Risk,Launch win-back campaigns with personalized offers and re-engagement discounts.
16830,39,1,325.91,3,2,2,322,7,-0.1058530769181821,-0.9552142636712972,-0.6348898538409518,2,New Customers,Use welcome offers and second-purchase incentives to build loyalty.
16832,184,3,199.15,1,4,1,141,6,1.0369487703169469,0.0596054655268191,-1.0247973492308635,1,At Risk,Launch win-back campaigns with personalized offers and re-engagement discounts.
16833,1,4,1106.53,5,4,4,544,13,-2.341296235524383,0.3863044476016776,0.3348388340966151,2,New Customers,Use welcome offers and second-purchase incentives to build loyalty.
16834,228,1,413.46,1,2,2,122,5,1.1961645881530594,-0.9552142636712972,-0.4463077108018006,1,At Risk,Launch win-back campaigns with personalized offers and re-engagement discounts.
16835,128,2,180.85,2,3,1,231,6,0.7679079316757323,-0.3615827770984003,-1.100999731772457,1,At Risk,Launch win-back campaigns with personalized offers and re-engagement discounts.
16836,40,2,251.87,3,3,2,332,8,-0.0874272207859269,-0.3615827770984003,-0.8389833433394418,2,New Customers,Use welcome offers and second-purchase incentives to build loyalty.
16837,31,11,3170.98,4,5,5,455,14,-0.2723648608903394,1.668056681297832,1.1710699849720307,0,Champions,"Target with premium products, exclusive offers, and loyalty rewards."
16838,197,2,588.85,1,3,3,133,7,1.087624740705768,-0.3615827770984003,-0.1658548767383963,1,At Risk,Launch win-back campaigns with personalized offers and re-engagement discounts.
16839,9,34,16594.35,5,5,5,555,15,-1.1403187642352035,3.2352636093671743,2.4861585365089542,0,Champions,"Target with premium products, exclusive offers, and loyalty rewards."
16841,37,6,1869.82,3,5,4,354,12,-0.1441286080907301,0.8789251688960832,0.751470401140878,3,Loyal Customers,"Use cross-selling, upselling, and exclusive member offers."
16842,101,3,1264.19,2,4,4,244,10,0.5926684545441344,0.0596054655268191,0.440609121731211,3,Loyal Customers,"Use cross-selling, upselling, and exclusive member offers."
16843,43,16,10196.57,3,5,5,355,13,-0.0347317383159377,2.178003940795619,2.099147615758376,0,Champions,"Target with premium products, exclusive offers, and loyalty rewards."
16846,50,1,214.32,3,2,1,321,6,0.0754356108856238,-0.9552142636712972,-0.9667359785666134,1,At Risk,Launch win-back campaigns with personalized offers and re-engagement discounts.
16847,43,1,193.44,3,2,1,321,6,-0.0347317383159377,-0.9552142636712972,-1.0477995088549104,1,At Risk,Launch win-back campaigns with personalized offers and re-engagement discounts.
16848,53,1,281.42,3,2,2,322,7,0.1180877484959417,-0.9552142636712972,-0.7511502121843016,1,At Risk,Launch win-back campaigns with personalized offers and re-engagement discounts.
16849,187,1,124.57,1,2,1,121,4,1.048952395241215,-0.9552142636712972,-1.3953022830061883,1,At Risk,Launch win-back campaigns with personalized offers and re-engagement discounts.
16850,334,1,332.41,1,2,2,122,5,1.480028953972913,-0.9552142636712972,-0.619243210035997,1,At Risk,Launch win-back campaigns with personalized offers and re-engagement discounts.
16851,4,3,342.45,5,4,2,542,11,-1.6575516078937147,0.0596054655268191,-0.5956647747669995,2,New Customers,Use welcome offers and second-purchase incentives to build loyalty.
16852,10,2,144.91,5,3,1,531,9,-1.0691974256329595,-0.3615827770984003,-1.275992521478816,2,New Customers,Use welcome offers and second-purchase incentives to build loyalty.
16855,24,2,328.4,4,3,2,432,9,-0.4565741366045358,-0.3615827770984003,-0.6288595294888969,2,New Customers,Use welcome offers and second-purchase incentives to build loyalty.
16856,15,1,35.4,4,2,1,421,7,-0.7895977045488505,-0.9552142636712972,-2.3794091113397946,2,New Customers,Use welcome offers and second-purchase incentives to build loyalty.
16858,369,1,375.69,1,2,2,122,5,1.5541816139754578,-0.9552142636712972,-0.5222470274637498,1,At Risk,Launch win-back campaigns with personalized offers and re-engagement discounts.
16859,145,2,747.81,2,3,3,233,8,0.8602843228124161,-0.3615827770984003,0.0237806363666546,1,At Risk,Launch win-back campaigns with personalized offers and re-engagement discounts.
16861,60,2,173.76,3,3,1,331,7,0.2090430589164636,-0.3615827770984003,-1.1326049077664748,1,At Risk,Launch win-back campaigns with personalized offers and re-engagement discounts.
16863,31,2,502.8,4,3,3,433,10,-0.2723648608903394,-0.3615827770984003,-0.2911745921674061,2,New Customers,Use welcome offers and second-purchase incentives to build loyalty.
16866,141,3,207.74,2,4,1,241,7,0.83955495487776,0.0596054655268191,-0.991401011837182,1,At Risk,Launch win-back campaigns with personalized offers and re-engagement discounts.
16869,23,4,817.12,4,4,3,443,11,-0.4870358868672529,0.3863044476016776,0.0941328953845015,3,Loyal Customers,"Use cross-selling, upselling, and exclusive member offers."
16871,22,6,2812.34,4,5,5,455,14,-0.5187942651860693,0.8789251688960832,1.075715705679713,3,Loyal Customers,"Use cross-selling, upselling, and exclusive member offers."
16872,77,3,680.02,2,4,3,243,9,0.3924873840167408,0.0596054655268191,-0.0516339259826052,3,Loyal Customers,"Use cross-selling, upselling, and exclusive member offers."
16873,5,6,7123.62,5,5,5,555,15,-1.5215015741842748,0.8789251688960832,1.8141638285210668,0,Champions,"Target with premium products, exclusive offers, and loyalty rewards."
16875,67,5,2095.53,3,4,5,345,12,0.2901066368625376,0.6532369520997158,0.8419952408822596,3,Loyal Customers,"Use cross-selling, upselling, and exclusive member offers."
16877,12,6,846.62,5,5,3,553,13,-0.9445401209818785,0.8789251688960832,0.1222848448364694,3,Loyal Customers,"Use cross-selling, upselling, and exclusive member offers."
16878,84,1,13.3,2,2,1,221,5,0.4566184208346949,-0.9552142636712972,-3.121930400085878,1,At Risk,Launch win-back campaigns with personalized offers and re-engagement discounts.
16880,31,7,1491.43,4,5,4,454,13,-0.2723648608903394,1.0744251947249353,0.5718848847075473,3,Loyal Customers,"Use cross-selling, upselling, and exclusive member offers."
16881,67,1,432.0,3,2,2,322,7,0.2901066368625376,-0.9552142636712972,-0.4115294320552032,1,At Risk,Launch win-back campaigns with personalized offers and re-engagement discounts.
16882,67,3,705.12,3,4,3,343,10,0.2901066368625376,0.0596054655268191,-0.0228699382612476,3,Loyal Customers,"Use cross-selling, upselling, and exclusive member offers."
16883,187,2,272.48,1,3,2,132,6,1.048952395241215,-0.3615827770984003,-0.77671407936626,1,At Risk,Launch win-back campaigns with personalized offers and re-engagement discounts.
16884,38,2,429.84,3,3,2,332,8,-0.1247454596417701,-0.3615827770984003,-0.4155038140704489,2,New Customers,Use welcome offers and second-purchase incentives to build loyalty.
16885,15,3,450.41,4,4,2,442,10,-0.7895977045488505,0.0596054655268191,-0.3784383364129222,2,New Customers,Use welcome offers and second-purchase incentives to build loyalty.
16887,35,1,192.33,3,2,1,321,6,-0.1844740691856557,-0.9552142636712972,-1.052349370819933,1,At Risk,Launch win-back campaigns with personalized offers and re-engagement discounts.
16889,195,3,1578.67,1,4,4,144,9,1.0800489471232713,0.0596054655268191,0.6170335954541658,3,Loyal Customers,"Use cross-selling, upselling, and exclusive member offers."
16891,2,5,742.43,5,4,3,543,12,-2.038734417842785,0.6532369520997158,0.0180501201888542,2,New Customers,Use welcome offers and second-purchase incentives to build loyalty.
16892,1,5,518.19,5,4,3,543,12,-2.341296235524383,0.6532369520997158,-0.2672608104093155,2,New Customers,Use welcome offers and second-purchase incentives to build loyalty.
16893,367,1,145.93,1,2,1,121,4,1.5501371094479746,-0.9552142636712972,-1.2704562192209607,1,At Risk,Launch win-back campaigns with personalized offers and re-engagement discounts.
16895,65,1,202.27,3,2,1,321,6,0.2678300793656594,-0.9552142636712972,-1.0125044565334167,1,At Risk,Launch win-back campaigns with personalized offers and re-engagement discounts.
16897,299,2,289.78,1,3,2,132,6,1.3976862120525944,-0.3615827770984003,-0.72796670399843,1,At Risk,Launch win-back campaigns with personalized offers and re-engagement discounts.
16898,26,3,501.03,4,4,3,443,11,-0.3991450951625692,0.0596054655268191,-0.2939716238942942,2,New Customers,Use welcome offers and second-purchase incentives to build loyalty.
16899,8,6,1271.06,5,5,4,554,14,-1.2189397565026774,0.8789251688960832,0.4449128297563525,0,Champions,"Target with premium products, exclusive offers, and loyalty rewards."
16900,17,3,887.11,4,4,3,443,11,-0.7017069128441668,0.0596054655268191,0.1593693650293871,2,New Customers,Use welcome offers and second-purchase incentives to build loyalty.
16902,116,1,1706.88,2,2,4,224,8,0.6950492016983384,-0.9552142636712972,0.6790516464103582,3,Loyal Customers,"Use cross-selling, upselling, and exclusive member offers."
16903,29,1,363.2,4,2,2,422,8,-0.3205241028950956,-0.9552142636712972,-0.5490447641051903,2,New Customers,Use welcome offers and second-purchase incentives to build loyalty.
16904,4,16,3653.75,5,5,5,555,15,-1.6575516078937147,2.178003940795619,1.2836603819504049,0,Champions,"Target with premium products, exclusive offers, and loyalty rewards."
16905,5,7,3037.6,5,5,5,555,15,-1.5215015741842748,1.0744251947249353,1.1369291924279965,0,Champions,"Target with premium products, exclusive offers, and loyalty rewards."
16906,82,4,559.59,2,4,3,243,9,0.4388506943278125,0.3863044476016776,-0.2062893958323444,3,Loyal Customers,"Use cross-selling, upselling, and exclusive member offers."
16907,29,5,928.76,4,4,3,443,11,-0.3205241028950956,0.6532369520997158,0.1957924271981435,3,Loyal Customers,"Use cross-selling, upselling, and exclusive member offers."
16909,72,1,379.14,3,2,2,322,7,0.343051479153905,-0.9552142636712972,-0.5150014662934986,1,At Risk,Launch win-back campaigns with personalized offers and re-engagement discounts.
16910,4,8,1508.96,5,5,4,554,14,-1.6575516078937147,1.2468684386726128,0.5811653127794945,0,Champions,"Target with premium products, exclusive offers, and loyalty rewards."
16912,29,11,2555.58,4,5,5,455,14,-0.3205241028950956,1.668056681297832,0.9996587203165912,0,Champions,"Target with premium products, exclusive offers, and loyalty rewards."
16913,290,1,113.44,1,2,1,121,4,1.3749572694199874,-0.9552142636712972,-1.46906309548103,1,At Risk,Launch win-back campaigns with personalized offers and re-engagement discounts.
16914,36,1,183.76,3,2,1,321,6,-0.164028700972232,-0.9552142636712972,-1.088383023364469,1,At Risk,Launch win-back campaigns with personalized offers and re-engagement discounts.
16915,9,6,621.68,5,5,3,553,13,-1.1403187642352035,0.8789251688960832,-0.1228088756655183,2,New Customers,Use welcome offers and second-purchase incentives to build loyalty.
16916,24,2,562.41,4,3,3,433,10,-0.4565741366045358,-0.3615827770984003,-0.202301608668576,2,New Customers,Use welcome offers and second-purchase incentives to build loyalty.
16917,277,1,391.52,1,2,2,122,5,1.3408538993577666,-0.9552142636712972,-0.4895321289173757,1,At Risk,Launch win-back campaigns with personalized offers and re-engagement discounts.
16918,50,6,1068.82,3,5,4,354,12,0.0754356108856238,0.8789251688960832,0.3073079614085988,3,Loyal Customers,"Use cross-selling, upselling, and exclusive member offers."
16919,156,11,2592.25,2,5,5,255,12,0.9144883541766984,1.668056681297832,1.010976822747704,3,Loyal Customers,"Use cross-selling, upselling, and exclusive member offers."
16921,61,1,154.18,3,2,1,321,6,0.2211768101395232,-0.9552142636712972,-1.2270406899466115,1,At Risk,Launch win-back campaigns with personalized offers and re-engagement discounts.
16923,12,19,7069.08,5,5,5,555,15,-0.9445401209818785,2.41594390599791,1.808056668279936,0,Champions,"Target with premium products, exclusive offers, and loyalty rewards."
16924,21,3,829.89,4,4,3,443,11,-0.5519645819744484,0.0596054655268191,0.1064419458575024,2,New Customers,Use welcome offers and second-purchase incentives to build loyalty.
16926,371,1,230.25,1,2,1,121,4,1.558204315138142,-0.9552142636712972,-0.9100130288737446,1,At Risk,Launch win-back campaigns with personalized offers and re-engagement discounts.
16927,116,3,543.05,2,4,3,243,9,0.6950492016983384,0.0596054655268191,-0.2300904099306238,3,Loyal Customers,"Use cross-selling, upselling, and exclusive member offers."
16928,80,17,2814.7,2,5,5,255,12,0.4206495661775393,2.2616881678707283,1.076382091820791,0,Champions,"Target with premium products, exclusive offers, and loyalty rewards."
16929,4,7,1295.39,5,5,4,554,14,-1.6575516078937147,1.0744251947249353,0.4599696146631075,0,Champions,"Target with premium products, exclusive offers, and loyalty rewards."
16930,26,3,378.89,4,4,2,442,10,-0.3991450951625692,0.0596054655268191,-0.5155242927451364,2,New Customers,Use welcome offers and second-purchase incentives to build loyalty.
16931,5,21,4554.87,5,5,5,555,15,-1.5215015741842748,2.555485194733606,1.4588094483198286,0,Champions,"Target with premium products, exclusive offers, and loyalty rewards."
16932,53,1,150.23,3,2,1,321,6,0.1180877484959417,-0.9552142636712972,-1.2475318470417165,1,At Risk,Launch win-back campaigns with personalized offers and re-engagement discounts.
16933,1,2,563.23,5,3,3,533,11,-2.341296235524383,-0.3615827770984003,-0.2011457846400799,2,New Customers,Use welcome offers and second-purchase incentives to build loyalty.
16934,55,2,931.03,3,3,3,333,9,0.1452256212872108,-0.3615827770984003,0.1977303819906596,3,Loyal Customers,"Use cross-selling, upselling, and exclusive member offers."
16936,26,1,261.9,4,2,2,422,8,-0.3991450951625692,-0.9552142636712972,-0.8080698650557409,2,New Customers,Use welcome offers and second-purchase incentives to build loyalty.
16938,9,4,2711.68,5,4,5,545,14,-1.1403187642352035,0.3863044476016776,1.0467595583479452,0,Champions,"Target with premium products, exclusive offers, and loyalty rewards."
16940,52,3,3049.88,3,4,5,345,12,0.10413950578058,0.0596054655268191,1.1401344800753528,3,Loyal Customers,"Use cross-selling, upselling, and exclusive member offers."
16942,13,9,1904.99,5,5,4,554,14,-0.8892400660298114,1.4011241767997944,0.766271980143349,0,Champions,"Target with premium products, exclusive offers, and loyalty rewards."
16943,212,3,816.73,1,4,3,143,8,1.1421167725593575,0.0596054655268191,0.0937539563016228,3,Loyal Customers,"Use cross-selling, upselling, and exclusive member offers."
16945,22,19,4345.5,4,5,5,455,14,-0.5187942651860693,2.41594390599791,1.4214210236797031,0,Champions,"Target with premium products, exclusive offers, and loyalty rewards."
16947,236,1,406.48,1,2,2,122,5,1.2217880243366328,-0.9552142636712972,-0.4598058533271753,1,At Risk,Launch win-back campaigns with personalized offers and re-engagement discounts.
16948,139,3,435.02,2,4,2,242,8,0.8289702489178785,0.0596054655268191,-0.4060057689517901,1,At Risk,Launch win-back campaigns with personalized offers and re-engagement discounts.
16949,4,6,1286.27,5,5,4,554,14,-1.6575516078937147,0.8789251688960832,0.4543590116149466,0,Champions,"Target with premium products, exclusive offers, and loyalty rewards."
16950,57,3,1178.56,3,4,4,344,11,0.1714110890244534,0.0596054655268191,0.3849139627806376,3,Loyal Customers,"Use cross-selling, upselling, and exclusive member offers."
16951,135,3,1277.75,2,4,4,244,10,0.8073394805210485,0.0596054655268191,0.4490814973424756,3,Loyal Customers,"Use cross-selling, upselling, and exclusive member offers."
16952,109,2,167.61,2,3,1,231,6,0.6490128893147309,-0.3615827770984003,-1.161076219478118,1,At Risk,Launch win-back campaigns with personalized offers and re-engagement discounts.
16953,30,1,20.8,4,2,1,421,7,-0.2960560335189878,-0.9552142636712972,-2.7868331859762034,1,At Risk,Launch win-back campaigns with personalized offers and re-engagement discounts.
16954,1,9,2085.08,5,5,5,555,15,-2.341296235524383,1.4011241767997944,0.8380240744809799,0,Champions,"Target with premium products, exclusive offers, and loyalty rewards."
16955,185,4,518.67,1,4,3,143,8,1.0409714714796316,0.3863044476016776,-0.2665264106828764,3,Loyal Customers,"Use cross-selling, upselling, and exclusive member offers."
16956,18,1,308.74,4,2,2,422,8,-0.6613614517492411,-0.9552142636712972,-0.6777667304457681,2,New Customers,Use welcome offers and second-purchase incentives to build loyalty.
16957,239,2,416.64,1,3,2,132,6,1.231174428080437,-0.3615827770984003,-0.4402333305486003,1,At Risk,Launch win-back campaigns with personalized offers and re-engagement discounts.
16959,87,1,117.35,2,2,1,221,5,0.4825011053425735,-0.9552142636712972,-1.4423636928240422,1,At Risk,Launch win-back campaigns with personalized offers and re-engagement discounts.
16960,39,3,507.05,3,4,3,343,10,-0.1058530769181821,0.0596054655268191,-0.2844984802158167,2,New Customers,Use welcome offers and second-purchase incentives to build loyalty.
16961,116,1,234.17,2,2,1,221,5,0.6950492016983384,-0.9552142636712972,-0.8966542306271077,1,At Risk,Launch win-back campaigns with personalized offers and re-engagement discounts.
16963,187,1,110.55,1,2,1,121,4,1.048952395241215,-0.9552142636712972,-1.4893904358637933,1,At Risk,Launch win-back campaigns with personalized offers and re-engagement discounts.
16965,227,1,201.19,1,2,1,121,4,1.1928988969078893,-0.9552142636712972,-1.016738204775432,1,At Risk,Launch win-back campaigns with personalized offers and re-engagement discounts.
16966,8,7,2154.97,5,5,5,555,15,-1.2189397565026774,1.0744251947249353,0.8642135511434544,0,Champions,"Target with premium products, exclusive offers, and loyalty rewards."
16967,189,1,319.02,1,2,2,122,5,1.0568488631984492,-0.9552142636712972,-0.6518186710206069,1,At Risk,Launch win-back campaigns with personalized offers and re-engagement discounts.
16968,4,2,439.43,5,3,2,532,10,-1.6575516078937147,-0.3615827770984003,-0.3980081009459957,2,New Customers,Use welcome offers and second-purchase incentives to build loyalty.
16969,39,3,650.41,3,4,3,343,10,-0.1058530769181821,0.0596054655268191,-0.0869614966682319,3,Loyal Customers,"Use cross-selling, upselling, and exclusive member offers."
16971,38,1,357.21,3,2,2,322,7,-0.1247454596417701,-0.9552142636712972,-0.5622243355668156,2,New Customers,Use welcome offers and second-purchase incentives to build loyalty.
16976,267,1,251.52,1,2,2,122,5,1.3135171700007555,-0.9552142636712972,-0.8400840959703316,1,At Risk,Launch win-back campaigns with personalized offers and re-engagement discounts.
16978,78,1,344.33,2,2,2,222,6,0.4019933629965244,-0.9552142636712972,-0.5913264040261025,1,At Risk,Launch win-back campaigns with personalized offers and re-engagement discounts.
16979,4,6,1852.0,5,5,4,554,14,-1.6575516078937147,0.8789251688960832,0.7438641511069684,0,Champions,"Target with premium products, exclusive offers, and loyalty rewards."
16980,255,2,1028.46,1,3,4,134,8,1.2793336700851932,-0.3615827770984003,0.2767459052513726,1,At Risk,Launch win-back campaigns with personalized offers and re-engagement discounts.
16982,61,1,384.06,3,2,2,322,7,0.2211768101395232,-0.9552142636712972,-0.5047816194130816,1,At Risk,Launch win-back campaigns with personalized offers and re-engagement discounts.
16983,13,7,1905.87,5,5,4,554,14,-0.8892400660298114,1.0744251947249353,0.7666388230141289,0,Champions,"Target with premium products, exclusive offers, and loyalty rewards."
16984,88,2,4459.52,2,3,5,235,10,0.4909329380903411,-0.3615827770984003,1.4420000386393264,3,Loyal Customers,"Use cross-selling, upselling, and exclusive member offers."
16985,17,10,5464.12,4,5,5,455,14,-0.7017069128441668,1.54066546553549,1.6034256767408577,0,Champions,"Target with premium products, exclusive offers, and loyalty rewards."
16986,30,2,1873.2,4,3,4,434,11,-0.2960560335189878,-0.3615827770984003,0.7529049354502338,3,Loyal Customers,"Use cross-selling, upselling, and exclusive member offers."
16987,3,7,1616.8,5,5,4,554,14,-1.824063391865872,1.0744251947249353,0.6359888306466513,0,Champions,"Target with premium products, exclusive offers, and loyalty rewards."
16988,5,1,126.12,5,2,1,521,8,-1.5215015741842748,-0.9552142636712972,-1.3855524460645194,2,New Customers,Use welcome offers and second-purchase incentives to build loyalty.
16989,7,6,1133.25,5,5,4,554,14,-1.3068305482073614,0.8789251688960832,0.3537846055294302,0,Champions,"Target with premium products, exclusive offers, and loyalty rewards."
16990,219,1,179.0,1,2,1,121,4,1.166245732973242,-0.9552142636712972,-1.1091260756889416,1,At Risk,Launch win-back campaigns with personalized offers and re-engagement discounts.
16992,11,5,1614.31,5,4,4,544,13,-1.0042687305257638,0.6532369520997158,0.6347647015670292,3,Loyal Customers,"Use cross-selling, upselling, and exclusive member offers."
16996,30,6,1456.96,4,5,4,454,13,-0.2960560335189878,0.8789251688960832,0.5533141160467709,3,Loyal Customers,"Use cross-selling, upselling, and exclusive member offers."
16997,288,3,702.0,1,4,3,143,8,1.3698109782739254,0.0596054655268191,-0.0263892325724469,1,At Risk,Launch win-back campaigns with personalized offers and re-engagement discounts.
16998,150,4,295.0,2,4,2,242,8,0.8854115876894589,0.3863044476016776,-0.7138265245849672,1,At Risk,Launch win-back campaigns with personalized offers and re-engagement discounts.
16999,23,2,484.82,4,3,2,432,9,-0.4870358868672529,-0.3615827770984003,-0.3200559282181692,2,New Customers,Use welcome offers and second-purchase incentives to build loyalty.
17001,1,11,3989.57,5,5,5,555,15,-2.341296235524383,1.668056681297832,1.3535220088414202,0,Champions,"Target with premium products, exclusive offers, and loyalty rewards."
17002,86,3,1493.73,2,4,4,244,10,0.473972906706051,0.0596054655268191,0.5731087051391706,3,Loyal Customers,"Use cross-selling, upselling, and exclusive member offers."
17004,46,2,1312.14,3,3,4,334,10,0.0144867079241929,-0.3615827770984003,0.4701721179804178,3,Loyal Customers,"Use cross-selling, upselling, and exclusive member offers."
17006,5,4,781.78,5,4,3,543,12,-1.5215015741842748,0.3863044476016776,0.059039841482236,2,New Customers,Use welcome offers and second-purchase incentives to build loyalty.
17007,51,6,889.93,3,5,3,353,11,0.0899255663351436,0.8789251688960832,0.1618888514498674,3,Loyal Customers,"Use cross-selling, upselling, and exclusive member offers."
17010,18,1,195.36,4,2,1,421,7,-0.6613614517492411,-0.9552142636712972,-1.0399904547699943,2,New Customers,Use welcome offers and second-purchase incentives to build loyalty.
17011,30,1,270.9,4,2,2,422,8,-0.2960560335189878,-0.9552142636712972,-0.7813188431561449,2,New Customers,Use welcome offers and second-purchase incentives to build loyalty.
17014,8,3,583.43,5,4,3,543,12,-1.2189397565026774,0.0596054655268191,-0.1731912086105282,2,New Customers,Use welcome offers and second-purchase incentives to build loyalty.
17015,29,3,1838.61,4,4,4,444,12,-0.3205241028950956,0.0596054655268191,0.7381005050670871,3,Loyal Customers,"Use cross-selling, upselling, and exclusive member offers."
17017,3,20,8694.26,5,5,5,555,15,-1.824063391865872,2.487376384667096,1.9724907683361428,0,Champions,"Target with premium products, exclusive offers, and loyalty rewards."
17018,41,2,920.1,3,3,3,333,9,-0.0694454046897029,-0.3615827770984003,0.1883554619124247,3,Loyal Customers,"Use cross-selling, upselling, and exclusive member offers."
17019,11,4,1258.08,5,4,4,544,13,-1.0042687305257638,0.3863044476016776,0.436761835349168,2,New Customers,Use welcome offers and second-purchase incentives to build loyalty.
17022,31,1,71.0,4,2,1,421,7,-0.2723648608903394,-0.9552142636712972,-1.837327561748828,1,At Risk,Launch win-back campaigns with personalized offers and re-engagement discounts.
17024,45,3,95.85,3,4,1,341,8,-0.0015614215275583,0.0596054655268191,-1.6016930128818414,1,At Risk,Launch win-back campaigns with personalized offers and re-engagement discounts.
17025,61,3,357.77,3,4,2,342,9,0.2211768101395232,0.0596054655268191,-0.5609828852695933,1,At Risk,Launch win-back campaigns with personalized offers and re-engagement discounts.
17026,185,2,154.83,1,3,1,131,5,1.0409714714796316,-0.3615827770984003,-1.2237187796675673,1,At Risk,Launch win-back campaigns with personalized offers and re-engagement discounts.
17027,79,6,877.56,2,5,3,253,10,0.4113797667403285,0.8789251688960832,0.1507772431221476,3,Loyal Customers,"Use cross-selling, upselling, and exclusive member offers."
17029,111,2,716.0,2,3,3,233,8,0.6624584649457211,-0.3615827770984003,-0.0107180407638321,1,At Risk,Launch win-back campaigns with personalized offers and re-engagement discounts.
17030,64,1,146.87,3,2,1,321,6,0.2564373503073006,-0.9552142636712972,-1.2653880616472708,1,At Risk,Launch win-back campaigns with personalized offers and re-engagement discounts.
17031,12,2,380.35,5,3,2,532,10,-0.9445401209818785,-0.3615827770984003,-0.5124758359064951,2,New Customers,Use welcome offers and second-purchase incentives to build loyalty.
17033,86,3,1030.14,2,4,4,244,10,0.473972906706051,0.0596054655268191,0.2780417827389794,3,Loyal Customers,"Use cross-selling, upselling, and exclusive member offers."
17034,16,3,745.52,4,4,3,443,11,-0.7443590504544844,0.0596054655268191,0.0213464880431,2,New Customers,Use welcome offers and second-purchase incentives to build loyalty.
17035,246,2,433.53,1,3,2,132,6,1.252627506451775,-0.3615827770984003,-0.4087262220031767,1,At Risk,Launch win-back campaigns with personalized offers and re-engagement discounts.
17037,88,1,1267.32,2,2,4,224,8,0.4909329380903411,-0.9552142636712972,0.4425727993870885,1,At Risk,Launch win-back campaigns with personalized offers and re-engagement discounts.
17038,30,1,112.4,4,2,1,421,7,-0.2960560335189878,-0.9552142636712972,-1.476318383312092,2,New Customers,Use welcome offers and second-purchase incentives to build loyalty.
17040,138,1,449.73,2,2,2,222,6,0.8236210556992557,-0.9552142636712972,-0.3796364095159627,1,At Risk,Launch win-back campaigns with personalized offers and re-engagement discounts.
17041,27,3,1071.49,4,4,4,444,12,-0.3720072223713004,0.0596054655268191,0.3092889292893083,3,Loyal Customers,"Use cross-selling, upselling, and exclusive member offers."
17042,3,5,1036.58,5,4,4,544,13,-1.824063391865872,0.6532369520997158,0.2829898297810342,2,New Customers,Use welcome offers and second-purchase incentives to build loyalty.
17043,32,4,1735.18,4,4,4,444,12,-0.2494027642928512,0.3863044476016776,0.6921125662572053,3,Loyal Customers,"Use cross-selling, upselling, and exclusive member offers."
17044,25,1,948.48,4,2,4,424,10,-0.4273072773233673,-0.9552142636712972,0.2124721514680868,2,New Customers,Use welcome offers and second-purchase incentives to build loyalty.
17045,113,3,339.44,2,4,2,242,8,0.6756660532493783,0.0596054655268191,-0.6026604768950518,1,At Risk,Launch win-back campaigns with personalized offers and re-engagement discounts.
17046,157,1,642.02,2,2,3,223,7,0.9192262066550354,-0.9552142636712972,-0.097263880727789,1,At Risk,Launch win-back campaigns with personalized offers and re-engagement discounts.
17047,85,3,1100.9,2,4,4,244,10,0.4653461139941349,0.0596054655268191,0.3307886258744688,3,Loyal Customers,"Use cross-selling, upselling, and exclusive member offers."
17048,118,3,925.35,2,4,3,243,9,0.7076971190400876,0.0596054655268191,0.1928723157977926,3,Loyal Customers,"Use cross-selling, upselling, and exclusive member offers."
17049,3,9,5655.03,5,5,5,555,15,-1.824063391865872,1.4011241767997944,1.6307135637046402,0,Champions,"Target with premium products, exclusive offers, and loyalty rewards."
17050,96,6,3185.64,2,5,5,255,12,0.5551626080798789,0.8789251688960832,1.1747345305772607,3,Loyal Customers,"Use cross-selling, upselling, and exclusive member offers."
17051,194,1,240.89,1,2,1,121,4,1.0762320116474091,-0.9552142636712972,-0.8742632425262922,1,At Risk,Launch win-back campaigns with personalized offers and re-engagement discounts.
17052,28,1,399.09,4,2,2,422,8,-0.3458217546340572,-0.9552142636712972,-0.4743512190985021,2,New Customers,Use welcome offers and second-purchase incentives to build loyalty.
17053,131,1,498.48,2,2,3,223,7,0.7850629230241704,-0.9552142636712972,-0.2980186321622973,1,At Risk,Launch win-back campaigns with personalized offers and re-engagement discounts.
17054,28,5,1356.33,4,4,4,444,12,-0.3458217546340572,0.6532369520997158,0.4964762639404296,3,Loyal Customers,"Use cross-selling, upselling, and exclusive member offers."
17058,82,3,1179.89,2,4,4,244,10,0.4388506943278125,0.0596054655268191,0.3858095443434044,3,Loyal Customers,"Use cross-selling, upselling, and exclusive member offers."
17059,30,5,3080.39,4,4,5,445,13,-0.2960560335189878,0.6532369520997158,1.148042591604736,3,Loyal Customers,"Use cross-selling, upselling, and exclusive member offers."
17060,266,1,234.24,1,2,1,121,4,1.3107275994304497,-0.9552142636712972,-0.8964177095976669,1,At Risk,Launch win-back campaigns with personalized offers and re-engagement discounts.
17061,74,11,5232.23,2,5,5,255,12,0.3632205247355723,1.668056681297832,1.5689683557555714,0,Champions,"Target with premium products, exclusive offers, and loyalty rewards."
17062,314,4,533.33,1,4,3,143,8,1.4340938842810735,0.3863044476016776,-0.2444173836624595,1,At Risk,Launch win-back campaigns with personalized offers and re-engagement discounts.
17063,21,7,1461.14,4,5,4,454,13,-0.5519645819744484,1.0744251947249353,0.5555893555366304,3,Loyal Customers,"Use cross-selling, upselling, and exclusive member offers."
17064,59,3,855.45,3,4,3,343,10,0.196708740763415,0.0596054655268191,0.1305210171194432,3,Loyal Customers,"Use cross-selling, upselling, and exclusive member offers."
17068,12,21,4552.14,5,5,5,555,15,-0.9445401209818785,2.555485194733606,1.4583330834306922,0,Champions,"Target with premium products, exclusive offers, and loyalty rewards."
17069,28,9,2709.7,4,5,5,455,14,-0.3458217546340572,1.4011241767997944,1.0461792705518511,0,Champions,"Target with premium products, exclusive offers, and loyalty rewards."
17070,114,1,304.24,2,2,2,222,6,0.68218320610311,-0.9552142636712972,-0.6893974754898553,1,At Risk,Launch win-back campaigns with personalized offers and re-engagement discounts.
17071,28,9,2429.03,4,5,5,455,14,-0.3458217546340572,1.4011241767997944,0.9593129260928094,0,Champions,"Target with premium products, exclusive offers, and loyalty rewards."
17073,18,4,1446.09,4,4,4,444,12,-0.6613614517492411,0.3863044476016776,0.5473667287337725,3,Loyal Customers,"Use cross-selling, upselling, and exclusive member offers."
17075,18,4,834.12,4,4,3,443,11,-0.6613614517492411,0.3863044476016776,0.1104775815971916,2,New Customers,Use welcome offers and second-purchase incentives to build loyalty.
17076,36,3,841.08,3,4,3,343,10,-0.164028700972232,0.0596054655268191,0.1170734979830133,3,Loyal Customers,"Use cross-selling, upselling, and exclusive member offers."
17078,36,2,378.2,3,3,2,332,8,-0.164028700972232,-0.3615827770984003,-0.5169690810014522,2,New Customers,Use welcome offers and second-purchase incentives to build loyalty.
17079,78,1,118.8,2,2,1,221,5,0.4019933629965244,-0.9552142636712972,-1.4326860175459948,1,At Risk,Launch win-back campaigns with personalized offers and re-engagement discounts.
17080,22,2,287.62,4,3,2,432,9,-0.5187942651860693,-0.3615827770984003,-0.7338922112643433,2,New Customers,Use welcome offers and second-purchase incentives to build loyalty.
17081,25,2,288.91,4,3,2,432,9,-0.4273072773233673,-0.3615827770984003,-0.730348055437505,2,New Customers,Use welcome offers and second-purchase incentives to build loyalty.
17082,33,2,2003.85,4,3,4,434,11,-0.2271262067959733,-0.3615827770984003,0.8064595135056102,3,Loyal Customers,"Use cross-selling, upselling, and exclusive member offers."
17083,109,3,1405.78,2,4,4,244,10,0.6490128893147309,0.0596054655268191,0.5249146912407289,3,Loyal Customers,"Use cross-selling, upselling, and exclusive member offers."
17084,35,2,2747.99,3,3,5,335,11,-0.1844740691856557,-0.3615827770984003,1.05732664950903,3,Loyal Customers,"Use cross-selling, upselling, and exclusive member offers."
17085,123,5,1562.4,2,4,4,244,10,0.7384096537980341,0.6532369520997158,0.6088057591729621,3,Loyal Customers,"Use cross-selling, upselling, and exclusive member offers."
17086,7,6,2050.08,5,5,4,554,14,-1.3068305482073614,0.8789251688960832,0.8245771071058301,0,Champions,"Target with premium products, exclusive offers, and loyalty rewards."
17088,28,4,1991.01,4,4,4,444,12,-0.3458217546340572,0.3863044476016776,0.8013533367504517,3,Loyal Customers,"Use cross-selling, upselling, and exclusive member offers."
17090,4,7,1974.65,5,5,4,554,14,-1.6575516078937147,1.0744251947249353,0.7947994403171631,0,Champions,"Target with premium products, exclusive offers, and loyalty rewards."
17091,3,9,3827.76,5,5,5,555,15,-1.824063391865872,1.4011241767997944,1.3206257824400325,0,Champions,"Target with premium products, exclusive offers, and loyalty rewards."
17092,50,4,1774.03,3,4,4,344,11,0.0754356108856238,0.3863044476016776,0.7096999080959087,3,Loyal Customers,"Use cross-selling, upselling, and exclusive member offers."
17094,322,1,302.0,1,2,2,122,5,1.4528085769791683,-0.9552142636712972,-0.695251078522637,1,At Risk,Launch win-back campaigns with personalized offers and re-engagement discounts.
17095,23,3,1324.16,4,4,4,444,12,-0.4870358868672529,0.0596054655268191,0.4774136683838856,3,Loyal Customers,"Use cross-selling, upselling, and exclusive member offers."
17096,15,4,1022.13,4,4,4,444,12,-0.7895977045488505,0.3863044476016776,0.2718441554395491,3,Loyal Customers,"Use cross-selling, upselling, and exclusive member offers."
17097,2,8,954.42,5,5,4,554,14,-2.038734417842785,1.2468684386726128,0.2174285239101555,0,Champions,"Target with premium products, exclusive offers, and loyalty rewards."
17100,18,2,971.74,4,3,4,434,11,-0.6613614517492411,-0.3615827770984003,0.231706437936555,2,New Customers,Use welcome offers and second-purchase incentives to build loyalty.
17101,10,4,1621.73,5,4,4,544,13,-1.0691974256329595,0.3863044476016776,0.6384069596758695,3,Loyal Customers,"Use cross-selling, upselling, and exclusive member offers."
17102,262,1,25.5,1,2,1,121,4,1.2994638495891662,-0.9552142636712972,-2.631674741450729,1,At Risk,Launch win-back campaigns with personalized offers and re-engagement discounts.
17105,159,2,665.78,2,3,3,233,8,0.9286126103988396,-0.3615827770984003,-0.0684277253511818,1,At Risk,Launch win-back campaigns with personalized offers and re-engagement discounts.
17107,33,6,10797.48,4,5,5,455,14,-0.2271262067959733,0.8789251688960832,2.144650478095404,0,Champions,"Target with premium products, exclusive offers, and loyalty rewards."
17109,29,6,881.29,4,5,3,453,12,-0.3205241028950956,0.8789251688960832,0.1541441831632537,3,Loyal Customers,"Use cross-selling, upselling, and exclusive member offers."
17110,165,1,163.3,2,2,1,221,5,0.9560835379863236,-0.9552142636712972,-1.1816551574443253,1,At Risk,Launch win-back campaigns with personalized offers and re-engagement discounts.
17111,47,1,231.61,3,2,1,321,6,0.030196956791258,-0.9552142636712972,-0.905352861747937,1,At Risk,Launch win-back campaigns with personalized offers and re-engagement discounts.
17114,6,8,801.12,5,5,3,553,13,-1.4064729096883222,1.2468684386726128,0.0784363885533313,0,Champions,"Target with premium products, exclusive offers, and loyalty rewards."
17115,8,3,837.5,5,4,3,543,12,-1.2189397565026774,0.0596054655268191,0.1136876086789521,2,New Customers,Use welcome offers and second-purchase incentives to build loyalty.
17117,288,1,116.2,1,2,1,121,4,1.3698109782739254,-0.9552142636712972,-1.4501237772315585,1,At Risk,Launch win-back campaigns with personalized offers and re-engagement discounts.
17118,318,1,157.02,1,2,1,121,4,1.4435098989158772,-0.9552142636712972,-1.212627611418465,1,At Risk,Launch win-back campaigns with personalized offers and re-engagement discounts.
17119,3,2,606.91,5,3,3,533,11,-1.824063391865872,-0.3615827770984003,-0.1418870244834099,2,New Customers,Use welcome offers and second-purchase incentives to build loyalty.
17120,233,1,307.46,1,2,2,122,5,1.2122820453568492,-0.9552142636712972,-0.6810577453741832,1,At Risk,Launch win-back campaigns with personalized offers and re-engagement discounts.
17122,119,1,138.32,2,2,1,221,5,0.713941584421926,-0.9552142636712972,-1.3127220851444394,1,At Risk,Launch win-back campaigns with personalized offers and re-engagement discounts.
17123,162,1,345.3,2,2,2,222,6,0.9424744813034064,-0.9552142636712972,-0.5890972172458137,1,At Risk,Launch win-back campaigns with personalized offers and re-engagement discounts.
17124,185,1,294.24,1,2,2,122,5,1.0409714714796316,-0.9552142636712972,-0.7158696653355987,1,At Risk,Launch win-back campaigns with personalized offers and re-engagement discounts.
17125,50,1,230.5,3,2,1,321,6,0.0754356108856238,-0.9552142636712972,-0.9091543280366494,1,At Risk,Launch win-back campaigns with personalized offers and re-engagement discounts.
17126,152,5,989.45,2,4,4,244,10,0.895230272225732,0.6532369520997158,0.246045352332403,3,Loyal Customers,"Use cross-selling, upselling, and exclusive member offers."
17128,335,1,157.09,1,2,1,121,4,1.4822531262858296,-0.9552142636712972,-1.212275639451566,1,At Risk,Launch win-back campaigns with personalized offers and re-engagement discounts.
17131,5,5,2463.17,5,4,5,545,14,-1.5215015741842748,0.6532369520997158,0.970400514893408,0,Champions,"Target with premium products, exclusive offers, and loyalty rewards."
17133,16,7,4892.24,4,5,5,455,14,-0.7443590504544844,1.0744251947249353,1.5155833135767778,0,Champions,"Target with premium products, exclusive offers, and loyalty rewards."
17134,107,2,413.2,2,3,2,232,7,0.6353205921544528,-0.3615827770984003,-0.4468064175551325,1,At Risk,Launch win-back campaigns with personalized offers and re-engagement discounts.
17135,16,7,1139.73,4,5,4,454,13,-0.7443590504544844,1.0744251947249353,0.3583119846137331,3,Loyal Customers,"Use cross-selling, upselling, and exclusive member offers."
17138,276,1,380.5,1,2,2,122,5,1.3381648540746935,-0.9552142636712972,-0.5121632996709359,1,At Risk,Launch win-back campaigns with personalized offers and re-engagement discounts.
17139,16,12,10650.77,4,5,5,455,14,-0.7443590504544844,1.7852452398084837,2.1337791552338445,0,Champions,"Target with premium products, exclusive offers, and loyalty rewards."
17140,247,1,454.12,1,2,2,122,5,1.2556424974565452,-0.9552142636712972,-0.3719334095776295,1,At Risk,Launch win-back campaigns with personalized offers and re-engagement discounts.
17142,239,1,579.0,1,2,3,123,6,1.231174428080437,-0.9552142636712972,-0.1792382187713952,1,At Risk,Launch win-back campaigns with personalized offers and re-engagement discounts.
17144,1,2,984.57,5,3,4,534,12,-2.341296235524383,-0.3615827770984003,0.2421200091517672,2,New Customers,Use welcome offers and second-purchase incentives to build loyalty.
17146,106,3,749.78,2,4,3,243,9,0.6283790606233428,0.0596054655268191,0.025868692660767,3,Loyal Customers,"Use cross-selling, upselling, and exclusive member offers."
17147,23,4,1714.59,4,4,4,444,12,-0.4870358868672529,0.3863044476016776,0.6826312657730569,3,Loyal Customers,"Use cross-selling, upselling, and exclusive member offers."
17148,52,1,124.88,3,2,1,321,6,0.10413950578058,-0.9552142636712972,-1.3933427231372946,1,At Risk,Launch win-back campaigns with personalized offers and re-engagement discounts.
17152,195,3,1689.5,1,4,4,144,9,1.0800489471232713,0.0596054655268191,0.6709227819531786,3,Loyal Customers,"Use cross-selling, upselling, and exclusive member offers."
17153,24,1,213.78,4,2,1,421,7,-0.4565741366045358,-0.9552142636712972,-0.9687315754096718,2,New Customers,Use welcome offers and second-purchase incentives to build loyalty.
17154,75,1,329.34,2,2,2,222,6,0.3731042355677808,-0.9552142636712972,-0.626594866439559,1,At Risk,Launch win-back campaigns with personalized offers and re-engagement discounts.
17155,18,2,251.7,4,3,2,432,9,-0.6613614517492411,-0.3615827770984003,-0.8395178041980853,2,New Customers,Use welcome offers and second-purchase incentives to build loyalty.
17157,8,2,319.0,5,3,2,532,10,-1.2189397565026774,-0.3615827770984003,-0.6518683399401826,2,New Customers,Use welcome offers and second-purchase incentives to build loyalty.
17158,32,3,1266.97,4,4,4,444,12,-0.2494027642928512,0.0596054655268191,0.4423534596086246,3,Loyal Customers,"Use cross-selling, upselling, and exclusive member offers."
17159,22,3,1538.88,4,4,4,444,12,-0.5187942651860693,0.0596054655268191,0.5967589249640619,3,Loyal Customers,"Use cross-selling, upselling, and exclusive member offers."
17160,31,6,3518.03,4,5,5,455,14,-0.2723648608903394,0.8789251688960832,1.253586057359051,3,Loyal Customers,"Use cross-selling, upselling, and exclusive member offers."
17162,29,10,1715.46,4,5,4,454,13,-0.3205241028950956,1.54066546553549,0.6830341812207098,0,Champions,"Target with premium products, exclusive offers, and loyalty rewards."
17163,22,2,293.1,4,3,2,432,9,-0.5187942651860693,-0.3615827770984003,-0.7189442590643699,2,New Customers,Use welcome offers and second-purchase incentives to build loyalty.
17164,33,7,2467.35,4,5,5,455,14,-0.2271262067959733,1.0744251947249353,0.9717474782887552,3,Loyal Customers,"Use cross-selling, upselling, and exclusive member offers."
17165,284,1,158.68,1,2,1,121,4,1.3594106808800466,-0.9552142636712972,-1.2043225454154114,1,At Risk,Launch win-back campaigns with personalized offers and re-engagement discounts.
17166,39,2,206.34,3,3,1,331,7,-0.1058530769181821,-0.3615827770984003,-0.9967491312624316,2,New Customers,Use welcome offers and second-purchase incentives to build loyalty.
17169,58,2,835.78,3,3,3,333,9,0.1841671134665053,-0.3615827770984003,0.1120557240246307,3,Loyal Customers,"Use cross-selling, upselling, and exclusive member offers."
17171,289,1,224.91,1,2,1,121,4,1.3723885603136328,-0.9552142636712972,-0.9285799994354752,1,At Risk,Launch win-back campaigns with personalized offers and re-engagement discounts.
17172,79,1,317.76,2,2,2,222,6,0.4113797667403285,-0.9552142636712972,-0.6549538913106449,1,At Risk,Launch win-back campaigns with personalized offers and re-engagement discounts.
17173,5,8,3766.6,5,5,5,555,15,-1.5215015741842748,1.2468684386726128,1.3078284460630862,0,Champions,"Target with premium products, exclusive offers, and loyalty rewards."
17174,218,1,59.9,1,2,1,121,4,1.1628461404940136,-0.9552142636712972,-1.970391134928717,1,At Risk,Launch win-back campaigns with personalized offers and re-engagement discounts.
17175,44,4,1443.69,3,4,4,344,11,-0.0179622852134984,0.3863044476016776,0.5460475782093779,3,Loyal Customers,"Use cross-selling, upselling, and exclusive member offers."
17176,202,1,306.13,1,2,2,122,5,1.1062344148605143,-0.9552142636712972,-0.6844918144224018,1,At Risk,Launch win-back campaigns with personalized offers and re-engagement discounts.
17179,178,3,711.79,2,4,3,243,9,1.0123462367079263,0.0596054655268191,-0.01539818630135,3,Loyal Customers,"Use cross-selling, upselling, and exclusive member offers."
17180,56,4,783.97,3,4,3,343,10,0.1584332095908674,0.3863044476016776,0.0612601629121995,3,Loyal Customers,"Use cross-selling, upselling, and exclusive member offers."
17181,57,2,239.92,3,3,1,331,7,0.1714110890244534,-0.3615827770984003,-0.87745657637682,1,At Risk,Launch win-back campaigns with personalized offers and re-engagement discounts.
17183,8,6,3347.31,5,5,5,555,15,-1.2189397565026774,0.8789251688960832,1.2140645405262585,0,Champions,"Target with premium products, exclusive offers, and loyalty rewards."
17186,47,2,144.0,3,3,1,331,7,0.030196956791258,-0.3615827770984003,-1.2809645363770958,1,At Risk,Launch win-back campaigns with personalized offers and re-engagement discounts.
17187,227,1,203.95,1,2,1,121,4,1.1928988969078893,-0.9552142636712972,-1.0059631316723774,1,At Risk,Launch win-back campaigns with personalized offers and re-engagement discounts.
17188,11,7,2474.23,5,5,5,555,15,-1.0042687305257638,1.0744251947249353,0.9739595307107832,0,Champions,"Target with premium products, exclusive offers, and loyalty rewards."
17189,106,2,383.75,2,3,2,232,7,0.6283790606233428,-0.3615827770984003,-0.5054216878793668,1,At Risk,Launch win-back campaigns with personalized offers and re-engagement discounts.
17190,59,2,444.74,3,3,2,332,8,0.196708740763415,-0.3615827770984003,-0.3884838476215512,1,At Risk,Launch win-back campaigns with personalized offers and re-engagement discounts.
17191,28,7,2093.68,4,5,5,455,14,-0.3458217546340572,1.0744251947249353,0.8412936553934871,3,Loyal Customers,"Use cross-selling, upselling, and exclusive member offers."
17193,36,7,1699.3,3,5,4,354,12,-0.164028700972232,1.0744251947249353,0.6755165955961726,3,Loyal Customers,"Use cross-selling, upselling, and exclusive member offers."
17194,274,2,262.62,1,3,2,132,6,1.3327575169453991,-0.3615827770984003,-0.8058963324613231,1,At Risk,Launch win-back campaigns with personalized offers and re-engagement discounts.
17197,30,1,1013.01,4,2,4,424,10,-0.2960560335189878,-0.9552142636712972,0.2647283326147433,2,New Customers,Use welcome offers and second-purchase incentives to build loyalty.
17198,24,3,692.22,4,4,3,443,11,-0.4565741366045358,0.0596054655268191,-0.0375229543857685,2,New Customers,Use welcome offers and second-purchase incentives to build loyalty.
17201,54,1,289.78,3,2,2,322,7,0.1317800456562198,-0.9552142636712972,-0.72796670399843,1,At Risk,Launch win-back campaigns with personalized offers and re-engagement discounts.
17203,36,6,3560.08,3,5,5,355,13,-0.164028700972232,0.8789251688960832,1.263026217556244,3,Loyal Customers,"Use cross-selling, upselling, and exclusive member offers."
17204,175,4,1564.56,2,4,4,244,10,0.9997339490010838,0.3863044476016776,0.6099030002850864,3,Loyal Customers,"Use cross-selling, upselling, and exclusive member offers."
17205,54,1,384.08,3,2,2,322,7,0.1317800456562198,-0.9552142636712972,-0.5047403423700721,1,At Risk,Launch win-back campaigns with personalized offers and re-engagement discounts.
17206,53,1,204.24,3,2,1,321,6,0.1180877484959417,-0.9552142636712972,-1.0048394035115302,1,At Risk,Launch win-back campaigns with personalized offers and re-engagement discounts.
17211,27,8,2317.22,4,5,5,455,14,-0.3720072223713004,1.2468684386726128,0.921878116943044,0,Champions,"Target with premium products, exclusive offers, and loyalty rewards."
17212,253,1,226.85,1,2,1,121,4,1.273481018447474,-0.9552142636712972,-0.921784420997234,1,At Risk,Launch win-back campaigns with personalized offers and re-engagement discounts.
17213,40,7,2781.23,3,5,5,355,13,-0.0874272207859269,1.0744251947249353,1.066878633227275,3,Loyal Customers,"Use cross-selling, upselling, and exclusive member offers."
17214,60,6,1059.12,3,5,4,354,12,0.2090430589164636,0.8789251688960832,0.3000693438846598,3,Loyal Customers,"Use cross-selling, upselling, and exclusive member offers."
17217,234,1,113.5,1,2,1,121,4,1.2154641792133722,-0.9552142636712972,-1.4686465352125186,1,At Risk,Launch win-back campaigns with personalized offers and re-engagement discounts.
17218,4,10,1951.97,5,5,4,554,14,-1.6575516078937147,1.54066546553549,0.7856233830669528,0,Champions,"Target with premium products, exclusive offers, and loyalty rewards."
17219,32,1,114.23,4,2,1,421,7,-0.2494027642928512,-0.9552142636712972,-1.4635957968474862,1,At Risk,Launch win-back campaigns with personalized offers and re-engagement discounts.
17220,24,14,3187.55,4,5,5,455,14,-0.4565741366045358,1.9947556633726904,1.1752107296116343,0,Champions,"Target with premium products, exclusive offers, and loyalty rewards."
17221,7,2,334.48,5,3,2,532,10,-1.3068305482073614,-0.3615827770984003,-0.6143243406408484,2,New Customers,Use welcome offers and second-purchase incentives to build loyalty.
17222,65,1,328.65,3,2,2,322,7,0.2678300793656594,-0.9552142636712972,-0.62825659527637,1,At Risk,Launch win-back campaigns with personalized offers and re-engagement discounts.
17223,310,2,416.89,1,3,2,132,6,1.4245575339360348,-0.3615827770984003,-0.4397577476424633,1,At Risk,Launch win-back campaigns with personalized offers and re-engagement discounts.
17226,309,1,393.49,1,2,2,122,5,1.4221542814287025,-0.9552142636712972,-0.4855534843300844,1,At Risk,Launch win-back campaigns with personalized offers and re-engagement discounts.
17227,19,6,939.32,4,5,4,454,13,-0.6230859205766931,0.8789251688960832,0.2047678850428542,3,Loyal Customers,"Use cross-selling, upselling, and exclusive member offers."
17228,16,8,1906.09,4,5,4,454,13,-0.7443590504544844,1.2468684386726128,0.7667305072796295,0,Champions,"Target with premium products, exclusive offers, and loyalty rewards."
17229,96,2,318.76,2,3,2,232,7,0.5551626080798789,-0.3615827770984003,-0.6524646092296864,1,At Risk,Launch win-back campaigns with personalized offers and re-engagement discounts.
17230,264,8,3638.41,1,5,5,155,11,1.305116977069759,1.2468684386726128,1.280317669821675,3,Loyal Customers,"Use cross-selling, upselling, and exclusive member offers."
17231,12,10,3124.72,5,5,5,555,15,-0.9445401209818785,1.54066546553549,1.159394370830103,0,Champions,"Target with premium products, exclusive offers, and loyalty rewards."
17232,3,2,417.77,5,3,2,532,10,-1.824063391865872,-0.3615827770984003,-0.438085956234672,2,New Customers,Use welcome offers and second-purchase incentives to build loyalty.
17233,35,1,190.88,3,2,1,321,6,-0.1844740691856557,-0.9552142636712972,-1.058332395073661,1,At Risk,Launch win-back campaigns with personalized offers and re-engagement discounts.
17234,183,1,149.89,1,2,1,121,4,1.0329042657894636,-0.9552142636712972,-1.249320589794209,1,At Risk,Launch win-back campaigns with personalized offers and re-engagement discounts.
17235,25,2,550.06,4,3,3,433,10,-0.4273072773233673,-0.3615827770984003,-0.2199158773254274,2,New Customers,Use welcome offers and second-purchase incentives to build loyalty.
17236,13,6,916.13,5,5,3,553,13,-0.8892400660298114,0.8789251688960832,0.1849227323099471,3,Loyal Customers,"Use cross-selling, upselling, and exclusive member offers."
17237,11,2,314.69,5,3,2,532,10,-1.0042687305257638,-0.3615827770984003,-0.6626450651242969,2,New Customers,Use welcome offers and second-purchase incentives to build loyalty.
17238,3,17,3719.1,5,5,5,555,15,-1.824063391865872,2.2616881678707283,1.2977452256083344,0,Champions,"Target with premium products, exclusive offers, and loyalty rewards."
17239,313,1,382.5,1,2,2,122,5,1.4317211978352091,-0.9552142636712972,-0.5080078520470449,1,At Risk,Launch win-back campaigns with personalized offers and re-engagement discounts.
17242,108,2,1135.04,2,3,4,234,9,0.642198145526434,-0.3615827770984003,0.3550378045521514,3,Loyal Customers,"Use cross-selling, upselling, and exclusive member offers."
17243,1,26,8540.05,5,5,5,555,15,-2.341296235524383,2.855319654443625,1.9582698352906485,0,Champions,"Target with premium products, exclusive offers, and loyalty rewards."
17244,53,1,954.9,3,2,4,324,9,0.1180877484959417,-0.9552142636712972,0.2178276922658237,1,At Risk,Launch win-back campaigns with personalized offers and re-engagement discounts.
17245,205,1,171.45,1,2,1,121,4,1.1171814462747254,-0.9552142636712972,-1.143179762877044,1,At Risk,Launch win-back campaigns with personalized offers and re-engagement discounts.
17247,15,1,280.09,4,2,2,422,8,-0.7895977045488505,-0.9552142636712972,-0.7549016614957341,2,New Customers,Use welcome offers and second-purchase incentives to build loyalty.
17248,120,1,318.65,2,2,2,222,6,0.7201342279169752,-0.9552142636712972,-0.6527380489040048,1,At Risk,Launch win-back campaigns with personalized offers and re-engagement discounts.
17250,4,2,381.97,5,3,2,532,10,-1.6575516078937147,-0.3615827770984003,-0.509106931377643,2,New Customers,Use welcome offers and second-purchase incentives to build loyalty.
17251,363,1,269.83,1,2,2,122,5,1.5419817358297152,-0.9552142636712972,-0.7844524807935658,1,At Risk,Launch win-back campaigns with personalized offers and re-engagement discounts.
17252,117,2,348.91,2,3,2,232,7,0.7013999571250162,-0.3615827770984003,-0.5808554736376788,1,At Risk,Launch win-back campaigns with personalized offers and re-engagement discounts.
17253,18,1,178.26,4,2,1,421,7,-0.6613614517492411,-0.9552142636712972,-1.1124000233413536,2,New Customers,Use welcome offers and second-purchase incentives to build loyalty.
17254,5,2,271.19,5,3,2,532,10,-1.5215015741842748,-0.3615827770984003,-0.7804716634227383,2,New Customers,Use welcome offers and second-purchase incentives to build loyalty.
17255,41,2,291.48,3,3,2,332,8,-0.0694454046897029,-0.3615827770984003,-0.7233339822057576,2,New Customers,Use welcome offers and second-purchase incentives to build loyalty.
17256,107,2,240.0,2,3,1,231,6,0.6353205921544528,-0.3615827770984003,-0.8771927226069951,1,At Risk,Launch win-back campaigns with personalized offers and re-engagement discounts.
17259,148,2,581.23,2,3,3,233,8,0.8754619835057548,-0.3615827770984003,-0.1761884874693685,1,At Risk,Launch win-back campaigns with personalized offers and re-engagement discounts.
17262,52,5,1253.36,3,4,4,344,11,0.10413950578058,0.6532369520997158,0.4337769871464925,3,Loyal Customers,"Use cross-selling, upselling, and exclusive member offers."
17263,208,1,63.44,1,2,1,121,4,1.1279702018006934,-0.9552142636712972,-1.925487928920456,1,At Risk,Launch win-back campaigns with personalized offers and re-engagement discounts.
17265,139,2,550.01,2,3,3,233,8,0.8289702489178785,-0.3615827770984003,-0.2199879895821767,1,At Risk,Launch win-back campaigns with personalized offers and re-engagement discounts.
17266,2,3,296.58,5,4,2,542,11,-2.038734417842785,0.0596054655268191,-0.7095956795750058,2,New Customers,Use welcome offers and second-purchase incentives to build loyalty.
17267,127,2,317.2,2,3,2,232,7,0.7621008264266822,-0.3615827770984003,-0.6563513025804835,1,At Risk,Launch win-back campaigns with personalized offers and re-engagement discounts.
17268,108,4,763.64,2,4,3,243,9,0.642198145526434,0.3863044476016776,0.0404062214665852,3,Loyal Customers,"Use cross-selling, upselling, and exclusive member offers."
17272,42,4,2148.63,3,4,5,345,12,-0.0518867296643757,0.3863044476016776,0.8618730753480953,3,Loyal Customers,"Use cross-selling, upselling, and exclusive member offers."
17274,35,1,107.82,3,2,1,321,6,-0.1844740691856557,-0.9552142636712972,-1.5090820200510944,1,At Risk,Launch win-back campaigns with personalized offers and re-engagement discounts.
17277,228,2,1065.35,1,3,4,134,8,1.1961645881530594,-0.3615827770984003,0.304726044224949,1,At Risk,Launch win-back campaigns with personalized offers and re-engagement discounts.
17278,241,1,246.04,1,2,1,121,4,1.237367071575486,-0.9552142636712972,-0.8575205667068179,1,At Risk,Launch win-back campaigns with personalized offers and re-engagement discounts.
17279,58,1,187.83,3,2,1,321,6,0.1841671134665053,-0.9552142636712972,-1.0710663441618176,1,At Risk,Launch win-back campaigns with personalized offers and re-engagement discounts.
17282,130,3,1685.46,2,4,4,244,10,0.7793883005555002,0.0596054655268191,0.6690212487260717,3,Loyal Customers,"Use cross-selling, upselling, and exclusive member offers."
17284,60,6,1647.48,3,5,4,354,12,0.2090430589164636,0.8789251688960832,0.6509189396721193,3,Loyal Customers,"Use cross-selling, upselling, and exclusive member offers."
17286,22,1,151.37,4,2,1,421,7,-0.5187942651860693,-0.9552142636712972,-1.2415635093466535,2,New Customers,Use welcome offers and second-purchase incentives to build loyalty.
17287,26,7,1049.06,4,5,4,454,13,-0.3991450951625692,1.0744251947249353,0.2924917725902495,3,Loyal Customers,"Use cross-selling, upselling, and exclusive member offers."
17288,9,7,1417.63,5,5,4,554,14,-1.1403187642352035,1.0744251947249353,0.5315810346432812,0,Champions,"Target with premium products, exclusive offers, and loyalty rewards."
17289,32,3,931.02,4,4,3,443,11,-0.2494027642928512,0.0596054655268191,0.1977218550997772,3,Loyal Customers,"Use cross-selling, upselling, and exclusive member offers."
17290,4,2,513.01,5,3,3,533,11,-1.6575516078937147,-0.3615827770984003,-0.2752296899835536,2,New Customers,Use welcome offers and second-purchase incentives to build loyalty.
17291,308,1,550.8,1,2,3,123,6,1.419743263956323,-0.9552142636712972,-0.2188493802662483,1,At Risk,Launch win-back campaigns with personalized offers and re-engagement discounts.
17293,8,9,1854.06,5,5,4,554,14,-1.2189397565026774,1.4011241767997944,0.7447471675177577,0,Champions,"Target with premium products, exclusive offers, and loyalty rewards."
17295,29,3,547.0,4,4,3,443,11,-0.3205241028950956,0.0596054655268191,-0.2243412455107092,2,New Customers,Use welcome offers and second-purchase incentives to build loyalty.
17297,17,1,128.18,4,2,1,421,7,-0.7017069128441668,-0.9552142636712972,-1.372776995401432,2,New Customers,Use welcome offers and second-purchase incentives to build loyalty.
17298,101,2,498.42,2,3,3,233,8,0.5926684545441344,-0.3615827770984003,-0.2981141044876594,1,At Risk,Launch win-back campaigns with personalized offers and re-engagement discounts.
17299,12,4,656.61,5,4,3,543,12,-0.9445401209818785,0.3863044476016776,-0.0794331966582405,2,New Customers,Use welcome offers and second-purchase incentives to build loyalty.
17301,21,1,163.24,4,2,1,421,7,-0.5519645819744484,-0.9552142636712972,-1.1819454335347557,2,New Customers,Use welcome offers and second-purchase incentives to build loyalty.
17302,15,5,1135.63,4,4,4,444,12,-0.7895977045488505,0.6532369520997158,0.3554504375023884,3,Loyal Customers,"Use cross-selling, upselling, and exclusive member offers."
17303,361,1,250.04,1,2,2,122,5,1.5378703796522508,-0.9552142636712972,-0.8447556352383929,1,At Risk,Launch win-back campaigns with personalized offers and re-engagement discounts.
17306,11,19,8631.31,5,5,5,555,15,-1.0042687305257638,2.41594390599791,1.9667163499721427,0,Champions,"Target with premium products, exclusive offers, and loyalty rewards."
17309,95,1,82.75,2,2,1,221,5,0.5474298004497687,-0.9552142636712972,-1.7171885573275916,1,At Risk,Launch win-back campaigns with personalized offers and re-engagement discounts.
17311,78,2,1384.85,2,3,4,234,9,0.4019933629965244,-0.3615827770984003,0.513001935866495,3,Loyal Customers,"Use cross-selling, upselling, and exclusive member offers."
17312,139,3,644.3,2,4,3,243,9,0.8289702489178785,0.0596054655268191,-0.0944509449667769,3,Loyal Customers,"Use cross-selling, upselling, and exclusive member offers."
17313,31,1,2328.84,4,2,5,425,11,-0.2723648608903394,-0.9552142636712972,0.925851711664088,3,Loyal Customers,"Use cross-selling, upselling, and exclusive member offers."
17314,25,8,2527.92,4,5,5,455,14,-0.4273072773233673,1.2468684386726128,0.9910135995894912,0,Champions,"Target with premium products, exclusive offers, and loyalty rewards."
17315,2,38,6281.23,5,5,5,555,15,-2.038734417842785,3.393696455579496,1.7141621657703667,0,Champions,"Target with premium products, exclusive offers, and loyalty rewards."
17317,46,3,2600.34,3,4,5,345,12,0.0144867079241929,0.0596054655268191,1.0134522254480622,3,Loyal Customers,"Use cross-selling, upselling, and exclusive member offers."
17320,100,3,1200.62,2,4,4,244,10,0.5853165797205673,0.0596054655268191,0.3996395956928216,3,Loyal Customers,"Use cross-selling, upselling, and exclusive member offers."
17321,8,2,657.16,5,3,3,533,11,-1.2189397565026774,-0.3615827770984003,-0.0787687945567551,2,New Customers,Use welcome offers and second-purchase incentives to build loyalty.
17323,15,7,906.52,4,5,3,453,12,-0.7895977045488505,1.0744251947249353,0.1765513708448805,3,Loyal Customers,"Use cross-selling, upselling, and exclusive member offers."
17324,18,4,986.48,4,4,4,444,12,-0.6613614517492411,0.3863044476016776,0.2436586727332433,3,Loyal Customers,"Use cross-selling, upselling, and exclusive member offers."
17325,280,1,96.8,1,2,1,121,4,1.3488633779556125,-0.9552142636712972,-1.5939355285282657,1,At Risk,Launch win-back campaigns with personalized offers and re-engagement discounts.
17329,14,2,523.11,4,3,3,433,10,-0.8377569465536066,-0.3615827770984003,-0.2597651935805988,2,New Customers,Use welcome offers and second-purchase incentives to build loyalty.
17330,23,2,363.9,4,3,2,432,9,-0.4870358868672529,-0.3615827770984003,-0.5475187472237785,2,New Customers,Use welcome offers and second-purchase incentives to build loyalty.
17331,124,1,175.2,2,2,1,221,5,0.7444033346846438,-0.9552142636712972,-1.1260832865542316,1,At Risk,Launch win-back campaigns with personalized offers and re-engagement discounts.
17333,86,1,494.25,2,2,3,223,7,0.473972906706051,-0.9552142636712972,-0.3047776879642973,1,At Risk,Launch win-back campaigns with personalized offers and re-engagement discounts.
17334,302,2,307.02,1,3,2,132,6,1.4051112410606752,-0.3615827770984003,-0.6821921866544796,1,At Risk,Launch win-back campaigns with personalized offers and re-engagement discounts.
17337,151,4,1981.06,2,4,4,244,10,0.8903370792262918,0.3863044476016776,0.7973737613428397,3,Loyal Customers,"Use cross-selling, upselling, and exclusive member offers."
17338,17,8,6493.54,4,5,5,455,14,-0.7017069128441668,1.2468684386726128,1.7405763749918033,0,Champions,"Target with premium products, exclusive offers, and loyalty rewards."
17339,94,2,243.36,2,3,1,231,6,0.5396160195399382,-0.3615827770984003,-0.8661892315191485,1,At Risk,Launch win-back campaigns with personalized offers and re-engagement discounts.
17340,30,11,12353.29,4,5,5,455,14,-0.2960560335189878,1.668056681297832,2.2516192067406893,0,Champions,"Target with premium products, exclusive offers, and loyalty rewards."
17341,157,3,682.29,2,4,3,243,9,0.9192262066550354,0.0596054655268191,-0.0489893170632558,3,Loyal Customers,"Use cross-selling, upselling, and exclusive member offers."
17343,355,1,193.64,1,2,1,121,4,1.525398625407363,-0.9552142636712972,-1.046982476247312,1,At Risk,Launch win-back campaigns with personalized offers and re-engagement discounts.
17344,46,1,157.62,3,2,1,321,6,0.0144867079241929,-0.9552142636712972,-1.209615755056893,1,At Risk,Launch win-back campaigns with personalized offers and re-engagement discounts.
17345,15,4,519.69,4,4,3,443,11,-0.7895977045488505,0.3863044476016776,-0.2649680609614402,2,New Customers,Use welcome offers and second-purchase incentives to build loyalty.
17346,4,15,2622.88,5,5,5,555,15,-1.6575516078937147,2.089244923923052,1.0203086908328785,0,Champions,"Target with premium products, exclusive offers, and loyalty rewards."
17347,86,1,228.96,2,2,1,221,5,0.473972906706051,-0.9552142636712972,-0.9144587313069316,1,At Risk,Launch win-back campaigns with personalized offers and re-engagement discounts.
17348,15,5,1156.6,4,4,4,444,12,-0.7895977045488505,0.6532369520997158,0.3699789728278072,3,Loyal Customers,"Use cross-selling, upselling, and exclusive member offers."
17349,179,1,98.25,2,2,1,221,5,1.0165034021035235,-0.9552142636712972,-1.5822392509977163,1,At Risk,Launch win-back campaigns with personalized offers and re-engagement discounts.
17350,8,4,1281.32,5,4,4,544,13,-1.2189397565026774,0.3863044476016776,0.4512971175183398,2,New Customers,Use welcome offers and second-purchase incentives to build loyalty.
17351,36,3,587.15,3,4,3,343,10,-0.164028700972232,0.0596054655268191,-0.1681486590278641,3,Loyal Customers,"Use cross-selling, upselling, and exclusive member offers."
17353,129,2,1740.0,2,3,4,234,9,0.7736701939658116,-0.3615827770984003,0.6943158397328503,3,Loyal Customers,"Use cross-selling, upselling, and exclusive member offers."
17354,51,1,1393.06,3,2,4,324,9,0.0899255663351436,-0.9552142636712972,0.5176961397322759,3,Loyal Customers,"Use cross-selling, upselling, and exclusive member offers."
17356,312,1,178.22,1,2,1,121,4,1.4293409429987136,-0.9552142636712972,-1.112577378295764,1,At Risk,Launch win-back campaigns with personalized offers and re-engagement discounts.
17357,24,2,384.39,4,3,2,432,9,-0.4565741366045358,-0.3615827770984003,-0.5041008221992866,2,New Customers,Use welcome offers and second-purchase incentives to build loyalty.
17358,303,2,360.81,1,3,2,132,6,1.4075699228848029,-0.3615827770984003,-0.554277214621432,1,At Risk,Launch win-back campaigns with personalized offers and re-engagement discounts.
17359,11,1,127.86,5,2,1,521,8,-1.0042687305257638,-0.9552142636712972,-1.3747481079850703,2,New Customers,Use welcome offers and second-purchase incentives to build loyalty.
17360,17,3,568.24,4,4,3,443,11,-0.7017069128441668,0.0596054655268191,-0.1941202595849744,2,New Customers,Use welcome offers and second-purchase incentives to build loyalty.
17361,49,3,488.2,3,4,3,343,10,0.0606587070539751,0.0596054655268191,-0.3145459081764726,3,Loyal Customers,"Use cross-selling, upselling, and exclusive member offers."
17362,239,2,312.23,1,3,2,132,6,1.231174428080437,-0.3615827770984003,-0.6688621984229798,1,At Risk,Launch win-back campaigns with personalized offers and re-engagement discounts.
17364,1,11,4462.68,5,5,5,555,15,-2.341296235524383,1.668056681297832,1.4425628541644786,0,Champions,"Target with premium products, exclusive offers, and loyalty rewards."
17365,13,8,4767.36,5,5,5,555,15,-0.8892400660298114,1.2468684386726128,1.4950378338376569,0,Champions,"Target with premium products, exclusive offers, and loyalty rewards."
17367,238,1,167.55,1,2,1,121,4,1.228058727276131,-0.9552142636712972,-1.161359074225705,1,At Risk,Launch win-back campaigns with personalized offers and re-engagement discounts.
17368,23,8,1878.87,4,5,4,454,13,-0.4870358868672529,1.2468684386726128,0.7553055878729458,0,Champions,"Target with premium products, exclusive offers, and loyalty rewards."
17370,73,4,446.18,2,4,2,242,8,0.3532041426862792,0.3863044476016776,-0.3859205526782512,3,Loyal Customers,"Use cross-selling, upselling, and exclusive member offers."
17371,17,3,418.4,4,4,2,442,10,-0.7017069128441668,0.0596054655268191,-0.4368912619622498,2,New Customers,Use welcome offers and second-purchase incentives to build loyalty.
17372,41,8,1337.18,3,5,4,354,12,-0.0694454046897029,1.2468684386726128,0.4851839381180384,3,Loyal Customers,"Use cross-selling, upselling, and exclusive member offers."
17373,40,4,646.92,3,4,3,343,10,-0.0874272207859269,0.3863044476016776,-0.0912307828551621,3,Loyal Customers,"Use cross-selling, upselling, and exclusive member offers."
17374,219,2,495.77,1,3,3,133,7,1.166245732973242,-0.3615827770984003,-0.3023422797721095,1,At Risk,Launch win-back campaigns with personalized offers and re-engagement discounts.
17375,199,3,400.1,1,4,2,142,7,1.0951243943709967,0.0596054655268191,-0.4723475114933529,1,At Risk,Launch win-back campaigns with personalized offers and re-engagement discounts.
17376,71,2,203.2,3,3,1,331,7,0.3327587744728552,-0.3615827770984003,-1.0088767150924451,1,At Risk,Launch win-back campaigns with personalized offers and re-engagement discounts.
17377,24,20,4058.32,4,5,5,455,14,-0.4565741366045358,2.487376384667096,1.3670970632489363,0,Champions,"Target with premium products, exclusive offers, and loyalty rewards."
17379,11,1,389.72,5,2,2,522,9,-1.0042687305257638,-0.9552142636712972,-0.4931849354741205,2,New Customers,Use welcome offers and second-purchase incentives to build loyalty.
17381,9,29,20275.61,5,5,5,555,15,-1.1403187642352035,3.009575392570807,2.645378599998796,0,Champions,"Target with premium products, exclusive offers, and loyalty rewards."
17382,65,1,65.4,3,2,1,321,6,0.2678300793656594,-0.9552142636712972,-1.9016759062325632,1,At Risk,Launch win-back campaigns with personalized offers and re-engagement discounts.
17383,4,1,193.39,5,2,1,521,8,-1.6575516078937147,-0.9552142636712972,-1.0480038983186333,2,New Customers,Use welcome offers and second-purchase incentives to build loyalty.
17384,19,2,336.4,4,3,2,432,9,-0.6230859205766931,-0.3615827770984003,-0.6097889672243504,2,New Customers,Use welcome offers and second-purchase incentives to build loyalty.
17385,15,1,256.11,4,2,2,422,8,-0.7895977045488505,-0.9552142636712972,-0.8257682272770581,2,New Customers,Use welcome offers and second-purchase incentives to build loyalty.
17386,8,6,2686.42,5,5,5,555,15,-1.2189397565026774,0.8789251688960832,1.039324524082936,0,Champions,"Target with premium products, exclusive offers, and loyalty rewards."
17387,20,2,746.81,4,3,3,433,10,-0.5866782483482139,-0.3615827770984003,0.022718606371488,2,New Customers,Use welcome offers and second-purchase incentives to build loyalty.
17388,78,4,1259.56,2,4,4,244,10,0.4019933629965244,0.3863044476016776,0.4376954583313739,3,Loyal Customers,"Use cross-selling, upselling, and exclusive member offers."
17389,1,34,31833.68,5,5,5,555,15,-2.341296235524383,3.2352636093671743,3.003870863834889,0,Champions,"Target with premium products, exclusive offers, and loyalty rewards."
17391,164,2,508.8,2,3,3,233,8,0.9515747069963276,-0.3615827770984003,-0.281765710989774,1,At Risk,Launch win-back campaigns with personalized offers and re-engagement discounts.
17392,307,2,417.27,1,3,2,132,6,1.417324431178634,-0.3615827770984003,-0.4390354062513236,1,At Risk,Launch win-back campaigns with personalized offers and re-engagement discounts.
17394,219,1,203.87,1,2,1,121,4,1.166245732973242,-0.9552142636712972,-1.0062734054735614,1,At Risk,Launch win-back campaigns with personalized offers and re-engagement discounts.
17396,39,8,7330.8,3,5,5,355,13,-0.1058530769181821,1.2468684386726128,1.8369444238731285,0,Champions,"Target with premium products, exclusive offers, and loyalty rewards."
17397,22,2,681.41,4,3,3,433,10,-0.5187942651860693,-0.3615827770984003,-0.0500134956361697,2,New Customers,Use welcome offers and second-purchase incentives to build loyalty.
17398,115,3,653.38,2,4,3,243,9,0.6886439326829644,0.0596054655268191,-0.0833462983805025,3,Loyal Customers,"Use cross-selling, upselling, and exclusive member offers."
17400,126,5,2097.84,2,4,5,245,11,0.7562481747889629,0.6532369520997158,0.8428704060381558,3,Loyal Customers,"Use cross-selling, upselling, and exclusive member offers."
17402,5,13,2633.85,5,5,5,555,15,-1.5215015741842748,1.8937448980941995,1.0236243863872094,0,Champions,"Target with premium products, exclusive offers, and loyalty rewards."
17403,36,1,263.92,3,2,2,322,7,-0.164028700972232,-0.9552142636712972,-0.8019868917565947,2,New Customers,Use welcome offers and second-purchase incentives to build loyalty.
17404,4,15,31906.82,5,5,5,555,15,-1.6575516078937147,2.089244923923052,3.005694651679025,0,Champions,"Target with premium products, exclusive offers, and loyalty rewards."
17405,1,3,1031.41,5,4,4,544,13,-2.341296235524383,0.0596054655268191,0.2790200038750285,2,New Customers,Use welcome offers and second-purchase incentives to build loyalty.
17406,333,3,2184.42,1,4,5,145,10,1.4777981324055245,0.0596054655268191,0.8749958514122361,3,Loyal Customers,"Use cross-selling, upselling, and exclusive member offers."
17408,163,1,32.65,2,2,1,221,5,0.947038466531095,-0.9552142636712972,-2.441839504879882,1,At Risk,Launch win-back campaigns with personalized offers and re-engagement discounts.
17409,185,2,771.85,1,3,3,133,7,1.0409714714796316,-0.3615827770984003,0.0488937891009215,1,At Risk,Launch win-back campaigns with personalized offers and re-engagement discounts.
17410,16,5,1214.72,4,4,4,444,12,-0.7443590504544844,0.6532369520997158,0.4089107660715105,3,Loyal Customers,"Use cross-selling, upselling, and exclusive member offers."
17411,12,3,778.94,5,4,3,543,12,-0.9445401209818785,0.0596054655268191,0.0561512514348199,2,New Customers,Use welcome offers and second-purchase incentives to build loyalty.
17412,3,7,1258.06,5,5,4,554,14,-1.824063391865872,1.0744251947249353,0.4367492113084484,0,Champions,"Target with premium products, exclusive offers, and loyalty rewards."
17414,44,2,778.0,3,3,3,333,9,-0.0179622852134984,-0.3615827770984003,0.0551928515155101,3,Loyal Customers,"Use cross-selling, upselling, and exclusive member offers."
17415,80,1,507.84,2,2,3,223,7,0.4206495661775393,-0.9552142636712972,-0.2832636664429125,1,At Risk,Launch win-back campaigns with personalized offers and re-engagement discounts.
17416,30,7,6893.42,4,5,5,455,14,-0.2960560335189878,1.0744251947249353,1.7880617948725932,0,Champions,"Target with premium products, exclusive offers, and loyalty rewards."
17418,42,2,463.46,3,3,2,332,8,-0.0518867296643757,-0.3615827770984003,-0.3557890598648446,2,New Customers,Use welcome offers and second-purchase incentives to build loyalty.
17419,11,12,4226.57,5,5,5,555,15,-1.0042687305257638,1.7852452398084837,1.399372449396418,0,Champions,"Target with premium products, exclusive offers, and loyalty rewards."
17420,50,3,598.83,3,4,3,343,10,0.0754356108856238,0.0596054655268191,-0.1525209264652837,3,Loyal Customers,"Use cross-selling, upselling, and exclusive member offers."
17422,16,6,1979.37,4,5,4,454,13,-0.7443590504544844,0.8789251688960832,0.7966958492350833,3,Loyal Customers,"Use cross-selling, upselling, and exclusive member offers."
17423,46,2,698.41,3,3,3,333,9,0.0144867079241929,-0.3615827770984003,-0.0304580542826174,3,Loyal Customers,"Use cross-selling, upselling, and exclusive member offers."
17425,19,2,759.17,4,3,3,433,10,-0.6230859205766931,-0.3615827770984003,0.0357467001973808,2,New Customers,Use welcome offers and second-purchase incentives to build loyalty.
17426,8,6,5037.26,5,5,5,555,15,-1.2189397565026774,0.8789251688960832,1.5387942245650073,0,Champions,"Target with premium products, exclusive offers, and loyalty rewards."
17427,72,1,100.8,3,2,1,321,6,0.343051479153905,-0.9552142636712972,-1.5620784559086645,1,At Risk,Launch win-back campaigns with personalized offers and re-engagement discounts.
17428,1,28,17256.85,5,5,5,555,15,-2.341296235524383,2.959940965055545,2.517267810013869,0,Champions,"Target with premium products, exclusive offers, and loyalty rewards."
17429,128,3,524.92,2,4,3,243,9,0.7679079316757323,0.0596054655268191,-0.2570253513179205,1,At Risk,Launch win-back campaigns with personalized offers and re-engagement discounts.
17430,33,2,265.76,4,3,2,432,9,-0.2271262067959733,-0.3615827770984003,-0.7964861976357296,2,New Customers,Use welcome offers and second-purchase incentives to build loyalty.
17431,313,1,403.3,1,2,2,122,5,1.4317211978352091,-0.9552142636712972,-0.4660322854344219,1,At Risk,Launch win-back campaigns with personalized offers and re-engagement discounts.
17432,18,2,365.76,4,3,2,432,9,-0.6613614517492411,-0.3615827770984003,-0.54347808237255,2,New Customers,Use welcome offers and second-purchase incentives to build loyalty.
17433,88,1,303.16,2,2,2,222,6,0.4909329380903411,-0.9552142636712972,-0.692214366365476,1,At Risk,Launch win-back campaigns with personalized offers and re-engagement discounts.
17434,2,7,2373.82,5,5,5,555,15,-2.038734417842785,1.0744251947249353,0.9410485311241286,0,Champions,"Target with premium products, exclusive offers, and loyalty rewards."
17436,2,2,216.3,5,3,1,531,9,-2.038734417842785,-0.3615827770984003,-0.959461365599006,2,New Customers,Use welcome offers and second-purchase incentives to build loyalty.
17438,254,1,388.45,1,2,2,122,5,1.2764130821748028,-0.9552142636712972,-0.495772332776589,1,At Risk,Launch win-back campaigns with personalized offers and re-engagement discounts.
17440,157,3,186.42,2,4,1,241,7,0.9192262066550354,0.0596054655268191,-1.077022868215353,1,At Risk,Launch win-back campaigns with personalized offers and re-engagement discounts.
17442,37,6,2248.56,3,5,5,355,13,-0.1441286080907301,0.8789251688960832,0.8979846266486747,3,Loyal Customers,"Use cross-selling, upselling, and exclusive member offers."
17443,220,1,534.24,1,2,3,123,6,1.169629907746531,-0.9552142636712972,-0.2430650603126106,1,At Risk,Launch win-back campaigns with personalized offers and re-engagement discounts.
17444,148,3,2940.04,2,4,5,245,11,0.8754619835057548,0.0596054655268191,1.1109943534708937,3,Loyal Customers,"Use cross-selling, upselling, and exclusive member offers."
17446,177,2,120.9,2,3,1,231,6,1.008165781748852,-0.3615827770984003,-1.4188757581594993,1,At Risk,Launch win-back campaigns with personalized offers and re-engagement discounts.
17447,40,2,541.53,3,3,3,333,9,-0.0874272207859269,-0.3615827770984003,-0.2323138755935838,2,New Customers,Use welcome offers and second-purchase incentives to build loyalty.
17449,2,7,2519.21,5,5,5,555,15,-2.038734417842785,1.0744251947249353,0.9882717078955904,0,Champions,"Target with premium products, exclusive offers, and loyalty rewards."
17450,8,46,194390.79,5,5,5,555,15,-1.2189397565026774,3.666872361396962,4.441786830728234,0,Champions,"Target with premium products, exclusive offers, and loyalty rewards."
17451,1,7,1721.4,5,5,4,554,14,-2.341296235524383,1.0744251947249353,0.6857796761385337,0,Champions,"Target with premium products, exclusive offers, and loyalty rewards."
17453,18,2,486.72,4,3,2,432,9,-0.6613614517492411,-0.3615827770984003,-0.3169538794945144,2,New Customers,Use welcome offers and second-purchase incentives to build loyalty.
17454,192,4,517.53,1,4,3,143,8,1.068539064558348,0.3863044476016776,-0.268271719425268,3,Loyal Customers,"Use cross-selling, upselling, and exclusive member offers."
17455,204,1,131.7,1,2,1,121,4,1.1135502505032524,-0.9552142636712972,-1.3514114122771663,1,At Risk,Launch win-back campaigns with personalized offers and re-engagement discounts.
17456,365,1,249.86,1,2,2,122,5,1.5460705639150825,-0.9552142636712972,-0.8453256729537445,1,At Risk,Launch win-back campaigns with personalized offers and re-engagement discounts.
17457,127,5,1737.7,2,4,4,244,10,0.7621008264266822,0.6532369520997158,0.6932652470810446,3,Loyal Customers,"Use cross-selling, upselling, and exclusive member offers."
17458,15,1,316.5,4,2,2,422,8,-0.7895977045488505,-0.9552142636712972,-0.6581015291277108,2,New Customers,Use welcome offers and second-purchase incentives to build loyalty.
17459,43,2,657.3,3,3,3,333,9,-0.0347317383159377,-0.3615827770984003,-0.0785997626726767,2,New Customers,Use welcome offers and second-purchase incentives to build loyalty.
17460,94,6,622.43,2,5,3,253,10,0.5396160195399382,0.8789251688960832,-0.1218522253978329,3,Loyal Customers,"Use cross-selling, upselling, and exclusive member offers."
17461,23,3,735.82,4,4,3,443,11,-0.4870358868672529,0.0596054655268191,0.0109524218198437,2,New Customers,Use welcome offers and second-purchase incentives to build loyalty.
17462,60,2,675.69,3,3,3,333,9,0.2090430589164636,-0.3615827770984003,-0.056703023134477,3,Loyal Customers,"Use cross-selling, upselling, and exclusive member offers."
17463,16,5,1875.86,4,4,4,444,12,-0.7443590504544844,0.6532369520997158,0.7540320705163059,3,Loyal Customers,"Use cross-selling, upselling, and exclusive member offers."
17464,158,1,289.96,2,2,2,222,6,0.9239341671206882,-0.9552142636712972,-0.7274749002266433,1,At Risk,Launch win-back campaigns with personalized offers and re-engagement discounts.
17466,10,2,763.28,5,3,3,533,11,-1.0691974256329595,-0.3615827770984003,0.040031967846571,2,New Customers,Use welcome offers and second-purchase incentives to build loyalty.
17468,10,2,137.0,5,3,1,531,9,-1.0691974256329595,-0.3615827770984003,-1.320287700931883,2,New Customers,Use welcome offers and second-purchase incentives to build loyalty.
17469,16,5,1870.97,4,4,4,444,12,-0.7443590504544844,0.6532369520997158,0.7519587730283129,3,Loyal Customers,"Use cross-selling, upselling, and exclusive member offers."
17470,45,5,1125.07,3,4,4,344,11,-0.0015614215275583,0.6532369520997158,0.3480324113990685,3,Loyal Customers,"Use cross-selling, upselling, and exclusive member offers."
17472,191,3,697.54,1,4,3,143,8,1.0646626441082796,0.0596054655268191,-0.0314472356632283,3,Loyal Customers,"Use cross-selling, upselling, and exclusive member offers."
17475,79,1,194.37,2,2,1,221,5,0.4113797667403285,-0.9552142636712972,-1.0440074151610808,1,At Risk,Launch win-back campaigns with personalized offers and re-engagement discounts.
17480,78,1,511.82,2,2,3,223,7,0.4019933629965244,-0.9552142636712972,-0.2770717207088193,1,At Risk,Launch win-back campaigns with personalized offers and re-engagement discounts.
17481,4,4,1255.59,5,4,4,544,13,-1.6575516078937147,0.3863044476016776,0.4351885986056437,2,New Customers,Use welcome offers and second-purchase incentives to build loyalty.
17483,65,3,414.04,3,4,2,342,9,0.2678300793656594,0.0596054655268191,-0.4451963375585978,3,Loyal Customers,"Use cross-selling, upselling, and exclusive member offers."
17486,261,1,396.87,1,2,2,122,5,1.2966211442140112,-0.9552142636712972,-0.4787732445313286,1,At Risk,Launch win-back campaigns with personalized offers and re-engagement discounts.
17489,59,2,376.64,3,3,2,332,8,0.196708740763415,-0.3615827770984003,-0.5202452734059735,1,At Risk,Launch win-back campaigns with personalized offers and re-engagement discounts.
17490,1,7,2092.32,5,5,5,555,15,-2.341296235524383,1.0744251947249353,0.8407774999481787,0,Champions,"Target with premium products, exclusive offers, and loyalty rewards."
17491,1,10,3558.87,5,5,5,555,15,-2.341296235524383,1.54066546553549,1.2627561355189805,0,Champions,"Target with premium products, exclusive offers, and loyalty rewards."
17492,248,1,374.57,1,2,2,122,5,1.2586453556679202,-0.9552142636712972,-0.5246134845684336,1,At Risk,Launch win-back campaigns with personalized offers and re-engagement discounts.
17495,8,2,497.56,5,3,3,533,11,-1.2189397565026774,-0.3615827770984003,-0.299483802998562,2,New Customers,Use welcome offers and second-purchase incentives to build loyalty.
17496,359,1,271.05,1,2,2,122,5,1.5337362457620345,-0.9552142636712972,-0.7808805339912078,1,At Risk,Launch win-back campaigns with personalized offers and re-engagement discounts.
17498,76,1,272.22,2,2,2,222,6,0.3828587438616125,-0.9552142636712972,-0.7774699936808962,1,At Risk,Launch win-back campaigns with personalized offers and re-engagement discounts.
17499,290,1,622.88,1,2,3,123,6,1.3749572694199874,-0.9552142636712972,-0.1212787875005141,1,At Risk,Launch win-back campaigns with personalized offers and re-engagement discounts.
17500,17,3,1138.0,4,4,4,444,12,-0.7017069128441668,0.0596054655268191,0.3571058076358077,2,New Customers,Use welcome offers and second-purchase incentives to build loyalty.
17501,221,2,288.6,1,3,2,132,6,1.172998804026387,-0.3615827770984003,-0.731198310180987,1,At Risk,Launch win-back campaigns with personalized offers and re-engagement discounts.
17502,9,4,689.1,5,4,3,543,12,-1.1403187642352035,0.3863044476016776,-0.0411078865091427,2,New Customers,Use welcome offers and second-purchase incentives to build loyalty.
17503,3,2,558.96,5,3,3,533,11,-1.824063391865872,-0.3615827770984003,-0.2071830255813507,2,New Customers,Use welcome offers and second-purchase incentives to build loyalty.
17504,206,9,2997.03,1,5,5,155,11,1.120795057494147,1.4011241767997944,1.1262468805958692,3,Loyal Customers,"Use cross-selling, upselling, and exclusive member offers."
17505,162,2,1145.84,2,3,4,234,9,0.9424744813034064,-0.3615827770984003,0.3625573601535559,3,Loyal Customers,"Use cross-selling, upselling, and exclusive member offers."
17506,76,1,302.2,2,2,2,222,6,0.3828587438616125,-0.9552142636712972,-0.6947266789342179,1,At Risk,Launch win-back campaigns with personalized offers and re-engagement discounts.
17507,262,2,605.58,1,3,3,133,7,1.2994638495891662,-0.3615827770984003,-0.1436276531598025,1,At Risk,Launch win-back campaigns with personalized offers and re-engagement discounts.
17508,281,1,387.31,1,2,2,122,5,1.3515142129228124,-0.9552142636712972,-0.4981020747352042,1,At Risk,Launch win-back campaigns with personalized offers and re-engagement discounts.
17509,58,8,6083.64,3,5,5,355,13,0.1841671134665053,1.2468684386726128,1.6887646997719137,3,Loyal Customers,"Use cross-selling, upselling, and exclusive member offers."
17510,25,1,308.48,4,2,2,422,8,-0.4273072773233673,-0.9552142636712972,-0.6784341157836785,2,New Customers,Use welcome offers and second-purchase incentives to build loyalty.
17511,3,31,91062.38,5,5,5,555,15,-1.824063391865872,3.104064653121168,3.8391291076862655,0,Champions,"Target with premium products, exclusive offers, and loyalty rewards."
17512,29,10,2924.99,4,5,5,455,14,-0.3205241028950956,1.54066546553549,1.10691710286096,0,Champions,"Target with premium products, exclusive offers, and loyalty rewards."
17513,72,1,513.2,3,2,3,323,8,0.343051479153905,-0.9552142636712972,-0.2749359790962302,1,At Risk,Launch win-back campaigns with personalized offers and re-engagement discounts.
17514,128,1,208.65,2,2,1,221,5,0.7679079316757323,-0.9552142636712972,-0.987943934906314,1,At Risk,Launch win-back campaigns with personalized offers and re-engagement discounts.
17515,31,4,639.02,4,4,3,443,11,-0.2723648608903394,0.3863044476016776,-0.1009803462895177,3,Loyal Customers,"Use cross-selling, upselling, and exclusive member offers."
17516,15,5,764.88,4,4,3,443,11,-0.7895977045488505,0.6532369520997158,0.0416939699107876,2,New Customers,Use welcome offers and second-purchase incentives to build loyalty.
17517,309,1,153.94,1,2,1,121,4,1.4221542814287025,-0.9552142636712972,-1.2282707599160234,1,At Risk,Launch win-back campaigns with personalized offers and re-engagement discounts.
17519,17,6,1844.02,4,5,4,454,13,-0.7017069128441668,0.8789251688960832,0.7404342423058881,3,Loyal Customers,"Use cross-selling, upselling, and exclusive member offers."
17520,54,1,546.81,3,2,3,323,8,0.1317800456562198,-0.9552142636712972,-0.2246168375120998,1,At Risk,Launch win-back campaigns with personalized offers and re-engagement discounts.
17521,30,3,723.21,4,4,3,443,11,-0.2960560335189878,0.0596054655268191,-0.0027663426493163,3,Loyal Customers,"Use cross-selling, upselling, and exclusive member offers."
17522,2,5,1070.71,5,4,4,544,13,-2.038734417842785,0.6532369520997158,0.3087107299475255,0,Champions,"Target with premium products, exclusive offers, and loyalty rewards."
17523,11,4,652.74,5,4,3,543,12,-1.0042687305257638,0.3863044476016776,-0.0841239421301999,2,New Customers,Use welcome offers and second-purchase incentives to build loyalty.
17524,361,1,145.0,1,2,1,121,4,1.5378703796522508,-0.9552142636712972,-1.275502469877065,1,At Risk,Launch win-back campaigns with personalized offers and re-engagement discounts.
17525,360,1,422.7,1,2,2,122,5,1.535806175684412,-0.9552142636712972,-0.4287846124895996,1,At Risk,Launch win-back campaigns with personalized offers and re-engagement discounts.
17526,5,4,1195.9,5,4,4,544,13,-1.5215015741842748,0.3863044476016776,0.3965117344567839,2,New Customers,Use welcome offers and second-purchase incentives to build loyalty.
17527,54,4,939.37,3,4,4,344,11,0.1317800456562198,0.3863044476016776,0.2048101422754445,3,Loyal Customers,"Use cross-selling, upselling, and exclusive member offers."
17528,1,8,3628.5,5,5,5,555,15,-2.341296235524383,1.2468684386726128,1.2781506998428434,0,Champions,"Target with premium products, exclusive offers, and loyalty rewards."
17530,1,10,2367.12,5,5,5,555,15,-2.341296235524383,1.54066546553549,0.9388032241586216,0,Champions,"Target with premium products, exclusive offers, and loyalty rewards."
17531,190,1,296.7,1,2,2,122,5,1.060765981162014,-0.9552142636712972,-0.7092752679805248,1,At Risk,Launch win-back campaigns with personalized offers and re-engagement discounts.
17534,54,1,223.36,3,2,1,321,6,0.1317800456562198,-0.9552142636712972,-0.9340515279149818,1,At Risk,Launch win-back campaigns with personalized offers and re-engagement discounts.
17535,280,1,164.4,1,2,1,121,4,1.3488633779556125,-0.9552142636712972,-1.1763521332050169,1,At Risk,Launch win-back campaigns with personalized offers and re-engagement discounts.
17536,177,1,76.5,2,2,1,221,5,1.008165781748852,-0.9552142636712972,-1.778826222690994,1,At Risk,Launch win-back campaigns with personalized offers and re-engagement discounts.
17537,30,2,887.67,4,3,3,433,10,-0.2960560335189878,-0.3615827770984003,0.1598703245643752,2,New Customers,Use welcome offers and second-purchase incentives to build loyalty.
17538,26,1,98.42,4,2,1,421,7,-0.3991450951625692,-0.9552142636712972,-1.5808791692940387,2,New Customers,Use welcome offers and second-purchase incentives to build loyalty.
17540,25,2,578.9,4,3,3,433,10,-0.4273072773233673,-0.3615827770984003,-0.1793752525759269,2,New Customers,Use welcome offers and second-purchase incentives to build loyalty.
17542,270,1,170.75,1,2,1,121,4,1.3218238523484769,-0.9552142636712972,-1.1464122442840476,1,At Risk,Launch win-back campaigns with personalized offers and re-engagement discounts.
17545,43,3,642.32,3,4,3,343,10,-0.0347317383159377,0.0596054655268191,-0.0968931882692688,3,Loyal Customers,"Use cross-selling, upselling, and exclusive member offers."
17548,234,1,103.3,1,2,1,121,4,1.2154641792133722,-0.9552142636712972,-1.542797365928341,1,At Risk,Launch win-back campaigns with personalized offers and re-engagement discounts.
17549,24,2,148.86,4,3,1,431,8,-0.4565741366045358,-0.3615827770984003,-1.2547641314348257,2,New Customers,Use welcome offers and second-purchase incentives to build loyalty.
17550,197,3,267.16,1,4,2,142,7,1.087624740705768,0.0596054655268191,-0.7923262443462774,1,At Risk,Launch win-back campaigns with personalized offers and re-engagement discounts.
17551,359,1,290.34,1,2,2,122,5,1.5337362457620345,-0.9552142636712972,-0.726437646196462,1,At Risk,Launch win-back campaigns with personalized offers and re-engagement discounts.
17552,60,4,930.41,3,4,3,343,10,0.2090430589164636,0.3863044476016776,0.1972015416764251,3,Loyal Customers,"Use cross-selling, upselling, and exclusive member offers."
17553,130,1,1487.6,2,2,4,224,8,0.7793883005555002,-0.9552142636712972,0.5698427662576255,1,At Risk,Launch win-back campaigns with personalized offers and re-engagement discounts.
17554,1,5,1952.45,5,4,4,544,13,-2.341296235524383,0.6532369520997158,0.7858186868103686,0,Champions,"Target with premium products, exclusive offers, and loyalty rewards."
17555,20,2,480.31,4,3,2,432,9,-0.5866782483482139,-0.3615827770984003,-0.3274680594109495,2,New Customers,Use welcome offers and second-purchase incentives to build loyalty.
17556,206,1,157.9,1,2,1,121,4,1.120795057494147,-0.9552142636712972,-1.2082141188074833,1,At Risk,Launch win-back campaigns with personalized offers and re-engagement discounts.
17557,14,3,541.46,4,4,3,443,11,-0.8377569465536066,0.0596054655268191,-0.2324164220288435,2,New Customers,Use welcome offers and second-purchase incentives to build loyalty.
17560,95,4,854.95,2,4,3,243,9,0.5474298004497687,0.3863044476016776,0.13005691552519,3,Loyal Customers,"Use cross-selling, upselling, and exclusive member offers."
17561,19,1,165.12,4,2,1,421,7,-0.6230859205766931,-0.9552142636712972,-1.1729001258824232,2,New Customers,Use welcome offers and second-purchase incentives to build loyalty.
17562,14,7,1122.38,4,5,4,454,13,-0.8377569465536066,1.0744251947249353,0.3461316639971652,3,Loyal Customers,"Use cross-selling, upselling, and exclusive member offers."
17564,24,3,454.01,4,4,2,442,10,-0.4565741366045358,0.0596054655268191,-0.3721255140696055,2,New Customers,Use welcome offers and second-purchase incentives to build loyalty.
17566,8,2,869.77,5,3,3,533,11,-1.2189397565026774,-0.3615827770984003,0.1436991406284057,2,New Customers,Use welcome offers and second-purchase incentives to build loyalty.
17567,7,8,4331.48,5,5,5,555,15,-1.3068305482073614,1.2468684386726128,1.4188534201349243,0,Champions,"Target with premium products, exclusive offers, and loyalty rewards."
17569,332,1,344.14,1,2,2,122,5,1.4755606217079846,-0.9552142636712972,-0.591763782153522,1,At Risk,Launch win-back campaigns with personalized offers and re-engagement discounts.
17571,50,4,1425.67,3,4,4,344,11,0.0754356108856238,0.3863044476016776,0.536072389851908,3,Loyal Customers,"Use cross-selling, upselling, and exclusive member offers."
17572,71,4,226.75,3,4,1,341,8,0.3327587744728552,0.3863044476016776,-0.9221332917435802,1,At Risk,Launch win-back campaigns with personalized offers and re-engagement discounts.
17573,29,3,380.6,4,4,2,442,10,-0.3205241028950956,0.0596054655268191,-0.5119550104422728,2,New Customers,Use welcome offers and second-purchase incentives to build loyalty.
17574,243,1,185.65,1,2,1,121,4,1.2435087462334855,-0.9552142636712972,-1.0802946680165044,1,At Risk,Launch win-back campaigns with personalized offers and re-engagement discounts.
17576,8,19,3564.83,5,5,5,555,15,-1.2189397565026774,2.41594390599791,1.264085570462109,0,Champions,"Target with premium products, exclusive offers, and loyalty rewards."
17578,218,1,143.46,1,2,1,121,4,1.1628461404940136,-0.9552142636712972,-1.2839297362213384,1,At Risk,Launch win-back campaigns with personalized offers and re-engagement discounts.
17579,5,3,448.9,5,4,2,542,11,-1.5215015741842748,0.0596054655268191,-0.3811012153765123,2,New Customers,Use welcome offers and second-purchase incentives to build loyalty.
17580,253,3,215.72,1,4,1,141,6,1.273481018447474,0.0596054655268191,-0.9615854255588494,1,At Risk,Launch win-back campaigns with personalized offers and re-engagement discounts.
17581,1,25,11025.24,5,5,5,555,15,-2.341296235524383,2.8000649690066,2.1612384313554256,0,Champions,"Target with premium products, exclusive offers, and loyalty rewards."
17582,236,1,175.27,1,2,1,121,4,1.2217880243366328,-0.9552142636712972,-1.125767623212385,1,At Risk,Launch win-back campaigns with personalized offers and re-engagement discounts.
17584,7,2,1242.3,5,3,4,534,12,-1.3068305482073614,-0.3615827770984003,0.4267386039191324,2,New Customers,Use welcome offers and second-purchase incentives to build loyalty.
17585,109,4,1116.68,2,4,4,244,10,0.6490128893147309,0.3863044476016776,0.3420889727809593,3,Loyal Customers,"Use cross-selling, upselling, and exclusive member offers."
17588,100,3,1240.2,2,4,4,244,10,0.5853165797205673,0.0596054655268191,0.4253951317943487,3,Loyal Customers,"Use cross-selling, upselling, and exclusive member offers."
17589,60,4,2404.17,3,4,5,345,12,0.2090430589164636,0.3863044476016776,0.9511407301461996,3,Loyal Customers,"Use cross-selling, upselling, and exclusive member offers."
17590,2,3,1468.02,5,4,4,544,13,-2.038734417842785,0.0596054655268191,0.559320121218055,2,New Customers,Use welcome offers and second-purchase incentives to build loyalty.
17591,73,7,2203.67,2,5,5,255,12,0.3532041426862792,1.0744251947249353,0.8819654594784291,3,Loyal Customers,"Use cross-selling, upselling, and exclusive member offers."
17593,4,5,3923.86,5,4,5,545,14,-1.6575516078937147,0.6532369520997158,1.3403268326333004,0,Champions,"Target with premium products, exclusive offers, and loyalty rewards."
17594,85,2,993.18,2,3,4,234,9,0.4653461139941349,-0.3615827770984003,0.2490326469335847,3,Loyal Customers,"Use cross-selling, upselling, and exclusive member offers."
17595,12,2,386.69,5,3,2,532,10,-0.9445401209818785,-0.3615827770984003,-0.4993720004677855,2,New Customers,Use welcome offers and second-purchase incentives to build loyalty.
17596,23,7,2806.69,4,5,5,455,14,-0.4870358868672529,1.0744251947249353,1.074118058218272,0,Champions,"Target with premium products, exclusive offers, and loyalty rewards."
17597,214,1,2044.37,1,2,4,124,7,1.1490907416248033,-0.9552142636712972,0.8223615803767506,3,Loyal Customers,"Use cross-selling, upselling, and exclusive member offers."
17600,18,1,161.67,4,2,1,421,7,-0.6613614517492411,-0.9552142636712972,-1.189578921909188,2,New Customers,Use welcome offers and second-purchase incentives to build loyalty.
17601,239,1,116.01,1,2,1,121,4,1.231174428080437,-0.9552142636712972,-1.4514132035338758,1,At Risk,Launch win-back campaigns with personalized offers and re-engagement discounts.
17602,2,6,5054.42,5,5,5,555,15,-2.038734417842785,0.8789251688960832,1.5414964179874773,0,Champions,"Target with premium products, exclusive offers, and loyalty rewards."
17603,78,1,394.72,2,2,2,222,6,0.4019933629965244,-0.9552142636712972,-0.4830794187708674,1,At Risk,Launch win-back campaigns with personalized offers and re-engagement discounts.
17604,217,2,309.36,1,3,2,132,6,1.159430989184945,-0.3615827770984003,-0.6761775311437613,1,At Risk,Launch win-back campaigns with personalized offers and re-engagement discounts.
17608,33,2,191.99,4,3,1,431,8,-0.2271262067959733,-0.3615827770984003,-1.0537482496555404,2,New Customers,Use welcome offers and second-purchase incentives to build loyalty.
17609,41,5,1105.78,3,4,4,344,11,-0.0694454046897029,0.6532369520997158,0.3343004761581575,3,Loyal Customers,"Use cross-selling, upselling, and exclusive member offers."
17611,7,15,3961.12,5,5,5,555,15,-1.3068305482073614,2.089244923923052,1.3478358585758765,0,Champions,"Target with premium products, exclusive offers, and loyalty rewards."
17612,53,6,2048.45,3,5,4,354,12,0.1180877484959417,0.8789251688960832,0.8239452834291273,3,Loyal Customers,"Use cross-selling, upselling, and exclusive member offers."
17613,23,14,4544.55,4,5,5,455,14,-0.4870358868672529,1.9947556633726904,1.4570071819033257,0,Champions,"Target with premium products, exclusive offers, and loyalty rewards."
17614,57,1,386.32,3,2,2,322,7,0.1714110890244534,-0.9552142636712972,-0.5001308273600397,1,At Risk,Launch win-back campaigns with personalized offers and re-engagement discounts.
17615,130,3,329.6,2,4,2,242,8,0.7793883005555002,0.0596054655268191,-0.6259696079501776,1,At Risk,Launch win-back campaigns with personalized offers and re-engagement discounts.
17616,174,3,571.2,2,4,3,243,9,0.9954820328900365,0.0596054655268191,-0.1899984506182931,1,At Risk,Launch win-back campaigns with personalized offers and re-engagement discounts.
17618,6,3,930.28,5,4,3,543,12,-1.4064729096883222,0.0596054655268191,0.1970906111605248,2,New Customers,Use welcome offers and second-purchase incentives to build loyalty.
17619,312,1,214.37,1,2,1,121,4,1.4293409429987136,-0.9552142636712972,-0.9665514543029942,1,At Risk,Launch win-back campaigns with personalized offers and re-engagement discounts.
17620,60,1,81.44,3,2,1,321,6,0.2090430589164636,-0.9552142636712972,-1.7297177666725,1,At Risk,Launch win-back campaigns with personalized offers and re-engagement discounts.
17621,21,3,1379.9,4,4,4,444,12,-0.5519645819744484,0.0596054655268191,0.5101582343704937,3,Loyal Customers,"Use cross-selling, upselling, and exclusive member offers."
17623,33,1,527.05,4,2,3,423,9,-0.2271262067959733,-0.9552142636712972,-0.2538131688449663,2,New Customers,Use welcome offers and second-purchase incentives to build loyalty.
17624,15,2,843.48,4,3,3,433,10,-0.7895977045488505,-0.3615827770984003,0.1193353177833575,2,New Customers,Use welcome offers and second-purchase incentives to build loyalty.
17625,18,4,2020.4,4,4,4,444,12,-0.6613614517492411,0.3863044476016776,0.8129930447013826,3,Loyal Customers,"Use cross-selling, upselling, and exclusive member offers."
17628,81,1,75.75,2,2,1,221,5,0.429805622872584,-0.9552142636712972,-1.786554590376357,1,At Risk,Launch win-back campaigns with personalized offers and re-engagement discounts.
17629,6,8,1814.12,5,5,4,554,14,-1.4064729096883222,1.2468684386726128,0.7274495574171975,0,Champions,"Target with premium products, exclusive offers, and loyalty rewards."
17630,170,2,503.6,2,3,3,233,8,0.978227870930976,-0.3615827770984003,-0.2899136199910594,1,At Risk,Launch win-back campaigns with personalized offers and re-engagement discounts.
17631,2,3,528.33,5,4,3,543,12,-2.038734417842785,0.0596054655268191,-0.2518890701149264,2,New Customers,Use welcome offers and second-purchase incentives to build loyalty.
17633,31,4,1324.84,4,4,4,444,12,-0.2723648608903394,0.3863044476016776,0.4778213747166612,3,Loyal Customers,"Use cross-selling, upselling, and exclusive member offers."
17634,36,9,2358.59,3,5,5,355,13,-0.164028700972232,1.4011241767997944,0.9359354368639434,3,Loyal Customers,"Use cross-selling, upselling, and exclusive member offers."
17636,19,1,285.56,4,2,2,422,8,-0.6230859205766931,-0.9552142636712972,-0.739584849212859,2,New Customers,Use welcome offers and second-purchase incentives to build loyalty.
17637,31,2,547.06,4,3,3,433,10,-0.2723648608903394,-0.3615827770984003,-0.224254236308855,2,New Customers,Use welcome offers and second-purchase incentives to build loyalty.
17639,276,1,108.5,1,2,1,121,4,1.3381648540746935,-0.9552142636712972,-1.5041313377514445,1,At Risk,Launch win-back campaigns with personalized offers and re-engagement discounts.
17640,87,1,621.66,2,2,3,223,7,0.4825011053425735,-0.9552142636712972,-0.1228344021096215,1,At Risk,Launch win-back campaigns with personalized offers and re-engagement discounts.
17642,120,2,712.29,2,3,3,233,8,0.7201342279169752,-0.3615827770984003,-0.0148409050969445,1,At Risk,Launch win-back campaigns with personalized offers and re-engagement discounts.
17643,373,1,101.55,1,2,1,121,4,1.5622054467539612,-0.9552142636712972,-1.556244853394728,1,At Risk,Launch win-back campaigns with personalized offers and re-engagement discounts.
17644,1,11,2895.64,5,5,5,555,15,-2.341296235524383,1.668056681297832,1.098905104478003,0,Champions,"Target with premium products, exclusive offers, and loyalty rewards."
17646,219,3,1008.39,1,4,4,144,9,1.166245732973242,0.0596054655268191,0.2610991464433099,3,Loyal Customers,"Use cross-selling, upselling, and exclusive member offers."
17647,65,1,133.06,3,2,1,321,6,0.2678300793656594,-0.9552142636712972,-1.3433079572699431,1,At Risk,Launch win-back campaigns with personalized offers and re-engagement discounts.
17648,61,4,1797.5,3,4,4,344,11,0.2211768101395232,0.3863044476016776,0.7201391789200028,3,Loyal Customers,"Use cross-selling, upselling, and exclusive member offers."
17649,138,1,868.49,2,2,3,223,7,0.8236210556992557,-0.9552142636712972,0.1425300607850133,1,At Risk,Launch win-back campaigns with personalized offers and re-engagement discounts.
17650,21,1,166.08,4,2,1,421,7,-0.5519645819744484,-0.9552142636712972,-1.168320650752843,2,New Customers,Use welcome offers and second-purchase incentives to build loyalty.
17651,12,10,3945.0,5,5,5,555,15,-0.9445401209818785,1.54066546553549,1.3445958910973583,0,Champions,"Target with premium products, exclusive offers, and loyalty rewards."
17652,25,12,4867.72,4,5,5,455,14,-0.4273072773233673,1.7852452398084837,1.5115909267110468,0,Champions,"Target with premium products, exclusive offers, and loyalty rewards."
17653,37,4,1207.56,3,4,4,344,11,-0.1441286080907301,0.3863044476016776,0.4042163695622718,3,Loyal Customers,"Use cross-selling, upselling, and exclusive member offers."
17654,277,1,117.55,1,2,1,121,4,1.3408538993577666,-0.9552142636712972,-1.4410218139954658,1,At Risk,Launch win-back campaigns with personalized offers and re-engagement discounts.
17655,11,7,2638.94,5,5,5,555,15,-1.0042687305257638,1.0744251947249353,1.0251581590954697,0,Champions,"Target with premium products, exclusive offers, and loyalty rewards."
17656,73,5,1674.69,2,4,4,244,10,0.3532041426862792,0.6532369520997158,0.663929718031902,3,Loyal Customers,"Use cross-selling, upselling, and exclusive member offers."
17658,26,2,595.42,4,3,3,433,10,-0.3991450951625692,-0.3615827770984003,-0.1570517992377915,2,New Customers,Use welcome offers and second-purchase incentives to build loyalty.
17659,17,12,2999.46,4,5,5,455,14,-0.7017069128441668,1.7852452398084837,1.1268907719904884,0,Champions,"Target with premium products, exclusive offers, and loyalty rewards."
17660,141,1,178.75,2,2,1,221,5,0.83955495487776,-0.9552142636712972,-1.1102306311793435,1,At Risk,Launch win-back campaigns with personalized offers and re-engagement discounts.
17663,26,7,1802.91,4,5,4,454,13,-0.3991450951625692,1.0744251947249353,0.7225261805459932,3,Loyal Customers,"Use cross-selling, upselling, and exclusive member offers."
17664,19,2,604.64,4,3,3,433,10,-0.6230859205766931,-0.3615827770984003,-0.1448601753823395,2,New Customers,Use welcome offers and second-purchase incentives to build loyalty.
17666,4,2,728.16,5,3,3,533,11,-1.6575516078937147,-0.3615827770984003,0.002647167428486,2,New Customers,Use welcome offers and second-purchase incentives to build loyalty.
17667,66,5,2055.51,3,4,5,345,12,0.2790514826837337,0.6532369520997158,0.8266782774252669,3,Loyal Customers,"Use cross-selling, upselling, and exclusive member offers."
17668,1,2,347.75,5,3,2,532,10,-2.341296235524383,-0.3615827770984003,-0.5834944820312028,2,New Customers,Use welcome offers and second-purchase incentives to build loyalty.
17669,43,7,3406.72,3,5,5,355,13,-0.0347317383159377,1.0744251947249353,1.2280419742125408,3,Loyal Customers,"Use cross-selling, upselling, and exclusive member offers."
17670,228,1,205.7,1,2,1,121,4,1.1961645881530594,-0.9552142636712972,-0.9992060244874136,1,At Risk,Launch win-back campaigns with personalized offers and re-engagement discounts.
17671,16,4,1572.71,4,4,4,444,12,-0.7443590504544844,0.3863044476016776,0.6140294653952141,3,Loyal Customers,"Use cross-selling, upselling, and exclusive member offers."
17672,50,2,3178.17,3,3,5,335,11,0.0754356108856238,-0.3615827770984003,1.172869373588884,3,Loyal Customers,"Use cross-selling, upselling, and exclusive member offers."
17673,2,6,1594.97,5,5,4,554,14,-2.038734417842785,0.8789251688960832,0.6251920597553182,0,Champions,"Target with premium products, exclusive offers, and loyalty rewards."
17674,74,2,551.04,2,3,3,233,8,0.3632205247355723,-0.3615827770984003,-0.2185037964599273,1,At Risk,Launch win-back campaigns with personalized offers and re-engagement discounts.
17675,1,31,20374.28,5,5,5,555,15,-2.341296235524383,3.104064653121168,2.6492365225255585,0,Champions,"Target with premium products, exclusive offers, and loyalty rewards."
17676,4,6,1371.18,5,5,4,554,14,-1.6575516078937147,0.8789251688960832,0.5051238384299475,0,Champions,"Target with premium products, exclusive offers, and loyalty rewards."
17677,2,30,16345.38,5,5,5,555,15,-2.038734417842785,3.057582165231702,2.4741453796383683,0,Champions,"Target with premium products, exclusive offers, and loyalty rewards."
17678,264,1,298.11,1,2,2,122,5,1.305116977069759,-0.9552142636712972,-0.7055200764564379,1,At Risk,Launch win-back campaigns with personalized offers and re-engagement discounts.
17679,53,2,1992.11,3,3,4,334,10,0.1180877484959417,-0.3615827770984003,0.8017920689965858,3,Loyal Customers,"Use cross-selling, upselling, and exclusive member offers."
17680,24,1,184.4,4,2,1,421,7,-0.4565741366045358,-0.9552142636712972,-1.0856348812790444,2,New Customers,Use welcome offers and second-purchase incentives to build loyalty.
17682,10,6,2474.33,5,5,5,555,15,-1.0691974256329595,0.8789251688960832,0.9739916372824646,0,Champions,"Target with premium products, exclusive offers, and loyalty rewards."
17684,44,1,239.41,3,2,1,321,6,-0.0179622852134984,-0.9552142636712972,-0.8791407066028958,1,At Risk,Launch win-back campaigns with personalized offers and re-engagement discounts.
17685,17,7,3155.83,4,5,5,455,14,-0.7017069128441668,1.0744251947249353,1.1672651163343477,0,Champions,"Target with premium products, exclusive offers, and loyalty rewards."
17686,7,7,5739.46,5,5,5,555,15,-1.3068305482073614,1.0744251947249353,1.642489132223612,0,Champions,"Target with premium products, exclusive offers, and loyalty rewards."
17690,30,15,4726.8,4,5,5,455,14,-0.2960560335189878,2.089244923923052,1.488248911716987,0,Champions,"Target with premium products, exclusive offers, and loyalty rewards."
17691,358,2,290.4,1,3,2,132,6,1.531660558029954,-0.3615827770984003,-0.7262739929273774,1,At Risk,Launch win-back campaigns with personalized offers and re-engagement discounts.
17692,127,4,740.94,2,4,3,243,9,0.7621008264266822,0.3863044476016776,0.016455710118871,3,Loyal Customers,"Use cross-selling, upselling, and exclusive member offers."
17693,137,1,200.47,2,2,1,221,5,0.8182332398125501,-0.9552142636712972,-1.0195732859871602,1,At Risk,Launch win-back campaigns with personalized offers and re-engagement discounts.
17694,142,1,283.12,2,2,2,222,6,0.844791532568056,-0.9552142636712972,-0.7463807664768578,1,At Risk,Launch win-back campaigns with personalized offers and re-engagement discounts.
17695,132,2,765.34,2,3,3,233,8,0.7906947177453308,-0.3615827770984003,0.0421711529299276,1,At Risk,Launch win-back campaigns with personalized offers and re-engagement discounts.
17696,38,8,2285.71,3,5,5,355,13,-0.1247454596417701,1.2468684386726128,0.9110018361451124,3,Loyal Customers,"Use cross-selling, upselling, and exclusive member offers."
17697,236,1,338.95,1,2,2,122,5,1.2217880243366328,-0.9552142636712972,-0.6038051632236474,1,At Risk,Launch win-back campaigns with personalized offers and re-engagement discounts.
17698,261,1,154.95,1,2,1,121,4,1.2966211442140112,-0.9552142636712972,-1.2231070193853253,1,At Risk,Launch win-back campaigns with personalized offers and re-engagement discounts.
17700,17,4,2534.64,4,4,5,445,13,-0.7017069128441668,0.3863044476016776,0.9931225971145604,3,Loyal Customers,"Use cross-selling, upselling, and exclusive member offers."
17701,253,1,417.95,1,2,2,122,5,1.273481018447474,-0.9552142636712972,-0.4377444317139831,1,At Risk,Launch win-back campaigns with personalized offers and re-engagement discounts.
17702,30,4,1824.37,4,4,4,444,12,-0.2960560335189878,0.3863044476016776,0.7319247675599934,3,Loyal Customers,"Use cross-selling, upselling, and exclusive member offers."
17703,35,3,798.74,3,4,3,343,10,-0.1844740691856557,0.0596054655268191,0.0760748176861499,3,Loyal Customers,"Use cross-selling, upselling, and exclusive member offers."
17704,169,2,885.19,2,3,3,233,8,0.973851264493206,-0.3615827770984003,0.157649388152171,1,At Risk,Launch win-back campaigns with personalized offers and re-engagement discounts.
17705,3,9,1823.52,5,5,4,554,14,-1.824063391865872,1.4011241767997944,0.7315546093209705,0,Champions,"Target with premium products, exclusive offers, and loyalty rewards."
17706,4,17,10504.49,5,5,5,555,15,-1.6575516078937147,2.2616881678707283,2.1227895849320864,0,Champions,"Target with premium products, exclusive offers, and loyalty rewards."
17707,185,2,152.4,1,3,1,131,5,1.0409714714796316,-0.3615827770984003,-1.2362093381069317,1,At Risk,Launch win-back campaigns with personalized offers and re-engagement discounts.
17708,188,2,263.33,1,3,2,132,6,1.0529110743320027,-0.3615827770984003,-0.8037587933048641,1,At Risk,Launch win-back campaigns with personalized offers and re-engagement discounts.
17709,170,1,137.45,2,2,1,221,5,0.978227870930976,-0.9552142636712972,-1.3177004141733275,1,At Risk,Launch win-back campaigns with personalized offers and re-engagement discounts.
17711,11,2,385.1,5,3,2,532,10,-1.0042687305257638,-0.3615827770984003,-0.5026380508919147,2,New Customers,Use welcome offers and second-purchase incentives to build loyalty.
17712,45,1,522.91,3,2,3,323,8,-0.0015614215275583,-0.9552142636712972,-0.2600685189205965,1,At Risk,Launch win-back campaigns with personalized offers and re-engagement discounts.
17714,321,1,153.0,1,2,1,121,4,1.4504947479670136,-0.9552142636712972,-1.23310694946679,1,At Risk,Launch win-back campaigns with personalized offers and re-engagement discounts.
17715,201,1,326.4,1,2,2,122,5,1.1025494233790782,-0.9552142636712972,-0.6336995416921833,1,At Risk,Launch win-back campaigns with personalized offers and re-engagement discounts.
17716,23,11,5655.99,4,5,5,455,14,-0.4870358868672529,1.668056681297832,1.6308484416501132,0,Champions,"Target with premium products, exclusive offers, and loyalty rewards."
17718,232,1,139.35,1,2,1,121,4,1.2090862834765006,-0.9552142636712972,-1.3068682354297942,1,At Risk,Launch win-back campaigns with personalized offers and re-engagement discounts.
17719,38,15,5396.04,3,5,5,355,13,-0.1247454596417701,2.089244923923052,1.593463429836461,0,Champions,"Target with premium products, exclusive offers, and loyalty rewards."
17720,26,4,1195.94,4,4,4,444,12,-0.3991450951625692,0.3863044476016776,0.3965382935433558,3,Loyal Customers,"Use cross-selling, upselling, and exclusive member offers."
17722,96,4,2424.04,2,4,5,245,11,0.5551626080798789,0.3863044476016776,0.9576792969760362,3,Loyal Customers,"Use cross-selling, upselling, and exclusive member offers."
17723,127,6,3276.4,2,5,5,255,12,0.7621008264266822,0.8789251688960832,1.1970531463962115,3,Loyal Customers,"Use cross-selling, upselling, and exclusive member offers."
17724,71,3,1033.0,3,4,4,344,11,0.3327587744728552,0.0596054655268191,0.2802430109740685,3,Loyal Customers,"Use cross-selling, upselling, and exclusive member offers."
17725,16,11,3439.08,4,5,5,455,14,-0.7443590504544844,1.668056681297832,1.2355531675509708,0,Champions,"Target with premium products, exclusive offers, and loyalty rewards."
17727,15,1,1060.25,4,2,4,424,10,-0.7895977045488505,-0.9552142636712972,0.3009160063843792,2,New Customers,Use welcome offers and second-purchase incentives to build loyalty.
17728,4,3,2876.01,5,4,5,545,14,-1.6575516078937147,0.0596054655268191,1.093501049203588,0,Champions,"Target with premium products, exclusive offers, and loyalty rewards."
17730,3,13,5298.48,5,5,5,555,15,-1.824063391865872,1.8937448980941995,1.5789660475891387,0,Champions,"Target with premium products, exclusive offers, and loyalty rewards."
17731,79,4,1240.11,2,4,4,244,10,0.4113797667403285,0.3863044476016776,0.4253375036340478,3,Loyal Customers,"Use cross-selling, upselling, and exclusive member offers."
17732,373,1,303.97,1,2,2,122,5,1.5622054467539612,-0.9552142636712972,-0.6901007627247572,1,At Risk,Launch win-back campaigns with personalized offers and re-engagement discounts.
17733,39,2,692.19,3,3,3,333,9,-0.1058530769181821,-0.3615827770984003,-0.0375573480015478,2,New Customers,Use welcome offers and second-purchase incentives to build loyalty.
17734,54,3,700.63,3,4,3,343,10,0.1317800456562198,0.0596054655268191,-0.0279395014478193,3,Loyal Customers,"Use cross-selling, upselling, and exclusive member offers."
17735,2,19,13110.02,5,5,5,555,15,-2.038734417842785,2.41594390599791,2.298865542295898,0,Champions,"Target with premium products, exclusive offers, and loyalty rewards."
17736,9,3,377.44,5,4,2,542,11,-1.1403187642352035,0.0596054655268191,-0.5185634876817262,2,New Customers,Use welcome offers and second-purchase incentives to build loyalty.
17737,9,2,168.24,5,3,1,531,9,-1.1403187642352035,-0.3615827770984003,-1.1581123068826114,2,New Customers,Use welcome offers and second-purchase incentives to build loyalty.
17738,19,4,1879.05,4,4,4,444,12,-0.6230859205766931,0.3863044476016776,0.755381680427385,3,Loyal Customers,"Use cross-selling, upselling, and exclusive member offers."
17739,12,7,2791.35,5,5,5,555,15,-0.9445401209818785,1.0744251947249353,1.0697641067929955,0,Champions,"Target with premium products, exclusive offers, and loyalty rewards."
17742,113,2,355.11,2,3,2,232,7,0.6756660532493783,-0.3615827770984003,-0.5668971227144415,1,At Risk,Launch win-back campaigns with personalized offers and re-engagement discounts.
17744,4,6,2322.4,5,5,5,555,15,-1.6575516078937147,0.8789251688960832,0.923651933155755,0,Champions,"Target with premium products, exclusive offers, and loyalty rewards."
17746,240,1,110.25,1,2,1,121,4,1.2342771737504357,-0.9552142636712972,-1.4915306370156156,1,At Risk,Launch win-back campaigns with personalized offers and re-engagement discounts.
17747,113,1,71.4,2,2,1,221,5,0.6756660532493783,-0.9552142636712972,-1.832924627786688,1,At Risk,Launch win-back campaigns with personalized offers and re-engagement discounts.
17749,178,2,674.52,2,3,3,233,8,1.0123462367079263,-0.3615827770984003,-0.0580782998481765,1,At Risk,Launch win-back campaigns with personalized offers and re-engagement discounts.
17750,5,9,1710.45,5,5,4,554,14,-1.5215015741842748,1.4011241767997944,0.68071114015631,0,Champions,"Target with premium products, exclusive offers, and loyalty rewards."
17752,359,1,80.64,1,2,1,121,4,1.5337362457620345,-0.9552142636712972,-1.7374674872475084,1,At Risk,Launch win-back campaigns with personalized offers and re-engagement discounts.
17754,1,5,1664.65,5,4,4,544,13,-2.341296235524383,0.6532369520997158,0.6591537367850168,0,Champions,"Target with premium products, exclusive offers, and loyalty rewards."
17757,1,30,5593.39,5,5,5,555,15,-2.341296235524383,3.057582165231702,1.6220050006106086,0,Champions,"Target with premium products, exclusive offers, and loyalty rewards."
17758,19,8,3408.2,4,5,5,455,14,-0.6230859205766931,1.2468684386726128,1.2283870558003112,0,Champions,"Target with premium products, exclusive offers, and loyalty rewards."
17759,17,3,819.96,4,4,3,443,11,-0.7017069128441668,0.0596054655268191,0.0968869140941704,2,New Customers,Use welcome offers and second-purchase incentives to build loyalty.
17760,22,2,287.59,4,3,2,432,9,-0.5187942651860693,-0.3615827770984003,-0.7339748218443536,2,New Customers,Use welcome offers and second-purchase incentives to build loyalty.
17761,33,1,712.78,4,2,3,423,9,-0.2271262067959733,-0.9552142636712972,-0.014295148387693,2,New Customers,Use welcome offers and second-purchase incentives to build loyalty.
17763,263,1,15.0,1,2,1,121,4,1.302295766682681,-0.9552142636712972,-3.03265930240862,1,At Risk,Launch win-back campaigns with personalized offers and re-engagement discounts.
17764,51,2,772.55,3,3,3,333,9,0.0899255663351436,-0.3615827770984003,0.0496132786523781,3,Loyal Customers,"Use cross-selling, upselling, and exclusive member offers."
17765,159,3,367.63,2,4,2,242,8,0.9286126103988396,0.0596054655268191,-0.539436298511218,1,At Risk,Launch win-back campaigns with personalized offers and re-engagement discounts.
17767,15,1,271.2,4,2,2,422,8,-0.7895977045488505,-0.9552142636712972,-0.7804424664298654,2,New Customers,Use welcome offers and second-purchase incentives to build loyalty.
17768,8,3,2081.9,5,4,5,545,14,-1.2189397565026774,0.0596054655268191,0.8368116752413997,2,New Customers,Use welcome offers and second-purchase incentives to build loyalty.
17769,13,10,3957.43,5,5,5,555,15,-0.8892400660298114,1.54066546553549,1.347095368366959,0,Champions,"Target with premium products, exclusive offers, and loyalty rewards."
17770,199,5,1143.27,1,4,4,144,9,1.0951243943709967,0.6532369520997158,0.3607744246738061,3,Loyal Customers,"Use cross-selling, upselling, and exclusive member offers."
17771,57,2,245.81,3,3,1,331,7,0.1714110890244534,-0.3615827770984003,-0.858260821233985,1,At Risk,Launch win-back campaigns with personalized offers and re-engagement discounts.
17772,11,2,173.45,5,3,1,531,9,-1.0042687305257638,-0.3615827770984003,-1.1340158960223308,2,New Customers,Use welcome offers and second-purchase incentives to build loyalty.
17774,97,4,1213.73,2,4,4,244,10,0.5628161034647609,0.3863044476016776,0.4082633301518634,3,Loyal Customers,"Use cross-selling, upselling, and exclusive member offers."
17775,255,1,56.4,1,2,1,121,4,1.2793336700851932,-0.9552142636712972,-2.0174301615229155,1,At Risk,Launch win-back campaigns with personalized offers and re-engagement discounts.
17777,25,3,647.56,4,4,3,443,11,-0.4273072773233673,0.0596054655268191,-0.090446157297253,2,New Customers,Use welcome offers and second-purchase incentives to build loyalty.
17779,21,3,650.32,4,4,3,443,11,-0.5519645819744484,0.0596054655268191,-0.0870713052692176,2,New Customers,Use welcome offers and second-purchase incentives to build loyalty.
17781,159,2,188.02,2,3,1,231,6,0.9286126103988396,-0.3615827770984003,-1.070267094476835,1,At Risk,Launch win-back campaigns with personalized offers and re-engagement discounts.
17783,72,2,283.47,3,3,2,332,8,0.343051479153905,-0.3615827770984003,-0.7454023648984738,1,At Risk,Launch win-back campaigns with personalized offers and re-engagement discounts.
17785,53,1,131.94,3,2,1,321,6,0.1180877484959417,-0.9552142636712972,-1.3499753735535076,1,At Risk,Launch win-back campaigns with personalized offers and re-engagement discounts.
17786,85,2,266.85,2,3,2,232,7,0.4653461139941349,-0.3615827770984003,-0.7932455017003072,1,At Risk,Launch win-back campaigns with personalized offers and re-engagement discounts.
17787,153,4,1817.54,2,4,4,244,10,0.9000915875201235,0.3863044476016776,0.7289455526477531,3,Loyal Customers,"Use cross-selling, upselling, and exclusive member offers."
17788,74,2,1117.9,2,3,4,234,9,0.3632205247355723,-0.3615827770984003,0.3429559819682065,3,Loyal Customers,"Use cross-selling, upselling, and exclusive member offers."
17789,281,1,225.9,1,2,1,121,4,1.3515142129228124,-0.9552142636712972,-0.9251048927656744,1,At Risk,Launch win-back campaigns with personalized offers and re-engagement discounts.
17790,27,14,1964.3,4,5,4,454,13,-0.3720072223713004,1.9947556633726904,0.7906250919864914,0,Champions,"Target with premium products, exclusive offers, and loyalty rewards."
17791,30,1,106.1,4,2,1,421,7,-0.2960560335189878,-0.9552142636712972,-1.5217437493571493,1,At Risk,Launch win-back campaigns with personalized offers and re-engagement discounts.
17793,25,1,300.34,4,2,2,422,8,-0.4273072773233673,-0.9552142636712972,-0.6996170018326451,2,New Customers,Use welcome offers and second-purchase incentives to build loyalty.
17795,180,2,342.83,1,3,2,132,6,1.02063753599374,-0.3615827770984003,-0.594785958276513,1,At Risk,Launch win-back campaigns with personalized offers and re-engagement discounts.
17796,40,4,690.0,3,4,3,343,10,-0.0874272207859269,0.3863044476016776,-0.0400721108319041,3,Loyal Customers,"Use cross-selling, upselling, and exclusive member offers."
17797,22,3,780.43,4,4,3,443,11,-0.5187942651860693,0.0596054655268191,0.0576680532244034,2,New Customers,Use welcome offers and second-purchase incentives to build loyalty.
17799,22,10,3039.17,4,5,5,455,14,-0.5187942651860693,1.54066546553549,1.1373397104364693,0,Champions,"Target with premium products, exclusive offers, and loyalty rewards."
17800,37,9,1187.21,3,5,4,354,12,-0.1441286080907301,1.4011241767997944,0.3907206280119732,3,Loyal Customers,"Use cross-selling, upselling, and exclusive member offers."
17802,82,3,1285.04,2,4,4,244,10,0.4388506943278125,0.0596054655268191,0.4535992780750605,3,Loyal Customers,"Use cross-selling, upselling, and exclusive member offers."
17805,74,1,512.31,2,2,3,223,7,0.3632205247355723,-0.9552142636712972,-0.2763127203329765,1,At Risk,Launch win-back campaigns with personalized offers and re-engagement discounts.
17806,11,1,546.04,5,2,3,523,10,-1.0042687305257638,-0.9552142636712972,-0.2257346898432887,2,New Customers,Use welcome offers and second-purchase incentives to build loyalty.
17809,16,12,5411.91,4,5,5,455,14,-0.7443590504544844,1.7852452398084837,1.5957968976579675,0,Champions,"Target with premium products, exclusive offers, and loyalty rewards."
17811,4,39,7761.82,5,5,5,555,15,-1.6575516078937147,3.4307636351960267,1.8823429316905889,0,Champions,"Target with premium products, exclusive offers, and loyalty rewards."
17812,13,4,699.81,5,4,3,543,12,-0.8892400660298114,0.3863044476016776,-0.0288688483904933,2,New Customers,Use welcome offers and second-purchase incentives to build loyalty.
17813,14,5,1698.07,4,4,4,444,12,-0.8377569465536066,0.6532369520997158,0.6749414802506952,3,Loyal Customers,"Use cross-selling, upselling, and exclusive member offers."
17816,37,4,36.56,3,4,1,341,8,-0.1441286080907301,0.3863044476016776,-2.354477809057708,1,At Risk,Launch win-back campaigns with personalized offers and re-engagement discounts.
17817,4,3,387.68,5,4,2,542,11,-1.6575516078937147,0.0596054655268191,-0.497345181558279,2,New Customers,Use welcome offers and second-purchase incentives to build loyalty.
17819,72,7,3704.87,3,5,5,355,13,0.343051479153905,1.0744251947249353,1.2946994317680882,3,Loyal Customers,"Use cross-selling, upselling, and exclusive member offers."
17824,51,1,298.4,3,2,2,322,7,0.0899255663351436,-0.9552142636712972,-0.7047499272299045,1,At Risk,Launch win-back campaigns with personalized offers and re-engagement discounts.
17827,5,5,1987.33,5,4,4,544,13,-1.5215015741842748,0.6532369520997158,0.7998838149468981,0,Champions,"Target with premium products, exclusive offers, and loyalty rewards."
17828,23,4,1820.09,4,4,4,444,12,-0.4870358868672529,0.3863044476016776,0.7300591579194402,3,Loyal Customers,"Use cross-selling, upselling, and exclusive member offers."
17829,299,1,889.24,1,2,3,123,6,1.3976862120525944,-0.9552142636712972,0.1612731190547055,1,At Risk,Launch win-back campaigns with personalized offers and re-engagement discounts.
17830,2,3,398.7,5,4,2,542,11,-2.038734417842785,0.0596054655268191,-0.4751262819726503,2,New Customers,Use welcome offers and second-purchase incentives to build loyalty.
17831,33,1,35.4,4,2,1,421,7,-0.2271262067959733,-0.9552142636712972,-2.3794091113397946,1,At Risk,Launch win-back campaigns with personalized offers and re-engagement discounts.
17832,50,1,155.37,3,2,1,321,6,0.0754356108856238,-0.9552142636712972,-1.220969559273121,1,At Risk,Launch win-back campaigns with personalized offers and re-engagement discounts.
17835,3,3,342.24,5,4,2,542,11,-1.824063391865872,0.0596054655268191,-0.5961508537550716,2,New Customers,Use welcome offers and second-purchase incentives to build loyalty.
17836,47,1,110.21,3,2,1,321,6,0.030196956791258,-0.9552142636712972,-1.491816433133921,1,At Risk,Launch win-back campaigns with personalized offers and re-engagement discounts.
17837,42,8,1541.23,3,5,4,354,12,-0.0518867296643757,1.2468684386726128,0.5979708285614896,3,Loyal Customers,"Use cross-selling, upselling, and exclusive member offers."
17838,27,5,2720.8,4,4,5,445,13,-0.3720072223713004,0.6532369520997158,1.0494269421772868,3,Loyal Customers,"Use cross-selling, upselling, and exclusive member offers."
17839,42,1,318.15,3,2,2,322,7,-0.0518867296643757,-0.9552142636712972,-0.6539821436280329,1,At Risk,Launch win-back campaigns with personalized offers and re-engagement discounts.
17841,2,124,40519.84,5,5,5,555,15,-2.038734417842785,5.098981328543861,3.195606949607349,0,Champions,"Target with premium products, exclusive offers, and loyalty rewards."
17843,303,1,205.48,1,2,1,121,4,1.4075699228848029,-0.9552142636712972,-1.0000523388150862,1,At Risk,Launch win-back campaigns with personalized offers and re-engagement discounts.
17844,107,1,51.56,2,2,1,221,5,0.6353205921544528,-0.9552142636712972,-2.0874368601398965,1,At Risk,Launch win-back campaigns with personalized offers and re-engagement discounts.
17846,85,1,2033.1,2,2,4,224,8,0.4653461139941349,-0.9552142636712972,0.8179705186726102,3,Loyal Customers,"Use cross-selling, upselling, and exclusive member offers."
17848,81,9,901.2,2,5,3,253,10,0.429805622872584,1.4011241767997944,0.1718788660029914,3,Loyal Customers,"Use cross-selling, upselling, and exclusive member offers."
17849,218,4,605.8,1,4,3,143,8,1.1628461404940136,0.3863044476016776,-0.1433394663389442,3,Loyal Customers,"Use cross-selling, upselling, and exclusive member offers."
17850,372,34,5391.21,1,5,5,155,11,1.5602075626728675,3.2352636093671743,1.592751881895607,0,Champions,"Target with premium products, exclusive offers, and loyalty rewards."
17852,12,2,114.34,5,3,1,531,9,-0.9445401209818785,-0.3615827770984003,-1.4628375018668047,2,New Customers,Use welcome offers and second-purchase incentives to build loyalty.
17854,185,2,311.26,1,3,2,132,6,1.0409714714796316,-0.3615827770984003,-0.6713271022230971,1,At Risk,Launch win-back campaigns with personalized offers and re-engagement discounts.
17855,373,1,208.97,1,2,1,121,4,1.5622054467539612,-0.9552142636712972,-0.9867318245947418,1,At Risk,Launch win-back campaigns with personalized offers and re-engagement discounts.
17856,2,4,1418.03,5,4,4,544,13,-2.038734417842785,0.3863044476016776,0.5318050861653603,2,New Customers,Use welcome offers and second-purchase incentives to build loyalty.
17857,4,23,26879.04,5,5,5,555,15,-1.6575516078937147,2.6828764104959486,2.8694250102716192,0,Champions,"Target with premium products, exclusive offers, and loyalty rewards."
17858,6,12,5140.66,5,5,5,555,15,-1.4064729096883222,1.7852452398084837,1.554939273752581,0,Champions,"Target with premium products, exclusive offers, and loyalty rewards."
17859,305,1,141.92,1,2,1,121,4,1.412463115884243,-0.9552142636712972,-1.2924473236548475,1,At Risk,Launch win-back campaigns with personalized offers and re-engagement discounts.
17860,369,1,226.45,1,2,1,121,4,1.5541816139754578,-0.9552142636712972,-0.9231808238118704,1,At Risk,Launch win-back campaigns with personalized offers and re-engagement discounts.
17861,3,8,2097.88,5,5,5,555,15,-1.824063391865872,1.2468684386726128,0.84288555192778,0,Champions,"Target with premium products, exclusive offers, and loyalty rewards."
17862,324,1,330.9,1,2,2,122,5,1.45741482159648,-0.9552142636712972,-0.6228506731949282,1,At Risk,Launch win-back campaigns with personalized offers and re-engagement discounts.
17863,59,6,3160.0,3,5,5,355,13,0.196708740763415,0.8789251688960832,1.1683142152667216,3,Loyal Customers,"Use cross-selling, upselling, and exclusive member offers."
17864,13,3,554.85,5,4,3,543,12,-0.8892400660298114,0.0596054655268191,-0.2130376872030967,2,New Customers,Use welcome offers and second-purchase incentives to build loyalty.
17865,31,20,10526.32,4,5,5,455,14,-0.2723648608903394,2.487376384667096,2.124439284481475,0,Champions,"Target with premium products, exclusive offers, and loyalty rewards."
17866,143,1,329.65,2,2,2,222,6,0.8499916181313663,-0.9552142636712972,-0.6258494223095076,1,At Risk,Launch win-back campaigns with personalized offers and re-engagement discounts.
17867,30,6,1157.87,4,5,4,454,13,-0.2960560335189878,0.8789251688960832,0.3708503884613696,3,Loyal Customers,"Use cross-selling, upselling, and exclusive member offers."
17869,107,5,428.18,2,4,2,242,8,0.6353205921544528,0.6532369520997158,-0.4185717645066025,3,Loyal Customers,"Use cross-selling, upselling, and exclusive member offers."
17870,2,12,1865.89,5,5,4,554,14,-2.038734417842785,1.7852452398084837,0.7497991744206112,0,Champions,"Target with premium products, exclusive offers, and loyalty rewards."
17871,205,1,155.9,1,2,1,121,4,1.1171814462747254,-0.9552142636712972,-1.2182804667842064,1,At Risk,Launch win-back campaigns with personalized offers and re-engagement discounts.
17873,80,5,1848.96,2,4,4,244,10,0.4206495661775393,0.6532369520997158,0.7425592640507155,3,Loyal Customers,"Use cross-selling, upselling, and exclusive member offers."
17874,185,6,683.46,1,5,3,153,9,1.0409714714796316,0.8789251688960832,-0.0476296658736773,3,Loyal Customers,"Use cross-selling, upselling, and exclusive member offers."
17877,170,1,237.61,2,2,1,221,5,0.978227870930976,-0.9552142636712972,-0.8851133854821894,1,At Risk,Launch win-back campaigns with personalized offers and re-engagement discounts.
17878,44,1,379.45,3,2,2,322,7,-0.0179622852134984,-0.9552142636712972,-0.5143536388086772,1,At Risk,Launch win-back campaigns with personalized offers and re-engagement discounts.
17879,174,1,178.52,2,2,1,221,5,0.9954820328900365,-0.9552142636712972,-1.1112481798801883,1,At Risk,Launch win-back campaigns with personalized offers and re-engagement discounts.
17880,365,1,458.92,1,2,2,122,5,1.5460705639150825,-0.9552142636712972,-0.3635955725040813,1,At Risk,Launch win-back campaigns with personalized offers and re-engagement discounts.
17881,304,1,133.35,1,2,1,121,4,1.410020530205643,-0.9552142636712972,-1.3415906510709974,1,At Risk,Launch win-back campaigns with personalized offers and re-engagement discounts.
17883,3,4,664.34,5,4,3,543,12,-1.824063391865872,0.3863044476016776,-0.0701459010621273,2,New Customers,Use welcome offers and second-purchase incentives to build loyalty.
17884,4,4,695.07,5,4,3,543,12,-1.6575516078937147,0.3863044476016776,-0.0342623296244232,2,New Customers,Use welcome offers and second-purchase incentives to build loyalty.
17885,12,1,156.34,5,2,1,521,8,-0.9445401209818785,-0.9552142636712972,-1.2160549044790496,2,New Customers,Use welcome offers and second-purchase incentives to build loyalty.
17886,32,3,869.28,4,4,3,443,11,-0.2494027642928512,0.0596054655268191,0.1432518053898838,3,Loyal Customers,"Use cross-selling, upselling, and exclusive member offers."
17887,129,1,111.35,2,2,1,221,5,0.7736701939658116,-0.9552142636712972,-1.4837112510176884,1,At Risk,Launch win-back campaigns with personalized offers and re-engagement discounts.
17888,21,8,716.0,4,5,3,453,12,-0.5519645819744484,1.2468684386726128,-0.0107180407638321,3,Loyal Customers,"Use cross-selling, upselling, and exclusive member offers."
17889,212,2,201.37,1,3,1,131,5,1.1421167725593575,-0.3615827770984003,-1.016031011933955,1,At Risk,Launch win-back campaigns with personalized offers and re-engagement discounts.
17890,323,2,586.89,1,3,3,133,7,1.4551152534945606,-0.3615827770984003,-0.1685000572212824,1,At Risk,Launch win-back campaigns with personalized offers and re-engagement discounts.
17891,162,1,203.86,2,2,1,221,5,0.9424744813034064,-0.9552142636712972,-1.0063121982174448,1,At Risk,Launch win-back campaigns with personalized offers and re-engagement discounts.
17892,56,3,244.1,3,4,1,341,8,0.1584332095908674,0.0596054655268191,-0.8637861798574447,1,At Risk,Launch win-back campaigns with personalized offers and re-engagement discounts.
17893,225,1,107.21,1,2,1,121,4,1.1863243234655771,-0.9552142636712972,-1.5135494676897163,1,At Risk,Launch win-back campaigns with personalized offers and re-engagement discounts.
17894,72,8,1118.96,3,5,4,354,12,0.343051479153905,1.2468684386726128,0.3437085178688016,3,Loyal Customers,"Use cross-selling, upselling, and exclusive member offers."
17895,44,1,95.45,3,2,1,321,6,-0.0179622852134984,-0.9552142636712972,-1.6049821124443144,1,At Risk,Launch win-back campaigns with personalized offers and re-engagement discounts.
17896,23,1,256.32,4,2,2,422,8,-0.4870358868672529,-0.9552142636712972,-0.8251193817811607,2,New Customers,Use welcome offers and second-purchase incentives to build loyalty.
17897,173,3,541.81,2,4,3,243,9,0.991205750364562,0.0596054655268191,-0.2319038221205481,1,At Risk,Launch win-back campaigns with personalized offers and re-engagement discounts.
17898,85,2,152.06,2,3,1,231,6,0.4653461139941349,-0.3615827770984003,-1.2379727491686263,1,At Risk,Launch win-back campaigns with personalized offers and re-engagement discounts.
17899,159,1,154.55,2,2,1,221,5,0.9286126103988396,-0.9552142636712972,-1.2251480543368038,1,At Risk,Launch win-back campaigns with personalized offers and re-engagement discounts.
17900,190,2,112.2,1,3,1,131,5,1.060765981162014,-0.3615827770984003,-1.4777212566638644,1,At Risk,Launch win-back campaigns with personalized offers and re-engagement discounts.
17901,29,1,110.38,4,2,1,421,7,-0.3205241028950956,-0.9552142636712972,-1.4906025087947448,2,New Customers,Use welcome offers and second-purchase incentives to build loyalty.
17904,21,1,181.07,4,2,1,421,7,-0.5519645819744484,-0.9552142636712972,-1.100038860802301,2,New Customers,Use welcome offers and second-purchase incentives to build loyalty.
17905,71,4,798.99,3,4,3,343,10,0.3327587744728552,0.3863044476016776,0.0763232119632726,3,Loyal Customers,"Use cross-selling, upselling, and exclusive member offers."
17906,247,1,72.9,1,2,1,121,4,1.2556424974565452,-0.9552142636712972,-1.8166275246362629,1,At Risk,Launch win-back campaigns with personalized offers and re-engagement discounts.
17908,374,1,232.03,1,2,1,121,4,1.5641979960247516,-0.9552142636712972,-0.9039191977137748,1,At Risk,Launch win-back campaigns with personalized offers and re-engagement discounts.
17911,9,1,366.23,5,2,2,522,9,-1.1403187642352035,-0.9552142636712972,-0.5424602973936377,2,New Customers,Use welcome offers and second-purchase incentives to build loyalty.
17912,310,5,310.06,1,4,2,142,7,1.4245575339360348,0.6532369520997158,-0.6743870850091384,1,At Risk,Launch win-back campaigns with personalized offers and re-engagement discounts.
17913,59,2,408.65,3,3,2,332,8,0.196708740763415,-0.3615827770984003,-0.4555848289320389,1,At Risk,Launch win-back campaigns with personalized offers and re-engagement discounts.
17914,4,1,329.36,5,2,2,522,9,-1.6575516078937147,-0.9552142636712972,-0.6265467521639329,2,New Customers,Use welcome offers and second-purchase incentives to build loyalty.
17917,45,3,335.03,3,4,2,342,9,-0.0015614215275583,0.0596054655268191,-0.6130224977827554,2,New Customers,Use welcome offers and second-purchase incentives to build loyalty.
17919,88,1,1304.04,2,2,4,224,8,0.4909329380903411,-0.9552142636712972,0.4652547221772832,3,Loyal Customers,"Use cross-selling, upselling, and exclusive member offers."
17920,4,17,4119.5,5,5,5,555,15,-1.6575516078937147,2.2616881678707283,1.3789854270583028,0,Champions,"Target with premium products, exclusive offers, and loyalty rewards."
17921,64,4,820.23,3,4,3,343,10,0.2564373503073006,0.3863044476016776,0.0971482437085694,3,Loyal Customers,"Use cross-selling, upselling, and exclusive member offers."
17923,282,1,207.5,1,2,1,121,4,1.354155664383771,-0.9552142636712972,-0.9923152800397274,1,At Risk,Launch win-back campaigns with personalized offers and re-engagement discounts.
17924,12,7,2962.5,5,5,5,555,15,-0.9445401209818785,1.0744251947249353,1.11704043557244,0,Champions,"Target with premium products, exclusive offers, and loyalty rewards."
17925,373,1,244.08,1,2,1,121,4,1.5622054467539612,-0.9552142636712972,-0.8638510317524919,1,At Risk,Launch win-back campaigns with personalized offers and re-engagement discounts.
17926,133,2,397.29,2,3,2,232,7,0.7962843263422448,-0.3615827770984003,-0.4779347557831457,1,At Risk,Launch win-back campaigns with personalized offers and re-engagement discounts.
17928,45,2,212.54,3,3,1,331,7,-0.0015614215275583,-0.3615827770984003,-0.9733331112330178,1,At Risk,Launch win-back campaigns with personalized offers and re-engagement discounts.
17929,11,4,843.0,5,4,3,543,12,-1.0042687305257638,0.3863044476016776,0.1188834685070445,2,New Customers,Use welcome offers and second-purchase incentives to build loyalty.
17930,36,5,1740.48,3,4,4,344,11,-0.164028700972232,0.6532369520997158,0.694534918794424,3,Loyal Customers,"Use cross-selling, upselling, and exclusive member offers."
17931,134,2,408.36,2,3,2,232,7,0.8018323761266101,-0.3615827770984003,-0.4561476328010557,1,At Risk,Launch win-back campaigns with personalized offers and re-engagement discounts.
17932,29,3,1331.57,4,4,4,444,12,-0.3205241028950956,0.0596054655268191,0.4818452294420364,3,Loyal Customers,"Use cross-selling, upselling, and exclusive member offers."
17934,52,2,704.25,3,3,3,333,9,0.10413950578058,-0.3615827770984003,-0.0238497140164692,3,Loyal Customers,"Use cross-selling, upselling, and exclusive member offers."
17935,138,2,145.79,2,3,1,231,6,0.8236210556992557,-0.3615827770984003,-1.271213824185306,1,At Risk,Launch win-back campaigns with personalized offers and re-engagement discounts.
17936,5,1,380.13,5,2,2,522,9,-1.5215015741842748,-0.9552142636712972,-0.5129344448281272,2,New Customers,Use welcome offers and second-purchase incentives to build loyalty.
17937,9,7,4301.22,5,5,5,555,15,-1.1403187642352035,1.0744251947249353,1.4132832083073017,0,Champions,"Target with premium products, exclusive offers, and loyalty rewards."
17939,160,1,99.14,2,2,1,221,5,0.9332619043085026,-0.9552142636712972,-1.5751444898293163,1,At Risk,Launch win-back campaigns with personalized offers and re-engagement discounts.
17940,49,10,4020.04,3,5,5,355,13,0.0606587070539751,1.54066546553549,1.3595671021810871,0,Champions,"Target with premium products, exclusive offers, and loyalty rewards."
17941,131,1,304.56,2,2,2,222,6,0.7850629230241704,-0.9552142636712972,-0.6885647549972564,1,At Risk,Launch win-back campaigns with personalized offers and re-engagement discounts.
17942,8,1,77.5,5,2,1,521,8,-1.2189397565026774,-0.9552142636712972,-1.7686372684196157,2,New Customers,Use welcome offers and second-purchase incentives to build loyalty.
17946,233,2,149.58,1,3,1,131,5,1.2122820453568492,-0.3615827770984003,-1.2509550186032643,1,At Risk,Launch win-back campaigns with personalized offers and re-engagement discounts.
17947,37,1,176.68,3,2,1,321,6,-0.1441286080907301,-0.9552142636712972,-1.119435814937799,1,At Risk,Launch win-back campaigns with personalized offers and re-engagement discounts.
17948,147,1,358.56,2,2,2,222,6,0.8704369863447896,-0.9552142636712972,-0.559234844632062,1,At Risk,Launch win-back campaigns with personalized offers and re-engagement discounts.
17949,1,45,58510.48,5,5,5,555,15,-2.341296235524383,3.635385655585382,3.4875950676213385,0,Champions,"Target with premium products, exclusive offers, and loyalty rewards."
17950,72,3,482.2,3,4,2,342,9,0.343051479153905,0.0596054655268191,-0.3243534478732212,3,Loyal Customers,"Use cross-selling, upselling, and exclusive member offers."
17951,40,3,1008.54,3,4,4,344,11,-0.0874272207859269,0.0596054655268191,0.261217237840566,3,Loyal Customers,"Use cross-selling, upselling, and exclusive member offers."
17954,5,12,2314.13,5,5,5,555,15,-1.5215015741842748,1.7852452398084837,0.920818102704718,0,Champions,"Target with premium products, exclusive offers, and loyalty rewards."
17955,199,4,557.3,1,4,3,143,8,1.0951243943709967,0.3863044476016776,-0.2095424924275834,3,Loyal Customers,"Use cross-selling, upselling, and exclusive member offers."
17956,249,1,12.75,1,2,1,121,4,1.2616361783431542,-0.9552142636712972,-3.1531001812579857,1,At Risk,Launch win-back campaigns with personalized offers and re-engagement discounts.
17957,66,1,111.68,3,2,1,321,6,0.2790514826837337,-0.9552142636712972,-1.4813803593263877,1,At Risk,Launch win-back campaigns with personalized offers and re-engagement discounts.
17958,117,1,508.46,2,2,3,223,7,0.7013999571250162,-0.9552142636712972,-0.282295914031476,1,At Risk,Launch win-back campaigns with personalized offers and re-engagement discounts.
17960,171,1,73.78,2,2,1,221,5,0.982578957652646,-0.9552142636712972,-1.807219824764461,1,At Risk,Launch win-back campaigns with personalized offers and re-engagement discounts.
17961,21,39,1296.44,4,5,4,454,13,-0.5519645819744484,3.4307636351960267,0.4606130369154257,0,Champions,"Target with premium products, exclusive offers, and loyalty rewards."
17962,142,1,102.41,2,2,1,221,5,0.844791532568056,-0.9552142636712972,-1.549607936877193,1,At Risk,Launch win-back campaigns with personalized offers and re-engagement discounts.
17964,32,2,463.21,4,3,2,432,9,-0.2494027642928512,-0.3615827770984003,-0.3562169446714016,2,New Customers,Use welcome offers and second-purchase incentives to build loyalty.
17965,38,14,2599.19,3,5,5,355,13,-0.1247454596417701,1.9947556633726904,1.0131008147306706,0,Champions,"Target with premium products, exclusive offers, and loyalty rewards."
17966,38,5,1098.43,3,4,4,344,11,-0.1247454596417701,0.6532369520997158,0.3290051787167017,3,Loyal Customers,"Use cross-selling, upselling, and exclusive member offers."
17967,372,1,112.27,1,2,1,121,4,1.5602075626728675,-0.9552142636712972,-1.4772299692519286,1,At Risk,Launch win-back campaigns with personalized offers and re-engagement discounts.
17968,374,1,265.1,1,2,2,122,5,1.5641979960247516,-0.9552142636712972,-0.7984548965417091,1,At Risk,Launch win-back campaigns with personalized offers and re-engagement discounts.
17969,166,2,228.2,2,3,1,231,6,0.9605652887470136,-0.3615827770984003,-0.9170895941330336,1,At Risk,Launch win-back campaigns with personalized offers and re-engagement discounts.
17970,211,1,562.79,1,2,3,123,6,1.1386051930976016,-0.9552142636712972,-0.2017657738931011,1,At Risk,Launch win-back campaigns with personalized offers and re-engagement discounts.
17972,242,1,135.19,1,2,1,121,4,1.240444227517647,-0.9552142636712972,-1.3307802627010623,1,At Risk,Launch win-back campaigns with personalized offers and re-engagement discounts.
17973,52,1,337.04,3,2,2,322,7,0.10413950578058,-0.9552142636712972,-0.6082829095950663,1,At Risk,Launch win-back campaigns with personalized offers and re-engagement discounts.
17974,25,3,703.99,4,4,3,443,11,-0.4273072773233673,0.0596054655268191,-0.0241427551508413,2,New Customers,Use welcome offers and second-purchase incentives to build loyalty.
17975,15,13,4483.26,4,5,5,455,14,-0.7895977045488505,1.8937448980941995,1.4462185607886429,0,Champions,"Target with premium products, exclusive offers, and loyalty rewards."
17976,372,1,321.79,1,2,2,122,5,1.5602075626728675,-0.9552142636712972,-0.6449693409461801,1,At Risk,Launch win-back campaigns with personalized offers and re-engagement discounts.
17977,29,1,288.14,4,2,2,422,8,-0.3205241028950956,-0.9552142636712972,-0.732461657275692,2,New Customers,Use welcome offers and second-purchase incentives to build loyalty.
17978,365,1,300.92,1,2,2,122,5,1.5460705639150825,-0.9552142636712972,-0.6980888311615345,1,At Risk,Launch win-back campaigns with personalized offers and re-engagement discounts.
17979,36,4,732.41,3,4,3,343,10,-0.164028700972232,0.3863044476016776,0.0072658886975808,3,Loyal Customers,"Use cross-selling, upselling, and exclusive member offers."
17980,166,3,811.45,2,4,3,243,9,0.9605652887470136,0.0596054655268191,0.0886058424445887,3,Loyal Customers,"Use cross-selling, upselling, and exclusive member offers."
17984,145,1,152.68,2,2,1,221,5,0.8602843228124161,-0.9552142636712972,-1.2347600494854325,1,At Risk,Launch win-back campaigns with personalized offers and re-engagement discounts.
17985,22,1,631.35,4,2,3,423,9,-0.5187942651860693,-0.9552142636712972,-0.110561889589418,2,New Customers,Use welcome offers and second-purchase incentives to build loyalty.
17986,56,1,20.8,3,2,1,321,6,0.1584332095908674,-0.9552142636712972,-2.7868331859762034,1,At Risk,Launch win-back campaigns with personalized offers and re-engagement discounts.
17987,185,1,198.57,1,2,1,121,4,1.0409714714796316,-0.9552142636712972,-1.0271036751639988,1,At Risk,Launch win-back campaigns with personalized offers and re-engagement discounts.
17988,12,7,201.12,5,5,1,551,11,-0.9445401209818785,1.0744251947249353,-1.0170133942531834,2,New Customers,Use welcome offers and second-purchase incentives to build loyalty.
17990,237,3,630.84,1,4,3,143,8,1.2249299626985986,0.0596054655268191,-0.1112031081897373,1,At Risk,Launch win-back campaigns with personalized offers and re-engagement discounts.
17991,225,2,93.35,1,3,1,131,5,1.1863243234655771,-0.3615827770984003,-1.622476821510199,1,At Risk,Launch win-back campaigns with personalized offers and re-engagement discounts.
17994,122,4,674.89,2,4,3,243,9,0.7323674405541809,0.3863044476016776,-0.0576431259188875,3,Loyal Customers,"Use cross-selling, upselling, and exclusive member offers."
17995,282,1,76.1,1,2,1,121,4,1.354155664383771,-0.9552142636712972,-1.7829386641957032,1,At Risk,Launch win-back campaigns with personalized offers and re-engagement discounts.
17997,74,8,1962.46,2,5,4,254,11,0.3632205247355723,1.2468684386726128,0.7898806846955618,3,Loyal Customers,"Use cross-selling, upselling, and exclusive member offers."
17999,37,2,380.39,3,3,2,332,8,-0.1441286080907301,-0.3615827770984003,-0.5123924808918756,2,New Customers,Use welcome offers and second-purchase incentives to build loyalty.
18001,12,2,415.13,5,3,2,532,10,-0.9445401209818785,-0.3615827770984003,-0.4431119179494456,2,New Customers,Use welcome offers and second-purchase incentives to build loyalty.
18004,362,1,157.92,1,2,1,121,4,1.539928889257083,-0.9552142636712972,-1.2081140964616954,1,At Risk,Launch win-back campaigns with personalized offers and re-engagement discounts.
18005,4,2,226.47,5,3,1,531,9,-1.6575516078937147,-0.3615827770984003,-0.9231109453674908,2,New Customers,Use welcome offers and second-purchase incentives to build loyalty.
18006,23,1,444.68,4,2,2,422,8,-0.4870358868672529,-0.9552142636712972,-0.3885908312048607,2,New Customers,Use welcome offers and second-purchase incentives to build loyalty.
18008,70,9,2116.19,3,5,5,355,13,0.322322111219249,1.4011241767997944,0.8497884510155285,3,Loyal Customers,"Use cross-selling, upselling, and exclusive member offers."
18009,235,1,247.39,1,2,1,121,4,1.2186328007835272,-0.9552142636712972,-0.8531894408386118,1,At Risk,Launch win-back campaigns with personalized offers and re-engagement discounts.
18010,257,1,174.8,1,2,1,121,4,1.2851407753342434,-0.9552142636712972,-1.1278894863030882,1,At Risk,Launch win-back campaigns with personalized offers and re-engagement discounts.
18011,373,1,102.79,1,2,1,121,4,1.5622054467539612,-0.9552142636712972,-1.5466929097864286,1,At Risk,Launch win-back campaigns with personalized offers and re-engagement discounts.
18013,155,2,187.29,2,3,1,231,6,0.9097202276752518,-0.3615827770984003,-1.0733422943575557,1,At Risk,Launch win-back campaigns with personalized offers and re-engagement discounts.
18014,28,1,162.22,4,2,1,421,7,-0.3458217546340572,-0.9552142636712972,-1.1868964182050352,2,New Customers,Use welcome offers and second-purchase incentives to build loyalty.
18015,4,1,120.03,5,2,1,521,8,-1.6575516078937147,-0.9552142636712972,-1.4245680639446303,2,New Customers,Use welcome offers and second-purchase incentives to build loyalty.
18016,32,5,1477.66,4,4,4,444,12,-0.2494027642928512,0.6532369520997158,0.5645182437212554,3,Loyal Customers,"Use cross-selling, upselling, and exclusive member offers."
18017,81,3,523.0,2,4,3,243,9,0.429805622872584,0.0596054655268191,-0.259932008190776,3,Loyal Customers,"Use cross-selling, upselling, and exclusive member offers."
18018,108,2,122.14,2,3,1,231,6,0.642198145526434,-0.3615827770984003,-1.41083241363856,1,At Risk,Launch win-back campaigns with personalized offers and re-engagement discounts.
18019,52,1,38.45,3,2,1,321,6,0.10413950578058,-0.9552142636712972,-2.3154611425553626,1,At Risk,Launch win-back campaigns with personalized offers and re-engagement discounts.
18022,36,1,612.72,3,2,3,323,8,-0.164028700972232,-0.9552142636712972,-0.1343276130997487,2,New Customers,Use welcome offers and second-purchase incentives to build loyalty.
18024,153,2,389.78,2,3,2,232,7,0.9000915875201235,-0.3615827770984003,-0.4930629043725503,1,At Risk,Launch win-back campaigns with personalized offers and re-engagement discounts.
18027,99,1,115.31,2,2,1,221,5,0.5778915507124864,-0.9552142636712972,-1.4561818556195687,1,At Risk,Launch win-back campaigns with personalized offers and re-engagement discounts.
18030,4,2,230.65,5,3,1,531,9,-1.6575516078937147,-0.3615827770984003,-0.9086395525372216,2,New Customers,Use welcome offers and second-purchase incentives to build loyalty.
18032,334,1,73.5,1,2,1,121,4,1.480028953972913,-0.9552142636712972,-1.8102011213109857,1,At Risk,Launch win-back campaigns with personalized offers and re-engagement discounts.
18033,65,1,93.82,3,2,1,321,6,0.2678300793656594,-0.9552142636712972,-1.6185277522512065,1,At Risk,Launch win-back campaigns with personalized offers and re-engagement discounts.
18034,22,2,418.68,4,3,2,432,9,-0.5187942651860693,-0.3615827770984003,-0.4363608626641244,2,New Customers,Use welcome offers and second-purchase incentives to build loyalty.
18035,36,3,713.89,3,4,3,343,10,-0.164028700972232,0.0596054655268191,-0.0130602267401036,3,Loyal Customers,"Use cross-selling, upselling, and exclusive member offers."
18036,32,3,403.12,4,4,2,442,10,-0.2494027642928512,0.0596054655268191,-0.4663861880120382,2,New Customers,Use welcome offers and second-purchase incentives to build loyalty.
18037,154,6,70.02,2,5,1,251,8,0.9049214377701916,0.8789251688960832,-1.8482189781408087,1,At Risk,Launch win-back campaigns with personalized offers and re-engagement discounts.
18040,19,2,357.2,4,3,2,432,9,-0.6230859205766931,-0.3615827770984003,-0.562246521955823,2,New Customers,Use welcome offers and second-purchase incentives to build loyalty.
18041,12,21,4097.37,5,5,5,555,15,-0.9445401209818785,2.555485194733606,1.3747056749446445,0,Champions,"Target with premium products, exclusive offers, and loyalty rewards."
18042,54,1,165.05,3,2,1,321,6,0.1317800456562198,-0.9552142636712972,-1.1732350804487135,1,At Risk,Launch win-back campaigns with personalized offers and re-engagement discounts.
18043,25,3,529.29,4,4,3,443,11,-0.4273072773233673,0.0596054655268191,-0.2504490469853916,2,New Customers,Use welcome offers and second-purchase incentives to build loyalty.
18044,4,10,2088.6,5,5,5,555,15,-1.6575516078937147,1.54066546553549,0.83936394804865,0,Champions,"Target with premium products, exclusive offers, and loyalty rewards."
18045,45,1,178.34,3,2,1,321,6,-0.0015614215275583,-0.9552142636712972,-1.1120454321263629,1,At Risk,Launch win-back campaigns with personalized offers and re-engagement discounts.
18048,203,2,172.29,1,3,1,131,5,1.1099012982026455,-0.3615827770984003,-1.1393180607115527,1,At Risk,Launch win-back campaigns with personalized offers and re-engagement discounts.
18050,359,1,74.4,1,2,1,121,4,1.5337362457620345,-0.9552142636712972,-1.800657914007838,1,At Risk,Launch win-back campaigns with personalized offers and re-engagement discounts.
18053,71,1,300.02,3,2,2,322,7,0.3327587744728552,-0.9552142636712972,-0.7004613900360328,1,At Risk,Launch win-back campaigns with personalized offers and re-engagement discounts.
18055,7,10,6761.34,5,5,5,555,15,-1.3068305482073614,1.54066546553549,1.7726890582357806,0,Champions,"Target with premium products, exclusive offers, and loyalty rewards."
18056,288,1,363.65,1,2,2,122,5,1.3698109782739254,-0.9552142636712972,-0.5480634169369721,1,At Risk,Launch win-back campaigns with personalized offers and re-engagement discounts.
18058,10,1,170.16,5,2,1,521,8,-1.0691974256329595,-0.9552142636712972,-1.14914701268198,2,New Customers,Use welcome offers and second-purchase incentives to build loyalty.
18059,23,3,306.46,4,4,2,442,10,-0.4870358868672529,0.0596054655268191,-0.6836383670319459,2,New Customers,Use welcome offers and second-purchase incentives to build loyalty.
18061,22,10,2119.41,4,5,5,455,14,-0.5187942651860693,1.54066546553549,0.8509962210717826,0,Champions,"Target with premium products, exclusive offers, and loyalty rewards."
18062,173,3,720.52,2,4,3,243,9,0.991205750364562,0.0596054655268191,-0.0057237684060004,3,Loyal Customers,"Use cross-selling, upselling, and exclusive member offers."
18064,133,2,814.0,2,3,3,233,8,0.7962843263422448,-0.3615827770984003,0.0910963114658868,1,At Risk,Launch win-back campaigns with personalized offers and re-engagement discounts.
18065,6,14,2392.83,5,5,5,555,15,-1.4064729096883222,1.9947556633726904,0.9473848530211126,0,Champions,"Target with premium products, exclusive offers, and loyalty rewards."
18066,75,1,318.0,2,2,2,222,6,0.3731042355677808,-0.9552142636712972,-0.6543557521348337,1,At Risk,Launch win-back campaigns with personalized offers and re-engagement discounts.
18067,40,1,396.33,3,2,2,322,7,-0.0874272207859269,-0.9552142636712972,-0.4798526030362834,2,New Customers,Use welcome offers and second-purchase incentives to build loyalty.
18068,289,1,101.7,1,2,1,121,4,1.3723885603136328,-0.9552142636712972,-1.5550832538494428,1,At Risk,Launch win-back campaigns with personalized offers and re-engagement discounts.
18069,26,5,2009.24,4,4,4,444,12,-0.3991450951625692,0.6532369520997158,0.808593255988969,3,Loyal Customers,"Use cross-selling, upselling, and exclusive member offers."
18071,258,2,453.0,1,3,2,132,6,1.2880274685223396,-0.3615827770984003,-0.3738915565844273,1,At Risk,Launch win-back campaigns with personalized offers and re-engagement discounts.
18072,186,1,247.44,1,2,1,121,4,1.0449726030954505,-0.9552142636712972,-0.8530294811843847,1,At Risk,Launch win-back campaigns with personalized offers and re-engagement discounts.
18073,114,12,3859.82,2,5,5,255,12,0.68218320610311,1.7852452398084837,1.3272527016746924,3,Loyal Customers,"Use cross-selling, upselling, and exclusive member offers."
18074,374,1,489.6,1,2,3,123,6,1.5641979960247516,-0.9552142636712972,-0.3122747930028209,1,At Risk,Launch win-back campaigns with personalized offers and re-engagement discounts.
18075,23,10,2611.75,4,5,5,455,14,-0.4870358868672529,1.54066546553549,1.016930437673131,0,Champions,"Target with premium products, exclusive offers, and loyalty rewards."
18077,8,11,2584.41,5,5,5,555,15,-1.2189397565026774,1.668056681297832,1.0085705366691564,0,Champions,"Target with premium products, exclusive offers, and loyalty rewards."
18078,217,2,336.13,1,3,2,132,6,1.159430989184945,-0.3615827770984003,-0.6104251922973987,1,At Risk,Launch win-back campaigns with personalized offers and re-engagement discounts.
18079,45,4,3613.15,3,4,5,345,12,-0.0015614215275583,0.3863044476016776,1.274782484616234,3,Loyal Customers,"Use cross-selling, upselling, and exclusive member offers."
18080,19,2,1231.5,4,3,4,434,11,-0.6230859205766931,-0.3615827770984003,0.4198049970404891,2,New Customers,Use welcome offers and second-purchase incentives to build loyalty.
18081,36,3,343.45,3,4,2,342,9,-0.164028700972232,0.0596054655268191,-0.593354182799471,2,New Customers,Use welcome offers and second-purchase incentives to build loyalty.
18082,26,1,680.84,4,2,3,423,9,-0.3991450951625692,-0.9552142636712972,-0.0506775890624256,2,New Customers,Use welcome offers and second-purchase incentives to build loyalty.
18084,16,1,90.48,4,2,1,421,7,-0.7443590504544844,-0.9552142636712972,-1.6470266728185463,2,New Customers,Use welcome offers and second-purchase incentives to build loyalty.
18085,330,2,689.95,1,3,3,133,7,1.4710653716164896,-0.3615827770984003,-0.0401296185237717,1,At Risk,Launch win-back campaigns with personalized offers and re-engagement discounts.
18086,274,1,101.34,1,2,1,121,4,1.3327575169453991,-0.9552142636712972,-1.5578739504067562,1,At Risk,Launch win-back campaigns with personalized offers and re-engagement discounts.
18087,98,2,4055.72,2,3,5,235,10,0.5703918970472569,-0.3615827770984003,1.3665878760852554,3,Loyal Customers,"Use cross-selling, upselling, and exclusive member offers."
18088,61,1,166.03,3,2,1,321,6,0.2211768101395232,-0.9552142636712972,-1.1685585147956268,1,At Risk,Launch win-back campaigns with personalized offers and re-engagement discounts.
18092,2,11,9068.26,5,5,5,555,15,-2.038734417842785,1.668056681297832,2.005958830361313,0,Champions,"Target with premium products, exclusive offers, and loyalty rewards."
18093,93,4,2106.52,2,4,5,245,11,0.5317195515827039,0.3863044476016776,0.8461503178397793,3,Loyal Customers,"Use cross-selling, upselling, and exclusive member offers."
18094,82,7,3017.3,2,5,5,255,12,0.4388506943278125,1.0744251947249353,1.131602035096857,3,Loyal Customers,"Use cross-selling, upselling, and exclusive member offers."
18095,313,2,580.05,1,3,3,133,7,1.4317211978352091,-0.3615827770984003,-0.1778007885965112,1,At Risk,Launch win-back campaigns with personalized offers and re-engagement discounts.
18096,12,3,849.06,5,4,3,543,12,-0.9445401209818785,0.0596054655268191,0.1245692995639986,2,New Customers,Use welcome offers and second-purchase incentives to build loyalty.
18097,8,6,2662.4,5,5,5,555,15,-1.2189397565026774,0.8789251688960832,1.0321893620269549,0,Champions,"Target with premium products, exclusive offers, and loyalty rewards."
18099,127,1,168.31,2,2,1,221,5,0.7621008264266822,-0.9552142636712972,-1.1577836645602857,1,At Risk,Launch win-back campaigns with personalized offers and re-engagement discounts.
18101,11,2,222.4,5,3,1,531,9,-1.0042687305257638,-0.3615827770984003,-0.9374593339473878,2,New Customers,Use welcome offers and second-purchase incentives to build loyalty.
18102,1,60,259657.3,5,5,5,555,15,-2.341296235524383,4.048595265981312,4.671853205614311,0,Champions,"Target with premium products, exclusive offers, and loyalty rewards."
18104,37,1,754.64,3,2,3,323,8,-0.1441286080907301,-0.9552142636712972,0.030996597602,2,New Customers,Use welcome offers and second-purchase incentives to build loyalty.
18105,38,1,113.48,3,2,1,321,6,-0.1247454596417701,-0.9552142636712972,-1.4687853643765387,1,At Risk,Launch win-back campaigns with personalized offers and re-engagement discounts.
18106,330,1,421.9,1,2,2,122,5,1.4710653716164896,-0.9552142636712972,-0.4302865785353577,1,At Risk,Launch win-back campaigns with personalized offers and re-engagement discounts.
18108,254,1,271.0,1,2,2,122,5,1.2764130821748028,-0.9552142636712972,-0.781026610188184,1,At Risk,Launch win-back campaigns with personalized offers and re-engagement discounts.
18109,2,26,8004.92,5,5,5,555,15,-2.038734417842785,2.855319654443625,1.9068488306812628,0,Champions,"Target with premium products, exclusive offers, and loyalty rewards."
18110,20,1,198.8,4,2,1,421,7,-0.5866782483482139,-0.9552142636712972,-1.0261882966622913,2,New Customers,Use welcome offers and second-purchase incentives to build loyalty.
18112,12,2,352.69,5,3,2,532,10,-0.9445401209818785,-0.3615827770984003,-0.5723162495579536,2,New Customers,Use welcome offers and second-purchase incentives to build loyalty.
18113,369,1,76.32,1,2,1,121,4,1.5541816139754578,-0.9552142636712972,-1.7806741883671344,1,At Risk,Launch win-back campaigns with personalized offers and re-engagement discounts.
18114,290,1,220.1,1,2,1,121,4,1.3749572694199874,-0.9552142636712972,-0.9456838094138946,1,At Risk,Launch win-back campaigns with personalized offers and re-engagement discounts.
18116,68,8,1403.11,3,5,4,354,12,0.3010003961540392,1.2468684386726128,0.523404903814132,3,Loyal Customers,"Use cross-selling, upselling, and exclusive member offers."
18117,26,1,315.65,4,2,2,422,8,-0.3991450951625692,-0.9552142636712972,-0.6602319992683703,2,New Customers,Use welcome offers and second-purchase incentives to build loyalty.
18118,11,26,5625.08,5,5,5,555,15,-1.0042687305257638,2.855319654443625,1.6264941143361282,0,Champions,"Target with premium products, exclusive offers, and loyalty rewards."
18119,368,1,180.7,1,2,1,121,4,1.5521621018942895,-0.9552142636712972,-1.1016555377902078,1,At Risk,Launch win-back campaigns with personalized offers and re-engagement discounts.
18120,214,1,111.15,1,2,1,121,4,1.1490907416248033,-0.9552142636712972,-1.4851272470224235,1,At Risk,Launch win-back campaigns with personalized offers and re-engagement discounts.
18121,149,2,653.3,2,3,3,233,8,0.8804533683940834,-0.3615827770984003,-0.0834434622461871,1,At Risk,Launch win-back campaigns with personalized offers and re-engagement discounts.
18122,8,6,1793.06,5,5,4,554,14,-1.2189397565026774,0.8789251688960832,0.7181747902350198,0,Champions,"Target with premium products, exclusive offers, and loyalty rewards."
18123,24,2,574.44,4,3,3,433,10,-0.4565741366045358,-0.3615827770984003,-0.1855111129607196,2,New Customers,Use welcome offers and second-purchase incentives to build loyalty.
18125,30,4,1131.75,4,4,4,444,12,-0.2960560335189878,0.3863044476016776,0.3527329147529964,3,Loyal Customers,"Use cross-selling, upselling, and exclusive member offers."
18126,61,1,200.92,3,2,1,321,6,0.2211768101395232,-0.9552142636712972,-1.017800175376164,1,At Risk,Launch win-back campaigns with personalized offers and re-engagement discounts.
18127,19,3,347.08,4,4,2,442,10,-0.6230859205766931,0.0596054655268191,-0.5850227389112209,2,New Customers,Use welcome offers and second-purchase incentives to build loyalty.
18129,243,1,112.55,1,2,1,121,4,1.2435087462334855,-0.9552142636712972,-1.4752678510409276,1,At Risk,Launch win-back campaigns with personalized offers and re-engagement discounts.
18130,15,3,1059.39,4,4,4,444,12,-0.7895977045488505,0.0596054655268191,0.3002717258012379,2,New Customers,Use welcome offers and second-purchase incentives to build loyalty.
18133,212,1,931.5,1,2,3,123,6,1.1421167725593575,-0.9552142636712972,0.19813104269893,1,At Risk,Launch win-back campaigns with personalized offers and re-engagement discounts.
18135,29,5,681.91,4,4,3,443,11,-0.3205241028950956,0.6532369520997158,-0.049431414085368,3,Loyal Customers,"Use cross-selling, upselling, and exclusive member offers."
18136,63,3,784.33,3,4,3,343,10,0.2448679827681711,0.0596054655268191,0.0616245543305033,3,Loyal Customers,"Use cross-selling, upselling, and exclusive member offers."
18138,295,1,152.65,1,2,1,121,4,1.3876698300033006,-0.9552142636712972,-1.2349152040521725,1,At Risk,Launch win-back campaigns with personalized offers and re-engagement discounts.
18139,18,6,8438.34,4,5,5,455,14,-0.6613614517492411,0.8789251688960832,1.948749122801677,0,Champions,"Target with premium products, exclusive offers, and loyalty rewards."
18142,157,2,1019.52,2,3,4,234,9,0.9192262066550354,-0.3615827770984003,0.2698142187806489,3,Loyal Customers,"Use cross-selling, upselling, and exclusive member offers."
18143,117,2,1000.16,2,3,4,234,9,0.7013999571250162,-0.3615827770984003,0.2545928230521816,3,Loyal Customers,"Use cross-selling, upselling, and exclusive member offers."
18144,8,12,2888.75,5,5,5,555,15,-1.2189397565026774,1.7852452398084837,1.0970124994549988,0,Champions,"Target with premium products, exclusive offers, and loyalty rewards."
18145,13,4,2861.55,5,4,5,545,14,-0.8892400660298114,0.3863044476016776,1.089496636095603,3,Loyal Customers,"Use cross-selling, upselling, and exclusive member offers."
18146,141,2,160.35,2,3,1,231,6,0.83955495487776,-0.3615827770984003,-1.1960541158228064,1,At Risk,Launch win-back campaigns with personalized offers and re-engagement discounts.
18147,46,2,179.34,3,3,1,331,7,0.0144867079241929,-0.3615827770984003,-1.1076263396268424,1,At Risk,Launch win-back campaigns with personalized offers and re-engagement discounts.
18149,51,3,612.08,3,4,3,343,10,0.0899255663351436,0.0596054655268191,-0.1351568039645766,3,Loyal Customers,"Use cross-selling, upselling, and exclusive member offers."
18150,32,3,566.58,4,4,3,443,11,-0.2494027642928512,0.0596054655268191,-0.1964412051460152,2,New Customers,Use welcome offers and second-purchase incentives to build loyalty.
18151,135,2,653.35,2,3,3,233,8,0.8073394805210485,-0.3615827770984003,-0.0833827334380419,1,At Risk,Launch win-back campaigns with personalized offers and re-engagement discounts.
18154,3,2,399.19,5,3,2,532,10,-1.824063391865872,-0.3615827770984003,-0.4741526067249454,2,New Customers,Use welcome offers and second-purchase incentives to build loyalty.
18155,75,3,371.62,2,4,2,242,8,0.3731042355677808,0.0596054655268191,-0.5308804980648638,1,At Risk,Launch win-back campaigns with personalized offers and re-engagement discounts.
18156,13,2,675.64,5,3,3,533,11,-0.8892400660298114,-0.3615827770984003,-0.0567617469895442,2,New Customers,Use welcome offers and second-purchase incentives to build loyalty.
18158,9,2,453.4,5,3,2,532,10,-1.1403187642352035,-0.3615827770984003,-0.3731916643794271,2,New Customers,Use welcome offers and second-purchase incentives to build loyalty.
18159,301,1,530.15,1,2,3,123,6,1.4026444313479698,-0.9552142636712972,-0.2491612382720759,1,At Risk,Launch win-back campaigns with personalized offers and re-engagement discounts.
18160,57,2,638.06,3,3,3,333,9,0.1714110890244534,-0.3615827770984003,-0.1021732952665543,3,Loyal Customers,"Use cross-selling, upselling, and exclusive member offers."
18161,15,5,1618.69,4,4,4,444,12,-0.7895977045488505,0.6532369520997158,0.6369167317275785,3,Loyal Customers,"Use cross-selling, upselling, and exclusive member offers."
18164,37,1,399.65,3,2,2,322,7,-0.1441286080907301,-0.9552142636712972,-0.4732396285719685,2,New Customers,Use welcome offers and second-purchase incentives to build loyalty.
18165,177,1,302.46,2,2,2,222,6,1.008165781748852,-0.9552142636712972,-0.6940454763661289,1,At Risk,Launch win-back campaigns with personalized offers and re-engagement discounts.
18167,23,3,1384.86,4,4,4,444,12,-0.4870358868672529,0.0596054655268191,0.5130076704314198,3,Loyal Customers,"Use cross-selling, upselling, and exclusive member offers."
18168,176,6,1160.04,2,5,4,254,11,1.0039617748066132,0.8789251688960832,0.3723371351721021,3,Loyal Customers,"Use cross-selling, upselling, and exclusive member offers."
18169,61,1,202.65,3,2,1,321,6,0.2211768101395232,-0.9552142636712972,-1.0110201522190347,1,At Risk,Launch win-back campaigns with personalized offers and re-engagement discounts.
18170,33,3,980.31,4,4,4,444,12,-0.2271262067959733,0.0596054655268191,0.2386774558228134,3,Loyal Customers,"Use cross-selling, upselling, and exclusive member offers."
18171,59,5,1231.31,3,4,4,344,11,0.196708740763415,0.6532369520997158,0.419682473816137,3,Loyal Customers,"Use cross-selling, upselling, and exclusive member offers."
18172,15,20,7561.68,4,5,5,455,14,-0.7895977045488505,2.487376384667096,1.8615846119794537,0,Champions,"Target with premium products, exclusive offers, and loyalty rewards."
18173,87,4,2106.84,2,4,5,245,11,0.4825011053425735,0.3863044476016776,0.8462709779094578,3,Loyal Customers,"Use cross-selling, upselling, and exclusive member offers."
18174,7,1,104.0,5,2,1,521,8,-1.3068305482073614,-0.9552142636712972,-1.537481442780582,2,New Customers,Use welcome offers and second-purchase incentives to build loyalty.
18176,358,1,476.35,1,2,2,122,5,1.531660558029954,-0.9552142636712972,-0.3340337635979467,1,At Risk,Launch win-back campaigns with personalized offers and re-engagement discounts.
18177,31,6,1340.87,4,5,4,454,13,-0.2723648608903394,0.8789251688960832,0.4873723648287493,3,Loyal Customers,"Use cross-selling, upselling, and exclusive member offers."
18178,129,4,1590.81,2,4,4,244,10,0.7736701939658116,0.3863044476016776,0.6231178460555244,3,Loyal Customers,"Use cross-selling, upselling, and exclusive member offers."
18179,9,6,1793.17,5,5,4,554,14,-1.1403187642352035,0.8789251688960832,0.718223516225407,0,Champions,"Target with premium products, exclusive offers, and loyalty rewards."
18180,5,6,1843.75,5,5,4,554,14,-1.5215015741842748,0.8789251688960832,0.7403179334637738,0,Champions,"Target with premium products, exclusive offers, and loyalty rewards."
18181,24,1,366.85,4,2,2,422,8,-0.4565741366045358,-0.9552142636712972,-0.541119678151543,2,New Customers,Use welcome offers and second-purchase incentives to build loyalty.
18183,227,2,632.07,1,3,3,133,7,1.1928988969078893,-0.3615827770984003,-0.1096575196634081,1,At Risk,Launch win-back campaigns with personalized offers and re-engagement discounts.
18184,15,1,49.8,4,2,1,421,7,-0.7895977045488505,-0.9552142636712972,-2.114504501247484,2,New Customers,Use welcome offers and second-purchase incentives to build loyalty.
18185,249,1,304.25,1,2,2,122,5,1.2616361783431542,-0.9552142636712972,-0.6893714397628987,1,At Risk,Launch win-back campaigns with personalized offers and re-engagement discounts.
18188,15,3,2001.04,4,4,4,444,12,-0.7895977045488505,0.0596054655268191,0.8053448411415907,3,Loyal Customers,"Use cross-selling, upselling, and exclusive member offers."
18189,78,2,1090.24,2,3,4,234,9,0.4019933629965244,-0.3615827770984003,0.3230628424103213,3,Loyal Customers,"Use cross-selling, upselling, and exclusive member offers."
18190,192,2,284.46,1,3,2,132,6,1.068539064558348,-0.3615827770984003,-0.7426413905217112,1,At Risk,Launch win-back campaigns with personalized offers and re-engagement discounts.
18191,262,1,207.8,1,2,1,121,4,1.2994638495891662,-0.9552142636712972,-0.9911726090342264,1,At Risk,Launch win-back campaigns with personalized offers and re-engagement discounts.
18192,72,1,957.97,3,2,4,324,9,0.343051479153905,-0.9552142636712972,0.2203759756072331,1,At Risk,Launch win-back campaigns with personalized offers and re-engagement discounts.
18193,165,1,243.76,2,2,1,221,5,0.9560835379863236,-0.9552142636712972,-0.8648893824439415,1,At Risk,Launch win-back campaigns with personalized offers and re-engagement discounts.
18194,82,1,973.84,2,2,4,224,8,0.4388506943278125,-0.9552142636712972,0.233420286401172,1,At Risk,Launch win-back campaigns with personalized offers and re-engagement discounts.
18196,95,2,686.63,2,3,3,233,8,0.5474298004497687,-0.3615827770984003,-0.0439574711813407,1,At Risk,Launch win-back campaigns with personalized offers and re-engagement discounts.
18198,4,17,5425.56,5,5,5,555,15,-1.6575516078937147,2.2616881678707283,1.597798478317628,0,Champions,"Target with premium products, exclusive offers, and loyalty rewards."
18200,106,1,150.35,2,2,1,221,5,0.6283790606233428,-0.9552142636712972,-1.2469014860747691,1,At Risk,Launch win-back campaigns with personalized offers and re-engagement discounts.
18202,200,3,1396.99,1,4,4,144,9,1.0988461440238422,0.0596054655268191,0.519933407205279,3,Loyal Customers,"Use cross-selling, upselling, and exclusive member offers."
18203,157,1,160.42,2,2,1,221,5,0.9192262066550354,-0.9552142636712972,-1.1957094064062492,1,At Risk,Launch win-back campaigns with personalized offers and re-engagement discounts.
18204,71,3,1975.35,3,4,4,344,11,0.3327587744728552,0.0596054655268191,0.7950809733581586,3,Loyal Customers,"Use cross-selling, upselling, and exclusive member offers."
18205,36,2,517.36,3,3,3,333,9,-0.164028700972232,-0.3615827770984003,-0.2685323134791619,2,New Customers,Use welcome offers and second-purchase incentives to build loyalty.
18209,29,1,139.1,4,2,1,421,7,-0.3205241028950956,-0.9552142636712972,-1.308285115012465,2,New Customers,Use welcome offers and second-purchase incentives to build loyalty.
18210,2,6,2621.38,5,5,5,555,15,-2.038734417842785,0.8789251688960832,1.019854237049191,0,Champions,"Target with premium products, exclusive offers, and loyalty rewards."
18211,26,5,600.07,4,4,3,443,11,-0.3991450951625692,0.6532369520997158,-0.1508797198552097,3,Loyal Customers,"Use cross-selling, upselling, and exclusive member offers."
18212,326,1,216.07,1,2,1,121,4,1.4619928068665424,-0.9552142636712972,-0.9603029861206251,1,At Risk,Launch win-back campaigns with personalized offers and re-engagement discounts.
18213,237,1,232.48,1,2,1,121,4,1.2249299626985986,-0.9552142636712972,-0.902385993678463,1,At Risk,Launch win-back campaigns with personalized offers and re-engagement discounts.
18215,89,1,299.34,2,2,2,222,6,0.4992705584450125,-0.9552142636712972,-0.702258699343514,1,At Risk,Launch win-back campaigns with personalized offers and re-engagement discounts.
18216,31,1,481.75,4,2,2,422,8,-0.2723648608903394,-0.9552142636712972,-0.3250939156452752,2,New Customers,Use welcome offers and second-purchase incentives to build loyalty.
18217,29,2,621.75,4,3,3,433,10,-0.3205241028950956,-0.3615827770984003,-0.1227195395673391,2,New Customers,Use welcome offers and second-purchase incentives to build loyalty.
18218,211,2,641.92,1,3,3,133,7,1.1386051930976016,-0.3615827770984003,-0.0973874833140712,1,At Risk,Launch win-back campaigns with personalized offers and re-engagement discounts.
18219,3,10,2069.77,5,5,5,555,15,-1.824063391865872,1.54066546553549,0.8321699619833135,0,Champions,"Target with premium products, exclusive offers, and loyalty rewards."
18220,227,1,305.28,1,2,2,122,5,1.1928988969078893,-0.9552142636712972,-0.6866943179605522,1,At Risk,Launch win-back campaigns with personalized offers and re-engagement discounts.
18221,22,5,1041.61,4,4,4,444,12,-0.5187942651860693,0.6532369520997158,0.286833216543347,3,Loyal Customers,"Use cross-selling, upselling, and exclusive member offers."
18222,93,1,443.0,2,2,2,222,6,0.5317195515827039,-0.9552142636712972,-0.3915922336564963,1,At Risk,Launch win-back campaigns with personalized offers and re-engagement discounts.
18223,5,14,6484.54,5,5,5,555,15,-1.5215015741842748,1.9947556633726904,1.7394742940997068,0,Champions,"Target with premium products, exclusive offers, and loyalty rewards."
18224,264,1,158.95,1,2,1,121,4,1.305116977069759,-0.9552142636712972,-1.2029798899147417,1,At Risk,Launch win-back campaigns with personalized offers and re-engagement discounts.
18225,3,12,5504.96,5,5,5,555,15,-1.824063391865872,1.7852452398084837,1.6093424730737953,0,Champions,"Target with premium products, exclusive offers, and loyalty rewards."
18226,44,11,5228.05,3,5,5,355,13,-0.0179622852134984,1.668056681297832,1.5683333199268714,0,Champions,"Target with premium products, exclusive offers, and loyalty rewards."
18227,218,1,93.75,1,2,1,121,4,1.1628461404940136,-0.9552142636712972,-1.6191146692828824,1,At Risk,Launch win-back campaigns with personalized offers and re-engagement discounts.
18228,57,2,779.9,3,3,3,333,9,0.1714110890244534,-0.3615827770984003,0.0571288513703947,3,Loyal Customers,"Use cross-selling, upselling, and exclusive member offers."
18229,12,20,7276.9,5,5,5,555,15,-0.9445401209818785,2.487376384667096,1.8310803733922207,0,Champions,"Target with premium products, exclusive offers, and loyalty rewards."
18230,9,7,2810.2,5,5,5,555,15,-1.1403187642352035,1.0744251947249353,1.075110956834996,0,Champions,"Target with premium products, exclusive offers, and loyalty rewards."
18231,192,5,2071.77,1,4,5,145,10,1.068539064558348,0.6532369520997158,0.832937158736941,3,Loyal Customers,"Use cross-selling, upselling, and exclusive member offers."
18232,82,4,592.97,2,4,3,243,9,0.4388506943278125,0.3863044476016776,-0.1603231392867427,3,Loyal Customers,"Use cross-selling, upselling, and exclusive member offers."
18233,326,1,440.0,1,2,2,122,5,1.4619928068665424,-0.9552142636712972,-0.3969802376666161,1,At Risk,Launch win-back campaigns with personalized offers and re-engagement discounts.
18235,72,3,1796.48,3,4,4,344,11,0.343051479153905,0.0596054655268191,0.7196883298495955,3,Loyal Customers,"Use cross-selling, upselling, and exclusive member offers."
18236,30,6,882.24,4,5,3,453,12,-0.2960560335189878,0.8789251688960832,0.1549994405000391,3,Loyal Customers,"Use cross-selling, upselling, and exclusive member offers."
18237,3,5,987.1,5,4,4,544,13,-1.824063391865872,0.6532369520997158,0.2441574944418781,2,New Customers,Use welcome offers and second-purchase incentives to build loyalty.
18239,219,5,1561.61,1,4,4,144,9,1.166245732973242,0.6532369520997158,0.6084040747408442,3,Loyal Customers,"Use cross-selling, upselling, and exclusive member offers."
18240,46,1,422.58,3,2,2,322,7,0.0144867079241929,-0.9552142636712972,-0.4290097265164316,1,At Risk,Launch win-back campaigns with personalized offers and re-engagement discounts.
18241,10,17,2073.09,5,5,5,555,15,-1.0691974256329595,2.2616881678707283,0.8334431031855195,0,Champions,"Target with premium products, exclusive offers, and loyalty rewards."
18242,72,4,2232.49,3,4,5,345,12,0.343051479153905,0.3863044476016776,0.8922870206042929,3,Loyal Customers,"Use cross-selling, upselling, and exclusive member offers."
18245,7,7,2567.06,5,5,5,555,15,-1.3068305482073614,1.0744251947249353,1.0032193557976414,0,Champions,"Target with premium products, exclusive offers, and loyalty rewards."
18246,24,2,596.1,4,3,3,433,10,-0.4565741366045358,-0.3615827770984003,-0.1561462177800609,2,New Customers,Use welcome offers and second-purchase incentives to build loyalty.
18248,123,2,804.02,2,3,3,233,8,0.7384096537980341,-0.3615827770984003,0.0813044801805775,1,At Risk,Launch win-back campaigns with personalized offers and re-engagement discounts.
18249,17,1,95.34,4,2,1,421,7,-0.7017069128441668,-0.9552142636712972,-1.6058890063672555,2,New Customers,Use welcome offers and second-purchase incentives to build loyalty.
18250,310,1,349.27,1,2,2,122,5,1.4245575339360348,-0.9552142636712972,-0.5800382496601887,1,At Risk,Launch win-back campaigns with personalized offers and re-engagement discounts.
18251,87,1,4314.72,2,2,5,225,9,0.4825011053425735,-0.9552142636712972,1.4157730911948556,3,Loyal Customers,"Use cross-selling, upselling, and exclusive member offers."
18252,51,2,518.27,3,3,3,333,9,0.0899255663351436,-0.3615827770984003,-0.267138363316662,2,New Customers,Use welcome offers and second-purchase incentives to build loyalty.
18255,89,1,103.3,2,2,1,221,5,0.4992705584450125,-0.9552142636712972,-1.542797365928341,1,At Risk,Launch win-back campaigns with personalized offers and re-engagement discounts.
18257,39,8,2337.63,3,5,5,355,13,-0.1058530769181821,1.2468684386726128,0.928844410941038,3,Loyal Customers,"Use cross-selling, upselling, and exclusive member offers."
18259,25,3,2338.6,4,4,5,445,13,-0.4273072773233673,0.0596054655268191,0.9291739739304756,3,Loyal Customers,"Use cross-selling, upselling, and exclusive member offers."
18260,173,6,2628.35,2,5,5,255,12,0.991205750364562,0.8789251688960832,1.0219637340179135,3,Loyal Customers,"Use cross-selling, upselling, and exclusive member offers."
18261,43,2,324.24,3,3,2,332,8,-0.0347317383159377,-0.3615827770984003,-0.6389600766584518,2,New Customers,Use welcome offers and second-purchase incentives to build loyalty.
18262,140,1,149.48,2,2,1,221,5,0.8342813692643014,-0.9552142636712972,-1.2514829715539328,1,At Risk,Launch win-back campaigns with personalized offers and re-engagement discounts.
18263,26,3,1213.16,4,4,4,444,12,-0.3991450951625692,0.0596054655268191,0.4078903246140731,3,Loyal Customers,"Use cross-selling, upselling, and exclusive member offers."
18265,72,2,801.51,3,3,3,333,9,0.343051479153905,-0.3615827770984003,0.0788227003505608,3,Loyal Customers,"Use cross-selling, upselling, and exclusive member offers."
18268,134,1,25.5,2,2,1,221,5,0.8018323761266101,-0.9552142636712972,-2.631674741450729,1,At Risk,Launch win-back campaigns with personalized offers and re-engagement discounts.
18269,366,1,168.6,1,2,1,121,4,1.5481066068113414,-0.9552142636712972,-1.1564235922992143,1,At Risk,Launch win-back campaigns with personalized offers and re-engagement discounts.
18270,38,2,283.15,3,3,2,332,8,-0.1247454596417701,-0.3615827770984003,-0.7462968562706368,2,New Customers,Use welcome offers and second-purchase incentives to build loyalty.
18272,3,6,3078.58,5,5,5,555,15,-1.824063391865872,0.8789251688960832,1.1475756336736955,0,Champions,"Target with premium products, exclusive offers, and loyalty rewards."
18273,2,3,204.0,5,4,1,541,10,-2.038734417842785,0.0596054655268191,-1.0057692720428235,2,New Customers,Use welcome offers and second-purchase incentives to build loyalty.
18274,30,1,175.92,4,2,1,421,7,-0.2960560335189878,-0.9552142636712972,-1.1228424356984497,2,New Customers,Use welcome offers and second-purchase incentives to build loyalty.
18276,44,1,335.86,3,2,2,322,7,-0.0179622852134984,-0.9552142636712972,-0.6110619271132858,1,At Risk,Launch win-back campaigns with personalized offers and re-engagement discounts.
18277,58,1,110.38,3,2,1,321,6,0.1841671134665053,-0.9552142636712972,-1.4906025087947448,1,At Risk,Launch win-back campaigns with personalized offers and re-engagement discounts.
18278,74,1,173.9,2,2,1,221,5,0.3632205247355723,-0.9552142636712972,-1.1319685074771462,1,At Risk,Launch win-back campaigns with personalized offers and re-engagement discounts.
18280,278,1,180.6,1,2,1,121,4,1.3435332891612286,-0.9552142636712972,-1.1020930426443138,1,At Risk,Launch win-back campaigns with personalized offers and re-engagement discounts.
18281,181,1,80.82,1,2,1,121,4,1.0247488921712042,-0.9552142636712972,-1.7357171995152652,1,At Risk,Launch win-back campaigns with personalized offers and re-engagement discounts.
18282,8,2,178.05,5,3,1,531,9,-1.2189397565026774,-0.3615827770984003,-1.1133315787211409,2,New Customers,Use welcome offers and second-purchase incentives to build loyalty.
18283,4,16,2045.53,5,5,4,554,14,-1.6575516078937147,2.178003940795619,0.8228121700684317,0,Champions,"Target with premium products, exclusive offers, and loyalty rewards."
18287,43,3,1837.28,3,4,4,344,11,-0.0347317383159377,0.0596054655268191,0.7375257256777453,3,Loyal Customers,"Use cross-selling, upselling, and exclusive member offers."
